player_name,position,team,ecr,adp_consensus,pos_ecr,best_rank,worst_rank,std_dev,fp_tier,bye_week,sportsdata_id,owned_espn,owned_yahoo,clean_name,normalized_pos,normalized_team,canonical_id,proj_pts,proj_pts_ppr,proj_targets,proj_rec,proj_rec_yds,proj_rec_td,proj_rush_att,proj_rush_yds,proj_rush_td,proj_pass_yds,proj_pass_td,proj_int,fbg_rank,fbg_pos_rank,fbg_proj_pts,fbg_tier,adp_espn,adp_yahoo,adp_sleeper,adp_cbs,adp_consensus_adp,injury_status,bye_week_adp,smyth_ecr,smyth_color_tag,smyth_color,smyth_target,smyth_pass,smyth_avoid,smyth_gold_mine,raw_ppg_25,adj_ppg_25,luck_points_lost,luck_pct_lost,luck_points_gained,luck_pct_gained,unlucky_flag,lucky_flag,smyth_ppr_rank,smyth_ppr_delta,smyth_format_lean,smyth_rb_vol_proj,smyth_rb_vol_25,smyth_rb_vol_conf,smyth_qb_vol_verdict,smyth_qb_rush_tier,smyth_wr_1d_rr_tier,smyth_adj_yprr,smyth_rb_dream_qb_tier,smyth_qb_synergy,master_designation,consensus_flag,disagreement_context,cheat_sheet_tier,expected_round,expected_round_num,scouting_narrative,article_url,auction_value,is_exodia,is_cheat_sheet_target,is_cheat_sheet_fade,is_disagreement,is_hansen_twelve,is_dirty_30,big3_rec_fpg,big3_exp_fpg,big3_gl_fpg,one_d_rr,is_mcshanahan,barrett_pos_rank,barrett_tier,narrative_adj_ppg,duracell_tier,duracell_ecr,duracell_tier_tag,risk_rating,volatility_index,is_contract_year,contract_year_value,rb_tough_matchups,rb_playoff_toughness,wr_shadow_cb_count,wr_coverage_score,reddit_mentions_7d,sentiment_polarity,steam_index,steam_trend,team_team,neutral_proe,vacated_target_share,vacated_air_yards,team_epa_per_play,neutral_pace_sec,run_epa,pass_epa,team_smyth,ol_2025_rank,ol_2026_score,ol_run_rating,ol_pass_rating,qb_runs,playcaller,team_2025_ppg,team_2025_rank,rb_ppg,rb_rank,wr_ppg,wr_rank,rb1_share_pct,personnel,pace_2025,scheme,motion_rank,width,screen_rank,smyth_gamescript,team_duracell_team,duracell_ol_rank,two_wr_set_pct,three_plus_wr_set_pct,two_wr_rank,duracell_proe,duracell_coach,pace_rank,nfl_talent_score,college_talent_score,z_avg_separation,z_contested_catch_rate,z_YAC_over_expected,z_MTF_rec,z_yprr,z_deep_explosive,z_MTF_rush,z_explosive_rush_rate,z_yards_after_contact,z_cpoe,z_passing_grade,z_designed_rushing,rookie_name,rookie_team,is_rookie,rookie_draft_round,rookie_draft_pick,rookie_hit_prob,rookie_hit_prob_draft,rookie_hit_prob_college,rookie_speed_score,rookie_forty,rookie_vertical,rookie_broad_jump,rookie_weight,rookie_dominator_pct,rookie_scrim_ypg,pct_speed_score,pct_cfb_final_dom,joscho_proj_pts,joscho_proj_pos_rank,joscho_adp_pos_rank,joscho_model_gap,joscho_p_clear_5_games,joscho_conditional_games,joscho_conditional_ppg,joscho_lightgbm_raw,joscho_extratrees_raw,joscho_ridge_raw,joscho_yahoo_adp,joscho_yahoo_pos_rank,fp_pos_rank,fp_pos_rank_num,fp_adp,fp_proj_pts_half_ppr,fp_proj_ppg_half_ppr,fp_auction_tier,fp_auction_value,hansen_top200_rank,hansen_fpts_per_game,breakout_catalyst,has_breakout_catalyst,is_top_offense_undervalued,top_offense_rank,top_offense_team,top_offense_note,pos_rank_num,pos_rank_label,replacement_pts,vorp,vorp_rank,scarcity_ratio,vols,adp_delta_espn,adp_delta_yahoo,adp_delta_sleeper,adp_delta_cbs,adp_delta_consensus,max_adp,min_adp,adp_arbitrage_spread,adp_spread,cheapest_adp,most_expensive_adp,best_value_platform,worst_value_platform,arbitrage_tag,consensus_proj_pts,env_multiplier_component,upside_pct,adjusted_proj_pts,adjusted_vorp,composite_score,composite_rank,pos_composite_rank,pos_composite_tier_label,composite_tier,projected_auction_value,sleeper_delta,is_sleeper,is_bust_risk,joscho_talent_bonus,joscho_gap_bonus,adj_ppg_component,luck_regression_component,steam_component,duracell_tag_bonus,cheatsheet_bonus,big3_rb_bonus,hansen_bonus,contract_year_bonus,catalyst_bonus,top_offense_bonus,smyth_color_bonus,smyth_gold_mine_bonus,boris_tier_overall,boris_ecr_mean,boris_best_rank,boris_worst_rank,boris_rank_range,boris_variance_tag,pos_ecr_num,boris_tier_pos,pos_best_rank,pos_worst_rank,pos_rank_range
Jahmyr Gibbs,RB,DET,1.0,1.0,RB1,1.0,2.0,0.39,1,6,fef9457e-6497-47de-9bf2-cc3b95929375,99.9,100.0,jahmyr gibbs,RB,DET,RB_jahmyr_gibbs_DET,314.8,373.01,99.764,71.26,580.97,4.13,274.69,1382.53,13.82,0.0,0.0,0.0,1.0,RB1,343.78,1.0,1.0,1.4,1.0,1.0,1.0,Healthy,0,1.0,Target (Green),Green,1.0,0.0,0.0,Gold Standard,22.6,18.52,0.0,0.0,19.0,5.47,0.0,1.0,,,,2.0,2.0,High,,,,,,🏆 RB's Dream QB (High Checkdowns / No GL Vultures),🎯 **Target / Core 1.01**,🤝 **Consensus #1 Overall**,Consensus Alignment,Tier 1,Round 1 (1.01),1.01,Hit all three Big 3 thresholds (kings sample); 24.6 Adj PPG; Tier 1 OL unit; contract year urgency; #1 overall player.,https://www.fantasypoints.com/nfl/articles/2026/the-gurus-2026-fantasy-football-draft-plan,60.0,0.0,1.0,0.0,0.0,0.0,0.0,8.0,4.0,3.5,0.0,0.0,RB1,T1,24.6,1.0,1.0,guy,1.6,Low (High Floor Alpha),1.0,1.0,1.0,1.0,,,75.0,0.44,29.0,Surging,DET,0.018,0.09,720.0,0.16,26.4,0.11,0.19,DET,15.0,3.5,70.0,70.0,False,Drew Petzing,107.7,3.0,21.4,20.0,26.1,27.0,0.62,—,3.0,Gap,24.0,Even,11.0,Balanced Environment,DET,16,30.85,69.15,20.0,-1.1,D.Petzing,16,97.2,82.8,,,,,,,1.1335,,,,,,,,0,,,,,,,,,,,,,,,276.2,1.0,2.0,1.0,0.948,15.0,17.18,244.5,230.1,265.4,1.4,1.0,RB1,1.0,1.0,314.8,18.52,1.0,$71+,1.0,23.1,—,0,0,99,,—,1,RB1,181.3,189.18,1,1.736,133.5,0.0,0.4,0.0,0.0,0.0,1.4,1.0,0.4,0.4,1.4,1.0,YAHOO,ESPN,Fair Market Value,312.39,0.98,0.074,335.51,189.18,189.18,1,1,RB1,T1,60.0,0.0,False,False,6.0,0.4,312.39,0.0,29.0,7.4,0.0,0.0,0.0,5.0,0.0,0.0,12.0,6.0,Tier 1,1.0,1.0,2.0,1.0,🎯 High Consensus (Safe Floor),1.0,Tier 1,1.0,2.0,1.0
Bijan Robinson,RB,ATL,2.0,2.0,RB2,1.0,3.0,0.42,1,11,f78d68c2-f9da-48e7-b954-26b69efd828d,99.9,100.0,bijan robinson,RB,ATL,RB_bijan_robinson_ATL,304.3,357.01,108.164,77.26,705.21,3.46,285.17,1392.12,8.81,0.0,0.0,0.0,2.0,RB2,336.88,1.0,2.0,1.9,2.0,2.0,2.0,Healthy,0,2.0,Neutral,Black,0.0,0.0,0.0,Gold Standard,20.2,17.9,0.0,0.0,6.78,1.87,0.0,1.0,,,,3.0,3.0,High,,,,,,,🎯 **Target / Core 1.02**,🤝 **Consensus #2 Overall**,Consensus Alignment,Tier 1,Round 1 (1.02),1.02,22.0 Adj PPG; Tier 3 OL run unit; contract year value; +31.2 Luck regression recovery; 54% heavy personnel volume boost.,https://www.fantasypoints.com/nfl/articles/2026/the-gurus-2026-fantasy-football-draft-plan,58.0,0.0,1.0,0.0,0.0,0.0,0.0,7.5,3.8,3.2,0.0,0.0,RB2,T2,22.0,1.0,2.0,guy,1.6,Low (High Floor Alpha),1.0,1.0,1.0,1.0,,,125.0,0.76,68.0,Hyper-Surging,ATL,0.032,0.15,1100.0,0.092,26.0,0.05,0.12,ATL,21.0,4.0,80.0,80.0,False,Kevin Stefanski/Rees,86.4,21.0,22.4,16.0,25.7,28.0,0.592,High 12P,10.0,Gap,18.0,Even,3.0,Passing / Garbage Time (Low Scoring Offense + Bad Defense -> Trailing Game Scripts / Air Volume),ATL,11,54.01,45.99,2.0,-4.2,K.Stefanski,16,99.0,95.8,,,,,,,1.565,,,,,,,,0,,,,,,,,,,,,,,,276.1,2.0,1.0,-1.0,0.937,14.4,16.91,228.3,224.1,272.5,1.9,2.0,RB2,2.0,2.1,304.3,17.9,1.0,$65-73,2.0,21.9,—,0,0,99,,—,2,RB2,181.3,174.33,2,1.678,123.0,0.0,-0.1,0.0,0.0,0.0,2.0,1.9,0.1,0.1,2.0,1.9,ESPN,YAHOO,Fair Market Value,305.39,4.77,0.05,320.66,174.33,174.33,2,2,RB2,T1,58.0,0.0,False,False,6.0,-0.4,305.39,0.0,68.0,5.0,0.0,0.0,0.0,5.0,0.0,0.0,0.0,6.0,Tier 1,2.0,1.0,3.0,2.0,🎯 High Consensus (Safe Floor),2.0,Tier 1,1.0,3.0,2.0
Jonathan Taylor,RB,IND,8.0,6.0,RB3,3.0,9.0,1.17,1,13,925195a4-06ba-4e37-ae7d-a3d6a5419139,99.9,100.0,jonathan taylor,RB,IND,RB_jonathan_taylor_IND,287.6,310.14,60.046,42.89,341.46,1.49,326.62,1504.59,12.86,0.0,0.0,0.0,6.0,RB4,280.83,4.0,6.1,6.9,5.9,6.0,6.0,Healthy,0,6.0,Neutral,Black,0.0,0.0,0.0,Gold Diggers,21.9,16.92,0.0,0.0,16.84,4.72,0.0,1.0,10.0,4.0,Half-PPR Favored (TD Equity),5.0,4.0,High,,,,,,,🎯 **Target / Anchor**,🤝 **Consensus High**,Consensus Alignment,Tier 4,Round 1 (1.08),1.08,23.8 Adj PPG; #10 Consensus OL; Steichen run scheme; 0 tough playoff games; 249+ projected carries.,https://www.fantasypoints.com/nfl/articles/2026/the-gurus-2026-fantasy-football-draft-plan,42.0,0.0,1.0,0.0,0.0,0.0,0.0,2.0,4.5,3.5,0.0,0.0,RB4,T3,23.8,1.0,5.0,dragon,3.8,High (Elite Ceiling),0.0,0.0,4.0,0.0,,,68.0,0.32,18.5,Neutral,IND,0.005,0.13,980.0,0.068,27.3,0.06,0.07,IND,5.0,4.5,90.0,90.0,False,Shane Steichen,97.4,10.0,22.2,17.0,32.7,19.0,0.691,—,20.0,Gap,10.0,Even,25.0,Balanced Environment,IND,10,36.05,63.95,14.0,-3.5,S.Steichen,16,70.0,95.1,,,,,,,-0.1271,,,,,,,,0,,,,,,,,,,,,,,,253.5,3.0,3.0,0.0,0.924,14.0,15.86,204.8,216.8,257.1,6.9,4.0,RB3,3.0,7.0,287.6,16.92,2.0,$57-65,5.0,20.6,—,0,0,99,,—,3,RB3,181.3,137.15,3,1.586,106.30000000000001,-1.9,-1.1,-2.1,-2.0,-2.0,6.9,5.9,1.0,1.0,6.9,5.9,YAHOO,SLEEPER,Fair Market Value,277.38,2.17,0.022,283.48,137.15,137.15,3,3,RB3,T1,42.0,3.0,False,False,0.0,0.0,277.38,0.0,18.5,2.2,0.0,0.0,0.0,0.0,0.0,0.0,0.0,0.0,Tier 2,8.0,3.0,9.0,6.0,⚖️ Moderate Variance,3.0,Tier 2,3.0,9.0,6.0
Puka Nacua,WR,LAR,4.0,5.0,WR2,1.0,5.0,0.74,1,11,111be44d-7bc2-4cad-934d-c9e946293b2f,99.9,100.0,puka nacua,WR,LAR,WR_puka_nacua_LAR,259.3,339.8,163.79999999999998,117.0,1539.0,9.0,13.64,85.0,1.39,0.0,0.0,0.0,5.0,WR2,314.28,3.0,5.1,4.8,4.9,5.0,5.0,Healthy,0,4.0,Neutral,Black,0.0,0.0,0.0,—,21.3,15.25,20.81,5.95,0.0,0.0,1.0,0.0,2.0,-2.0,Full PPR Favored (Receptions),,,,,,,,,,🎯 **Target / WR1**,🤝 **Consensus High**,Consensus Alignment,Tier 2,Round 1 (1.03),1.03,#2 WR for Joel; 24.6 Adj PPG leader; unmatched 36.8% TPRR; only 2 shadow CB matchups in 2026 (greenest in NFL); contract year.,https://www.fantasypoints.com/nfl/articles/2026/the-gurus-2026-fantasy-football-draft-plan,52.0,0.0,1.0,0.0,0.0,0.0,0.0,0.0,0.0,0.0,0.179,0.0,WR2,T1,24.6,1.0,4.0,consensus,2.5,Medium,1.0,1.0,,,2.0,2.0,70.0,0.4,26.0,Surging,LAR,0.008,0.14,1120.0,0.095,27.4,0.04,0.13,LAR,1.0,4.5,90.0,90.0,False,Sean McVay,113.3,1.0,19.8,24.0,42.8,2.0,0.759,High 13P,6.0,Gap,4.0,Very Condensed,21.0,Chew the Clock (High Scoring Offense + Elite Defense -> Run-Heavy Second Halves),LAR,3,40.06,59.94,9.0,0.3,S.McVay,16,99.0,,0.1641,0.7003,1.129,1.1027,3.3344,0.5676,,,,,,,,,0,,,,,,,,,,,,,,,209.1,3.0,2.0,-1.0,0.98,13.7,15.0,201.5,183.5,220.0,4.8,2.0,WR1,1.0,4.9,259.3,15.25,1.0,$55+,4.0,18.8,—,0,0,99,,—,1,WR1,158.5,130.05,4,1.636,100.80000000000001,1.1,0.8,0.9,1.0,1.0,5.1,4.8,0.3,0.3,5.1,4.8,ESPN,YAHOO,Fair Market Value,260.49,2.04,0.032,268.83,130.05,130.05,4,1,WR1,T1,52.0,1.0,False,False,6.0,-0.4,260.49,20.81,26.0,3.2,0.0,0.0,0.0,5.0,0.0,0.0,0.0,0.0,Tier 1,4.0,1.0,5.0,4.0,⚖️ Moderate Variance,2.0,Tier 1,1.0,5.0,4.0
Ja'Marr Chase,WR,CIN,3.0,3.0,WR1,1.0,3.0,0.4,1,6,fa99e984-d63b-4ef4-a164-407f68a7eeaf,99.9,100.0,jamarr chase,WR,CIN,WR_jamarr_chase_CIN,234.0,335.99,169.722,121.23,1511.23,10.6,3.01,16.97,0.05,0.0,0.0,0.0,4.0,WR1,335.26,2.0,3.1,3.4,2.9,3.0,3.0,Healthy,0,3.0,Neutral,Black,0.0,0.0,0.0,—,18.1,13.76,22.78,7.87,0.0,0.0,1.0,0.0,,,,,,,,,,,,,🎯 **Target / WR1**,🤝 **Consensus High**,Consensus Alignment,Tier 2,Round 1 (1.05),1.05,#1 WR for Joel; 20.1 Adj PPG; exactly 200 targets in last 17 games with Burrow; Zac Taylor +3.6% PROE pass volume.,https://www.fantasypoints.com/nfl/articles/2026/the-gurus-2026-fantasy-football-draft-plan,50.0,0.0,1.0,0.0,0.0,0.0,0.0,0.0,0.0,0.0,0.119,0.0,WR1,T1,20.1,1.0,3.0,consensus,2.5,Medium,0.0,0.0,,,6.0,0.0,110.0,0.6,50.0,Hyper-Surging,CIN,0.05,0.18,1420.0,0.125,25.2,0.01,0.21,CIN,19.0,3.0,60.0,60.0,False,Zac Taylor,98.6,7.0,22.5,15.0,42.5,3.0,0.751,—,11.0,Gap,20.0,Very Spread,15.0,Shootouts (High Scoring Offense + Vulnerable Defense -> Max Fantasy Ceiling),CIN,28,31.69,68.31,19.0,3.6,Z.Taylor,16,94.5,94.7,0.4443,0.2863,1.2978,0.9114,1.4415,0.1318,,,,,,,,,0,,,,,,,,,,,,,,,225.8,1.0,1.0,0.0,0.979,16.2,15.4,244.5,199.6,243.3,3.4,1.0,WR2,2.0,3.9,234.0,13.76,2.0,$48-54,3.0,18.9,—,0,0,99,,—,2,WR2,158.5,123.37,6,1.476,75.5,0.1,0.4,-0.1,0.0,0.0,3.4,2.9,0.5,0.5,3.4,2.9,YAHOO,SLEEPER,Fair Market Value,257.26,-6.8,0.019,262.15,123.37,123.37,5,2,WR2,T1,50.0,-2.0,False,False,6.0,0.0,257.26,22.78,50.0,1.9,0.0,0.0,0.0,0.0,0.0,0.0,0.0,0.0,Tier 1,3.0,1.0,3.0,2.0,🎯 High Consensus (Safe Floor),1.0,Tier 1,1.0,3.0,2.0
Christian McCaffrey,RB,SF,7.0,4.5,RB4,2.0,10.0,1.62,1,8,f96db0af-5e25-42d1-a07a-49b4e065b364,99.9,100.0,christian mccaffrey,RB,SF,RB_christian_mccaffrey_SF,263.2,334.63,109.704,78.36,691.85,4.58,269.73,1094.64,8.72,0.0,0.0,0.0,3.0,RB3,325.01,2.0,4.6,5.6,4.4,4.5,4.5,Healthy,0,5.0,Neutral,Black,0.0,0.0,0.0,—,,15.48,0.0,0.0,30.92,7.64,0.0,1.0,,,,1.0,1.0,High,,,,,,🏆 RB's Dream QB (High Checkdowns / No GL Vultures),🎯 **Target / Value**,⚔️ **FP: High  vs  Guru: Dirty 30 Fade (Age/Injury)**,FP: High  vs  Guru: Dirty 30 Fade (Age/Injury),Tier 2,Round 1 (1.04),1.04,24.8 Adj PPG; 13.9 Rec FPG (leads NFL); historic 3-bucket qualifier; Guru flags age/training camp calf/Achilles injury.,https://www.fantasypoints.com/nfl/articles/2026/anatomy-of-a-league-winning-running-back-2026,50.0,0.0,1.0,0.0,1.0,0.0,1.0,13.9,3.5,3.5,0.0,0.0,RB3,T3,24.8,1.0,7.0,consensus,2.5,Medium,0.0,0.0,3.0,1.0,,,120.0,-0.48,-30.0,Fading,SF,-0.012,0.11,890.0,0.175,28.8,0.14,0.2,SF,6.0,4.0,80.0,80.0,False,Kyle Shanahan,100.9,6.0,26.4,4.0,32.9,17.0,0.774,High 21P,8.0,Zone,3.0,Most Condensed,14.0,Shootouts (High Scoring Offense + Vulnerable Defense -> Max Fantasy Ceiling),SF,6,48.24,51.76,3.0,-1.9,K.Shanahan,16,79.5,91.4,,,,,,,-0.4765,,,,,,,,0,,,,,,,,,,,,,,,206.5,11.0,4.0,-7.0,0.85,14.7,13.59,169.7,165.0,166.9,5.6,3.0,RB4,4.0,5.6,263.2,15.48,2.0,$52-58,15.0,17.0,—,0,0,99,,—,4,RB4,181.3,112.07,5,1.452,81.89999999999998,-2.4,-1.4,-2.6,-2.5,-2.5,5.6,4.4,1.2,1.2,5.6,4.4,YAHOO,SLEEPER,Fair Market Value,264.48,3.43,-0.023,258.4,112.07,112.07,6,4,RB4,T2,50.0,-1.5,False,True,0.0,-2.8,264.48,0.0,-30.0,-2.3,0.0,0.0,0.0,0.0,0.0,0.0,0.0,0.0,Tier 2,7.0,2.0,10.0,8.0,⚡ High Variance (Boom/Bust Ceiling),4.0,Tier 2,2.0,10.0,8.0
James Cook III,RB,BUF,10.0,8.0,RB5,3.0,10.0,1.31,2,7,ce5de0e5-9f76-42ee-b93a-3ef88af9b0a7,99.8,100.0,james cook,RB,BUF,RB_james_cook_BUF,256.6,270.58,46.634,33.31,283.69,1.87,287.68,1405.06,10.33,0.0,0.0,0.0,10.0,RB5,261.72,6.0,8.2,9.8,7.8,8.0,8.0,Healthy,0,8.0,Target (Green),Green,1.0,0.0,0.0,Silver Lining,16.5,15.09,0.0,0.0,0.0,0.0,0.0,0.0,,,,8.0,14.0,High,,,,,,⚠️ Touch Vulture QB (Steals 30%+ GL Carries),🎯 **Target**,🤝 **Consensus High**,Consensus Alignment,Tier 4,Round 1 (1.09),1.09,"18.0 FPG in 2025; Buffalo top-6 scoring offense; high touch floor, though faces 5 tough run defense games.",https://www.fantasypoints.com/nfl/articles/2026/the-gurus-2026-fantasy-football-draft-plan,38.0,0.0,1.0,0.0,0.0,0.0,0.0,0.0,0.0,0.0,0.0,0.0,RB5,T3,,1.0,11.0,consensus,2.5,Medium,0.0,0.0,,,,,48.0,0.05,2.5,Neutral,BUF,0.03,0.32,2450.0,0.155,26.9,0.08,0.2,BUF,2.0,4.5,90.0,90.0,True,Joe Brady,101.1,5.0,24.4,8.0,30.1,25.0,0.655,—,32.0,Gap,11.0,Very Spread,22.0,Shootouts (High Scoring Offense + Vulnerable Defense -> Max Fantasy Ceiling),BUF,7,23.56,76.44,28.0,-1.6,J.Brady,16,77.9,72.5,,,,,,,-0.1393,,,,,,,,0,,,,,,,,,,,,,,,233.7,6.0,5.0,-1.0,0.826,14.0,16.35,189.2,213.8,210.9,9.8,5.0,RB5,5.0,10.8,256.6,15.09,3.0,$49-55,9.0,18.1,—,0,0,99,,—,5,RB5,181.3,110.62,7,1.415,75.30000000000001,-1.8,-0.2,-2.2,-2.0,-2.0,9.8,7.8,2.0,2.0,9.8,7.8,YAHOO,SLEEPER,Fair Market Value,252.16,1.8,0.019,256.95,110.62,110.62,7,5,RB5,T2,38.0,1.0,False,False,0.0,-0.4,252.16,0.0,2.5,1.9,0.0,0.0,0.0,0.0,0.0,0.0,12.0,0.0,Tier 2,10.0,3.0,10.0,7.0,⚡ High Variance (Boom/Bust Ceiling),5.0,Tier 2,3.0,10.0,7.0
Jaxon Smith-Njigba,WR,SEA,5.0,7.0,WR3,1.0,6.0,0.78,1,11,6215db71-1e13-4c62-8f14-2005d33dee47,99.9,100.0,jaxon smithnjigba,WR,SEA,WR_jaxon_smithnjigba_SEA,229.4,326.21,155.27399999999997,110.91,1570.02,9.51,5.53,30.39,0.06,0.0,0.0,0.0,8.0,WR4,286.69,5.0,7.1,6.8,6.9,7.0,7.0,Healthy,0,9.0,Target (Green),Green,1.0,0.0,0.0,—,18.4,13.49,0.0,0.0,0.0,0.0,0.0,0.0,,,,,,,,,1D/RR Alpha (>0.120),2.55,,,🎯 **Target**,🤝 **Consensus High**,Consensus Alignment,Tier 3,Round 1 (1.07),1.07,#4 WR for Joel; 23.8 Adj PPG smash candidate; Ryan Grubb scheme; top-3 deep ball catch rate.,https://www.fantasypoints.com/nfl/articles/2026/the-gurus-2026-fantasy-football-draft-plan,44.0,0.0,1.0,0.0,0.0,0.0,0.0,0.0,0.0,0.0,0.165,0.0,WR4,T3,23.8,1.0,6.0,consensus,2.5,Medium,0.0,0.0,,,6.0,0.0,70.0,0.48,36.0,Surging,SEA,0.0,0.17,1340.0,0.058,28.0,0.02,0.08,SEA,10.0,3.5,70.0,70.0,False,Brian Fleury,96.6,11.0,26.4,4.0,32.9,17.0,0.774,—,16.0,Zone,4.0,Even,14.0,Chew the Clock (High Scoring Offense + Elite Defense -> Run-Heavy Second Halves),SEA,14,46.7,53.3,4.0,0.0,Unknown,16,97.3,99.0,0.5193,0.277,0.2153,0.3023,2.1123,0.8815,,,,,,,,,0,,,,,,,,,,,,,,,200.4,4.0,3.0,-1.0,0.982,12.9,14.12,178.6,172.8,239.1,6.8,3.0,WR3,3.0,6.0,229.4,13.49,2.0,$45-51,7.0,16.8,—,0,0,99,,—,3,WR3,158.5,105.26,8,1.447,70.9,2.1,1.8,1.9,2.0,2.0,7.1,6.8,0.3,0.3,7.1,6.8,ESPN,YAHOO,Fair Market Value,236.47,-5.1,0.032,244.04,105.26,105.26,8,3,WR3,T2,44.0,-1.0,False,False,6.0,-0.4,236.47,0.0,36.0,3.2,0.0,0.0,0.0,0.0,0.0,0.0,12.0,0.0,Tier 1,5.0,1.0,6.0,5.0,⚖️ Moderate Variance,3.0,Tier 1,1.0,6.0,5.0
Amon-Ra St. Brown,WR,DET,6.0,10.0,WR4,2.0,6.0,0.67,1,6,26ef0447-29b8-4dd1-9831-dcbf8132bb74,99.9,100.0,amonra st brown,WR,DET,WR_amonra_st_brown_DET,219.6,319.84,164.31799999999998,117.37,1390.88,10.46,3.11,11.81,0.04,0.0,0.0,0.0,7.0,WR3,287.81,5.0,10.2,7.9,9.8,10.0,10.0,Healthy,0,7.0,Neutral,Black,0.0,0.0,0.0,—,18.3,12.92,22.19,7.41,0.0,0.0,1.0,0.0,3.0,-4.0,Full PPR Favored (Receptions),,,,,,,,,,🎯 **Target**,🤝 **Consensus High**,Consensus Alignment,Tier 3,Round 1 (1.06),1.06,#3 WR for Joel; 22.0 Adj PPG; ultra-consistent target floor; Vegas #3 scoring offense.,https://www.fantasypoints.com/nfl/articles/2026/the-gurus-2026-fantasy-football-draft-plan,45.0,0.0,1.0,0.0,0.0,0.0,0.0,0.0,0.0,0.0,0.135,0.0,WR3,T2,22.0,5.0,,consensus,,,0.0,0.0,,,,,80.0,0.52,35.0,Surging,DET,0.018,0.09,720.0,0.16,26.4,0.11,0.19,DET,15.0,3.5,70.0,70.0,False,Drew Petzing,107.7,3.0,21.4,20.0,26.1,27.0,0.62,—,3.0,Gap,24.0,Even,11.0,Balanced Environment,DET,16,30.85,69.15,20.0,-1.1,D.Petzing,16,95.2,69.2,0.2809,0.4225,-0.0633,0.2501,1.7835,0.4386,,,,,,,,,0,,,,,,,,,,,,,,,217.0,2.0,4.0,2.0,0.984,15.3,15.86,239.2,215.3,217.1,7.9,4.0,WR4,4.0,8.8,219.6,12.92,3.0,$42-48,6.0,18.1,—,0,0,99,,—,4,WR4,158.5,103.59,12,1.385,61.099999999999994,4.2,1.9,3.8,4.0,4.0,10.2,7.9,2.3,2.3,10.2,7.9,ESPN,YAHOO,Value Target (Discounted),236.0,-0.06,0.027,242.37,103.59,103.59,9,4,WR4,T2,45.0,1.0,False,False,6.0,0.8,236.0,22.19,35.0,2.7,0.0,0.0,0.0,0.0,0.0,0.0,0.0,0.0,Tier 2,6.0,2.0,6.0,4.0,⚖️ Moderate Variance,4.0,Tier 2,2.0,6.0,4.0
Saquon Barkley,RB,PHI,15.0,14.0,RB7,4.0,14.0,1.99,2,10,9811b753-347c-467a-b3cb-85937e71e2b9,99.8,100.0,saquon barkley,RB,PHI,RB_saquon_barkley_PHI,247.3,264.67,58.436,41.74,330.38,2.1,295.82,1299.14,8.23,0.0,0.0,0.0,13.0,RB8,252.67,6.0,14.3,12.1,13.7,14.0,14.0,Healthy,0,15.0,Neutral,Black,0.0,0.0,0.0,Silver Lining,13.4,14.55,0.0,0.0,0.0,0.0,0.0,0.0,,,,9.0,13.0,High,,,,,,⚠️ Touch Vulture QB (Steals 30%+ GL Carries),🎯 **Target / Bounce-Back**,⚔️ **Guru: Top Target  vs  FP Anatomy: Fade (Goal-line vultured)**,Guru: Top Target  vs  FP Anatomy: Fade (Goal-line vultured),Tier 6,Round 2,2.0,"Guru's ""The Twelve"" pick; projected to lead NFL in carries under Sean Mannion under-center scheme; 4 years durable.",https://www.fantasypoints.com/nfl/articles/2026/the-gurus-2026-fantasy-football-draft-plan,32.0,0.0,1.0,0.0,1.0,1.0,0.0,4.8,2.9,1.3,0.0,0.0,RB10,T3,,1.0,10.0,guy,1.6,Low (High Floor Alpha),0.0,0.0,3.0,2.0,,,78.0,0.42,28.5,Surging,PHI,0.025,0.08,640.0,0.138,27.2,0.12,0.15,PHI,14.0,4.0,80.0,80.0,True,Sean Mannion,85.2,24.0,23.0,13.0,36.3,9.0,0.667,—,16.0,Balanced,5.0,Condensed,15.0,Chew the Clock (High Scoring Offense + Elite Defense -> Run-Heavy Second Halves),PHI,2,35.05,64.95,16.0,0.0,Unknown,16,67.2,91.7,,,,,,,-0.16,,,,,,,,0,,,,,,,,,,,,,,,214.5,7.0,7.0,0.0,0.951,15.8,14.12,211.6,185.6,164.3,12.1,6.0,RB6,6.0,13.4,247.3,14.55,3.0,$45-51,12.0,16.9,—,0,0,99,,—,6,RB6,181.3,100.36,9,1.364,66.0,-0.7,-2.9,-1.3,-1.0,-1.0,14.3,12.1,2.2,2.2,14.3,12.1,ESPN,YAHOO,Fair Market Value,240.44,3.38,0.026,246.69,100.36,100.36,10,6,RB6,T2,32.0,4.0,True,False,0.0,0.0,240.44,0.0,28.5,2.6,0.0,0.0,10.0,0.0,0.0,0.0,0.0,0.0,Tier 3,15.0,4.0,14.0,10.0,⚡ High Variance (Boom/Bust Ceiling),7.0,Tier 3,4.0,14.0,10.0
Kenneth Walker III,RB,KC,21.0,18.5,RB10,5.0,22.0,2.86,3,5,22ee9bac-a64c-4d44-94fc-51d775465b3b,99.4,100.0,kenneth walker,RB,KC,RB_kenneth_walker_KC,224.6,258.11,64.106,45.79,353.42,1.23,262.54,1192.05,8.71,0.0,0.0,0.0,14.0,RB9,250.25,6.0,18.9,16.4,18.1,18.5,18.5,Healthy,0,12.0,Target (Green),Green,1.0,0.0,0.0,Gold Standard,12.2,13.21,0.0,0.0,0.0,0.0,0.0,0.0,15.0,3.0,Half-PPR Favored (TD Equity),10.0,8.0,High,,,,,,,💥 **Must-Have / Exodia**,"⚔️ **FP: Super-High (#5 RB)  vs  Joel: Super-High (#9 RB, +14 vs ECR)**","FP: Super-High (#5 RB)  vs  Joel: Super-High (#9 RB, +14 vs ECR)",Tier 5,Round 2,2.0,24.9 FPG in playoffs (24.7 touches/gm); Chiefs $28.7M deal; Eric Bieniemy scheme (100+ RB targets); Kareem Hunt's 78.2% inside-5 role vacates to Walker.,https://www.fantasypoints.com/nfl/articles/2026/anatomy-of-a-league-winning-running-back-2026#/15,35.0,1.0,0.0,0.0,1.0,0.0,0.0,3.5,3.0,1.1,0.0,0.0,RB9,T3,,2.0,19.0,guy,1.6,Low (High Floor Alpha),0.0,0.0,4.0,1.0,,,65.0,0.35,20.0,Surging,KC,0.068,0.145,1250.0,0.142,26.5,0.02,0.22,KC,22.0,3.0,60.0,60.0,False,Andy Reid,89.6,19.0,22.0,19.0,33.2,16.0,0.546,—,9.0,Zone,22.0,Condensed,6.0,Chew the Clock (High Scoring Offense + Elite Defense -> Run-Heavy Second Halves),KC,21,38.45,61.55,11.0,6.4,A.Reid,16,91.8,53.4,,,,,,,1.8742,,,,,,,,0,,,,,,,,,,,,,,,194.3,14.0,11.0,-3.0,0.904,14.9,11.74,158.6,168.9,174.3,16.4,9.0,RB9,9.0,19.7,224.6,13.21,4.0,$38-42,21.0,15.1,—,0,0,99,,—,9,RB9,181.3,96.1,17,1.239,43.29999999999998,-2.1,-4.6,-2.9,-2.5,-2.5,18.9,16.4,2.5,2.5,18.9,16.4,ESPN,YAHOO,Fair Market Value,223.44,-3.27,0.085,242.43,96.1,96.1,11,7,RB7,T2,35.0,7.5,True,False,6.0,-1.2,223.44,0.0,20.0,8.5,22.0,0.0,0.0,0.0,0.0,0.0,12.0,6.0,Tier 3,21.0,5.0,22.0,17.0,⚡ High Variance (Boom/Bust Ceiling),10.0,Tier 3,5.0,22.0,17.0
De'Von Achane,RB,MIA,16.0,9.5,RB8,4.0,17.0,2.6,2,6,a4ef921b-8767-4b4f-a651-7675c00f9af0,99.8,100.0,devon achane,RB,MIA,RB_devon_achane_MIA,243.0,292.33,91.33599999999998,65.24,490.71,3.98,238.32,1200.16,6.01,0.0,0.0,0.0,12.0,RB7,256.49,6.0,9.7,15.6,9.3,9.5,9.5,Healthy,0,16.0,Avoid (Red),Red,0.0,0.0,1.0,Gold Standard,18.8,14.29,10.48,3.24,0.0,0.0,1.0,0.0,,,,6.0,7.0,High,,,,,,🏆 RB's Dream QB (High Checkdowns / No GL Vultures),🚫 **Fade / Overvalue**,⚔️ **FP: Hard Fade  vs  Joel: Target (#10 RB)**,FP: Hard Fade  vs  Joel: Target (#10 RB),Tier 5,Round 2,2.0,**FP Hard Fade:** 67.4% receiving came on McDaniel checkdowns with Tua; Malik Willis has 3.7% checkdown rate (last in NFL); Miami bottom-5 offense (4.5 win total).,https://www.fantasypoints.com/nfl/articles/2026/players-to-avoid-and-overvalues#/654,25.0,0.0,0.0,1.0,1.0,0.0,1.0,8.7,5.8,0.9,0.0,0.0,RB6,T3,,2.0,16.0,fade,4.2,High (Overpriced Bust Risk),1.0,0.0,2.0,0.0,,,105.0,-0.42,-25.5,Fading,MIA,0.04,0.12,950.0,0.118,24.2,0.06,0.16,MIA,31.0,2.5,50.0,50.0,True,Bobby Slowik,81.6,25.0,20.3,22.0,37.3,6.0,0.732,—,24.0,Balanced,15.0,Condensed,7.0,Passing / Garbage Time (Low Scoring Offense + Bad Defense -> Trailing Game Scripts / Air Volume),MIA,30,35.51,64.49,15.0,0.3,B.Slowik,16,93.9,79.4,,,,,,,0.2358,,,,,,,,0,,,,,,,,,,,,,,,247.0,4.0,6.0,2.0,0.921,14.5,17.56,235.0,202.9,248.8,15.6,8.0,RB7,7.0,11.5,243.0,14.29,3.0,$44-50,14.0,17.1,—,0,0,99,,—,7,RB7,181.3,92.88,11,1.34,61.69999999999999,-6.3,-0.4,-6.7,-6.5,-6.5,15.6,9.3,6.3,6.3,15.6,9.3,YAHOO,SLEEPER,Severe Reach (Overpriced),247.37,-5.35,-0.033,239.21,92.88,92.88,12,8,RB8,T2,25.0,-2.5,False,True,6.0,0.8,247.37,10.48,-25.5,-3.3,0.0,0.0,0.0,5.0,0.0,0.0,-15.0,6.0,Tier 3,16.0,4.0,17.0,13.0,⚡ High Variance (Boom/Bust Ceiling),8.0,Tier 3,4.0,17.0,13.0
Derrick Henry,RB,BAL,20.0,13.5,RB11,6.0,14.0,1.78,3,13,87c481c7-7414-43cc-82df-19ca0c2ae22e,99.7,100.0,derrick henry,RB,BAL,RB_derrick_henry_BAL,235.9,273.83,25.381999999999998,18.13,175.11,0.73,314.04,1569.84,13.38,0.0,0.0,0.0,19.0,RB11,240.62,7.0,13.8,18.0,13.2,13.5,13.5,Healthy,0,19.0,Neutral,Black,0.0,0.0,0.0,Gold Diggers,15.5,13.88,0.0,0.0,0.0,0.0,0.0,0.0,25.0,6.0,Half-PPR Favored (TD Equity),14.0,18.0,High,,,,,,⚠️ Touch Vulture QB (Steals 30%+ GL Carries),🎯 **Target / Value**,🤝 **Consensus High**,Consensus Alignment,Tier 5,Round 2,2.0,Ravens highest implied win total in AFC; 0 tough playoff games; more perimeter runs & pass involvement in Doyle scheme.,https://www.fantasypoints.com/nfl/articles/2026/the-gurus-2026-fantasy-football-draft-plan,32.0,0.0,1.0,0.0,0.0,0.0,0.0,1.5,4.5,4.0,0.0,0.0,RB11,T3,,2.0,21.0,consensus,2.5,Medium,0.0,0.0,2.0,0.0,,,68.0,-0.3,-16.0,Cooling,BAL,-0.045,0.15,1150.0,0.165,28.4,0.15,0.18,BAL,11.0,3.0,60.0,60.0,True,Declan Doyle,86.1,22.0,29.3,1.0,37.2,7.0,0.63,High 12P,8.0,Zone,6.0,Even,11.0,Chew the Clock (High Scoring Offense + Elite Defense -> Run-Heavy Second Halves),BAL,26,59.85,40.15,1.0,0.0,Unknown,16,85.6,81.0,,,,,,,-0.1249,,,,,,,,0,,,,,,,,,,,,,,,200.4,12.0,13.0,1.0,0.821,15.3,15.91,199.4,153.8,145.3,18.0,11.0,RB8,8.0,20.8,235.9,13.88,4.0,$40-46,16.0,15.3,—,0,0,99,,—,8,RB8,181.3,88.72,13,1.301,54.599999999999994,-6.2,-2.0,-6.8,-6.5,-6.5,18.0,13.2,4.8,4.8,18.0,13.2,YAHOO,SLEEPER,Severe Reach (Overpriced),228.2,2.92,0.03,235.05,88.72,88.72,13,9,RB9,T2,32.0,0.5,False,False,3.0,0.4,228.2,0.0,-16.0,3.0,0.0,0.0,0.0,0.0,0.0,0.0,0.0,0.0,Tier 3,20.0,6.0,14.0,8.0,⚡ High Variance (Boom/Bust Ceiling),11.0,Tier 3,6.0,14.0,8.0
Chase Brown,RB,CIN,12.0,15.5,RB6,4.0,13.0,2.06,2,6,d74ff06d-905d-4fed-8f98-b5f6d4549333,99.2,100.0,chase brown,RB,CIN,RB_chase_brown_CIN,211.2,278.59,89.264,63.76,427.63,3.95,238.83,1037.45,7.8,0.0,0.0,0.0,11.0,RB6,260.48,6.0,15.8,16.4,15.2,15.5,15.5,Healthy,0,13.0,Target (Green),Green,1.0,0.0,0.0,Gold Standard,19.3,12.42,0.0,0.0,5.46,2.07,0.0,1.0,,,,7.0,6.0,High,,,,,,🏆 RB's Dream QB (High Checkdowns / No GL Vultures),💥 **Exodia / League-Winner**,🤝 **Consensus #1 RB Breakout**,Consensus Alignment,Tier 5,Round 2,2.0,**#1 Most Mispriced RB**: Weeks 13-18 w/ Burrow: 22.3 FPG (RB2) on 60.5% snaps; 11.8 Rec FPG (2nd only to CMC); Burrow stated Brown is an every-down back & #2 target. Contract year. | ⭐ #4 Bengals Offense Most Undervalued Asset,https://www.fantasypoints.com/nfl/articles/2026/anatomy-of-a-league-winning-running-back-2026#/30,38.0,1.0,0.0,0.0,0.0,0.0,0.0,8.4,1.3,2.0,0.0,0.0,RB7,T3,,3.0,25.0,consensus,2.5,Medium,0.0,0.0,4.0,1.0,,,108.0,0.78,62.0,Hyper-Surging,CIN,0.05,0.18,1420.0,0.125,25.2,0.01,0.21,CIN,19.0,3.0,60.0,60.0,False,Zac Taylor,98.6,7.0,22.5,15.0,42.5,3.0,0.751,—,11.0,Gap,20.0,Very Spread,15.0,Shootouts (High Scoring Offense + Vulnerable Defense -> Max Fantasy Ceiling),CIN,28,31.69,68.31,19.0,3.6,Z.Taylor,16,71.4,69.9,,,,,,,0.2014,,,,,,,,0,,,,,,,,,,,,,,,181.8,16.0,10.0,-6.0,0.891,14.0,12.6,157.3,191.3,111.0,16.4,9.0,RB11,11.0,16.0,211.2,12.42,4.0,$36-40,17.0,16.4,—,0,1,4,Bengals,#4 Bengals Offense - Most Undervalued Asset,11,RB11,181.3,88.65,25,1.165,29.899999999999977,3.8,4.4,3.2,3.5,3.5,16.4,15.2,1.2,1.2,16.4,15.2,YAHOO,SLEEPER,Value Target (Discounted),216.17,-6.0,0.087,234.98,88.65,88.65,14,10,RB10,T2,38.0,1.5,True,False,0.0,-2.4,216.17,0.0,62.0,8.7,22.0,0.0,0.0,0.0,0.0,4.0,12.0,6.0,Tier 3,12.0,4.0,13.0,9.0,⚡ High Variance (Boom/Bust Ceiling),6.0,Tier 3,4.0,13.0,9.0
Omarion Hampton,RB,LAC,19.0,15.0,RB9,3.0,17.0,2.28,3,7,3e1b7908-79ee-4a23-97b9-5190725a2e5e,99.2,100.0,omarion hampton,RB,LAC,RB_omarion_hampton_LAC,201.3,254.17,70.294,50.21,342.77,1.92,243.66,1034.81,9.46,0.0,0.0,0.0,17.0,RB10,242.21,7.0,15.3,18.7,14.7,15.0,15.0,Healthy,0,10.0,Target (Green),Green,1.0,0.0,0.0,Gold Standard,14.9,11.84,0.0,0.0,0.0,0.0,0.0,0.0,,,,13.0,11.0,Med-High,,,,,,,💥 **Must-Have / Exodia**,"⚔️ **FP: Target  vs  Joel: Super-High (#6 RB, +17 vs ECR)**","FP: Target  vs  Joel: Super-High (#6 RB, +17 vs ECR)",Tier 5,Round 2,2.0,Mike McDaniel offense (Miami 35.8 FPG backfield); stud OTs Slater & Alt healthy (Top-10 OL); 80% goal-line carries; 276 projected touches.,https://www.fantasypoints.com/nfl/articles/2026/anatomy-of-a-league-winning-running-back-2026#/13,34.0,1.0,0.0,0.0,1.0,0.0,0.0,6.4,2.8,2.2,0.0,0.0,RB12,T5,,2.0,13.0,guy,1.6,Low (High Floor Alpha),0.0,0.0,5.0,0.0,,,,,0.0,Neutral,LAC,-0.035,0.38,2900.0,0.06,29.2,0.05,0.07,LAC,32.0,3.0,60.0,60.0,False,Mike McDaniel,91.9,15.0,26.7,3.0,35.4,11.0,0.663,High 21P,31.0,Zone,1.0,Very Condensed,28.0,Chew the Clock (High Scoring Offense + Elite Defense -> Run-Heavy Second Halves),LAC,9,18.72,81.28,30.0,-1.4,M.McDaniel,16,84.6,87.8,,,,,,,1.3335,,,,,,,,0,,,,,,,,,,,,,,,213.4,8.0,9.0,1.0,0.945,13.7,13.91,180.1,183.0,202.5,18.7,12.0,RB16,16.0,15.9,201.3,11.84,5.0,$32-36,13.0,17.0,—,0,0,99,,—,16,RB16,181.3,88.17,40,1.11,20.0,-3.7,-0.3,-4.3,-4.0,-4.0,18.7,14.7,4.0,4.0,18.7,14.7,YAHOO,SLEEPER,Overpriced Fade,214.55,-1.73,0.093,234.5,88.17,88.17,15,11,RB11,T2,34.0,0.0,True,False,3.0,0.4,214.55,0.0,0.0,9.3,22.0,0.0,0.0,0.0,0.0,0.0,12.0,6.0,Tier 3,19.0,3.0,17.0,14.0,⚡ High Variance (Boom/Bust Ceiling),9.0,Tier 3,3.0,17.0,14.0
Ashton Jeanty,RB,LV,22.0,12.5,RB12,5.0,22.0,3.25,3,13,320fc4b7-76c7-43af-bbfd-1a22ba8f78cb,99.6,100.0,ashton jeanty,RB,LV,RB_ashton_jeanty_LV,199.0,260.81,79.43599999999999,56.74,400.6,3.01,258.03,1040.24,7.36,0.0,0.0,0.0,20.0,RB12,231.95,7.0,12.8,14.4,12.2,12.5,12.5,Healthy,0,11.0,Neutral,Black,0.0,0.0,0.0,Gold Standard,13.3,11.71,0.0,0.0,0.0,0.0,0.0,0.0,,,,4.0,11.0,Med-High,,,,,,,💥 **Exodia / League-Winner**,🤝 **Consensus High (Buy the Dip)**,Consensus Alignment,Tier 7,Round 3,3.0,69 rookie targets (3.19 college YPRR); 83.3% goal-line share; Klint Kubiak + Tyler Linderbaum + Kolton Miller. Sprained ankle creates massive discount.,https://www.fantasypoints.com/nfl/articles/2026/anatomy-of-a-league-winning-running-back-2026#/12,28.0,1.0,0.0,0.0,0.0,0.0,0.0,7.0,1.7,1.1,0.0,0.0,RB8,T3,,1.0,8.0,dragon,3.8,High (Elite Ceiling),0.0,0.0,4.0,1.0,,,,,0.0,Neutral,LV,-0.005,0.29,2250.0,0.015,28.5,-0.04,0.05,LV,28.0,2.5,50.0,50.0,False,Klint Kubiak,70.9,31.0,22.8,14.0,34.5,14.0,0.696,—,27.0,Zone,13.0,Even,19.0,Passing / Garbage Time (Low Scoring Offense + Bad Defense -> Trailing Game Scripts / Air Volume),LV,24,40.2,59.8,8.0,-4.3,K.Kubiak,16,66.0,99.0,,,,,,,0.8063,,,,,,,,0,,,,,,,,,,,,,,,240.5,5.0,8.0,3.0,0.973,14.5,15.73,221.9,214.3,213.8,14.4,7.0,RB17,17.0,14.8,199.0,11.71,5.0,$34-38,20.0,16.0,—,0,0,99,,—,17,RB17,181.3,85.64,41,1.098,17.69999999999999,-9.2,-7.6,-9.8,-9.5,-9.5,14.4,12.2,2.2,2.2,14.4,12.2,YAHOO,SLEEPER,Severe Reach (Overpriced),217.61,-3.67,0.066,231.97,85.64,85.64,16,12,RB12,T2,28.0,-3.5,False,False,0.0,1.2,217.61,0.0,0.0,6.6,22.0,0.0,0.0,0.0,0.0,0.0,0.0,6.0,Tier 3,22.0,5.0,22.0,17.0,⚡ High Variance (Boom/Bust Ceiling),12.0,Tier 3,5.0,22.0,17.0
CeeDee Lamb,WR,DAL,9.0,12.5,WR5,4.0,9.0,0.97,2,14,a72ea15b-5199-4101-a300-846e1c655add,99.9,100.0,ceedee lamb,WR,DAL,WR_ceedee_lamb_DAL,208.1,273.01,136.458,97.47,1295.61,7.53,2.41,12.56,0.04,0.0,0.0,0.0,15.0,WR5,264.85,6.0,12.8,10.4,12.2,12.5,12.5,Healthy,0,14.0,Neutral,Black,0.0,0.0,0.0,—,14.9,12.24,35.49,17.73,0.0,0.0,1.0,0.0,,,,,,,,,1D/RR Alpha (>0.120),2.45,,,🎯 **Target**,🤝 **Consensus High**,Consensus Alignment,Tier 4,Round 1 (1.10),1.1,#5 WR for Joel; 16.6 Adj PPG; unquestioned alpha; Guru's top Round 1 target at 1.09.,https://www.fantasypoints.com/nfl/articles/2026/the-gurus-2026-fantasy-football-draft-plan,40.0,0.0,1.0,0.0,0.0,0.0,0.0,0.0,0.0,0.0,0.0,0.0,WR7,T3,16.6,2.0,14.0,fade,4.2,High (Overpriced Bust Risk),0.0,0.0,,,5.0,1.0,94.0,0.5,38.0,Surging,DAL,0.055,0.22,1680.0,0.115,24.8,-0.04,0.2,DAL,8.0,4.0,80.0,80.0,False,Brian Schottenheimer,109.1,2.0,24.1,10.0,39.9,4.0,0.666,High 11P,2.0,Gap,12.0,Very Condensed,24.0,Shootouts (High Scoring Offense + Vulnerable Defense -> Max Fantasy Ceiling),DAL,15,26.43,73.57,24.0,-3.4,B.Schottenheimer,16,88.4,96.8,-0.1985,0.2088,0.6226,0.574,1.6809,1.0292,,,,,,,,,0,,,,,,,,,,,,,,,181.9,7.0,5.0,-2.0,0.964,13.3,12.93,166.1,174.9,180.2,10.4,5.0,WR5,5.0,9.5,208.1,12.24,3.0,$38-42,8.0,16.9,—,0,0,99,,—,5,WR5,158.5,78.04,14,1.313,49.599999999999994,3.8,1.4,3.2,3.5,3.5,12.8,10.4,2.4,2.4,12.8,10.4,ESPN,YAHOO,Value Target (Discounted),215.74,0.25,0.005,216.82,78.04,78.04,17,5,WR5,T3,40.0,-4.5,False,True,3.0,-0.8,215.74,35.49,38.0,0.5,0.0,0.0,0.0,0.0,0.0,0.0,0.0,0.0,Tier 2,9.0,4.0,9.0,5.0,⚖️ Moderate Variance,5.0,Tier 2,4.0,9.0,5.0
Josh Jacobs,RB,GB,40.0,29.5,RB16,8.0,24.0,2.86,4,11,61694ab9-b099-408e-b48d-6a643dd069ec,98.8,99.0,josh jacobs,RB,GB,RB_josh_jacobs_GB,213.0,248.69,49.448,35.32,279.97,1.21,274.22,1102.24,11.73,0.0,0.0,0.0,29.0,RB16,221.81,9.0,30.1,33.4,28.9,29.5,29.5,Healthy,0,33.0,Neutral,Black,0.0,0.0,0.0,Gold Diggers,16.6,12.53,13.28,5.6,0.0,0.0,1.0,0.0,41.0,9.0,Half-PPR Favored (TD Equity),11.0,9.0,High,,,,,,,🎯 **Value / Risk**,⚔️ **FP: Borderline Dead Zone  vs  Guru: Target**,FP: Borderline Dead Zone  vs  Guru: Target,Tier 8,Round 3/4,3.5,Week 1 suspension/legal risk; groin injury; MarShawn Lloyd pushing for snaps.,https://www.fantasypoints.com/nfl/articles/2026/the-gurus-2026-fantasy-football-draft-plan,18.0,0.0,1.0,0.0,1.0,0.0,0.0,0.0,0.0,0.0,0.0,0.0,RB13,T5,,3.0,28.0,consensus,2.5,Medium,0.0,0.0,2.0,1.0,,,,,0.0,Neutral,GB,0.02,0.16,1300.0,0.112,27.8,0.04,0.16,GB,20.0,2.0,40.0,40.0,False,Matt LaFleur,90.5,16.0,23.0,13.0,36.3,9.0,0.667,High 12P,19.0,Balanced,8.0,Very Condensed,17.0,Chew the Clock (High Scoring Offense + Elite Defense -> Run-Heavy Second Halves),GB,27,38.22,61.78,13.0,-1.0,M.LaFleur,16,81.9,78.8,,,,,,,0.2223,,,,,,,,0,,,,,,,,,,,,,,,212.3,10.0,14.0,4.0,0.973,16.1,14.65,229.3,210.1,153.7,33.4,15.0,RB10,10.0,31.8,213.0,12.53,4.0,$30-34,40.0,14.3,—,0,0,99,,—,10,RB10,181.3,73.43,23,1.175,31.69999999999999,-9.9,-6.6,-11.1,-10.5,-10.5,33.4,28.9,4.5,4.5,33.4,28.9,YAHOO,SLEEPER,Severe Reach (Overpriced),215.03,-3.55,0.022,219.76,73.43,73.43,18,13,RB13,T3,18.0,11.5,True,False,3.0,1.6,215.03,13.28,0.0,2.2,0.0,0.0,0.0,0.0,0.0,0.0,0.0,0.0,Tier 5,40.0,8.0,24.0,16.0,⚡ High Variance (Boom/Bust Ceiling),16.0,Tier 4,8.0,24.0,16.0
Breece Hall,RB,NYJ,35.0,32.5,RB15,12.0,20.0,1.92,3,13,db1053d7-3343-43a3-9aab-8353f10f1221,98.3,99.0,breece hall,RB,NYJ,RB_breece_hall_NYJ,209.8,245.37,64.932,46.38,404.09,2.24,249.04,1113.5,6.19,0.0,0.0,0.0,24.0,RB14,230.49,8.0,33.1,35.4,31.8,32.5,32.5,Healthy,0,34.0,Neutral,Black,0.0,0.0,0.0,Silver Lining,12.1,12.34,0.0,0.0,0.0,0.0,0.0,0.0,,,,15.0,24.0,High,,,,,,,💥 **Must-Have / Exodia**,"🤝 **Consensus Target / ""The Twelve""**",Consensus Alignment,Tier 8,Round 3/4,3.5,"Guru's ""The Twelve"" pick; 392 explosive rush yds (RB4); 22.7 FPG in wins; Frank Reich scheme + Geno Smith checkdowns restore 7.9 Rec FPG baseline.",https://www.fantasypoints.com/nfl/articles/2026/the-gurus-2026-fantasy-football-draft-plan,24.0,1.0,0.0,0.0,0.0,1.0,0.0,4.8,3.2,0.8,0.0,0.0,RB14,T5,,3.0,36.0,fade,4.2,High (Overpriced Bust Risk),0.0,0.0,3.0,1.0,,,84.0,0.45,32.0,Surging,NYJ,0.015,0.21,1650.0,0.065,26.8,0.03,0.09,NYJ,17.0,3.0,60.0,60.0,False,Frank Reich,71.1,30.0,24.9,6.0,29.8,26.0,0.613,High 11P,10.0,Balanced,27.0,Spread,8.0,Balanced Environment,NYJ,17,23.57,76.43,27.0,-1.3,F.Reich,16,75.8,80.6,,,,,,,-0.2454,,,,,,,,0,,,,,,,,,,,,,,,196.1,13.0,15.0,2.0,0.937,14.6,13.57,185.7,172.5,165.0,35.4,17.0,RB12,12.0,33.7,209.8,12.34,4.0,$29-33,37.0,14.5,—,0,0,99,,—,12,RB12,181.3,72.62,26,1.157,28.5,-1.9,0.4,-3.2,-2.5,-2.5,35.4,31.8,3.6,3.6,35.4,31.8,YAHOO,SLEEPER,Fair Market Value,211.55,-2.48,0.035,218.95,72.62,72.62,19,14,RB14,T3,24.0,13.5,True,True,0.0,0.8,211.55,0.0,32.0,3.5,22.0,0.0,10.0,0.0,0.0,0.0,0.0,0.0,Tier 5,35.0,12.0,20.0,8.0,⚡ High Variance (Boom/Bust Ceiling),15.0,Tier 4,12.0,20.0,8.0
Brock Bowers,TE,LV,17.0,23.5,TE1,1.0,5.0,0.55,1,13,ad9fc7e3-0a6d-4e41-84c2-cf43b71aee13,99.8,100.0,brock bowers,TE,LV,TE_brock_bowers_LV,173.1,243.67,135.268,96.62,1022.85,7.52,0.0,0.0,0.0,0.0,0.0,0.0,9.0,TE1,268.62,6.0,24.0,21.1,23.0,23.5,23.5,Healthy,0,18.0,Target (Green),Green,1.0,0.0,0.0,—,,10.18,0.0,0.0,0.0,0.0,0.0,0.0,,,,,,,,,,,,,💥 **Must-Have / Exodia**,🤝 **Consensus #1 TE**,Consensus Alignment,Tier 6,Round 2,2.0,"""Football robot from heaven"" for Klint Kubiak; Kirk Cousins + Tyler Linderbaum upgrade; Guru's ""The Twelve"" target; 100% healthy monster.",https://www.fantasypoints.com/nfl/articles/2026/the-gurus-2026-fantasy-football-draft-plan,30.0,1.0,0.0,0.0,0.0,1.0,0.0,0.0,0.0,0.0,0.0,0.0,TE1,T1,,2.0,17.0,dragon,3.8,High (Elite Ceiling),0.0,0.0,,,,,115.0,0.74,65.5,Hyper-Surging,LV,-0.005,0.29,2250.0,0.015,28.5,-0.04,0.05,LV,28.0,2.5,50.0,50.0,False,Klint Kubiak,70.9,31.0,22.8,14.0,34.5,14.0,0.696,—,27.0,Zone,13.0,Even,19.0,Passing / Garbage Time (Low Scoring Offense + Bad Defense -> Trailing Game Scripts / Air Volume),LV,24,40.2,59.8,8.0,-4.3,K.Kubiak,16,88.8,99.0,,0.2395,,,1.3115,,,,,,,,,,0,,,,,,,,,,,,,,,141.1,2.0,1.0,-1.0,0.989,12.9,9.87,126.3,108.1,134.4,21.1,1.0,TE1,1.0,23.0,173.1,10.18,1.0,$30+,10.0,14.4,—,0,0,99,,—,1,TE1,124.0,72.55,15,1.396,49.099999999999994,7.0,4.1,6.0,6.5,6.5,24.0,21.1,2.9,2.9,24.0,21.1,ESPN,YAHOO,Screaming Steal (Huge Value),188.98,-3.15,0.095,206.93,72.55,72.55,20,1,TE1,T3,30.0,3.5,True,False,3.0,-0.4,188.98,0.0,65.5,9.5,22.0,0.0,10.0,0.0,0.0,0.0,12.0,0.0,Tier 3,17.0,1.0,5.0,4.0,⚖️ Moderate Variance,1.0,Tier 1,1.0,5.0,4.0
Justin Jefferson,WR,MIN,11.0,14.0,WR6,3.0,15.0,1.62,2,6,4131d4ee-0318-4bb5-832a-4dec80668a4f,99.8,100.0,justin jefferson,WR,MIN,WR_justin_jefferson_MIN,207.1,272.82,138.474,98.91,1310.88,7.12,1.34,5.54,0.03,0.0,0.0,0.0,21.0,WR8,253.12,7.0,14.3,12.8,13.7,14.0,14.0,Healthy,0,17.0,Pass (Yellow),Yellow,0.0,1.0,0.0,—,,12.18,0.0,0.0,0.0,0.0,0.0,0.0,,,,,,,,,,,,,🎯 **Target / Anchor**,🤝 **Consensus High**,Consensus Alignment,Tier 6,Round 2,2.0,18.0 FPG floor; Kevin O'Connell pass-heavy offense; Darrisaw healthy; only 4 shadow CB matchups.,https://www.fantasypoints.com/nfl/articles/2026/the-gurus-2026-fantasy-football-draft-plan,32.0,0.0,1.0,0.0,0.0,0.0,0.0,0.0,0.0,0.0,0.0,0.0,WR6,T3,,1.0,12.0,consensus,2.5,Medium,0.0,0.0,,,4.0,3.0,92.0,0.48,36.5,Surging,MIN,0.035,0.19,1580.0,0.085,27.1,-0.02,0.15,MIN,9.0,4.0,80.0,80.0,True,Kevin O'Connell,76.2,28.0,18.9,26.0,37.4,5.0,0.691,—,25.0,Balanced,23.0,Condensed,5.0,Shootouts (High Scoring Offense + Vulnerable Defense -> Max Fantasy Ceiling),MIN,12,31.97,68.03,18.0,1.4,K.O'Connell,16,85.5,87.3,0.3996,0.2475,0.1538,0.3253,1.2946,-0.0257,,,,,,,,,0,,,,,,,,,,,,,,,181.0,8.0,6.0,-2.0,0.97,14.7,12.9,183.7,169.5,184.3,12.8,6.0,WR6,6.0,11.3,207.1,12.18,4.0,$37-41,11.0,15.6,—,0,0,99,,—,6,WR6,158.5,71.82,16,1.307,48.599999999999994,3.3,1.8,2.7,3.0,3.0,14.3,12.8,1.5,1.5,14.3,12.8,ESPN,YAHOO,Value Target (Discounted),212.08,-0.35,-0.007,210.6,71.82,71.82,21,6,WR6,T3,32.0,-7.0,False,True,3.0,-0.8,212.08,0.0,36.5,-0.7,0.0,0.0,0.0,0.0,0.0,0.0,-5.0,0.0,Tier 2,11.0,3.0,15.0,12.0,⚡ High Variance (Boom/Bust Ceiling),6.0,Tier 2,3.0,15.0,12.0
Drake London,WR,ATL,13.0,20.5,WR7,5.0,14.0,1.61,2,11,5053f9ae-15d9-4730-833d-484886b6f890,99.6,100.0,drake london,WR,ATL,WR_drake_london_ATL,190.7,276.29,137.718,98.37,1272.88,8.76,0.0,0.0,0.0,0.0,0.0,0.0,18.0,WR7,256.42,7.0,20.9,19.1,20.1,20.5,20.5,Healthy,0,22.0,Neutral,Black,0.0,0.0,0.0,—,17.7,11.22,0.0,0.0,0.0,0.0,0.0,0.0,,,,,,,,,1D/RR Alpha (>0.115),2.2,,,💥 **Must-Have / Exodia**,⚔️ **FP: Exodia  vs  Guru: Dirty 30 Shaky Supporting Cast**,FP: Exodia  vs  Guru: Dirty 30 Shaky Supporting Cast,Tier 6,Round 2,2.0,19.7 Adj PPG; Alpha First-Read Rate ($>30\%$) + 0.130 1D/RR (top-4 in NFL); contract year value flag.,https://www.fantasypoints.com/nfl/articles/2026/anatomy-of-a-league-winner#/3383,30.0,1.0,0.0,0.0,1.0,0.0,1.0,0.0,0.0,0.0,0.131,0.0,WR5,T3,19.7,2.0,15.0,guy,1.6,Low (High Floor Alpha),1.0,1.0,,,4.0,0.0,78.0,0.62,44.0,Surging,ATL,0.032,0.15,1100.0,0.092,26.0,0.05,0.12,ATL,21.0,4.0,80.0,80.0,False,Kevin Stefanski/Rees,86.4,21.0,22.4,16.0,25.7,28.0,0.592,High 12P,10.0,Gap,18.0,Even,3.0,Passing / Garbage Time (Low Scoring Offense + Bad Defense -> Trailing Game Scripts / Air Volume),ATL,11,54.01,45.99,2.0,-4.2,K.Stefanski,16,85.5,85.1,-0.7692,0.2709,0.1024,-0.1282,1.4242,0.1231,,,,,,,,,0,,,,,,,,,,,,,,,182.0,6.0,7.0,1.0,0.956,14.7,12.71,179.1,168.5,199.0,19.1,7.0,WR7,7.0,17.7,190.7,11.22,5.0,$35-39,27.0,14.8,—,0,0,99,,—,7,WR7,158.5,71.09,22,1.203,32.19999999999999,7.9,6.1,7.1,7.5,7.5,20.9,19.1,1.8,1.8,20.9,19.1,ESPN,YAHOO,Screaming Steal (Huge Value),204.95,-2.44,0.024,209.87,71.09,71.09,22,7,WR7,T3,30.0,-1.5,False,True,3.0,0.4,204.95,0.0,44.0,2.4,22.0,0.0,0.0,5.0,0.0,0.0,0.0,0.0,Tier 3,13.0,5.0,14.0,9.0,⚡ High Variance (Boom/Bust Ceiling),7.0,Tier 2,5.0,14.0,9.0
Kyren Williams,RB,LAR,31.0,25.0,RB13,8.0,21.0,2.42,3,11,19d44771-8f1d-4127-9b7d-230da137f15d,97.8,99.0,kyren williams,RB,LAR,RB_kyren_williams_LAR,202.4,240.15,47.31999999999999,33.8,239.62,2.21,240.17,1118.4,10.06,0.0,0.0,0.0,22.0,RB13,231.86,8.0,25.5,29.1,24.5,25.0,25.0,Healthy,0,31.0,Neutral,Black,0.0,0.0,0.0,Gold Diggers,13.5,11.91,0.0,0.0,0.0,0.0,0.0,0.0,,,,22.0,19.0,Med,,,,,,🏆 RB's Dream QB (High Checkdowns / No GL Vultures),🎯 **Value**,⚔️ **FP: Value  vs  Guru: Dirty 30 Not Feeling It**,FP: Value  vs  Guru: Dirty 30 Not Feeling It,Tier 9,Round 4,4.0,40% heavy personnel in McVay scheme; Blake Corum rotational share risk.,https://www.fantasypoints.com/nfl/articles/2026/the-gurus-2026-fantasy-football-draft-plan,18.0,0.0,1.0,0.0,1.0,0.0,1.0,0.0,0.0,0.0,0.0,0.0,RB21,T6,,5.0,49.0,consensus,2.5,Medium,0.0,0.0,2.0,1.0,,,56.0,-0.22,-11.0,Cooling,LAR,0.008,0.14,1120.0,0.095,27.4,0.04,0.13,LAR,1.0,4.5,90.0,90.0,False,Sean McVay,113.3,1.0,19.8,24.0,42.8,2.0,0.759,High 13P,6.0,Gap,4.0,Very Condensed,21.0,Chew the Clock (High Scoring Offense + Elite Defense -> Run-Heavy Second Halves),LAR,3,40.06,59.94,9.0,0.3,S.McVay,16,66.8,70.9,,,,,,,-0.2262,,,,,,,,0,,,,,,,,,,,,,,,212.7,9.0,16.0,7.0,0.891,16.1,15.73,225.8,177.8,191.7,29.1,14.0,RB15,15.0,29.1,202.4,11.91,5.0,$27-31,31.0,14.6,—,0,0,99,,—,15,RB15,181.3,62.82,39,1.116,21.099999999999994,-5.5,-1.9,-6.5,-6.0,-6.0,29.1,24.5,4.6,4.6,29.1,24.5,YAHOO,SLEEPER,Severe Reach (Overpriced),212.34,7.13,-0.015,209.15,62.82,62.82,23,15,RB15,T3,18.0,2.0,False,True,0.0,2.8,212.34,0.0,-11.0,-1.5,0.0,0.0,0.0,0.0,0.0,0.0,0.0,0.0,Tier 4,31.0,8.0,21.0,13.0,⚡ High Variance (Boom/Bust Ceiling),13.0,Tier 4,8.0,21.0,13.0
Nico Collins,WR,HOU,18.0,25.0,WR9,6.0,14.0,1.75,2,8,bd56a50c-5fae-4ee2-8363-f74ae07b6887,99.5,100.0,nico collins,WR,HOU,WR_nico_collins_HOU,184.7,247.92,115.514,82.51,1207.15,7.23,1.37,8.27,0.36,0.0,0.0,0.0,27.0,WR10,241.53,9.0,25.5,22.3,24.5,25.0,25.0,Healthy,0,21.0,Neutral,Black,0.0,0.0,0.0,—,13.5,10.86,0.0,0.0,0.0,0.0,0.0,0.0,15.0,-5.0,Full PPR Favored (Receptions),,,,,,,,,,🎯 **Target / Value**,🤝 **Consensus High**,Consensus Alignment,Tier 7,Round 2/3,2.5,Top-10 wideout; 2.44 YPRR; Jayden Higgins torn ACL locks in undisputed WR1 target dominance.,https://www.fantasypoints.com/nfl/articles/2026/the-gurus-2026-fantasy-football-draft-plan,26.0,0.0,1.0,0.0,0.0,0.0,0.0,0.0,0.0,0.0,0.0,0.0,WR9,T5,,2.0,18.0,consensus,2.5,Medium,0.0,0.0,,,5.0,3.0,85.0,0.61,45.0,Surging,HOU,0.042,0.24,1950.0,0.108,25.8,-0.01,0.18,HOU,29.0,3.0,60.0,60.0,False,Nick Caley,94.1,14.0,17.9,28.0,35.3,12.0,0.523,High 11P,16.0,Gap,14.0,Even,26.0,Slugfests (Low Scoring Offense + Elite Defense -> Low Over/Unders / Grinding Games),HOU,29,13.79,86.21,32.0,-0.5,N.Caley,16,95.5,70.2,-0.4504,0.5779,1.1365,0.2773,1.949,0.5625,,,,,,,,,0,,,,,,,,,,,,,,,182.5,5.0,9.0,4.0,0.954,14.4,13.58,186.1,181.4,181.1,22.3,8.0,WR10,10.0,25.5,184.7,10.86,5.0,$30-34,23.0,14.9,—,0,0,99,,—,10,WR10,158.5,62.56,29,1.165,26.19999999999999,7.5,4.3,6.5,7.0,7.0,25.5,22.3,3.2,3.2,25.5,22.3,ESPN,YAHOO,Screaming Steal (Huge Value),198.36,-4.54,0.015,201.34,62.56,62.56,24,8,WR8,T3,26.0,1.0,False,False,6.0,1.6,198.36,0.0,45.0,1.5,0.0,0.0,0.0,0.0,0.0,0.0,0.0,0.0,Tier 3,18.0,6.0,14.0,8.0,⚡ High Variance (Boom/Bust Ceiling),9.0,Tier 2,6.0,14.0,8.0
Zay Flowers,WR,BAL,30.0,39.0,WR15,9.0,25.0,3.26,3,13,2b6d74b7-10fb-4f17-99c8-9bb557fb475b,98.3,99.0,zay flowers,WR,BAL,WR_zay_flowers_BAL,175.7,241.79,113.73599999999999,81.24,1157.48,6.5,9.92,58.8,0.48,0.0,0.0,0.0,39.0,WR16,222.68,10.0,39.8,36.3,38.2,39.0,39.0,Healthy,0,39.0,Target (Green),Green,1.0,0.0,0.0,—,13.5,10.34,12.16,5.72,0.0,0.0,1.0,0.0,,,,,,,,,,,,,"🎯 **Target / ""The Twelve""**",🤝 **Consensus High**,Consensus Alignment,Tier 8,Round 4,4.0,"Guru's ""The Twelve"" pick; 92.1% route share (3rd in NFL), 27.7% target share; Declan Doyle explosive offense; Likely/Kolar gone. | 🔥 Catalyst: New OC",https://www.fantasypoints.com/nfl/articles/2026/the-gurus-2026-fantasy-football-draft-plan,20.0,0.0,1.0,0.0,0.0,1.0,0.0,0.0,0.0,0.0,0.0,0.0,WR13,T5,,4.0,40.0,consensus,2.5,Medium,1.0,0.0,,,6.0,0.0,85.0,0.65,48.0,Surging,BAL,-0.045,0.15,1150.0,0.165,28.4,0.15,0.18,BAL,11.0,3.0,60.0,60.0,True,Declan Doyle,86.1,22.0,29.3,1.0,37.2,7.0,0.63,High 12P,8.0,Zone,6.0,Even,11.0,Chew the Clock (High Scoring Offense + Elite Defense -> Run-Heavy Second Halves),BAL,26,59.85,40.15,1.0,0.0,Unknown,16,92.7,75.1,1.5095,0.4271,0.1572,1.2449,1.5215,0.7887,,,,,,,,,0,,,,,,,,,,,,,,,171.7,9.0,24.0,15.0,0.987,14.3,11.99,168.6,159.6,185.4,36.3,16.0,WR14,14.0,41.9,175.7,10.34,6.0,$22-26,33.0,14.3,New OC,1,0,99,,—,14,WR14,158.5,62.39,42,1.109,17.19999999999999,9.8,6.3,8.2,9.0,9.0,39.8,36.3,3.5,3.5,39.8,36.3,ESPN,YAHOO,Screaming Steal (Huge Value),186.44,-11.65,0.079,201.17,62.39,62.39,25,9,WR9,T3,20.0,14.0,True,False,6.0,6.0,186.44,12.16,48.0,7.9,0.0,0.0,10.0,5.0,6.0,0.0,12.0,0.0,Tier 4,30.0,9.0,25.0,16.0,⚡ High Variance (Boom/Bust Ceiling),15.0,Tier 4,9.0,25.0,16.0
A.J. Brown,WR,NE,14.0,22.0,WR8,5.0,16.0,2.19,2,11,a9e580f2-1fbe-46fb-887c-c84089b507e4,99.5,100.0,aj brown,WR,NE,WR_aj_brown_NE,182.4,256.23,122.612,87.58,1231.98,7.67,0.0,0.0,0.0,0.0,0.0,0.0,16.0,WR6,260.3,7.0,22.4,24.7,21.6,22.0,22.0,Healthy,0,20.0,Neutral,Black,0.0,0.0,0.0,—,12.7,10.73,0.0,0.0,0.0,0.0,0.0,0.0,,,,,,,,,,,,,🎯 **Target**,🤝 **Consensus High**,Consensus Alignment,Tier 7,Round 2/3,2.5,New alpha in New England; only 3 shadow CB matchups in 2026; high target floor.,https://www.fantasypoints.com/nfl/articles/2026/the-gurus-2026-fantasy-football-draft-plan,25.0,0.0,1.0,0.0,0.0,0.0,0.0,0.0,0.0,0.0,0.0,0.0,WR10,T5,,2.0,20.0,consensus,2.5,Medium,1.0,0.0,,,3.0,2.0,,,0.0,Neutral,NE,-0.03,0.3,2300.0,-0.055,29.4,-0.02,-0.07,NE,13.0,3.0,60.0,60.0,False,Josh McDaniels,104.9,4.0,24.9,6.0,34.6,13.0,0.605,—,24.0,Gap,21.0,Spread,4.0,Slugfests (Low Scoring Offense + Elite Defense -> Low Over/Unders / Grinding Games),NE,13,34.68,65.32,17.0,1.4,J.McDaniels,16,89.9,87.3,-1.234,0.3073,1.202,0.6579,1.3951,0.3095,,,,,,,,,0,,,,,,,,,,,,,,,153.5,17.0,8.0,-9.0,0.913,13.2,11.45,137.5,132.2,152.6,24.7,10.0,WR11,11.0,17.4,182.4,10.73,5.0,$28-32,18.0,14.9,—,0,0,99,,—,11,WR11,158.5,57.23,31,1.151,23.900000000000006,8.4,10.7,7.6,8.0,8.0,24.7,21.6,3.1,3.1,24.7,21.6,YAHOO,SLEEPER,Screaming Steal (Huge Value),194.65,-4.7,0.007,196.01,57.23,57.23,26,10,WR10,T3,25.0,-4.0,False,False,3.0,-3.6,194.65,0.0,0.0,0.7,0.0,0.0,0.0,5.0,0.0,0.0,0.0,0.0,Tier 3,14.0,5.0,16.0,11.0,⚡ High Variance (Boom/Bust Ceiling),8.0,Tier 2,5.0,16.0,11.0
Tee Higgins,WR,CIN,32.0,41.5,WR16,9.0,25.0,3.02,3,6,7963b029-5de4-4541-b00a-44eefe4349af,96.0,99.0,tee higgins,WR,CIN,WR_tee_higgins_CIN,182.3,221.7,99.05,70.75,965.35,9.14,0.0,0.0,0.0,0.0,0.0,0.0,41.0,WR18,221.48,10.0,42.3,33.5,40.7,41.5,41.5,Healthy,0,35.0,Neutral,Black,0.0,0.0,0.0,—,13.7,10.72,14.7,7.61,0.0,0.0,1.0,0.0,,,,,,,,,,,,,💥 **Exodia Target**,🤝 **Consensus High**,Consensus Alignment,Tier 7,Round 3,3.0,17.5 FPG across 18 games with Burrow active; Zac Taylor +3.6% PROE; under-center dropback beneficiary.,https://www.fantasypoints.com/nfl/articles/2026/ryan-heaths-2026-fantasy-football-rankings-and-targets#/1723,24.0,1.0,1.0,0.0,0.0,0.0,0.0,0.0,0.0,0.0,0.0,0.0,WR12,T5,,4.0,37.0,consensus,2.5,Medium,0.0,0.0,,,,,42.0,0.02,1.0,Neutral,CIN,0.05,0.18,1420.0,0.125,25.2,0.01,0.21,CIN,19.0,3.0,60.0,60.0,False,Zac Taylor,98.6,7.0,22.5,15.0,42.5,3.0,0.751,—,11.0,Gap,20.0,Very Spread,15.0,Shootouts (High Scoring Offense + Vulnerable Defense -> Max Fantasy Ceiling),CIN,28,31.69,68.31,19.0,3.6,Z.Taylor,16,80.0,92.6,-1.5561,0.0485,0.3151,0.5433,0.5672,0.7815,,,,,,,,,0,,,,,,,,,,,,,,,160.4,13.0,14.0,1.0,0.93,14.2,11.66,153.6,159.2,161.1,33.5,14.0,WR12,12.0,34.2,182.3,10.72,6.0,$23-27,25.0,14.5,—,0,0,99,,—,12,WR12,158.5,56.05,32,1.15,23.80000000000001,10.3,1.5,8.7,9.5,9.5,42.3,33.5,8.8,8.8,42.3,33.5,ESPN,YAHOO,Screaming Steal (Huge Value),186.62,-2.3,0.044,194.83,56.05,56.05,27,11,WR11,T3,24.0,14.5,True,False,3.0,0.4,186.62,14.7,1.0,4.4,22.0,0.0,0.0,0.0,0.0,0.0,0.0,0.0,Tier 4,32.0,9.0,25.0,16.0,⚡ High Variance (Boom/Bust Ceiling),16.0,Tier 4,9.0,25.0,16.0
Chris Olave,WR,NO,24.0,28.0,WR11,6.0,20.0,2.45,2,8,2375d572-a36c-4365-bb3f-87e156526e2f,98.8,99.0,chris olave,WR,NO,WR_chris_olave_NO,184.9,262.0,134.07799999999997,95.77,1195.49,7.88,0.33,0.0,0.0,0.0,0.0,0.0,37.0,WR15,226.93,9.0,28.6,32.9,27.4,28.0,28.0,Healthy,0,26.0,Neutral,Black,0.0,0.0,0.0,—,16.9,10.88,23.46,8.73,0.0,0.0,1.0,0.0,,,,,,,,,1D/RR Alpha (>0.110),2.05,,,🎯 **Target / Value**,🤝 **Consensus High**,Consensus Alignment,Tier 7,Round 2/3,2.5,"Added 8-10 lbs of muscle; Weeks 8-17: 2.23 YPRR, 26.2% target share, 34% 1st-read share w/ Shough; Jordyn Tyson out 2 months. Contract year value.",https://www.fantasypoints.com/nfl/players/20111/chris-olave,25.0,0.0,1.0,0.0,0.0,0.0,0.0,0.0,0.0,0.0,0.11,0.0,WR14,T5,,3.0,27.0,consensus,2.5,Medium,1.0,1.0,,,5.0,2.0,,,0.0,Neutral,NO,0.005,0.15,1150.0,0.035,28.2,-0.03,0.08,NO,30.0,3.0,60.0,60.0,True,Kellen Moore,85.7,23.0,22.1,18.0,35.8,10.0,0.663,High 11P,1.0,Zone,5.0,Even,27.0,Passing / Garbage Time (Low Scoring Offense + Bad Defense -> Trailing Game Scripts / Air Volume),NO,22,25.49,74.51,25.0,-2.3,K.Moore,16,77.6,78.0,0.1511,0.1947,-1.2459,-0.7262,1.058,-0.0698,,,,,,,,,0,,,,,,,,,,,,,,,163.3,12.0,11.0,-1.0,0.972,15.4,10.14,152.0,127.0,190.6,32.9,13.0,WR9,9.0,29.2,184.9,10.88,5.0,$27-31,29.0,14.7,—,0,0,99,,—,9,WR9,158.5,53.32,28,1.167,26.400000000000006,4.6,8.9,3.4,4.0,4.0,32.9,27.4,5.5,5.5,32.9,27.4,YAHOO,SLEEPER,Value Target (Discounted),190.01,-3.65,0.011,192.1,53.32,53.32,28,12,WR12,T3,25.0,0.0,False,False,0.0,-0.4,190.01,23.46,0.0,1.1,0.0,0.0,0.0,5.0,0.0,0.0,0.0,0.0,Tier 3,24.0,6.0,20.0,14.0,⚡ High Variance (Boom/Bust Ceiling),11.0,Tier 2,6.0,20.0,14.0
DeVonta Smith,WR,PHI,28.0,39.0,WR13,7.0,23.0,2.69,3,10,3555d07e-57ae-43de-97d5-b1b5bf055f17,98.7,100.0,devonta smith,WR,PHI,WR_devonta_smith_PHI,172.3,236.87,122.976,87.84,1134.94,6.02,0.0,0.0,0.0,0.0,0.0,0.0,31.0,WR11,235.44,9.0,39.8,29.5,38.2,39.0,39.0,Healthy,0,30.0,Target (Green),Green,1.0,0.0,0.0,—,10.9,10.14,10.14,5.24,0.0,0.0,1.0,0.0,,,,,,,,,,,,,🎯 **Target / Value**,🤝 **Consensus High**,Consensus Alignment,Tier 7,Round 3,3.0,"""Skinny Batman"" takes undisputed #1 role with AJ Brown gone; Sean Mannion scheme upgrade; #1 in WR coverage advantage (score 6).",https://www.fantasypoints.com/nfl/articles/2026/the-gurus-2026-fantasy-football-draft-plan,22.0,0.0,1.0,0.0,0.0,0.0,0.0,0.0,0.0,0.0,0.109,0.0,WR15,T6,,3.0,30.0,guy,1.6,Low (High Floor Alpha),0.0,0.0,,,6.0,6.0,,,0.0,Neutral,PHI,0.025,0.08,640.0,0.138,27.2,0.12,0.15,PHI,14.0,4.0,80.0,80.0,True,Sean Mannion,85.2,24.0,23.0,13.0,36.3,9.0,0.667,—,16.0,Balanced,5.0,Condensed,15.0,Chew the Clock (High Scoring Offense + Elite Defense -> Run-Heavy Second Halves),PHI,2,35.05,64.95,16.0,0.0,Unknown,16,81.6,99.0,-0.0711,-0.2136,-0.6272,-0.1716,0.9151,0.8955,,,,,,,,,0,,,,,,,,,,,,,,,155.1,16.0,15.0,-1.0,0.979,14.5,10.5,148.9,145.1,151.9,29.5,11.0,WR16,16.0,37.0,172.3,10.14,6.0,$22-26,34.0,14.2,—,0,0,99,,—,16,WR16,158.5,52.17,44,1.087,13.800000000000011,11.8,1.5,10.2,11.0,11.0,39.8,29.5,10.3,10.3,39.8,29.5,ESPN,YAHOO,Screaming Steal (Huge Value),183.78,-1.15,0.039,190.95,52.17,52.17,29,13,WR13,T3,22.0,10.0,True,False,3.0,-0.4,183.78,10.14,0.0,3.9,0.0,0.0,0.0,0.0,0.0,0.0,12.0,0.0,Tier 4,28.0,7.0,23.0,16.0,⚡ High Variance (Boom/Bust Ceiling),13.0,Tier 3,7.0,23.0,16.0
Javonte Williams,RB,DAL,33.0,31.0,RB14,10.0,22.0,2.31,3,14,889dcdc5-3d88-45df-9677-5ad7ff87c011,98.3,99.0,javonte williams,RB,DAL,RB_javonte_williams_DAL,203.3,234.25,46.144,32.96,192.04,1.17,256.18,1160.38,10.37,0.0,0.0,0.0,26.0,RB15,226.25,9.0,31.6,34.6,30.4,31.0,31.0,Healthy,0,29.0,Neutral,Black,0.0,0.0,0.0,—,14.9,11.96,0.0,0.0,0.0,0.0,0.0,0.0,37.0,6.0,Half-PPR Favored (TD Equity),12.0,10.0,High,,,,,,,"🎯 **Target / ""The Twelve""**",🤝 **Consensus Target**,Consensus Alignment,Tier 9,Round 3/4 (3.12),3.12,"Guru's ""The Twelve"" target; sneaky bellcow (287 touches in 16 games); 249.6 proj carries (11th in NFL); camp leader.",https://www.fantasypoints.com/nfl/articles/2026/the-gurus-2026-fantasy-football-draft-plan,20.0,0.0,1.0,0.0,0.0,0.0,0.0,0.0,0.0,0.0,0.0,0.0,RB18,T6,,3.0,33.0,consensus,2.5,Medium,0.0,0.0,4.0,1.0,,,,,0.0,Neutral,DAL,0.055,0.22,1680.0,0.115,24.8,-0.04,0.2,DAL,8.0,4.0,80.0,80.0,False,Brian Schottenheimer,109.1,2.0,24.1,10.0,39.9,4.0,0.666,High 11P,2.0,Gap,12.0,Very Condensed,24.0,Shootouts (High Scoring Offense + Vulnerable Defense -> Max Fantasy Ceiling),DAL,15,26.43,73.57,24.0,-3.4,B.Schottenheimer,16,59.5,99.0,,,,,,,0.1646,,,,,,,,0,,,,,,,,,,,,,,,161.8,21.0,18.0,-3.0,0.98,14.9,10.3,150.6,154.3,99.9,34.6,16.0,RB13,13.0,35.2,203.3,11.96,5.0,$28-32,22.0,14.9,—,0,0,99,,—,13,RB13,181.3,51.14,36,1.121,22.0,-1.4,1.6,-2.6,-2.0,-2.0,34.6,30.4,4.2,4.2,34.6,30.4,YAHOO,SLEEPER,Fair Market Value,198.66,-0.07,-0.006,197.47,51.14,51.14,30,16,RB16,T3,20.0,1.0,False,False,0.0,-1.2,198.66,0.0,0.0,-0.6,0.0,0.0,0.0,0.0,0.0,0.0,0.0,0.0,Tier 4,33.0,10.0,22.0,12.0,⚡ High Variance (Boom/Bust Ceiling),14.0,Tier 4,10.0,22.0,12.0
George Pickens,WR,DAL,23.0,26.5,WR10,6.0,19.0,2.35,2,14,018e8f25-54e5-44f1-967a-7ff237f1c52f,99.6,100.0,george pickens,WR,DAL,WR_george_pickens_DAL,179.9,252.03,115.52799999999999,82.52,1200.61,8.39,0.33,0.0,0.0,0.0,0.0,0.0,25.0,WR9,245.3,8.0,27.0,22.4,26.0,26.5,26.5,Healthy,0,23.0,Neutral,Black,0.0,0.0,0.0,—,14.5,10.58,0.0,0.0,0.0,0.0,0.0,0.0,,,,,,,,,1D/RR Alpha (>0.115),2.3,,,🎯 **Value**,⚔️ **FP: Target  vs  Guru: Dirty 30 Volatile**,FP: Target  vs  Guru: Dirty 30 Volatile,Tier 7,Round 3,3.0,Alpha boundary receiver for Dak Prescott; high explosive play ceiling.,https://www.fantasypoints.com/nfl/articles/2026/the-gurus-2026-fantasy-football-draft-plan,22.0,0.0,1.0,0.0,1.0,0.0,1.0,0.0,0.0,0.0,0.125,0.0,WR11,T5,,2.0,23.0,consensus,2.5,Medium,0.0,0.0,,,,,,,0.0,Neutral,DAL,0.055,0.22,1680.0,0.115,24.8,-0.04,0.2,DAL,8.0,4.0,80.0,80.0,False,Brian Schottenheimer,109.1,2.0,24.1,10.0,39.9,4.0,0.666,High 11P,2.0,Gap,12.0,Very Condensed,24.0,Shootouts (High Scoring Offense + Vulnerable Defense -> Max Fantasy Ceiling),DAL,15,26.43,73.57,24.0,-3.4,B.Schottenheimer,16,91.3,71.7,-1.1067,0.2161,1.8225,1.1423,1.4308,0.6255,,,,,,,,,0,,,,,,,,,,,,,,,166.0,10.0,12.0,2.0,0.976,13.2,12.31,158.6,148.3,168.4,22.4,9.0,WR13,13.0,24.0,179.9,10.58,6.0,$27-31,24.0,14.8,—,0,0,99,,—,13,WR13,158.5,50.92,37,1.135,21.400000000000006,4.0,-0.6,3.0,3.5,3.5,27.0,22.4,4.6,4.6,27.0,22.4,ESPN,YAHOO,Value Target (Discounted),192.78,2.25,-0.016,189.7,50.92,50.92,31,14,WR14,T3,22.0,-4.5,False,True,6.0,0.8,192.78,0.0,0.0,-1.6,0.0,0.0,0.0,0.0,0.0,0.0,0.0,0.0,Tier 3,23.0,6.0,19.0,13.0,⚡ High Variance (Boom/Bust Ceiling),10.0,Tier 2,6.0,19.0,13.0
Josh Allen,QB,BUF,26.0,20.5,QB1,1.0,2.0,0.18,1,7,3069db07-aa43-4503-ab11-2ae5c0002721,99.9,100.0,josh allen,QB,BUF,QB_josh_allen_BUF,335.9,372.47,0.0,0.0,0.0,0.0,118.13,585.97,11.82,3816.77,27.42,11.19,28.0,QB1,366.13,9.0,18.4,19.8,21.7,20.5,20.5,Healthy,0,28.0,Neutral,Black,0.0,0.0,0.0,—,22.0,19.76,0.0,0.0,5.2,1.43,0.0,1.0,,,,,,,,Elite Dual Threats,,,Touch Vulture QB (Steals GL Carries),,🎯 **QB1 (Cost Caution)**,⚔️ **FP: QB1  vs  Guru: Pass at ADP (Run-heavy)**,FP: QB1  vs  Guru: Pass at ADP (Run-heavy),Tier 8,Round 3/4,3.5,Superman ceiling; 382 proj pts; 11 rush TDs; Guru cautions spending top-4 round capital.,https://www.fantasypoints.com/nfl/articles/2026/the-gurus-2026-fantasy-football-draft-plan,20.0,0.0,1.0,0.0,1.0,0.0,0.0,0.0,0.0,0.0,0.0,0.0,QB1,T1,,3.0,29.0,consensus,2.5,Medium,0.0,0.0,,,,,90.0,0.55,42.0,Surging,BUF,0.03,0.32,2450.0,0.155,26.9,0.08,0.2,BUF,2.0,4.5,90.0,90.0,True,Joe Brady,101.1,5.0,24.4,8.0,30.1,25.0,0.655,—,32.0,Gap,11.0,Very Spread,22.0,Shootouts (High Scoring Offense + Vulnerable Defense -> Max Fantasy Ceiling),BUF,7,23.56,76.44,28.0,-1.6,J.Brady,16,99.0,63.4,,,,,,,,,,,1.2481,,,,0,,,,,,,,,,,,,,,310.9,1.0,1.0,0.0,0.981,15.9,20.29,317.3,306.8,329.8,19.8,1.0,QB1,1.0,22.5,335.9,19.76,1.0,$31+,32.0,22.8,—,0,0,99,,—,1,QB1,272.9,49.21,10,1.231,63.0,-7.6,-6.2,-4.3,-5.5,-5.5,21.7,18.4,3.3,3.3,21.7,18.4,SLEEPER,ESPN,Overpriced Fade,337.21,4.7,0.0075,339.74,49.21,49.21,32,1,QB1,T4,20.0,-11.5,False,True,6.0,0.0,337.21,0.0,42.0,0.8,0.0,0.0,0.0,0.0,0.0,0.0,0.0,0.0,Tier 4,26.0,1.0,2.0,1.0,🎯 High Consensus (Safe Floor),1.0,Tier 1,1.0,2.0,1.0
Cam Skattebo,RB,NYG,52.0,38.5,RB20,16.0,27.0,2.63,4,8,e1f0c72d-f4d0-4c24-93a4-8a12b9a2efd2,98.2,98.0,cam skattebo,RB,NYG,RB_cam_skattebo_NYG,164.5,233.84,60.605999999999995,43.29,343.34,2.16,236.71,987.34,7.94,0.0,0.0,0.0,51.0,RB24,193.76,11.0,39.3,41.7,37.7,38.5,38.5,Healthy,0,41.0,Neutral,Black,0.0,0.0,0.0,Gold Standard,17.6,9.68,0.0,0.0,0.0,0.0,0.0,0.0,65.0,17.0,Half-PPR Favored (TD Equity),17.0,5.0,High,,,,,,,"💥 **Must-Have / ""The Twelve""**",🤝 **Consensus Target**,Consensus Alignment,Tier 11,Round 4 (4.06),4.06,"Guru's ""The Twelve"" pick; 2.82 YACO/Att (5th), 69.5% YAC (2nd); 19.3 FPG in 6 starts; 80% GL share (50% TD rate); Greg Roman power scheme. | 🔥 Catalyst: New Situation + O/S Top 12 RBs",https://www.fantasypoints.com/nfl/articles/2026/the-gurus-2026-fantasy-football-draft-plan,18.0,1.0,0.0,0.0,0.0,1.0,0.0,7.1,1.0,3.2,0.0,0.0,RB15,T5,,4.0,48.0,consensus,2.5,Medium,0.0,0.0,3.0,0.0,,,65.0,0.44,32.0,Surging,NYG,-0.01,0.31,2350.0,-0.01,27.7,0.0,-0.02,NYG,18.0,3.0,60.0,60.0,True,Matt Nagy,89.6,19.0,24.1,12.0,32.6,21.0,0.558,—,21.0,Zone,17.0,Even,16.0,Shootouts (High Scoring Offense + Vulnerable Defense -> Max Fantasy Ceiling),NYG,18,38.25,61.75,12.0,1.3,M.Nagy,16,85.8,95.6,,,,,,,0.5789,,,,,,,,0,,,,,,,,,,,,,,,188.3,15.0,21.0,6.0,0.965,15.8,13.0,197.8,169.0,154.1,41.7,18.0,RB25,25.0,43.0,164.5,9.68,7.0,$16-18,39.0,14.4,New Situation + O/S Top 12 RBs,1,0,99,,—,25,RB25,181.3,48.85,158,0.907,0.0,-12.7,-10.3,-14.3,-13.5,-13.5,41.7,37.7,4.0,4.0,41.7,37.7,YAHOO,SLEEPER,Severe Reach (Overpriced),177.76,-2.1,0.098,195.18,48.85,48.85,33,17,RB17,T4,18.0,5.5,True,False,3.0,2.4,177.76,0.0,32.0,9.8,22.0,0.0,10.0,0.0,6.0,0.0,0.0,6.0,Tier 6,52.0,16.0,27.0,11.0,⚡ High Variance (Boom/Bust Ceiling),20.0,Tier 5,16.0,27.0,11.0
Ladd McConkey,WR,LAC,39.0,44.5,WR19,10.0,28.0,3.42,3,7,473bc7e5-c393-4f21-9e49-3ffc16711238,96.3,98.0,ladd mcconkey,WR,LAC,WR_ladd_mcconkey_LAC,169.3,220.27,110.89399999999999,79.21,1010.12,6.77,0.0,0.0,0.0,0.0,0.0,0.0,34.0,WR12,230.09,9.0,45.4,45.5,43.6,44.5,44.5,Healthy,0,45.0,Neutral,Black,0.0,0.0,0.0,—,9.9,9.96,10.0,5.53,0.0,0.0,1.0,0.0,,,,,,,,,,,,,🎯 **Target**,🤝 **Consensus High**,Consensus Alignment,Tier 8,Round 4,4.0,"11.0 Adj PPG; Mike McDaniel ""do-everything"" receiver; no veteran addition; top target for Justin Herbert. | 🔥 Catalyst: New OC",https://www.fantasypoints.com/nfl/articles/2026/ryan-heaths-2026-fantasy-football-rankings-and-targets#/1720,18.0,0.0,1.0,0.0,0.0,0.0,0.0,0.0,0.0,0.0,0.11,0.0,WR22,T6,11.0,3.0,34.0,guy,1.6,Low (High Floor Alpha),0.0,0.0,,,4.0,4.0,95.0,0.68,54.0,Hyper-Surging,LAC,-0.035,0.38,2900.0,0.06,29.2,0.05,0.07,LAC,32.0,3.0,60.0,60.0,False,Mike McDaniel,91.9,15.0,26.7,3.0,35.4,11.0,0.663,High 21P,31.0,Zone,1.0,Very Condensed,28.0,Chew the Clock (High Scoring Offense + Elite Defense -> Run-Heavy Second Halves),LAC,9,18.72,81.28,30.0,-1.4,M.McDaniel,16,78.5,74.7,0.5421,-0.242,0.5915,0.8198,0.5606,-0.3246,,,,,,,,,0,,,,,,,,,,,,,,,157.4,14.0,18.0,4.0,0.977,15.5,10.26,155.0,152.0,156.5,45.5,20.0,WR18,18.0,38.5,169.3,9.96,6.0,$19-23,48.0,13.5,New OC,1,0,99,,—,18,WR18,158.5,46.73,46,1.068,10.800000000000011,6.4,6.5,4.6,5.5,5.5,45.5,43.6,1.9,1.9,45.5,43.6,YAHOO,SLEEPER,Value Target (Discounted),181.52,-4.85,0.022,185.51,46.73,46.73,34,15,WR15,T4,18.0,10.5,True,False,0.0,1.6,181.52,10.0,54.0,2.2,0.0,0.0,0.0,0.0,6.0,0.0,0.0,0.0,Tier 5,39.0,10.0,28.0,18.0,⚡ High Variance (Boom/Bust Ceiling),19.0,Tier 4,10.0,28.0,18.0
David Montgomery,RB,HOU,56.0,51.5,RB23,16.0,27.0,2.65,4,8,1c9e1cd5-8cb1-4a15-a2c8-3a0c0fd5423c,91.8,96.0,david montgomery,RB,HOU,RB_david_montgomery_HOU,202.7,195.88,43.16199999999999,30.83,228.16,0.54,231.53,959.67,7.68,0.0,0.0,0.0,46.0,RB23,199.4,11.0,52.5,52.4,50.5,51.5,51.5,Healthy,0,54.0,Neutral,Black,0.0,0.0,0.0,Silver Lining,9.1,11.92,0.0,0.0,14.7,9.19,0.0,1.0,58.0,12.0,Half-PPR Favored (TD Equity),21.0,35.0,High,,,,,,🏆 RB's Dream QB (High Checkdowns / No GL Vultures),💥 **Core Exodia / Value**,🤝 **Consensus High**,Consensus Alignment,Tier 9,Round 5 (5.08),5.08,Core Exodia target; 200+ carries locked in for 12-win Houston defense script; 3-down pass protection and goal-line hammer. | 🔥 Catalyst: New Situation + O/S Top 12 RBs,https://www.fantasypoints.com/nfl/articles/2026/anatomy-of-a-league-winning-running-back-2026,22.0,1.0,1.0,0.0,0.0,0.0,0.0,0.0,0.0,0.0,0.0,0.0,RB16,T5,,5.0,54.0,guy,1.6,Low (High Floor Alpha),0.0,0.0,3.0,1.0,,,68.0,0.46,34.0,Surging,HOU,0.042,0.24,1950.0,0.108,25.8,-0.01,0.18,HOU,29.0,3.0,60.0,60.0,False,Nick Caley,94.1,14.0,17.9,28.0,35.3,12.0,0.523,High 11P,16.0,Gap,14.0,Even,26.0,Slugfests (Low Scoring Offense + Elite Defense -> Low Over/Unders / Grinding Games),HOU,29,13.79,86.21,32.0,-0.5,N.Caley,16,81.3,92.7,,,,,,,0.2528,,,,,,,,0,,,,,,,,,,,,,,,141.8,26.0,26.0,0.0,0.95,15.0,8.46,120.4,129.9,85.2,52.4,21.0,RB14,14.0,49.8,202.7,11.92,5.0,$23-27,36.0,14.4,New Situation + O/S Top 12 RBs,1,0,99,,—,14,RB14,181.3,46.67,38,1.118,21.399999999999977,-3.5,-3.6,-5.5,-4.5,-4.5,52.5,50.5,2.0,2.0,52.5,50.5,ESPN,SLEEPER,Overpriced Fade,186.65,-5.88,0.034,193.0,46.67,46.67,35,18,RB18,T4,22.0,16.5,True,False,3.0,0.0,186.65,0.0,34.0,3.4,22.0,0.0,0.0,0.0,6.0,0.0,0.0,0.0,Tier 6,56.0,16.0,27.0,11.0,⚡ High Variance (Boom/Bust Ceiling),23.0,Tier 5,16.0,27.0,11.0
Rashee Rice,WR,KC,29.0,29.5,WR14,6.0,24.0,3.93,3,5,cbd73c09-da07-48b0-a0d6-f248dfa631b6,99.4,99.0,rashee rice,WR,KC,WR_rashee_rice_KC,186.8,268.27,135.63199999999998,96.88,1071.38,9.6,5.42,25.61,0.87,0.0,0.0,0.0,36.0,WR14,221.86,9.0,30.1,34.5,28.9,29.5,29.5,Healthy,0,27.0,Pass (Yellow),Yellow,0.0,1.0,0.0,—,16.9,10.99,0.0,0.0,0.0,0.0,0.0,0.0,,,,,,,,,,,,,🎯 **Target / Contract Yr**,🤝 **Consensus High**,Consensus Alignment,Tier 8,Round 4,4.0,WR6 with 18.8 FPG in 2025; Andy Reid + Patrick Mahomes; contract year urgency.,https://www.fantasypoints.com/nfl/articles/2026/the-gurus-2026-fantasy-football-draft-plan,18.0,0.0,1.0,0.0,0.0,0.0,0.0,0.0,0.0,0.0,0.0,0.0,WR27,T7,,3.0,26.0,consensus,2.5,Medium,1.0,0.0,,,5.0,0.0,,,0.0,Neutral,KC,0.068,0.145,1250.0,0.142,26.5,0.02,0.22,KC,22.0,3.0,60.0,60.0,False,Andy Reid,89.6,19.0,22.0,19.0,33.2,16.0,0.546,—,9.0,Zone,22.0,Condensed,6.0,Chew the Clock (High Scoring Offense + Elite Defense -> Run-Heavy Second Halves),KC,21,38.45,61.55,11.0,6.4,A.Reid,16,86.2,84.4,1.7831,-1.1636,0.5672,0.5384,1.3227,0.5768,,,,,,,,,0,,,,,,,,,,,,,,,140.9,22.0,13.0,-9.0,0.912,14.1,11.37,146.4,109.9,143.8,34.5,15.0,WR8,8.0,27.0,186.8,10.99,5.0,$29-33,26.0,14.8,—,0,0,99,,—,8,WR8,158.5,43.84,27,1.179,28.30000000000001,1.1,5.5,-0.1,0.5,0.5,34.5,28.9,5.6,5.6,34.5,28.9,YAHOO,SLEEPER,Fair Market Value,184.09,-1.76,-0.008,182.62,43.84,43.84,36,16,WR16,T4,18.0,-6.5,False,True,3.0,-3.6,184.09,0.0,0.0,-0.8,0.0,0.0,0.0,5.0,0.0,0.0,-5.0,0.0,Tier 4,29.0,6.0,24.0,18.0,⚡ High Variance (Boom/Bust Ceiling),14.0,Tier 3,6.0,24.0,18.0
Malik Nabers,WR,NYG,27.0,29.5,WR12,7.0,27.0,3.93,3,8,55ef2022-50c2-465b-839e-c0f4c9e7c55c,98.7,99.0,malik nabers,WR,NYG,WR_malik_nabers_NYG,167.6,240.59,113.91799999999999,81.37,1083.07,8.42,2.82,8.31,0.05,0.0,0.0,0.0,35.0,WR13,223.37,9.0,30.1,32.3,28.9,29.5,29.5,Healthy,0,25.0,Neutral,Black,0.0,0.0,0.0,—,,9.86,0.0,0.0,0.0,0.0,0.0,0.0,,,,,,,,,,,,,🎯 **Target / Alpha**,🤝 **Consensus High**,Consensus Alignment,Tier 7,Round 2/3,2.5,Unquestioned target hog for Jaxson Dart/Giants; explosive playmaker profile.,https://www.fantasypoints.com/nfl/articles/2026/the-gurus-2026-fantasy-football-draft-plan,27.0,0.0,1.0,0.0,0.0,0.0,0.0,0.0,0.0,0.0,0.112,0.0,WR8,T5,,4.0,47.0,consensus,2.5,Medium,0.0,0.0,,,5.0,3.0,138.0,0.82,75.2,Hyper-Surging,NYG,-0.01,0.31,2350.0,-0.01,27.7,0.0,-0.02,NYG,18.0,3.0,60.0,60.0,True,Matt Nagy,89.6,19.0,24.1,12.0,32.6,21.0,0.558,—,21.0,Zone,17.0,Even,16.0,Shootouts (High Scoring Offense + Vulnerable Defense -> Max Fantasy Ceiling),NYG,18,38.25,61.75,12.0,1.3,M.Nagy,16,84.4,94.6,-0.2957,-0.0009,0.1551,0.7232,1.1664,-0.1674,,,,,,,,,0,,,,,,,,,,,,,,,151.0,19.0,10.0,-9.0,0.933,12.9,12.07,145.2,127.0,143.4,32.3,12.0,WR19,19.0,28.6,167.6,9.86,6.0,$22-26,28.0,14.6,—,0,0,99,,—,19,WR19,158.5,41.09,48,1.057,9.099999999999994,3.1,5.3,1.9,2.5,2.5,32.3,28.9,3.4,3.4,32.3,28.9,YAHOO,SLEEPER,Fair Market Value,177.39,-4.1,0.014,179.87,41.09,41.09,37,17,WR17,T4,27.0,-7.5,False,True,3.0,-3.6,177.39,0.0,75.2,1.4,0.0,0.0,0.0,0.0,0.0,0.0,0.0,0.0,Tier 4,27.0,7.0,27.0,20.0,⚡ High Variance (Boom/Bust Ceiling),12.0,Tier 3,7.0,27.0,20.0
Trey McBride,TE,ARI,25.0,21.0,TE2,1.0,4.0,0.56,1,14,734d54cc-c869-4e2f-a60f-c59c493f5110,99.8,100.0,trey mcbride,TE,ARI,TE_trey_mcbride_ARI,156.3,256.07,152.516,108.94,1069.08,6.78,0.0,0.0,0.0,0.0,0.0,0.0,23.0,TE2,234.48,8.0,21.4,25.8,20.6,21.0,21.0,Healthy,0,24.0,Avoid (Red),Red,0.0,0.0,1.0,—,,9.19,0.0,0.0,0.0,0.0,0.0,0.0,,,,,,,,,,,,,🚫 **Overvalue / Fade**,🤝 **Consensus Avoid (Dirty 30)**,Consensus Alignment,Tier 8,Round 3,3.0,"Career-low efficiency (9.83 YPR, 7.51 YPT); Mike LaFleur scheme shifts balance to run; Carson Beck/Minshew QB uncertainty.",https://www.fantasypoints.com/nfl/articles/2026/players-to-avoid-and-overvalues,16.0,0.0,0.0,1.0,0.0,0.0,1.0,0.0,0.0,0.0,0.0,0.0,TE2,T1,,2.0,22.0,fade,4.2,High (Overpriced Bust Risk),0.0,0.0,,,,,82.0,0.65,46.5,Surging,ARI,0.005,0.22,1750.0,0.072,25.5,0.05,0.08,ARI,23.0,3.0,60.0,60.0,False,Mike LaFleur,95.6,12.0,20.8,21.0,32.7,19.0,0.596,—,5.0,Gap,9.0,Condensed,10.0,Passing / Garbage Time (Low Scoring Offense + Bad Defense -> Trailing Game Scripts / Air Volume),ARI,20,39.57,60.43,10.0,-1.1,M.LaFleur,16,95.8,91.7,,0.2464,,,1.4538,,,,,,,,,,0,,,,,,,,,,,,,,,167.5,1.0,2.0,1.0,0.995,14.5,11.81,170.0,162.2,170.5,25.8,2.0,TE2,2.0,21.6,156.3,9.19,1.0,$22-26,30.0,14.4,—,0,0,99,,—,2,TE2,124.0,39.39,21,1.26,32.30000000000001,-3.6,0.8,-4.4,-4.0,-4.0,25.8,20.6,5.2,5.2,25.8,20.6,YAHOO,SLEEPER,Overpriced Fade,178.64,-1.65,-0.06,167.92,39.39,39.39,38,2,TE2,T4,16.0,-17.0,False,True,6.0,0.4,178.64,0.0,46.5,-6.0,0.0,0.0,0.0,0.0,0.0,0.0,-15.0,0.0,Tier 3,25.0,1.0,4.0,3.0,🎯 High Consensus (Safe Floor),2.0,Tier 1,1.0,4.0,3.0
D'Andre Swift,RB,CHI,47.0,49.0,RB19,12.0,25.0,2.57,4,10,cc4b5f58-a11c-4450-a1df-617ad88336e4,92.5,97.0,dandre swift,RB,CHI,RB_dandre_swift_CHI,187.0,223.52,49.196,35.14,303.46,1.04,233.44,1054.43,8.05,0.0,0.0,0.0,33.0,RB19,216.27,9.0,50.0,47.4,48.0,49.0,49.0,Healthy,0,50.0,Neutral,Black,0.0,0.0,0.0,Fool's Gold,11.9,11.0,0.0,0.0,5.06,2.27,0.0,1.0,61.0,11.0,Half-PPR Favored (TD Equity),26.0,22.0,Med,,,,,,,🎯 **Target / Value**,🤝 **Consensus High**,Consensus Alignment,Tier 10,Round 5/6,5.5,"Top-15 in YPG, YPC, explosive run %, and success rate; 5.27 YPC on zone runs; Bears top-5 OL; Monangai knee injury opens runway.",https://www.fantasypoints.com/nfl/articles/2026/the-gurus-2026-fantasy-football-draft-plan,16.0,0.0,1.0,0.0,0.0,0.0,0.0,0.0,0.0,0.0,0.0,0.0,RB22,T6,,4.0,42.0,guy,1.6,Low (High Floor Alpha),0.0,0.0,3.0,1.0,,,,,0.0,Neutral,CHI,0.01,0.26,2020.0,0.048,27.6,0.01,0.07,CHI,3.0,4.0,80.0,80.0,False,Ben Johnson,98.3,8.0,29.3,1.0,37.2,7.0,0.63,High 12P,4.0,Zone,6.0,Even,11.0,Balanced Environment,CHI,4,41.16,58.84,7.0,-2.7,B.Johnson,16,67.5,76.0,,,,,,,-0.3114,,,,,,,,0,,,,,,,,,,,,,,,162.0,20.0,23.0,3.0,0.935,13.2,12.08,149.2,153.1,113.6,47.4,20.0,RB21,21.0,55.6,187.0,11.0,6.0,$19-23,38.0,14.3,—,0,0,99,,—,21,RB21,181.3,37.98,60,1.031,5.699999999999989,3.0,0.4,1.0,2.0,2.0,50.0,47.4,2.6,2.6,50.0,47.4,ESPN,YAHOO,Fair Market Value,188.07,3.6,-0.02,184.31,37.98,37.98,39,19,RB19,T4,16.0,10.0,True,False,0.0,1.2,188.07,0.0,0.0,-2.0,0.0,0.0,0.0,0.0,0.0,0.0,0.0,-5.0,Tier 6,47.0,12.0,25.0,13.0,⚡ High Variance (Boom/Bust Ceiling),19.0,Tier 5,12.0,25.0,13.0
Travis Etienne Jr.,RB,NO,45.0,35.5,RB18,11.0,24.0,2.69,4,8,970693f0-0af4-4627-ac0c-bf519f7433ee,96.9,97.0,travis etienne,RB,NO,RB_travis_etienne_NO,181.3,236.58,63.36399999999999,45.26,356.82,3.04,253.23,1070.68,5.39,0.0,0.0,0.0,30.0,RB17,220.63,9.0,36.2,43.2,34.8,35.5,35.5,Healthy,0,38.0,Neutral,Black,0.0,0.0,0.0,Silver Lining,14.2,10.66,0.0,0.0,11.75,4.71,0.0,1.0,,,,19.0,16.0,Med,,,,,,,🚫 **Overvalue / Fade**,🤝 **Consensus Avoid (Dirty 30)**,Consensus Alignment,Tier 11,Round 5,5.0,46.5% success rate; Alvin Kamara contract extension means Kamara steals passing-game snaps; low-end RB2 cap. | 🔥 Catalyst: New Situation + O/S Top 12 RBs,https://www.fantasypoints.com/nfl/articles/2026/players-to-avoid-and-overvalues,10.0,0.0,0.0,1.0,0.0,0.0,1.0,0.0,0.0,0.0,0.0,0.0,,,,4.0,43.0,consensus,2.5,Medium,0.0,0.0,1.0,1.0,,,,,0.0,Neutral,NO,0.005,0.15,1150.0,0.035,28.2,-0.03,0.08,NO,30.0,3.0,60.0,60.0,True,Kellen Moore,85.7,23.0,22.1,18.0,35.8,10.0,0.663,High 11P,1.0,Zone,5.0,Even,27.0,Passing / Garbage Time (Low Scoring Offense + Bad Defense -> Trailing Game Scripts / Air Volume),NO,22,25.49,74.51,25.0,-2.3,K.Moore,16,66.9,96.2,,,,,,,-0.1837,,,,,,,,0,,,,,,,,,,,,,,,174.4,17.0,17.0,0.0,0.96,13.8,12.06,159.4,162.3,119.9,43.2,19.0,RB24,24.0,44.7,181.3,10.66,6.0,$20-24,45.0,13.8,New Situation + O/S Top 12 RBs,1,0,99,,—,24,RB24,181.3,37.97,91,1.0,0.0,-8.8,-1.8,-10.2,-9.5,-9.5,43.2,34.8,8.4,8.4,43.2,34.8,YAHOO,SLEEPER,Severe Reach (Overpriced),189.41,-0.33,-0.027,184.3,37.97,37.97,40,20,RB20,T4,10.0,-4.5,False,True,0.0,0.0,189.41,0.0,0.0,-2.7,0.0,0.0,0.0,0.0,6.0,0.0,0.0,0.0,Tier 6,45.0,11.0,24.0,13.0,⚡ High Variance (Boom/Bust Ceiling),18.0,Tier 5,11.0,24.0,13.0
Quinshon Judkins,RB,CLE,55.0,43.0,RB22,14.0,28.0,2.95,4,11,268c6ae2-278b-49f8-b7cd-b367944412f3,95.0,96.0,quinshon judkins,RB,CLE,RB_quinshon_judkins_CLE,189.2,215.16,44.855999999999995,32.04,219.28,0.58,289.9,1107.29,8.12,0.0,0.0,0.0,32.0,RB18,217.62,9.0,43.9,53.2,42.1,43.0,43.0,Healthy,0,51.0,Pass (Yellow),Yellow,0.0,1.0,0.0,Silver Lining,11.5,11.13,0.0,0.0,6.92,4.08,0.0,1.0,,,,18.0,17.0,Med,,,,,,,🚫 **Overvalue / Fade**,🤝 **Consensus Avoid**,Consensus Alignment,Tier 11,Round 5,5.0,Fractured fibula / dislocated ankle surgery; Browns dead last in adjusted YBC/ATT (1.14); Dylan Sampson takes passing downs; 5.5 win total. | 🔥 Catalyst: New Situation + O/S Top 12 RBs,https://www.fantasypoints.com/nfl/articles/2026/players-to-avoid-and-overvalues,10.0,0.0,0.0,1.0,0.0,0.0,1.0,0.0,0.0,0.0,0.0,0.0,RB24,T6,,5.0,50.0,consensus,2.5,Medium,0.0,0.0,4.0,1.0,,,,,0.0,Neutral,CLE,0.0,0.16,1280.0,0.022,29.1,0.01,0.03,CLE,27.0,2.0,40.0,40.0,False,Todd Monken,70.9,32.0,24.1,10.0,32.8,18.0,0.579,"High 12P, 21P",30.0,Zone,16.0,Even,18.0,Slugfests (Low Scoring Offense + Elite Defense -> Low Over/Unders / Grinding Games),CLE,32,46.6,53.4,5.0,-3.2,T.Monken,16,63.0,77.6,,,,,,,-0.203,,,,,,,,0,,,,,,,,,,,,,,,165.9,19.0,24.0,5.0,0.893,13.4,11.01,132.0,161.3,144.6,53.2,22.0,RB19,19.0,53.2,189.2,11.13,6.0,$21-25,58.0,13.2,New Situation + O/S Top 12 RBs,1,0,99,,—,19,RB19,181.3,37.67,53,1.044,7.899999999999977,-11.1,-1.8,-12.9,-12.0,-12.0,53.2,42.1,11.1,11.1,53.2,42.1,YAHOO,SLEEPER,Severe Reach (Overpriced),190.48,42.25,-0.034,184.0,37.67,37.67,41,21,RB21,T4,10.0,2.0,False,True,0.0,2.0,190.48,0.0,0.0,-3.4,0.0,0.0,0.0,0.0,6.0,0.0,-5.0,0.0,Tier 6,55.0,14.0,28.0,14.0,⚡ High Variance (Boom/Bust Ceiling),22.0,Tier 5,14.0,28.0,14.0
Tyler Warren,TE,IND,53.0,55.0,TE4,2.0,6.0,0.68,1,13,c8fe3913-1210-4142-b9c1-c119ef702ca5,98.9,99.0,tyler warren,TE,IND,TE_tyler_warren_IND,147.8,199.23,110.572,78.98,878.46,5.5,0.0,0.0,0.0,0.0,0.0,0.0,56.0,TE3,188.3,12.0,56.1,47.2,53.9,55.0,55.0,Healthy,0,47.0,Target (Green),Green,1.0,0.0,0.0,—,,8.69,0.0,0.0,9.84,5.44,0.0,1.0,,,,,,,,,,,,,"💥 **#2 Target / ""The Twelve""**",🤝 **Consensus TE1 Breakout**,Consensus Alignment,Tier 11,Round 5 (5.02),5.02,"Guru's **#2 Target of 2026** (""The Twelve""); 79.9% route share, 19.4% target share as rookie; Michael Pittman gone $\to$ overall TE1 upside with Daniel Jones.",https://www.fantasypoints.com/nfl/articles/2026/the-gurus-2026-fantasy-football-draft-plan,18.0,1.0,1.0,0.0,0.0,1.0,0.0,0.0,0.0,0.0,0.0,0.0,TE4,T2,,5.0,67.0,consensus,2.5,Medium,0.0,0.0,,,,,,,0.0,Neutral,IND,0.005,0.13,980.0,0.068,27.3,0.06,0.07,IND,5.0,4.5,90.0,90.0,False,Shane Steichen,97.4,10.0,22.2,17.0,32.7,19.0,0.691,—,20.0,Gap,10.0,Even,25.0,Balanced Environment,IND,10,36.05,63.95,14.0,-3.5,S.Steichen,16,76.7,94.7,,-0.5318,,,0.786,,,,,,,,,,0,,,,,,,,,,,,,,,138.1,3.0,4.0,1.0,0.984,13.1,9.86,127.0,128.3,134.8,47.2,4.0,TE4,4.0,47.9,147.8,8.69,2.0,$14-16,43.0,12.7,—,0,0,99,,—,4,TE4,124.0,37.16,32,1.192,23.80000000000001,3.1,-5.8,0.9,2.0,2.0,56.1,47.2,8.9,8.9,56.1,47.2,ESPN,YAHOO,Fair Market Value,155.5,1.95,0.063,165.3,37.16,37.16,42,3,TE3,T4,18.0,13.0,True,False,0.0,0.4,155.5,0.0,0.0,6.3,22.0,0.0,10.0,0.0,0.0,0.0,12.0,0.0,Tier 6,53.0,2.0,6.0,4.0,⚖️ Moderate Variance,4.0,Tier 2,2.0,6.0,4.0
Garrett Wilson,WR,NYJ,38.0,38.0,WR18,11.0,27.0,3.51,3,13,68d72fe0-79b2-4fdb-afd5-6c79676e77f3,98.5,97.0,garrett wilson,WR,NYJ,WR_garrett_wilson_NYJ,175.6,242.76,134.89,96.35,1094.46,6.41,1.06,4.26,0.03,0.0,0.0,0.0,40.0,WR17,221.68,10.0,38.8,49.4,37.2,38.0,38.0,Healthy,0,43.0,Pass (Yellow),Yellow,0.0,1.0,0.0,—,,10.33,0.0,0.0,0.0,0.0,0.0,0.0,,,,,,,,,,,,,🎯 **Target / Bounce-Back**,🤝 **Consensus High**,Consensus Alignment,Tier 8,Round 4,4.0,+33.5 Luck Metric lost points; Geno Smith upgrade over 2025 QB carousel; WR coverage advantage score 5.,https://www.fantasypoints.com/nfl/articles/2026/ryan-heaths-2026-fantasy-football-rankings-and-targets,18.0,0.0,1.0,0.0,0.0,0.0,0.0,0.0,0.0,0.0,0.0,0.0,WR23,T6,,3.0,31.0,consensus,2.5,Medium,0.0,0.0,,,5.0,5.0,76.0,0.38,24.5,Surging,NYJ,0.015,0.21,1650.0,0.065,26.8,0.03,0.09,NYJ,17.0,3.0,60.0,60.0,False,Frank Reich,71.1,30.0,24.9,6.0,29.8,26.0,0.613,High 11P,10.0,Balanced,27.0,Spread,8.0,Balanced Environment,NYJ,17,23.57,76.43,27.0,-1.3,F.Reich,16,75.2,84.8,0.1317,-0.1183,-0.4338,1.3825,0.414,-0.0538,,,,,,,,,0,,,,,,,,,,,,,,,144.3,21.0,17.0,-4.0,0.927,13.8,10.0,127.7,116.1,145.5,49.4,21.0,WR15,15.0,45.5,175.6,10.33,6.0,$22-26,55.0,13.5,—,0,0,99,,—,15,WR15,158.5,36.75,43,1.108,17.099999999999994,0.8,11.4,-0.8,0.0,0.0,49.4,37.2,12.2,12.2,49.4,37.2,YAHOO,SLEEPER,Fair Market Value,179.3,-3.35,-0.021,175.53,36.75,36.75,43,18,WR18,T4,18.0,-5.0,False,False,0.0,-1.6,179.3,0.0,24.5,-2.1,0.0,0.0,0.0,0.0,0.0,0.0,-5.0,0.0,Tier 5,38.0,11.0,27.0,16.0,⚡ High Variance (Boom/Bust Ceiling),18.0,Tier 4,11.0,27.0,16.0
Jameson Williams,WR,DET,51.0,57.0,WR25,16.0,38.0,4.03,4,6,590adb00-5598-47ad-b6d4-16a6c5519847,93.7,95.0,jameson williams,WR,DET,WR_jameson_williams_DET,167.2,217.26,90.16,64.4,1065.39,6.56,7.32,42.02,0.53,0.0,0.0,0.0,45.0,WR20,216.95,11.0,58.1,65.9,55.9,57.0,57.0,Healthy,0,65.0,Neutral,Black,0.0,0.0,0.0,—,10.9,9.84,0.0,0.0,0.0,0.0,0.0,0.0,,,,,,,,,,,,,💤 **Breakout Sleeper (+13 ADP Delta)**,—,Consensus Alignment,—,—,99.0,,,1.0,0.0,0.0,0.0,0.0,0.0,0.0,0.0,0.0,0.0,0.0,0.0,—,—,,6.0,77.0,fade,4.2,High (Overpriced Bust Risk),0.0,0.0,,,,,,,0.0,Neutral,DET,0.018,0.09,720.0,0.16,26.4,0.11,0.19,DET,15.0,3.5,70.0,70.0,False,Drew Petzing,107.7,3.0,21.4,20.0,26.1,27.0,0.62,—,3.0,Gap,24.0,Even,11.0,Balanced Environment,DET,16,30.85,69.15,20.0,-1.1,D.Petzing,16,83.3,82.9,0.641,0.6037,1.5796,0.4151,0.7351,0.3648,,,,,,,,,0,,,,,,,,,,,,,,,156.7,15.0,25.0,10.0,0.971,13.7,11.63,154.4,152.6,148.8,65.9,26.0,WR20,20.0,58.5,167.2,9.84,7.0,$16-18,47.0,13.3,—,0,0,99,,—,20,WR20,158.5,35.93,49,1.055,8.699999999999989,7.1,14.9,4.9,6.0,6.0,65.9,55.9,10.0,10.0,65.9,55.9,YAHOO,SLEEPER,Screaming Steal (Huge Value),177.01,-0.06,-0.013,174.71,35.93,35.93,44,19,WR19,T4,12.4,13.0,True,True,3.0,4.0,177.01,0.0,0.0,-1.3,0.0,0.0,0.0,0.0,0.0,0.0,0.0,0.0,Tier 6,51.0,16.0,38.0,22.0,⚡ High Variance (Boom/Bust Ceiling),25.0,Tier 5,16.0,38.0,22.0
Rhamondre Stevenson,RB,NE,70.0,63.5,RB27,21.0,38.0,3.02,5,11,6260e78a-64e2-4f7e-9bf8-39948a17a370,86.2,91.0,rhamondre stevenson,RB,NE,RB_rhamondre_stevenson_NE,181.7,192.77,55.27199999999999,39.48,334.7,1.7,168.57,723.09,6.92,0.0,0.0,0.0,54.0,RB25,187.63,12.0,64.8,80.1,62.2,63.5,63.5,Healthy,0,62.0,Target (Green),Green,1.0,0.0,0.0,Silver Lining,,10.69,18.32,12.81,0.0,0.0,1.0,0.0,73.0,11.0,Half-PPR Favored (TD Equity),29.0,25.0,Med,,,,,,,🎯 **Target / Value**,🤝 **Consensus High (Over TreVeyon)**,Consensus Alignment,Tier 11,Round 7 (7.08),7.08,Dominated playoff snaps (70%) and touches over Henderson; McDaniels trusted goal-line and pass pro back; 80+ ADP bargain.,https://www.fantasypoints.com/nfl/articles/2026/the-gurus-2026-fantasy-football-draft-plan,10.0,0.0,1.0,0.0,0.0,0.0,0.0,0.0,0.0,0.0,0.0,0.0,RB28,T7,,6.0,80.0,consensus,2.5,Medium,0.0,0.0,,,,,,,0.0,Neutral,NE,-0.03,0.3,2300.0,-0.055,29.4,-0.02,-0.07,NE,13.0,3.0,60.0,60.0,False,Josh McDaniels,104.9,4.0,24.9,6.0,34.6,13.0,0.605,—,24.0,Gap,21.0,Spread,4.0,Slugfests (Low Scoring Offense + Elite Defense -> Low Over/Unders / Grinding Games),NE,13,34.68,65.32,17.0,1.4,J.McDaniels,16,75.4,83.2,,,,,,,0.6915,,,,,,,,0,,,,,,,,,,,,,,,155.4,22.0,28.0,6.0,0.941,14.3,10.61,142.6,148.0,118.1,80.1,28.0,RB23,23.0,81.0,181.7,10.69,6.0,$16-18,74.0,13.3,—,0,0,99,,—,23,RB23,181.3,35.75,86,1.002,0.39999999999997726,-5.2,10.1,-7.8,-6.5,-6.5,80.1,62.2,17.9,17.9,80.1,62.2,YAHOO,SLEEPER,Severe Reach (Overpriced),176.61,-1.8,0.031,182.08,35.75,35.75,45,22,RB22,T4,10.0,18.5,True,False,0.0,2.4,176.61,18.32,0.0,3.1,0.0,0.0,0.0,0.0,0.0,0.0,12.0,0.0,Tier 8,70.0,21.0,38.0,17.0,⚡ High Variance (Boom/Bust Ceiling),27.0,Tier 7,21.0,38.0,17.0
Colston Loveland,TE,CHI,41.0,44.5,TE3,2.0,8.0,0.81,1,10,62cd2cd5-8b40-4ee6-bfb8-0083edd105a2,99.4,100.0,colston loveland,TE,CHI,TE_colston_loveland_CHI,149.4,211.35,110.684,79.06,927.13,6.67,0.0,0.0,0.0,0.0,0.0,0.0,58.0,TE4,187.31,12.0,45.4,39.6,43.6,44.5,44.5,Healthy,0,42.0,Target (Green),Green,1.0,0.0,0.0,—,,8.79,0.0,0.0,0.0,0.0,0.0,0.0,,,,,,,,,,,,,🎯 **Target / Breakout**,🤝 **Consensus High**,Consensus Alignment,Tier 8,Round 4/5,4.5,Ben Johnson scheme featured weapon; Luther Burden injury gives Loveland command of passing game. | 🔥 Catalyst: Role Increase (Qualifies as New Situation),https://www.fantasypoints.com/nfl/articles/2026/ryan-heaths-2026-fantasy-football-rankings-and-targets,14.0,0.0,1.0,0.0,0.0,0.0,0.0,0.0,0.0,0.0,0.0,0.0,TE3,T2,,4.0,44.0,consensus,2.5,Medium,0.0,0.0,,,,,60.0,0.42,30.0,Surging,CHI,0.01,0.26,2020.0,0.048,27.6,0.01,0.07,CHI,3.0,4.0,80.0,80.0,False,Ben Johnson,98.3,8.0,29.3,1.0,37.2,7.0,0.63,High 12P,4.0,Zone,6.0,Even,11.0,Balanced Environment,CHI,4,41.16,58.84,7.0,-2.7,B.Johnson,16,92.6,87.6,,-0.4627,,,1.5299,,,,,,,,,,0,,,,,,,,,,,,,,,136.5,5.0,3.0,-2.0,0.964,13.5,8.63,112.2,118.5,140.1,39.6,3.0,TE3,3.0,40.8,149.4,8.79,2.0,$16-18,42.0,12.6,Role Increase (Qualifies as New Situation),1,0,99,,—,3,TE3,124.0,35.57,30,1.205,25.400000000000006,4.4,-1.4,2.6,3.5,3.5,45.4,39.6,5.8,5.8,45.4,39.6,ESPN,YAHOO,Value Target (Discounted),155.65,2.9,0.05,163.43,35.57,35.57,46,4,TE4,T4,14.0,-1.5,False,False,6.0,-0.8,155.65,0.0,30.0,5.0,0.0,0.0,0.0,0.0,6.0,0.0,12.0,0.0,Tier 5,41.0,2.0,8.0,6.0,⚖️ Moderate Variance,3.0,Tier 2,2.0,8.0,6.0
Jaylen Waddle,WR,DEN,37.0,48.5,WR20,11.0,31.0,3.7,3,10,0ff9a975-669d-4851-a95d-ab28d9fc29c4,95.2,99.0,jaylen waddle,WR,DEN,WR_jaylen_waddle_DEN,155.7,210.19,103.86599999999999,74.19,991.85,6.01,1.68,12.39,0.03,0.0,0.0,0.0,43.0,WR19,217.32,11.0,49.5,41.9,47.5,48.5,48.5,Healthy,0,36.0,Target (Green),Green,1.0,0.0,0.0,—,11.6,9.16,17.06,8.81,0.0,0.0,1.0,0.0,,,,,,,,,1D/RR Alpha (>0.115),2.25,,,💥 **Exodia Target / Value**,⚔️ **FP: Exodia Target  vs  Guru: Dirty 30 Not Feeling It**,FP: Exodia Target  vs  Guru: Dirty 30 Not Feeling It,Tier 8,Round 4/5,4.5,8th in YPRR since 2022; Sean Payton scheme move from Miami (30th dropbacks to high pass pace in Denver); Bo Nix #1 target. | 🔥 Catalyst: New Team / New QB,https://www.fantasypoints.com/nfl/articles/2026/anatomy-of-a-league-winner#/3380,18.0,1.0,1.0,0.0,1.0,0.0,1.0,0.0,0.0,0.0,0.128,0.0,WR16,T6,,5.0,55.0,fade,4.2,High (Overpriced Bust Risk),0.0,0.0,,,4.0,0.0,,,0.0,Neutral,DEN,-0.018,0.27,2100.0,0.02,28.9,0.01,0.03,DEN,4.0,5.0,100.0,100.0,True,Sean Payton/Webb,94.5,13.0,24.2,9.0,32.6,21.0,0.563,—,7.0,Gap,26.0,Most Spread,2.0,Balanced Environment,DEN,1,17.22,82.78,31.0,1.7,S.Payton,16,81.4,88.3,0.2942,0.4401,-0.3327,0.0216,1.0348,-0.4805,,,,,,,,,0,,,,,,,,,,,,,,,129.3,31.0,21.0,-10.0,0.954,14.5,8.63,119.2,116.3,120.6,41.9,18.0,WR25,25.0,46.9,155.7,9.16,7.0,$15-17,64.0,12.6,New Team / New QB,1,0,99,,—,25,WR25,158.5,32.14,113,0.982,0.0,12.5,4.9,10.5,11.5,11.5,49.5,41.9,7.6,7.6,49.5,41.9,ESPN,YAHOO,Screaming Steal (Huge Value),164.5,2.46,0.039,170.92,32.14,32.14,47,20,WR20,T4,18.0,1.5,True,True,3.0,-4.0,164.5,17.06,0.0,3.9,22.0,0.0,0.0,0.0,6.0,0.0,12.0,0.0,Tier 5,37.0,11.0,31.0,20.0,⚡ High Variance (Boom/Bust Ceiling),20.0,Tier 4,11.0,31.0,20.0
Terry McLaurin,WR,WAS,46.0,57.0,WR22,14.0,33.0,3.14,4,7,7e8c4641-2beb-4213-ba22-69fe0307005f,94.7,97.0,terry mclaurin,WR,WAS,WR_terry_mclaurin_WAS,160.7,209.83,96.614,69.01,972.12,7.37,0.33,0.33,0.0,0.0,0.0,0.0,55.0,WR26,201.34,12.0,58.1,54.0,55.9,57.0,57.0,Healthy,0,53.0,Target (Green),Green,1.0,0.0,0.0,—,10.3,9.45,0.0,0.0,0.0,0.0,0.0,0.0,,,,,,,,,1D/RR Alpha (>0.115),2.15,,,"🎯 **Target / ""The Twelve""**",🤝 **Consensus High**,Consensus Alignment,Tier 10,Round 5 (5.04),5.04,"Guru's ""The Twelve"" pick; David Blough moving him around formation; Jayden Daniels deep ball connection; Stefon Diggs arrival lowers ADP.",https://www.fantasypoints.com/nfl/articles/2026/the-gurus-2026-fantasy-football-draft-plan,16.0,0.0,1.0,0.0,0.0,1.0,0.0,0.0,0.0,0.0,0.135,0.0,WR18,T6,,4.0,38.0,consensus,2.5,Medium,0.0,0.0,,,5.0,4.0,45.0,0.08,3.5,Neutral,WAS,0.012,0.23,1780.0,0.088,25.1,0.07,0.1,WAS,24.0,2.0,40.0,40.0,True,David Blough,80.9,26.0,22.0,18.0,36.0,10.0,0.65,More 12P,5.0,Gap,12.0,Even,12.0,Shootouts (High Scoring Offense + Vulnerable Defense -> Max Fantasy Ceiling),WAS,25,30.3,69.7,21.0,0.0,Unknown,16,82.6,65.6,-0.6062,0.765,-0.0344,-0.1964,0.8976,0.0882,,,,,,,,,0,,,,,,,,,,,,,,,125.2,34.0,27.0,-7.0,0.952,13.0,9.03,112.1,119.6,95.8,54.0,23.0,WR22,22.0,56.5,160.7,9.45,7.0,$15-17,49.0,13.3,—,0,0,99,,—,22,WR22,158.5,29.53,72,1.014,2.1999999999999886,12.1,8.0,9.9,11.0,11.0,58.1,54.0,4.1,4.1,58.1,54.0,ESPN,YAHOO,Screaming Steal (Huge Value),161.99,-5.84,0.039,168.31,29.53,29.53,48,21,WR21,T4,16.0,9.0,True,False,3.0,-2.8,161.99,0.0,3.5,3.9,0.0,0.0,10.0,0.0,0.0,0.0,12.0,0.0,Tier 6,46.0,14.0,33.0,19.0,⚡ High Variance (Boom/Bust Ceiling),22.0,Tier 5,14.0,33.0,19.0
Bucky Irving,RB,TB,54.0,40.5,RB21,15.0,29.0,2.79,4,10,c5249c6f-bd1b-4352-8228-de2bd499ca0d,95.4,96.0,bucky irving,RB,TB,RB_bucky_irving_TB,189.4,219.56,55.44,39.6,333.35,2.25,252.75,1004.74,5.77,0.0,0.0,0.0,44.0,RB22,201.55,11.0,41.3,55.2,39.7,40.5,40.5,Healthy,0,48.0,Neutral,Black,0.0,0.0,0.0,Silver Lining,12.9,11.14,0.0,0.0,0.0,0.0,0.0,0.0,,,,20.0,14.0,High,,,,,,,🚫 **Overvalue / Fade**,🤝 **Consensus Avoid (Dirty 30)**,Consensus Alignment,Tier 11,Round 4/5,4.5,Shoulder surgery; Kenneth Gainwell signed for $9.8M guaranteed (1A/1B split); Sean Tucker goal-line vulture; 3-way committee.,https://www.fantasypoints.com/nfl/articles/2026/players-to-avoid-and-overvalues,10.0,0.0,0.0,1.0,0.0,0.0,1.0,0.0,0.0,0.0,0.0,0.0,RB26,T7,,5.0,62.0,fade,4.2,High (Overpriced Bust Risk),0.0,0.0,1.0,1.0,,,,,0.0,Neutral,TB,0.028,0.11,820.0,0.078,27.5,-0.03,0.14,TB,26.0,4.0,80.0,80.0,False,Zac Robinson,89.8,18.0,27.9,2.0,30.4,24.0,0.75,High 12P,13.0,Zone,2.0,Condensed,20.0,Slugfests (Low Scoring Offense + Elite Defense -> Low Over/Unders / Grinding Games),TB,5,26.78,73.22,23.0,-6.6,Z.Robinson,16,81.2,89.1,,,,,,,0.3817,,,,,,,,0,,,,,,,,,,,,,,,144.6,25.0,20.0,-5.0,0.96,13.6,8.49,110.8,129.1,107.1,55.2,23.0,RB18,18.0,41.0,189.4,11.14,6.0,$20-24,44.0,13.7,—,0,0,99,,—,18,RB18,181.3,29.47,51,1.045,8.099999999999994,-12.7,1.2,-14.3,-13.5,-13.5,55.2,39.7,15.5,15.5,55.2,39.7,YAHOO,SLEEPER,Severe Reach (Overpriced),181.24,5.33,-0.03,175.8,29.47,29.47,49,23,RB23,T4,10.0,-8.5,False,True,3.0,-2.0,181.24,0.0,0.0,-3.0,0.0,0.0,0.0,0.0,0.0,0.0,0.0,0.0,Tier 6,54.0,15.0,29.0,14.0,⚡ High Variance (Boom/Bust Ceiling),21.0,Tier 5,15.0,29.0,14.0
Luther Burden III,WR,CHI,50.0,49.0,WR24,13.0,33.0,4.17,4,10,a4c21977-c9d1-40f8-abee-0862dfab9195,90.8,96.0,luther burden,WR,CHI,WR_luther_burden_CHI,148.8,208.02,101.75200000000001,72.68,972.73,5.69,7.71,38.17,0.13,0.0,0.0,0.0,49.0,WR23,212.77,11.0,50.0,58.8,48.0,49.0,49.0,Healthy,0,44.0,Target (Green),Green,1.0,0.0,0.0,—,9.3,8.75,0.0,0.0,13.38,11.11,0.0,1.0,,,,,,,,,,,,,💥 **Exodia Target**,⚔️ **FP: Core Exodia ($24-$32)  vs  Guru: Dirty 30 Overhyped**,FP: Core Exodia ($24-$32)  vs  Guru: Dirty 30 Overhyped,Tier 8,Round 5,5.0,#8 in fantasy pts/snap as rookie; Ben Johnson route tree comp to Amon-Ra; 0.110+ 1D/RR; groin injury creates discount. | 🔥 Catalyst: New/Elevated Role,https://www.fantasypoints.com/nfl/articles/2026/anatomy-of-a-league-winner#/3377,24.0,1.0,1.0,0.0,1.0,0.0,1.0,0.0,0.0,0.0,0.117,0.0,WR17,T6,,4.0,46.0,guy,1.6,Low (High Floor Alpha),0.0,0.0,,,,,,,0.0,Neutral,CHI,0.01,0.26,2020.0,0.048,27.6,0.01,0.07,CHI,3.0,4.0,80.0,80.0,False,Ben Johnson,98.3,8.0,29.3,1.0,37.2,7.0,0.63,High 12P,4.0,Zone,6.0,Even,11.0,Balanced Environment,CHI,4,41.16,58.84,7.0,-2.7,B.Johnson,16,92.6,86.4,3.2459,-2.5096,0.5792,1.9344,1.6842,1.0428,,,,,,,,,0,,,,,,,,,,,,,,,130.5,30.0,19.0,-11.0,0.978,13.3,10.08,130.7,107.6,111.2,58.8,24.0,WR31,31.0,52.4,148.8,8.75,7.0,$10-12,67.0,12.9,New/Elevated Role,1,0,99,,—,31,WR31,158.5,28.33,138,0.939,0.0,0.0,8.8,-2.0,-1.0,-1.0,58.8,48.0,10.8,10.8,58.8,48.0,YAHOO,SLEEPER,Fair Market Value,160.22,2.9,0.043,167.11,28.33,28.33,50,22,WR22,T4,24.0,-1.0,False,True,6.0,-4.4,160.22,0.0,0.0,4.3,22.0,0.0,0.0,0.0,6.0,0.0,12.0,0.0,Tier 6,50.0,13.0,33.0,20.0,⚡ High Variance (Boom/Bust Ceiling),24.0,Tier 5,13.0,33.0,20.0
Davante Adams,WR,LAR,49.0,51.5,WR23,13.0,31.0,3.72,4,11,e7d6ae25-bf15-4660-8b37-c37716551de3,98.1,96.0,davante adams,WR,LAR,WR_davante_adams_LAR,171.1,221.95,95.89999999999999,68.5,926.15,10.2,0.0,0.0,0.0,0.0,0.0,0.0,52.0,WR24,207.36,11.0,52.5,53.9,50.5,51.5,51.5,Healthy,0,56.0,Neutral,Black,0.0,0.0,0.0,—,13.8,10.06,17.5,7.86,0.0,0.0,1.0,0.0,,,,,,,,,,,,,🎯 **Value**,⚔️ **FP: Value  vs  Guru: Dirty 30 Too Old**,FP: Value  vs  Guru: Dirty 30 Too Old,Tier 10,Round 5/6,5.5,Matthew Stafford passing attack; high TD equity when Puka faces brackets.,https://www.fantasypoints.com/nfl/articles/2026/the-gurus-2026-fantasy-football-draft-plan,14.0,0.0,1.0,0.0,1.0,0.0,1.0,0.0,0.0,0.0,0.134,0.0,WR24,T6,,4.0,39.0,consensus,2.5,Medium,0.0,0.0,,,,,54.0,-0.28,-14.0,Cooling,LAR,0.008,0.14,1120.0,0.095,27.4,0.04,0.13,LAR,1.0,4.5,90.0,90.0,False,Sean McVay,113.3,1.0,19.8,24.0,42.8,2.0,0.759,High 13P,6.0,Gap,4.0,Very Condensed,21.0,Chew the Clock (High Scoring Offense + Elite Defense -> Run-Heavy Second Halves),LAR,3,40.06,59.94,9.0,0.3,S.McVay,16,73.0,,-0.646,-0.5121,-0.6072,-0.4212,0.9192,-0.1784,,,,,,,,,0,,,,,,,,,,,,,,,131.2,29.0,26.0,-3.0,0.958,13.1,10.29,129.0,128.7,103.8,53.9,22.0,WR17,17.0,50.9,171.1,10.06,6.0,$19-23,65.0,12.5,—,0,0,99,,—,17,WR17,158.5,28.18,45,1.079,12.599999999999994,3.5,4.9,1.5,2.5,2.5,53.9,50.5,3.4,3.4,53.9,50.5,YAHOO,SLEEPER,Fair Market Value,170.19,4.04,-0.019,166.96,28.18,28.18,51,23,WR23,T4,14.0,0.5,False,True,0.0,-1.2,170.19,17.5,-14.0,-1.9,0.0,0.0,0.0,0.0,0.0,0.0,0.0,0.0,Tier 6,49.0,13.0,31.0,18.0,⚡ High Variance (Boom/Bust Ceiling),23.0,Tier 5,13.0,31.0,18.0
Jeremiyah Love,RB,ARI,42.0,25.5,RB17,13.0,23.0,2.74,4,14,ca61f1e4-5a51-45b8-b8e3-f6564d9c2648,99.2,99.0,jeremiyah love,RB,ARI,RB_jeremiyah_love_ARI,185.5,255.99,76.60799999999999,54.72,429.12,2.08,237.21,1068.92,7.22,0.0,0.0,0.0,38.0,RB20,204.28,10.0,28.1,28.3,22.4,25.5,25.5,Healthy,0,32.0,Neutral,Black,0.0,0.0,0.0,Silver Lining,,10.91,0.0,0.0,0.0,0.0,0.0,0.0,,,,16.0,99.0,Rookie,,,,,,,🚫 **Bust / Avoid**,🤝 **Consensus Avoid (Dirty 30)**,Consensus Alignment,Tier 7,Round 3,3.0,Tyler Allgeier $8M deal; Arizona 3.5 win total; pass-heavy under Mike LaFleur; high-ankle sprain in preseason (~25% production dip in month 1).,https://www.fantasypoints.com/nfl/articles/2026/players-to-avoid-and-overvalues#/654,18.0,0.0,0.0,1.0,0.0,0.0,1.0,0.0,0.0,0.0,0.0,0.0,RB17,T6,,2.0,24.0,consensus,2.5,Medium,0.0,0.0,3.0,1.0,,,,,0.0,Neutral,ARI,0.005,0.22,1750.0,0.072,25.5,0.05,0.08,ARI,23.0,3.0,60.0,60.0,False,Mike LaFleur,95.6,12.0,20.8,21.0,32.7,19.0,0.596,—,5.0,Gap,9.0,Condensed,10.0,Passing / Garbage Time (Low Scoring Offense + Bad Defense -> Trailing Game Scripts / Air Volume),ARI,20,39.57,60.43,10.0,-1.1,M.LaFleur,16,,95.6,,,,,,,,,,,,,Jeremiyah Love,ARI,1,1.0,3.0,78.7,86.7,66.1,117.3,4.36,,,212.0,24.6,87.3,95.0,40.0,145.1,24.0,12.0,-12.0,0.873,12.7,10.74,118.9,122.9,73.9,28.3,13.0,RB22,22.0,26.2,185.5,10.91,6.0,$26-30,41.0,14.4,—,0,0,99,,—,22,RB22,181.3,28.18,66,1.023,4.199999999999989,-13.9,-13.7,-19.6,-16.5,-16.5,28.3,22.4,5.9,5.9,28.3,22.4,YAHOO,SLEEPER,Severe Reach (Overpriced),180.09,-2.33,-0.031,174.51,28.18,28.18,51,24,RB24,T4,18.0,-25.5,False,True,4.0,-4.8,180.09,0.0,0.0,-3.1,0.0,0.0,0.0,0.0,0.0,0.0,0.0,0.0,Tier 5,42.0,13.0,23.0,10.0,⚡ High Variance (Boom/Bust Ceiling),17.0,Tier 4,13.0,23.0,10.0
Emeka Egbuka,WR,TB,43.0,45.5,WR21,10.0,29.0,3.55,4,10,00cea287-1fa0-4584-803f-59f546ef8722,97.4,98.0,emeka egbuka,WR,TB,WR_emeka_egbuka_TB,160.3,228.25,102.48,73.2,1097.77,7.49,1.39,7.29,0.03,0.0,0.0,0.0,53.0,WR25,203.05,11.0,46.4,43.9,44.6,45.5,45.5,Healthy,0,40.0,Neutral,Black,0.0,0.0,0.0,—,11.8,9.43,0.0,0.0,0.0,0.0,0.0,0.0,,,,,,,,,,,,,🚫 **Overvalue / Risk**,🤝 **Consensus Avoid (Dirty 30)**,Consensus Alignment,Tier 8,Round 4/5,4.5,Turf toe injury threatens Week 1 and early September effectiveness; Jalen McMillan & Godwin competition. | 🔥 Catalyst: New OC / Role,https://www.fantasypoints.com/nfl/articles/2026/players-to-avoid-and-overvalues,14.0,0.0,0.0,1.0,0.0,0.0,1.0,0.0,0.0,0.0,0.0,0.0,WR21,T6,,3.0,35.0,guy,1.6,Low (High Floor Alpha),0.0,0.0,,,6.0,5.0,,,0.0,Neutral,TB,0.028,0.11,820.0,0.078,27.5,-0.03,0.14,TB,26.0,4.0,80.0,80.0,False,Zac Robinson,89.8,18.0,27.9,2.0,30.4,24.0,0.75,High 12P,13.0,Zone,2.0,Condensed,20.0,Slugfests (Low Scoring Offense + Elite Defense -> Low Over/Unders / Grinding Games),TB,5,26.78,73.22,23.0,-6.6,Z.Robinson,16,70.5,81.9,-0.5275,-0.8599,0.2546,0.0358,0.6463,0.4259,,,,,,,,,0,,,,,,,,,,,,,,,151.6,18.0,20.0,2.0,0.98,14.2,11.02,153.4,149.3,143.3,43.9,19.0,WR23,23.0,39.2,160.3,9.43,7.0,$17-19,51.0,13.2,New OC / Role,1,0,99,,—,23,WR23,158.5,27.5,73,1.011,1.8000000000000114,3.4,0.9,1.6,2.5,2.5,46.4,43.9,2.5,2.5,46.4,43.9,ESPN,YAHOO,Fair Market Value,168.81,-1.06,-0.015,166.28,27.5,27.5,53,24,WR24,T5,14.0,-7.5,False,True,0.0,0.8,168.81,0.0,0.0,-1.5,0.0,0.0,0.0,0.0,6.0,0.0,0.0,0.0,Tier 5,43.0,10.0,29.0,19.0,⚡ High Variance (Boom/Bust Ceiling),21.0,Tier 4,10.0,29.0,19.0
Drake Maye,QB,NE,44.0,54.0,QB3,2.0,7.0,1.17,1,11,d0c0630e-8925-4b81-a32b-e4146d95f01f,99.1,100.0,drake maye,QB,NE,QB_drake_maye_NE,306.0,320.4,0.0,0.0,0.0,0.0,99.35,492.97,3.68,3996.35,27.67,10.39,50.0,QB2,338.32,11.0,48.6,47.3,57.2,54.0,54.0,Healthy,0,57.0,Neutral,Black,0.0,0.0,0.0,—,18.8,18.0,0.0,0.0,0.0,0.0,0.0,0.0,,,,,,,High Volume Value (Above Line),High Designed Runs,,,,,🎯 **Target / Ascending**,🤝 **Consensus Target**,Consensus Alignment,Tier 11,Round 6/7,6.5,"Only early-round QB Guru is willing to draft at ADP; young, ascending, dual-threat upside with McDaniels. | 🔥 Catalyst: Weapon Upgrades",https://www.fantasypoints.com/nfl/articles/2026/the-gurus-2026-fantasy-football-draft-plan,10.0,0.0,1.0,0.0,0.0,0.0,0.0,0.0,0.0,0.0,0.0,0.0,QB5,T2,,5.0,51.0,consensus,2.5,Medium,0.0,0.0,,,,,,,0.0,Neutral,NE,-0.03,0.3,2300.0,-0.055,29.4,-0.02,-0.07,NE,13.0,3.0,60.0,60.0,False,Josh McDaniels,104.9,4.0,24.9,6.0,34.6,13.0,0.605,—,24.0,Gap,21.0,Spread,4.0,Slugfests (Low Scoring Offense + Elite Defense -> Low Over/Unders / Grinding Games),NE,13,34.68,65.32,17.0,1.4,J.McDaniels,16,88.9,90.0,,,,,,,,,,,0.325,,,,0,,,,,,,,,,,,,,,283.1,2.0,3.0,1.0,0.986,15.5,18.59,284.4,303.0,255.6,47.3,3.0,QB4,4.0,47.4,306.0,18.0,2.0,$15-17,52.0,20.3,Weapon Upgrades,1,0,99,,—,4,QB4,272.9,27.06,20,1.121,33.10000000000002,4.6,3.3,13.2,10.0,10.0,57.2,47.3,9.9,9.9,57.2,47.3,SLEEPER,YAHOO,Screaming Steal (Huge Value),308.36,-2.7,0.006,310.21,27.06,27.06,54,2,QB2,T5,10.0,0.0,False,False,3.0,0.4,308.36,0.0,0.0,0.6,0.0,0.0,0.0,0.0,6.0,0.0,0.0,0.0,Tier 5,44.0,2.0,7.0,5.0,⚖️ Moderate Variance,3.0,Tier 2,2.0,7.0,5.0
Christian Watson,WR,GB,57.0,68.5,WR27,16.0,41.0,3.77,4,11,47d97f44-b4aa-46d2-816c-5b5a1fe48d46,85.8,95.0,christian watson,WR,GB,WR_christian_watson_GB,158.5,195.54,81.13,57.95,930.02,7.34,1.75,8.03,0.04,0.0,0.0,0.0,78.0,WR34,182.52,13.0,69.9,67.7,67.1,68.5,68.5,Healthy,0,60.0,Target (Green),Green,1.0,0.0,0.0,—,11.1,9.32,0.0,0.0,0.0,0.0,0.0,0.0,,,,,,,,,1D/RR Alpha (>0.120),2.4,,,"💥 **#1 Target / ""The Twelve""**",🤝 **Consensus High / Exodia**,Consensus Alignment,Tier 10,Round 6 (6.08),6.08,"Guru's **#1 Target of 2026** (""The Twelve""); 17.5 FPG in $>75\%$ route games; Romeo Doubs & Dontayvion Wicks off roster; Jordan Love's clear #1 X-receiver.",https://www.fantasypoints.com/nfl/articles/2026/the-gurus-2026-fantasy-football-draft-plan,18.0,1.0,1.0,0.0,0.0,1.0,0.0,0.0,0.0,0.0,0.122,0.0,WR26,T7,,5.0,53.0,dragon,3.8,High (Elite Ceiling),0.0,0.0,,,6.0,2.0,,,0.0,Neutral,GB,0.02,0.16,1300.0,0.112,27.8,0.04,0.16,GB,20.0,2.0,40.0,40.0,False,Matt LaFleur,90.5,16.0,23.0,13.0,36.3,9.0,0.667,High 12P,19.0,Balanced,8.0,Very Condensed,17.0,Chew the Clock (High Scoring Offense + Elite Defense -> Run-Heavy Second Halves),GB,27,38.22,61.78,13.0,-1.0,M.LaFleur,16,77.9,,-1.1978,0.2853,0.2118,-1.1233,1.2539,0.2621,,,,,,,,,0,,,,,,,,,,,,,,,118.6,38.0,29.0,-9.0,0.967,12.4,8.49,101.7,103.8,98.6,67.7,29.0,WR24,24.0,70.0,158.5,9.32,7.0,$12-14,46.0,13.4,—,0,0,99,,—,24,WR24,158.5,27.03,91,1.0,0.0,12.9,10.7,10.1,11.5,11.5,69.9,67.1,2.8,2.8,69.9,67.1,ESPN,SLEEPER,Screaming Steal (Huge Value),154.53,-10.1,0.073,165.81,27.03,27.03,55,25,WR25,T5,18.0,13.5,True,False,0.0,-3.6,154.53,0.0,0.0,7.3,22.0,0.0,10.0,0.0,0.0,0.0,12.0,0.0,Tier 6,57.0,16.0,41.0,25.0,⚡ High Variance (Boom/Bust Ceiling),27.0,Tier 5,16.0,41.0,25.0
Bhayshul Tuten,RB,JAC,63.0,53.5,RB24,13.0,31.0,3.1,4,7,26d4b13e-a555-4519-9356-cd16c65384e7,90.0,94.0,bhayshul tuten,RB,JAX,RB_bhayshul_tuten_JAX,188.0,207.31,40.93599999999999,29.24,222.09,2.14,239.39,979.58,8.24,0.0,0.0,0.0,72.0,RB28,171.96,13.0,54.6,62.5,52.4,53.5,53.5,Healthy,0,55.0,Target (Green),Green,1.0,0.0,0.0,—,,11.06,0.0,0.0,0.0,0.0,0.0,0.0,,,,27.0,99.0,Rookie,,,,,,,💥 **Exodia League-Winner**,🤝 **Consensus High**,Consensus Alignment,Tier 9,Round 7 (7.04),7.04,Liam Coen 7th in backfield XFP/G; Year 2 breakout profile; potent screen game; faces 3 bottom-8 run defenses W1-5. | 🔥 Catalyst: New Situation + O/S Top 12 RBs,https://www.fantasypoints.com/nfl/articles/2026/anatomy-of-a-league-winner,16.0,1.0,0.0,0.0,0.0,0.0,0.0,0.0,0.0,0.0,0.0,0.0,RB23,T6,,5.0,60.0,fade,4.2,High (Overpriced Bust Risk),0.0,0.0,5.0,1.0,,,,,0.0,Neutral,JAX,0.015,0.28,2100.0,0.052,27.9,-0.02,0.1,JAX,7.0,4.0,80.0,80.0,True,Liam Coen,97.4,9.0,26.0,5.0,37.0,8.0,0.616,High 11P,21.0,Balanced,7.0,Condensed,1.0,Shootouts (High Scoring Offense + Vulnerable Defense -> Max Fantasy Ceiling),JAX,23,24.71,75.29,26.0,0.9,L.Coen,16,,70.6,,,,,,,,,,,,,,,0,,,,,,,,,,,,,,,113.2,37.0,22.0,-15.0,0.962,13.1,7.9,99.4,97.5,59.2,62.5,24.0,RB20,20.0,62.7,188.0,11.06,6.0,$19-23,72.0,13.1,New Situation + O/S Top 12 RBs,1,0,99,,—,20,RB20,181.3,26.23,58,1.037,6.699999999999989,-8.4,-0.5,-10.6,-9.5,-9.5,62.5,52.4,10.1,10.1,62.5,52.4,YAHOO,SLEEPER,Severe Reach (Overpriced),165.29,0.53,0.044,172.56,26.23,26.23,56,25,RB25,T5,16.0,-2.5,False,True,0.0,-6.0,165.29,0.0,0.0,4.4,22.0,0.0,0.0,0.0,6.0,0.0,12.0,0.0,Tier 7,63.0,13.0,31.0,18.0,⚡ High Variance (Boom/Bust Ceiling),24.0,Tier 6,13.0,31.0,18.0
Tetairoa McMillan,WR,CAR,36.0,38.0,WR17,10.0,26.0,3.26,3,5,874de000-586c-4999-ac12-02766563e200,98.2,98.0,tetairoa mcmillan,WR,CAR,WR_tetairoa_mcmillan_CAR,154.9,233.8,113.67999999999999,81.2,1146.66,6.62,0.0,0.0,0.0,0.0,0.0,0.0,48.0,WR22,213.82,11.0,38.8,41.8,37.2,38.0,38.0,Healthy,0,37.0,Neutral,Black,0.0,0.0,0.0,—,11.2,9.11,0.0,0.0,0.0,0.0,0.0,0.0,,,,,,,,,,,,,🚫 **Overvalue / Fade**,🤝 **Consensus Avoid (Dirty 30)**,Consensus Alignment,Tier 10,Round 4,4.0,Ongoing foot soreness; Bryce Young 30th in PROE outside 5-yd line (-4.5%); Jalen Coker & Darren Waller target competition.,https://www.fantasypoints.com/nfl/articles/2026/players-to-avoid-and-overvalues,12.0,0.0,0.0,1.0,0.0,0.0,1.0,0.0,0.0,0.0,0.0,0.0,WR25,T7,,4.0,45.0,fade,4.2,High (Overpriced Bust Risk),0.0,0.0,,,5.0,4.0,,,0.0,Neutral,CAR,-0.015,0.25,1900.0,-0.03,28.6,-0.01,-0.04,CAR,16.0,3.0,60.0,60.0,False,Dave Canales/Idzik,78.7,27.0,19.8,24.0,33.6,15.0,0.794,High 11P,22.0,Balanced,19.0,Spread,23.0,Passing / Garbage Time (Low Scoring Offense + Bad Defense -> Trailing Game Scripts / Air Volume),CAR,8,29.48,70.52,22.0,-2.0,D.Canales,16,77.6,88.0,-0.323,-0.6537,-0.5023,-0.0194,0.8222,0.3387,,,,,,,,,0,,,,,,,,,,,,,,,163.5,11.0,16.0,5.0,0.944,15.3,11.08,160.0,160.8,162.8,41.8,17.0,WR26,26.0,35.2,154.9,9.11,7.0,$16-18,35.0,13.9,—,0,0,99,,—,26,WR26,158.5,25.1,116,0.977,0.0,2.8,5.8,1.2,2.0,2.0,41.8,37.2,4.6,4.6,41.8,37.2,YAHOO,SLEEPER,Fair Market Value,171.78,-2.25,-0.046,163.88,25.1,25.1,57,26,WR26,T5,12.0,-19.0,False,True,0.0,2.0,171.78,0.0,0.0,-4.6,0.0,0.0,0.0,0.0,0.0,0.0,0.0,0.0,Tier 5,36.0,10.0,26.0,16.0,⚡ High Variance (Boom/Bust Ceiling),17.0,Tier 4,10.0,26.0,16.0
Parker Washington,WR,JAC,66.0,72.0,WR30,22.0,45.0,5.1,5,7,c05863ec-3414-4ae6-a8d2-830aed99b6d3,84.9,92.0,parker washington,WR,JAX,WR_parker_washington_JAX,152.9,184.38,87.626,62.59,863.18,5.73,5.01,13.65,0.09,0.0,0.0,0.0,68.0,WR31,191.6,13.0,73.4,82.1,70.6,72.0,72.0,Healthy,0,59.0,Target (Green),Green,1.0,0.0,0.0,—,11.1,8.99,0.0,0.0,0.0,0.0,0.0,0.0,48.0,-11.0,Full PPR Favored (Targets),,,,,,1D/RR Slot Alpha (>0.110),2.1,,,💥 **Core Exodia / Value**,🤝 **Consensus High**,Consensus Alignment,Tier 11,Round 6/7,6.5,Core Exodia target ($14); WR1 production down stretch with Lawrence; Travis Hunter outside role insulates Washington in Liam Coen slot.,https://www.fantasypoints.com/nfl/articles/2026/anatomy-of-a-league-winner,14.0,1.0,1.0,0.0,0.0,0.0,0.0,0.0,0.0,0.0,0.0,0.0,WR20,T6,,6.0,96.0,consensus,2.5,Medium,1.0,0.0,,,,,,,0.0,Neutral,JAX,0.015,0.28,2100.0,0.052,27.9,-0.02,0.1,JAX,7.0,4.0,80.0,80.0,True,Liam Coen,97.4,9.0,26.0,5.0,37.0,8.0,0.616,High 11P,21.0,Balanced,7.0,Condensed,1.0,Shootouts (High Scoring Offense + Vulnerable Defense -> Max Fantasy Ceiling),JAX,23,24.71,75.29,26.0,0.9,L.Coen,16,80.3,77.0,-0.6019,1.0221,1.3324,1.0804,0.5747,0.2231,,,,,,,,,0,,,,,,,,,,,,,,,118.4,39.0,34.0,-5.0,0.955,13.9,8.99,119.6,101.7,83.5,82.1,32.0,WR27,27.0,76.0,152.9,8.99,7.0,$10-12,63.0,12.5,—,0,0,99,,—,27,WR27,158.5,24.71,123,0.965,0.0,7.4,16.1,4.6,6.0,6.0,82.1,70.6,11.5,11.5,82.1,70.6,YAHOO,SLEEPER,Screaming Steal (Huge Value),153.95,1.05,0.062,163.49,24.71,24.71,58,27,WR27,T5,14.0,14.0,True,False,3.0,-2.0,153.95,0.0,0.0,6.2,22.0,0.0,0.0,5.0,0.0,0.0,12.0,0.0,Tier 7,66.0,22.0,45.0,23.0,⚡ High Variance (Boom/Bust Ceiling),30.0,Tier 6,22.0,45.0,23.0
Lamar Jackson,QB,BAL,34.0,37.5,QB2,1.0,6.0,0.96,1,13,e06a9c07-453a-4bb0-a7e9-2c3a64166dad,99.7,100.0,lamar jackson,QB,BAL,QB_lamar_jackson_BAL,312.2,324.99,0.0,0.0,0.0,0.0,118.72,640.41,3.23,3652.11,28.34,9.57,59.0,QB3,323.99,12.0,33.8,37.6,39.8,37.5,37.5,Healthy,0,52.0,Avoid (Red),Red,0.0,0.0,1.0,—,16.6,18.36,20.96,10.78,0.0,0.0,1.0,0.0,,,,,,,,Elite Dual Threats,,,Touch Vulture QB (Steals GL Carries),,🎯 **QB2 Floor**,⚔️ **FP: QB2  vs  Guru: Decline Concerns**,FP: QB2  vs  Guru: Decline Concerns,Tier 9,Round 4/5,4.5,Declan Doyle offense; high rushing floor; 59.9% 2-WR heavy personnel scheme.,https://www.fantasypoints.com/nfl/articles/2026/the-gurus-2026-fantasy-football-draft-plan,16.0,0.0,1.0,0.0,1.0,0.0,0.0,0.0,0.0,0.0,0.0,0.0,QB2,T2,,3.0,32.0,guy,1.6,Low (High Floor Alpha),0.0,0.0,,,,,88.0,0.52,40.5,Surging,BAL,-0.045,0.15,1150.0,0.165,28.4,0.15,0.18,BAL,11.0,3.0,60.0,60.0,True,Declan Doyle,86.1,22.0,29.3,1.0,37.2,7.0,0.63,High 12P,8.0,Zone,6.0,Even,11.0,Chew the Clock (High Scoring Offense + Elite Defense -> Run-Heavy Second Halves),BAL,26,59.85,40.15,1.0,0.0,Unknown,16,91.8,78.8,,,,,,,,,,,0.972,,,,0,,,,,,,,,,,,,,,279.8,5.0,2.0,-3.0,0.941,15.2,21.28,303.5,256.0,266.5,37.6,2.0,QB2,2.0,32.3,312.2,18.36,2.0,$19-21,53.0,19.5,—,0,0,99,,—,2,QB2,272.9,23.53,18,1.144,39.30000000000001,-0.2,3.6,5.8,3.5,3.5,39.8,33.8,6.0,6.0,39.8,33.8,SLEEPER,ESPN,Value Target (Discounted),307.05,-5.15,-0.005,305.51,23.53,23.53,59,3,QB3,T5,16.0,-21.5,False,True,6.0,-1.2,307.05,20.96,40.5,-0.5,0.0,0.0,0.0,0.0,0.0,0.0,-15.0,0.0,Tier 4,34.0,1.0,6.0,5.0,⚖️ Moderate Variance,2.0,Tier 1,1.0,6.0,5.0
Rome Odunze,WR,CHI,61.0,63.0,WR29,18.0,36.0,3.39,4,10,f64694e0-0381-11ef-973d-5176a0ecbee4,93.1,95.0,rome odunze,WR,CHI,WR_rome_odunze_CHI,151.4,205.13,87.416,62.44,963.34,7.81,0.33,1.33,0.0,0.0,0.0,0.0,70.0,WR32,190.73,13.0,64.3,67.6,61.7,63.0,63.0,Healthy,0,49.0,Target (Green),Green,1.0,0.0,0.0,—,14.0,8.91,0.0,0.0,0.0,0.0,0.0,0.0,,,,,,,,,1D/RR Alpha (>0.110),2.0,,,🎯 **Target / Value**,🤝 **Consensus High**,Consensus Alignment,Tier 12,Round 6,6.0,"WR3 in scoring W1-4 (20/296/5) before injury; 27.5% 1st-read share, 2.21 YPRR when healthy; Luther Burden groin injury elevates him; only 3 shadow CBs. | ⭐ #10 Bears Offense Most Undervalued Asset",https://www.fantasypoints.com/nfl/articles/2026/the-gurus-2026-fantasy-football-draft-plan,14.0,0.0,1.0,0.0,0.0,0.0,0.0,0.0,0.0,0.0,0.0,0.0,WR37,T10,,5.0,57.0,consensus,2.5,Medium,0.0,0.0,,,3.0,4.0,74.0,0.5,38.0,Surging,CHI,0.01,0.26,2020.0,0.048,27.6,0.01,0.07,CHI,3.0,4.0,80.0,80.0,False,Ben Johnson,98.3,8.0,29.3,1.0,37.2,7.0,0.63,High 12P,4.0,Zone,6.0,Even,11.0,Balanced Environment,CHI,4,41.16,58.84,7.0,-2.7,B.Johnson,16,69.4,88.6,0.1301,0.1006,0.3439,-0.3599,-0.0533,0.0561,,,,,,,,,0,,,,,,,,,,,,,,,132.9,28.0,23.0,-5.0,0.954,13.3,9.43,119.9,126.5,124.0,67.6,28.0,WR28,28.0,65.6,151.4,8.91,7.0,$11-13,54.0,13.0,—,0,1,10,Bears,#10 Bears Offense - Most Undervalued Asset,28,WR28,158.5,23.31,128,0.955,0.0,3.3,6.6,0.7,2.0,2.0,67.6,61.7,5.9,5.9,67.6,61.7,YAHOO,SLEEPER,Fair Market Value,156.61,0.9,0.035,162.09,23.31,23.31,60,28,WR28,T5,14.0,3.0,False,False,0.0,-2.0,156.61,0.0,38.0,3.5,0.0,0.0,0.0,0.0,0.0,4.0,12.0,0.0,Tier 7,61.0,18.0,36.0,18.0,⚡ High Variance (Boom/Bust Ceiling),29.0,Tier 5,18.0,36.0,18.0
Jalen Hurts,QB,PHI,62.0,65.5,QB6,3.0,10.0,1.62,2,10,64bd0f02-6a5d-407e-98f1-fd02048ea21d,97.8,99.0,jalen hurts,QB,PHI,QB_jalen_hurts_PHI,303.4,320.48,0.0,0.0,0.0,0.0,111.76,461.27,8.38,3570.53,24.17,7.39,65.0,QB5,320.71,12.0,59.0,56.9,69.4,65.5,65.5,Healthy,0,67.0,Neutral,Black,0.0,0.0,0.0,—,17.4,17.85,0.0,0.0,5.25,1.75,0.0,1.0,,,,,,,,Elite Dual Threats,,,Touch Vulture QB (Steals GL Carries),,🎯 **Target / Discount**,🤝 **Consensus Target ($6-$8 Auction)**,Consensus Alignment,Tier 10,Round 5/6,5.5,58.6% goal line TD rate (69.6% tush push); Sean Mannion designing more QB runs; auction room discount.,https://www.fantasypoints.com/nfl/articles/2026/the-gurus-2026-fantasy-football-draft-plan,8.0,0.0,1.0,0.0,0.0,0.0,0.0,0.0,0.0,0.0,0.0,1.0,QB4,T2,,5.0,61.0,guy,1.6,Low (High Floor Alpha),0.0,0.0,,,,,60.0,0.15,8.0,Neutral,PHI,0.025,0.08,640.0,0.138,27.2,0.12,0.15,PHI,14.0,4.0,80.0,80.0,True,Sean Mannion,85.2,24.0,23.0,13.0,36.3,9.0,0.667,—,16.0,Balanced,5.0,Condensed,15.0,Chew the Clock (High Scoring Offense + Elite Defense -> Run-Heavy Second Halves),PHI,2,35.05,64.95,16.0,0.0,Unknown,16,88.2,86.8,,,,,,,,,,,0.5233,,,,0,,,,,,,,,,,,,,,281.3,3.0,6.0,3.0,0.984,14.8,19.56,285.3,276.5,281.6,56.9,6.0,QB5,5.0,61.1,303.4,17.85,2.0,$13-15,78.0,19.0,—,0,0,99,,—,5,QB5,272.9,21.96,24,1.112,30.5,-3.0,-5.1,7.4,3.5,3.5,69.4,56.9,12.5,12.5,69.4,56.9,SLEEPER,YAHOO,Value Target (Discounted),302.2,3.35,0.004,303.41,21.96,21.96,61,4,QB4,T5,8.0,4.5,False,False,3.0,1.2,302.2,0.0,8.0,0.4,0.0,0.0,0.0,0.0,0.0,0.0,0.0,0.0,Tier 7,62.0,3.0,10.0,7.0,⚡ High Variance (Boom/Bust Ceiling),6.0,Tier 2,3.0,10.0,7.0
Mike Evans,WR,SF,60.0,62.5,WR28,17.0,37.0,3.86,4,8,c48c21d9-0ae5-478c-ad34-30a660cfa9b8,87.3,94.0,mike evans,WR,SF,WR_mike_evans_SF,161.9,203.04,94.13599999999998,67.24,945.64,6.94,0.0,0.0,0.0,0.0,0.0,0.0,61.0,WR29,195.43,12.0,63.8,67.1,61.2,62.5,62.5,Healthy,0,72.0,Neutral,Black,0.0,0.0,0.0,—,10.9,9.52,0.0,0.0,0.0,0.0,0.0,0.0,,,,,,,,,,,,,💥 **Core Exodia / Value**,⚔️ **FP: Core Exodia Target  vs  Guru: Dirty 30 Too Old**,FP: Core Exodia Target  vs  Guru: Dirty 30 Too Old,Tier 10,Round 5/6,5.5,Core Exodia target ($22); 4th in 1D/RR (0.130) over past 2 seasons; Kyle Shanahan scheme red-zone monster.,https://www.fantasypoints.com/nfl/articles/2026/anatomy-of-a-league-winner,22.0,1.0,1.0,0.0,1.0,0.0,1.0,0.0,0.0,0.0,0.0,0.0,WR19,T6,,5.0,52.0,guy,1.6,Low (High Floor Alpha),0.0,0.0,,,4.0,2.0,,,0.0,Neutral,SF,-0.012,0.11,890.0,0.175,28.8,0.14,0.2,SF,6.0,4.0,80.0,80.0,False,Kyle Shanahan,100.9,6.0,26.4,4.0,32.9,17.0,0.774,High 21P,8.0,Zone,3.0,Most Condensed,14.0,Shootouts (High Scoring Offense + Vulnerable Defense -> Max Fantasy Ceiling),SF,6,48.24,51.76,3.0,-1.9,K.Shanahan,16,76.9,55.1,-1.2326,0.4743,-0.2919,-0.6734,1.2087,0.0845,,,,,,,,,0,,,,,,,,,,,,,,,116.5,41.0,22.0,-19.0,0.9,12.5,8.51,95.9,112.0,73.7,67.1,27.0,WR21,21.0,60.0,161.9,9.52,7.0,$13-15,62.0,12.4,—,0,0,99,,—,21,WR21,158.5,20.94,67,1.021,3.4000000000000057,3.8,7.1,1.2,2.5,2.5,67.1,61.2,5.9,5.9,67.1,61.2,YAHOO,SLEEPER,Fair Market Value,158.93,0.24,0.005,159.72,20.94,20.94,62,29,WR29,T5,22.0,0.5,True,True,0.0,-6.0,158.93,0.0,0.0,0.5,22.0,0.0,0.0,0.0,0.0,0.0,0.0,0.0,Tier 7,60.0,17.0,37.0,20.0,⚡ High Variance (Boom/Bust Ceiling),28.0,Tier 5,17.0,37.0,20.0
DJ Moore,WR,BUF,58.0,49.0,WR26,11.0,43.0,5.11,4,7,d8202e6d-d03b-4cd1-a793-ff8fd39d9755,93.4,96.0,dj moore,WR,BUF,WR_dj_moore_BUF,150.1,208.45,97.13199999999999,69.38,905.1,6.99,10.31,53.99,0.46,0.0,0.0,0.0,47.0,WR21,214.03,11.0,50.0,62.0,48.0,49.0,49.0,Healthy,0,46.0,Neutral,Black,0.0,0.0,0.0,—,9.7,8.83,0.0,0.0,16.22,9.65,0.0,1.0,,,,,,,,,,,,,🎯 **Target / Value**,🤝 **Consensus High**,Consensus Alignment,Tier 12,Round 5/6,5.5,Joe Brady reunion (Carolina OC 2020-21); massive QB upgrade to Josh Allen; 27 TDs in last 4 seasons (8.79% TD rate). | ⭐ #2 Bills Offense Most Undervalued Asset,https://www.fantasypoints.com/nfl/articles/2026/the-gurus-2026-fantasy-football-draft-plan,14.0,0.0,1.0,0.0,0.0,0.0,0.0,0.0,0.0,0.0,0.0,0.0,WR28,T8,,6.0,73.0,consensus,2.5,Medium,0.0,0.0,,,6.0,3.0,,,0.0,Neutral,BUF,0.03,0.32,2450.0,0.155,26.9,0.08,0.2,BUF,2.0,4.5,90.0,90.0,True,Joe Brady,101.1,5.0,24.4,8.0,30.1,25.0,0.655,—,32.0,Gap,11.0,Very Spread,22.0,Shootouts (High Scoring Offense + Vulnerable Defense -> Max Fantasy Ceiling),BUF,7,23.56,76.44,28.0,-1.6,J.Brady,16,75.5,77.8,0.609,0.4801,0.3042,0.2221,0.0616,0.0199,,,,,,,,,0,,,,,,,,,,,,,,,128.2,32.0,32.0,0.0,0.977,14.5,9.58,135.5,115.6,107.7,62.0,25.0,WR29,29.0,57.0,150.1,8.83,7.0,$10-12,50.0,13.3,—,0,1,2,Bills,#2 Bills Offense - Most Undervalued Asset,29,WR29,158.5,20.55,134,0.947,0.0,-8.0,4.0,-10.0,-9.0,-9.0,62.0,48.0,14.0,14.0,62.0,48.0,YAHOO,SLEEPER,Severe Reach (Overpriced),160.61,0.2,-0.008,159.33,20.55,20.55,63,30,WR30,T5,14.0,-14.0,False,True,0.0,0.0,160.61,0.0,0.0,-0.8,0.0,0.0,0.0,0.0,0.0,4.0,0.0,0.0,Tier 6,58.0,11.0,43.0,32.0,⚡ High Variance (Boom/Bust Ceiling),26.0,Tier 5,11.0,43.0,32.0
Brian Thomas Jr.,WR,JAC,75.0,81.0,WR33,26.0,50.0,4.47,5,7,271a233e-68b3-4261-a3aa-7667eaf9d3cc,84.1,90.0,brian thomas,WR,JAX,WR_brian_thomas_JAX,149.6,181.09,81.24199999999999,58.03,871.55,5.35,2.67,17.72,0.39,0.0,0.0,0.0,75.0,WR33,185.86,13.0,82.6,83.9,79.4,81.0,81.0,Healthy,0,73.0,Neutral,Black,0.0,0.0,0.0,—,8.9,8.8,11.14,8.49,0.0,0.0,1.0,0.0,,,,,,,,,,,,,🎯 **Target**,🤝 **Consensus High**,Consensus Alignment,Tier 13,Round 7,7.0,Liam Coen explosive downfield weapon; Trevor Lawrence ascension.,https://www.fantasypoints.com/nfl/articles/2026/the-gurus-2026-fantasy-football-draft-plan,10.0,0.0,1.0,0.0,0.0,0.0,0.0,0.0,0.0,0.0,0.0,0.0,,,,6.0,97.0,consensus,2.5,Medium,0.0,0.0,,,,2.0,112.0,-0.55,-35.0,Fading,JAX,0.015,0.28,2100.0,0.052,27.9,-0.02,0.1,JAX,7.0,4.0,80.0,80.0,True,Liam Coen,97.4,9.0,26.0,5.0,37.0,8.0,0.616,High 11P,21.0,Balanced,7.0,Condensed,1.0,Shootouts (High Scoring Offense + Vulnerable Defense -> Max Fantasy Ceiling),JAX,23,24.71,75.29,26.0,0.9,L.Coen,16,72.6,71.0,-0.163,-0.3116,0.2187,-0.2114,0.6725,-0.079,,,,,,,,,0,,,,,,,,,,,,,,,146.8,20.0,31.0,11.0,0.945,14.4,11.56,157.2,133.4,145.1,83.9,33.0,WR30,30.0,71.2,149.6,8.8,8.0,$8-10,66.0,12.4,—,0,0,99,,—,30,WR30,158.5,19.19,136,0.944,0.0,7.6,8.9,4.4,6.0,6.0,83.9,79.4,4.5,4.5,83.9,79.4,YAHOO,SLEEPER,Screaming Steal (Huge Value),157.97,-0.95,0.0,157.97,19.19,19.19,64,31,WR31,T5,10.0,17.0,True,False,0.0,4.4,157.97,11.14,-35.0,0.0,0.0,0.0,0.0,0.0,0.0,0.0,0.0,0.0,Tier 8,75.0,26.0,50.0,24.0,⚡ High Variance (Boom/Bust Ceiling),33.0,Tier 6,26.0,50.0,24.0
Jaylen Warren,RB,PIT,73.0,64.0,RB28,23.0,34.0,2.49,5,9,7e397190-ca24-11ec-9f1c-b7114d38a85b,86.2,92.0,jaylen warren,RB,PIT,RB_jaylen_warren_PIT,164.4,193.33,59.31799999999999,42.37,322.06,1.49,188.05,827.46,4.83,0.0,0.0,0.0,42.0,RB21,202.54,11.0,65.3,76.8,62.7,64.0,64.0,Healthy,0,68.0,Neutral,Black,0.0,0.0,0.0,Gold Standard,12.3,9.67,0.0,0.0,0.0,0.0,0.0,0.0,34.0,-13.0,Full PPR Favored (Targets),24.0,20.0,Med,,,,,,,🚫 **Overvalue / Committee**,🤝 **Consensus Avoid (Dirty 30)**,Consensus Alignment,Tier 13,Round 8,8.0,100+ rush yds only 4 times in 4 seasons; Dowdle preferred by McCarthy; faces 5 tough run defenses.,https://www.fantasypoints.com/nfl/articles/2026/players-to-avoid-and-overvalues,6.0,0.0,0.0,1.0,0.0,0.0,1.0,0.0,0.0,0.0,0.0,0.0,RB39,T9,,6.0,76.0,consensus,2.5,Medium,0.0,0.0,5.0,1.0,,,,,0.0,Neutral,PIT,-0.05,0.28,2150.0,0.03,29.6,0.04,0.02,PIT,12.0,3.5,70.0,70.0,False,Mike McCarthy,90.1,17.0,18.0,27.0,46.2,1.0,0.691,—,1.0,Zone,25.0,Spread,9.0,Slugfests (Low Scoring Offense + Elite Defense -> Low Over/Unders / Grinding Games),PIT,19,41.2,58.8,6.0,4.6,M.McCarthy,16,86.6,70.7,,,,,,,1.4619,,,,,,,,0,,,,,,,,,,,,,,,133.8,29.0,27.0,-2.0,0.935,14.1,10.36,137.0,126.7,69.6,76.8,27.0,RB26,26.0,73.0,164.4,9.67,7.0,$11-13,96.0,10.2,—,0,0,99,,—,26,RB26,181.3,18.63,159,0.907,0.0,-7.7,3.8,-10.3,-9.0,-9.0,76.8,62.7,14.1,14.1,76.8,62.7,YAHOO,SLEEPER,Severe Reach (Overpriced),166.29,0.0,-0.008,164.96,18.63,18.63,65,26,RB26,T5,6.0,-1.0,False,True,3.0,-0.8,166.29,0.0,0.0,-0.8,0.0,0.0,0.0,0.0,0.0,0.0,0.0,6.0,Tier 8,73.0,23.0,34.0,11.0,⚡ High Variance (Boom/Bust Ceiling),28.0,Tier 7,23.0,34.0,11.0
Kyle Pitts Sr.,TE,ATL,84.0,74.0,TE8,4.0,11.0,1.39,2,11,1f3deb24-9ff8-4769-8f42-825eff7742f6,95.8,98.0,kyle pitts,TE,ATL,TE_kyle_pitts_ATL,132.5,187.75,108.02399999999999,77.16,845.18,4.39,0.0,0.0,0.0,0.0,0.0,0.0,66.0,TE5,181.29,12.0,75.5,72.9,72.5,74.0,74.0,Healthy,0,81.0,Pass (Yellow),Yellow,0.0,1.0,0.0,—,,7.79,0.0,0.0,0.0,0.0,0.0,0.0,,,,,,,,,,,,,🎯 **Value**,🤝 **Consensus Value**,Consensus Alignment,Tier 13,Round 8,8.0,54% 2-WR heavy personnel scheme; Bijan & London open up seams.,https://www.fantasypoints.com/nfl/articles/2026/the-gurus-2026-fantasy-football-draft-plan,6.0,0.0,1.0,0.0,0.0,0.0,0.0,0.0,0.0,0.0,0.0,0.0,,,,5.0,72.0,consensus,2.5,Medium,0.0,0.0,,,,,,,0.0,Neutral,ATL,0.032,0.15,1100.0,0.092,26.0,0.05,0.12,ATL,21.0,4.0,80.0,80.0,False,Kevin Stefanski/Rees,86.4,21.0,22.4,16.0,25.7,28.0,0.592,High 12P,10.0,Gap,18.0,Even,3.0,Passing / Garbage Time (Low Scoring Offense + Bad Defense -> Trailing Game Scripts / Air Volume),ATL,11,54.01,45.99,2.0,-4.2,K.Stefanski,16,75.9,89.7,,-0.286,,,0.7467,,,,,,,,,,0,,,,,,,,,,,,,,,132.4,6.0,7.0,1.0,0.993,13.6,8.7,117.6,122.8,132.5,72.9,8.0,TE5,5.0,69.5,132.5,7.79,3.0,$6-8,68.0,11.1,—,0,0,99,,—,5,TE5,124.0,17.04,50,1.069,8.5,-8.5,-11.1,-11.5,-10.0,-10.0,75.5,72.5,3.0,3.0,75.5,72.5,ESPN,SLEEPER,Severe Reach (Overpriced),144.67,4.06,-0.021,141.63,17.04,17.04,66,5,TE5,T5,6.0,8.0,True,False,0.0,0.4,144.67,0.0,0.0,-2.1,0.0,0.0,0.0,0.0,0.0,0.0,-5.0,0.0,Tier 9,84.0,4.0,11.0,7.0,⚡ High Variance (Boom/Bust Ceiling),8.0,Tier 3,4.0,11.0,7.0
Sam LaPorta,TE,DET,80.0,80.0,TE7,4.0,15.0,2.08,2,6,3059f1e5-1871-4458-9e90-9b9917874c61,94.8,98.0,sam laporta,TE,DET,TE_sam_laporta_DET,131.9,184.14,98.61599999999999,70.44,813.85,5.45,0.0,0.0,0.0,0.0,0.0,0.0,87.0,TE11,157.26,14.0,81.6,63.1,78.4,80.0,80.0,Healthy,0,78.0,Neutral,Black,0.0,0.0,0.0,—,,7.76,0.0,0.0,0.0,0.0,0.0,0.0,,,,,,,,,,,,,"🎯 **Target / ""The Twelve""**",🤝 **Consensus Target**,Consensus Alignment,Tier 11,Round 7/8 (7.05),7.05,"Guru's ""The Twelve"" pick; 15.9 FPG in $>75\%$ route games; Drew Petzing 75%+ TE route scheme; elite value 30 picks after Warren.",https://www.fantasypoints.com/nfl/articles/2026/the-gurus-2026-fantasy-football-draft-plan,12.0,0.0,1.0,0.0,0.0,1.0,0.0,0.0,0.0,0.0,0.0,0.0,TE5,T2,,5.0,66.0,consensus,2.5,Medium,1.0,1.0,,,,,50.0,0.08,4.0,Neutral,DET,0.018,0.09,720.0,0.16,26.4,0.11,0.19,DET,15.0,3.5,70.0,70.0,False,Drew Petzing,107.7,3.0,21.4,20.0,26.1,27.0,0.62,—,3.0,Gap,24.0,Even,11.0,Balanced Environment,DET,16,30.85,69.15,20.0,-1.1,D.Petzing,16,94.8,86.3,,1.0442,,,1.2472,,,,,,,,,,0,,,,,,,,,,,,,,,125.5,7.0,9.0,2.0,0.977,13.4,9.12,119.0,99.3,113.1,63.1,6.0,TE6,6.0,59.6,131.9,7.76,3.0,$5-7,56.0,11.3,—,0,0,99,,—,6,TE6,124.0,16.75,52,1.064,7.900000000000006,1.6,-16.9,-1.6,0.0,0.0,81.6,63.1,18.5,18.5,81.6,63.1,ESPN,YAHOO,Fair Market Value,136.64,-0.06,0.034,141.29,16.75,16.75,67,6,TE6,T5,12.0,13.0,True,False,6.0,0.8,136.64,0.0,4.0,3.4,0.0,0.0,10.0,5.0,0.0,0.0,0.0,0.0,Tier 9,80.0,4.0,15.0,11.0,⚡ High Variance (Boom/Bust Ceiling),7.0,Tier 3,4.0,15.0,11.0
Jayden Daniels,QB,WAS,59.0,64.0,QB5,2.0,13.0,2.07,2,7,bab8c65a-9fff-410d-8e34-dc2f636d890e,98.7,99.0,jayden daniels,QB,WAS,QB_jayden_daniels_WAS,309.0,322.53,0.0,0.0,0.0,0.0,130.0,685.99,4.7,3679.55,23.79,10.96,85.0,QB6,303.17,13.0,57.6,54.0,67.8,64.0,64.0,Healthy,0,58.0,Neutral,Black,0.0,0.0,0.0,—,16.7,18.18,12.45,10.91,0.0,0.0,1.0,0.0,,,,,,,,Elite Dual Threats,,,,,🎯 **Target (Price Caution)**,⚔️ **FP: High Ceiling  vs  Guru: Durability Caution**,FP: High Ceiling  vs  Guru: Durability Caution,Tier 12,Round 6,6.0,Dual-threat electricity; David Blough play-action scheme; Stefon Diggs & McLaurin weapons.,https://www.fantasypoints.com/nfl/articles/2026/the-gurus-2026-fantasy-football-draft-plan,12.0,0.0,1.0,0.0,1.0,0.0,0.0,0.0,0.0,0.0,0.0,0.0,QB3,T2,,4.0,41.0,guy,1.6,Low (High Floor Alpha),0.0,0.0,,,,,142.0,0.85,78.5,Hyper-Surging,WAS,0.012,0.23,1780.0,0.088,25.1,0.07,0.1,WAS,24.0,2.0,40.0,40.0,True,David Blough,80.9,26.0,22.0,18.0,36.0,10.0,0.65,More 12P,5.0,Gap,12.0,Even,12.0,Shootouts (High Scoring Offense + Vulnerable Defense -> Max Fantasy Ceiling),WAS,25,30.3,69.7,21.0,0.0,Unknown,16,87.6,96.6,,,,,,,,,,,0.9211,,,,0,,,,,,,,,,,,,,,243.9,14.0,5.0,-9.0,0.883,12.6,19.4,216.2,204.4,216.4,54.0,5.0,QB3,3.0,64.4,309.0,18.18,2.0,$16-18,61.0,19.2,—,0,0,99,,—,3,QB3,272.9,16.35,19,1.132,36.10000000000002,-1.4,-5.0,8.8,5.0,5.0,67.8,54.0,13.8,13.8,67.8,54.0,SLEEPER,YAHOO,Value Target (Discounted),291.27,-3.84,0.016,295.93,16.35,16.35,68,5,QB5,T5,12.0,-4.0,False,False,3.0,-3.6,291.27,12.45,78.5,1.6,0.0,0.0,0.0,0.0,0.0,0.0,0.0,0.0,Tier 7,59.0,2.0,13.0,11.0,⚡ High Variance (Boom/Bust Ceiling),5.0,Tier 2,2.0,13.0,11.0
Harold Fannin Jr.,TE,CLE,79.0,65.0,TE6,4.0,13.0,1.84,2,11,8bdf2df7-b51c-4404-b153-8dc62b1e0845,93.1,97.0,harold fannin,TE,CLE,TE_harold_fannin_CLE,125.4,192.64,111.92999999999999,79.95,818.68,5.41,0.0,0.0,0.0,0.0,0.0,0.0,76.0,TE8,172.68,13.0,66.3,71.4,63.7,65.0,65.0,Healthy,0,70.0,Neutral,Black,0.0,0.0,0.0,—,,7.38,0.0,0.0,0.0,0.0,0.0,0.0,,,,,,,,,,,,,🎯 **Sleeper TE**,🤝 **Consensus High**,Consensus Alignment,Tier 12,Round 7/8,7.5,Todd Monken TE-friendly scheme; athletic move-TE profile. | 🔥 Catalyst: New Situation,https://www.fantasypoints.com/nfl/articles/2026/ryan-heaths-2026-fantasy-football-rankings-and-targets,8.0,0.0,1.0,0.0,0.0,0.0,0.0,0.0,0.0,0.0,0.0,0.0,,,,5.0,63.0,consensus,2.5,Medium,0.0,0.0,,,,,,,0.0,Neutral,CLE,0.0,0.16,1280.0,0.022,29.1,0.01,0.03,CLE,27.0,2.0,40.0,40.0,False,Todd Monken,70.9,32.0,24.1,10.0,32.8,18.0,0.579,"High 12P, 21P",30.0,Zone,16.0,Even,18.0,Slugfests (Low Scoring Offense + Elite Defense -> Low Over/Unders / Grinding Games),CLE,32,46.6,53.4,5.0,-3.2,T.Monken,16,87.7,99.0,,-0.2054,,,0.8954,,,,,,,,,,0,,,,,,,,,,,,,,,136.7,4.0,6.0,2.0,0.957,14.4,9.97,137.2,115.7,133.0,71.4,7.0,TE9,9.0,68.8,125.4,7.38,3.0,$2-4,69.0,11.3,New Situation,1,0,99,,—,9,TE9,124.0,16.18,76,1.011,1.4000000000000057,-12.7,-7.6,-15.3,-14.0,-14.0,71.4,63.7,7.7,7.7,71.4,63.7,YAHOO,SLEEPER,Severe Reach (Overpriced),140.05,-99.7,0.004,140.61,16.18,16.18,69,7,TE7,T5,8.0,-4.0,False,False,3.0,0.8,140.05,0.0,0.0,0.4,0.0,0.0,0.0,0.0,6.0,0.0,0.0,0.0,Tier 9,79.0,4.0,13.0,9.0,⚡ High Variance (Boom/Bust Ceiling),6.0,Tier 3,4.0,13.0,9.0
Quentin Johnston,WR,LAC,88.0,110.5,WR38,31.0,54.0,4.22,5,7,e648bc98-bc81-44d0-8d4b-b9223c497ff4,70.2,81.0,quentin johnston,WR,LAC,WR_quentin_johnston_LAC,148.0,169.93,75.03999999999999,53.6,757.28,6.88,1.69,5.94,0.03,0.0,0.0,0.0,95.0,WR42,170.23,14.0,112.7,109.7,108.3,110.5,110.5,Healthy,0,100.0,Neutral,Black,0.0,0.0,0.0,—,10.6,8.71,0.0,0.0,0.0,0.0,0.0,0.0,,,,,,,,,,,,,💤 **Breakout Sleeper (+40 ADP Delta)**,—,Consensus Alignment,—,—,99.0,,,1.0,0.0,0.0,0.0,0.0,0.0,0.0,0.0,0.0,0.0,0.0,0.0,—,—,,6.0,89.0,dragon,3.8,High (Elite Ceiling),1.0,1.0,,,,,,,0.0,Neutral,LAC,-0.035,0.38,2900.0,0.06,29.2,0.05,0.07,LAC,32.0,3.0,60.0,60.0,False,Mike McDaniel,91.9,15.0,26.7,3.0,35.4,11.0,0.663,High 21P,31.0,Zone,1.0,Very Condensed,28.0,Chew the Clock (High Scoring Offense + Elite Defense -> Run-Heavy Second Halves),LAC,9,18.72,81.28,30.0,-1.4,M.McDaniel,16,70.4,82.8,-0.4993,-0.2597,0.3986,1.3495,-0.0076,0.1989,,,,,,,,,0,,,,,,,,,,,,,,,135.9,23.0,44.0,21.0,0.959,13.7,9.6,126.3,132.5,146.7,109.7,42.0,WR33,33.0,111.1,148.0,8.71,8.0,$6-8,122.0,10.4,—,0,0,99,,—,33,WR33,158.5,13.41,143,0.934,0.0,24.7,21.7,20.3,22.5,22.5,112.7,108.3,4.4,4.4,112.7,108.3,ESPN,SLEEPER,Screaming Steal (Huge Value),150.53,-2.85,0.011,152.19,13.41,13.41,70,32,WR32,T5,4.1,40.5,True,False,0.0,6.0,150.53,0.0,0.0,1.1,0.0,0.0,0.0,5.0,0.0,0.0,0.0,0.0,Tier 9,88.0,31.0,54.0,23.0,⚡ High Variance (Boom/Bust Ceiling),38.0,Tier 6,31.0,54.0,23.0
Joe Burrow,QB,CIN,48.0,55.5,QB4,2.0,8.0,1.27,2,6,3023ac10-4e7f-425f-9fc5-2b8e6332c92e,96.7,100.0,joe burrow,QB,CIN,QB_joe_burrow_CIN,295.7,310.89,0.0,0.0,0.0,0.0,48.22,178.6,1.36,4174.57,33.34,11.63,63.0,QB4,322.32,12.0,50.0,49.0,58.8,55.5,55.5,Healthy,0,66.0,Neutral,Black,0.0,0.0,0.0,—,17.3,17.39,16.32,14.39,0.0,0.0,1.0,0.0,,,,,,,,Pocket Passers,,,Best Friend QB (High Checkdowns / No GL Vultures),,🚫 **Overvalue / Pocket Trap**,🤝 **Consensus Avoid (Stack Only)**,Consensus Alignment,Tier 12,Round 5/6,5.5,Only pocket passer priced in R5-6; lacks rushing floor compared to Daniels/Maye/Hurts; only draft to stack Chase/Higgins.,https://www.fantasypoints.com/nfl/articles/2026/players-to-avoid-and-overvalues,6.0,0.0,0.0,1.0,0.0,0.0,1.0,0.0,0.0,0.0,0.0,1.0,QB8,T3,,5.0,65.0,consensus,2.5,Medium,0.0,0.0,,,,,48.0,0.12,6.0,Neutral,CIN,0.05,0.18,1420.0,0.125,25.2,0.01,0.21,CIN,19.0,3.0,60.0,60.0,False,Zac Taylor,98.6,7.0,22.5,15.0,42.5,3.0,0.751,—,11.0,Gap,20.0,Very Spread,15.0,Shootouts (High Scoring Offense + Vulnerable Defense -> Max Fantasy Ceiling),CIN,28,31.69,68.31,19.0,3.6,Z.Taylor,16,94.7,95.3,,,,,,,,,,,1.7227,,,,0,,,,,,,,,,,,,,,252.7,11.0,4.0,-7.0,0.936,14.6,17.89,243.7,252.3,196.3,49.0,4.0,QB6,6.0,51.5,295.7,17.39,3.0,$12-14,60.0,19.4,—,0,0,99,,—,6,QB6,272.9,12.67,34,1.084,22.80000000000001,2.0,1.0,10.8,7.5,7.5,58.8,49.0,9.8,9.8,58.8,49.0,SLEEPER,YAHOO,Screaming Steal (Huge Value),291.61,-2.3,-0.002,291.03,12.67,12.67,71,6,QB6,T5,6.0,-15.5,False,True,6.0,-2.8,291.61,16.32,6.0,-0.2,0.0,0.0,0.0,0.0,0.0,0.0,0.0,0.0,Tier 6,48.0,2.0,8.0,6.0,⚖️ Moderate Variance,4.0,Tier 2,2.0,8.0,6.0
Tucker Kraft,TE,GB,68.0,72.0,TE5,3.0,11.0,1.34,2,11,3a084c5f-6b9f-4703-a0c7-1566bc4b1129,88.6,98.0,tucker kraft,TE,GB,TE_tucker_kraft_GB,124.0,178.39,86.044,61.46,785.79,6.47,0.0,0.0,0.0,0.0,0.0,0.0,81.0,TE9,165.55,13.0,73.4,60.8,70.6,72.0,72.0,Healthy,0,64.0,Neutral,Black,0.0,0.0,0.0,—,,7.29,0.0,0.0,0.0,0.0,0.0,0.0,,,,,,,,,,,,,💥 **Expanded Exodia / Value**,🤝 **Consensus Target**,Consensus Alignment,Tier 13,Round 7/8,7.5,"28.5% vacated target share; .62 FP/RR (2nd in NFL), 2.54 YPRR (3rd in NFL); Jordan Love trusted weapon; Scott Barrett core target ($10).",https://www.fantasypoints.com/nfl/articles/2026/the-gurus-2026-fantasy-football-draft-plan,10.0,1.0,1.0,0.0,0.0,0.0,0.0,0.0,0.0,0.0,0.0,0.0,TE7,T3,,5.0,59.0,guy,1.6,Low (High Floor Alpha),1.0,0.0,,,,,,,0.0,Neutral,GB,0.02,0.16,1300.0,0.112,27.8,0.04,0.16,GB,20.0,2.0,40.0,40.0,False,Matt LaFleur,90.5,16.0,23.0,13.0,36.3,9.0,0.667,High 12P,19.0,Balanced,8.0,Very Condensed,17.0,Chew the Clock (High Scoring Offense + Elite Defense -> Run-Heavy Second Halves),GB,27,38.22,61.78,13.0,-1.0,M.LaFleur,16,92.1,,,-0.0538,,,1.2014,,,,,,,,,,0,,,,,,,,,,,,,,,109.4,15.0,5.0,-10.0,0.969,12.3,7.42,88.3,80.4,87.9,60.8,5.0,TE12,12.0,63.4,124.0,7.29,3.0,$2-4,57.0,11.2,—,0,0,99,,—,12,TE12,124.0,12.45,91,1.0,0.0,5.4,-7.2,2.6,4.0,4.0,73.4,60.8,12.6,12.6,73.4,60.8,ESPN,YAHOO,Value Target (Discounted),130.74,-5.6,0.042,136.23,12.45,12.45,72,8,TE8,T5,10.0,0.0,True,False,6.0,-4.0,130.74,0.0,0.0,4.2,22.0,0.0,0.0,5.0,0.0,0.0,0.0,0.0,Tier 8,68.0,3.0,11.0,8.0,⚡ High Variance (Boom/Bust Ceiling),5.0,Tier 3,3.0,11.0,8.0
George Kittle,TE,SF,94.0,92.0,TE9,5.0,23.0,2.53,3,8,2ada91b0-036e-454f-83c3-6d939ff584a9,89.1,95.0,george kittle,TE,SF,TE_george_kittle_SF,124.1,185.08,97.202,69.43,787.57,6.21,0.0,0.0,0.0,0.0,0.0,0.0,67.0,TE6,174.27,13.0,93.8,86.7,90.2,92.0,92.0,Healthy,0,90.0,Neutral,Black,0.0,0.0,0.0,—,,7.3,0.0,0.0,0.0,0.0,0.0,0.0,,,,,,,,,,,,,🎯 **Value / Target ($6-$8 Auction)**,⚔️ **FP: Elite YPRR Target  vs  Guru: Dirty 30 Volatile**,FP: Elite YPRR Target  vs  Guru: Dirty 30 Volatile,Tier 13,Round 8,8.0,2.41 YPRR over 5 years (leads NFL TEs); +0.599 EPA/target (leads all NFL players); Scott Barrett core auction TE ($6-$8).,https://www.fantasypoints.com/nfl/articles/2026/the-gurus-2026-fantasy-football-draft-plan,7.0,0.0,1.0,0.0,1.0,0.0,1.0,0.0,0.0,0.0,0.0,0.0,TE8,T3,,6.0,74.0,guy,1.6,Low (High Floor Alpha),0.0,0.0,,,,,52.0,0.1,5.0,Neutral,SF,-0.012,0.11,890.0,0.175,28.8,0.14,0.2,SF,6.0,4.0,80.0,80.0,False,Kyle Shanahan,100.9,6.0,26.4,4.0,32.9,17.0,0.774,High 21P,8.0,Zone,3.0,Most Condensed,14.0,Shootouts (High Scoring Offense + Vulnerable Defense -> Max Fantasy Ceiling),SF,6,48.24,51.76,3.0,-1.9,K.Shanahan,16,99.0,68.0,,0.6067,,,2.2446,,,,,,,,,,0,,,,,,,,,,,,,,,123.9,8.0,8.0,0.0,0.977,13.3,10.03,130.8,126.9,86.1,86.7,9.0,TE11,11.0,91.5,124.1,7.3,3.0,$1-3,70.0,10.8,—,0,0,99,,—,11,TE11,124.0,11.59,90,1.001,0.09999999999999432,-0.2,-7.3,-3.8,-2.0,-2.0,93.8,86.7,7.1,7.1,93.8,86.7,ESPN,YAHOO,Fair Market Value,136.59,4.74,-0.01,135.22,11.59,11.59,73,9,TE9,T6,7.0,19.0,True,True,6.0,0.0,136.59,0.0,5.0,-1.0,0.0,0.0,0.0,0.0,0.0,0.0,0.0,0.0,Tier 10,94.0,5.0,23.0,18.0,⚡ High Variance (Boom/Bust Ceiling),9.0,Tier 3,5.0,23.0,18.0
DK Metcalf,WR,PIT,76.0,81.5,WR34,25.0,48.0,4.16,5,9,754faf0f-40f7-45f0-b23b-6ce990ecaf26,89.8,92.0,dk metcalf,WR,PIT,WR_dk_metcalf_PIT,148.1,195.24,89.964,64.26,927.14,6.07,0.67,3.33,0.33,0.0,0.0,0.0,57.0,WR27,200.69,12.0,83.1,86.3,79.9,81.5,81.5,Healthy,0,84.0,Avoid (Red),Red,0.0,0.0,1.0,—,10.9,8.71,0.0,0.0,0.0,0.0,0.0,0.0,,,,,,,,,,,,,💤 **Breakout Sleeper (+8 ADP Delta)**,—,Consensus Alignment,—,—,99.0,,,1.0,0.0,0.0,0.0,0.0,0.0,0.0,0.0,0.0,0.0,0.0,0.0,—,—,,6.0,78.0,consensus,2.5,Medium,0.0,0.0,,,8.0,1.0,,,0.0,Neutral,PIT,-0.05,0.28,2150.0,0.03,29.6,0.04,0.02,PIT,12.0,3.5,70.0,70.0,False,Mike McCarthy,90.1,17.0,18.0,27.0,46.2,1.0,0.691,—,1.0,Zone,25.0,Spread,9.0,Slugfests (Low Scoring Offense + Elite Defense -> Low Over/Unders / Grinding Games),PIT,19,41.2,58.8,6.0,4.6,M.McCarthy,16,78.1,66.2,-0.6141,-0.6093,1.7238,0.5553,0.7089,0.0597,,,,,,,,,0,,,,,,,,,,,,,,,133.9,24.0,37.0,13.0,0.958,13.2,8.93,113.3,136.1,129.6,86.3,34.0,WR32,32.0,74.9,148.1,8.71,8.0,$7-9,88.0,11.9,—,0,0,99,,—,32,WR32,158.5,11.19,142,0.934,0.0,7.1,10.3,3.9,5.5,5.5,86.3,79.9,6.4,6.4,86.3,79.9,YAHOO,SLEEPER,Value Target (Discounted),157.7,-6.6,-0.049,149.97,11.19,11.19,74,33,WR33,T6,3.4,7.5,True,False,0.0,5.2,157.7,0.0,0.0,-4.9,0.0,0.0,0.0,0.0,0.0,0.0,-15.0,0.0,Tier 9,76.0,25.0,48.0,23.0,⚡ High Variance (Boom/Bust Ceiling),34.0,Tier 6,25.0,48.0,23.0
Justin Herbert,QB,LAC,71.0,87.0,QB8,3.0,15.0,2.14,2,7,f0a8f8e3-b9e9-46ed-85e4-eec6452a8a44,87.4,98.0,justin herbert,QB,LAC,QB_justin_herbert_LAC,280.6,299.59,0.0,0.0,0.0,0.0,78.44,450.15,2.12,3857.94,26.21,11.66,88.0,QB7,300.13,14.0,78.3,69.8,92.2,87.0,87.0,Healthy,0,79.0,Target (Green),Green,1.0,0.0,0.0,—,16.6,16.51,0.0,0.0,0.0,0.0,0.0,0.0,,,,,,,High Volume Value (Above Line),Sneaky Scramblers,,,,,"🎯 **Target / ""The Twelve""**",🤝 **Consensus Target**,Consensus Alignment,Tier 13,Round 8 (8.04),8.04,"Guru's ""The Twelve"" pick; 0.44 EPA/DB with Joe Alt healthy (led NFL); Jim Harbaugh + Mike McDaniel marriage; top-7 QB digits.",https://www.fantasypoints.com/nfl/articles/2026/the-gurus-2026-fantasy-football-draft-plan,4.0,0.0,1.0,0.0,0.0,1.0,0.0,0.0,0.0,0.0,0.0,1.0,QB10,T5,,6.0,98.0,guy,1.6,Low (High Floor Alpha),0.0,0.0,,,,,,,0.0,Neutral,LAC,-0.035,0.38,2900.0,0.06,29.2,0.05,0.07,LAC,32.0,3.0,60.0,60.0,False,Mike McDaniel,91.9,15.0,26.7,3.0,35.4,11.0,0.663,High 21P,31.0,Zone,1.0,Very Condensed,28.0,Chew the Clock (High Scoring Offense + Elite Defense -> Run-Heavy Second Halves),LAC,9,18.72,81.28,30.0,-1.4,M.McDaniel,16,88.7,66.7,,,,,,,,,,,0.835,,,,0,,,,,,,,,,,,,,,259.8,8.0,8.0,0.0,0.982,15.2,18.14,270.2,251.0,212.8,69.8,8.0,QB9,9.0,82.7,280.6,16.51,4.0,$5-7,77.0,19.0,—,0,0,99,,—,9,QB9,272.9,10.18,54,1.028,7.7000000000000455,7.3,-1.2,21.2,16.0,16.0,92.2,69.8,22.4,22.4,92.2,69.8,SLEEPER,YAHOO,Screaming Steal (Huge Value),280.28,-2.85,0.0265,287.71,10.18,10.18,75,7,QB7,T6,4.0,12.0,True,False,3.0,0.0,280.28,0.0,0.0,2.6,0.0,0.0,10.0,0.0,0.0,0.0,12.0,0.0,Tier 8,71.0,3.0,15.0,12.0,⚡ High Variance (Boom/Bust Ceiling),8.0,Tier 3,3.0,15.0,12.0
TreVeyon Henderson,RB,NE,65.0,53.5,RB26,16.0,34.0,3.55,5,11,0d9788e6-03ee-416d-8ba2-deb57037d209,91.0,94.0,treveyon henderson,RB,NE,RB_treveyon_henderson_NE,158.0,191.46,49.336,35.24,244.19,1.15,185.75,852.23,6.89,0.0,0.0,0.0,64.0,RB26,179.33,12.0,54.6,62.8,52.4,53.5,53.5,Healthy,0,63.0,Pass (Yellow),Yellow,0.0,1.0,0.0,Fool's Gold,,9.29,0.0,0.0,0.0,0.0,0.0,0.0,,,,31.0,34.0,Med,,,,,,,🚫 **Overvalue / Fade**,🤝 **Consensus Avoid**,Consensus Alignment,Tier 11,Round 5,5.0,Rhamondre Stevenson dominated playoff snaps (70% vs 31%) and touches; McDaniels trusts Stevenson in pass pro; Henderson overpriced by 3 rounds.,https://www.fantasypoints.com/nfl/articles/2026/players-to-avoid-and-overvalues,10.0,0.0,0.0,1.0,0.0,0.0,1.0,0.0,0.0,0.0,0.0,0.0,RB29,T7,,5.0,64.0,consensus,2.5,Medium,0.0,0.0,3.0,1.0,,,78.0,-0.38,-21.0,Cooling,NE,-0.03,0.3,2300.0,-0.055,29.4,-0.02,-0.07,NE,13.0,3.0,60.0,60.0,False,Josh McDaniels,104.9,4.0,24.9,6.0,34.6,13.0,0.605,—,24.0,Gap,21.0,Spread,4.0,Slugfests (Low Scoring Offense + Elite Defense -> Low Over/Unders / Grinding Games),NE,13,34.68,65.32,17.0,1.4,J.McDaniels,16,70.0,80.8,,,,,,,-0.8086,,,,,,,,0,,,,,,,,,,,,,,,173.9,18.0,19.0,1.0,0.95,15.8,10.61,159.0,155.3,159.7,62.8,25.0,RB28,28.0,53.2,158.0,9.29,7.0,$11-13,73.0,13.1,—,0,0,99,,—,28,RB28,181.3,9.94,166,0.871,0.0,-10.4,-2.2,-12.6,-11.5,-11.5,62.8,52.4,10.4,10.4,62.8,52.4,YAHOO,SLEEPER,Severe Reach (Overpriced),167.31,-1.8,-0.066,156.27,9.94,9.94,76,27,RB27,T6,10.0,-22.5,False,True,0.0,0.4,167.31,0.0,-21.0,-6.6,0.0,0.0,0.0,0.0,0.0,0.0,-5.0,-5.0,Tier 7,65.0,16.0,34.0,18.0,⚡ High Variance (Boom/Bust Ceiling),26.0,Tier 6,16.0,34.0,18.0
Trevor Lawrence,QB,JAC,74.0,86.0,QB10,6.0,14.0,1.99,3,7,aaa8b42c-4d87-45f6-bfd2-e31cfed9a736,87.5,93.0,trevor lawrence,QB,JAX,QB_trevor_lawrence_JAX,282.3,306.21,0.0,0.0,0.0,0.0,72.49,321.94,4.94,3908.45,26.97,12.99,90.0,QB9,298.69,14.0,77.4,84.8,91.2,86.0,86.0,Healthy,0,75.0,Target (Green),Green,1.0,0.0,0.0,—,18.9,16.61,12.7,4.03,0.0,0.0,1.0,0.0,,,,,,,High Volume Value (Above Line),High Designed Runs,,,,,"🎯 **#1 QB Target / ""The Twelve""**",🤝 **Consensus #1 Value QB**,Consensus Alignment,Tier 13,Round 8 (8.09),8.09,"Guru's **#1 QB Target of 2026** (""The Twelve""); Liam Coen playcalling; #1 in FPG (23.5) final 10 weeks of 2025; 9 rush TDs; $3 in auctions. | 🔥 Catalyst: Weapon Upgrades",https://www.fantasypoints.com/nfl/articles/2026/the-gurus-2026-fantasy-football-draft-plan,3.0,0.0,1.0,0.0,0.0,1.0,0.0,0.0,0.0,0.0,0.0,1.0,QB7,T3,,5.0,68.0,guy,1.6,Low (High Floor Alpha),0.0,0.0,,,,,,,0.0,Neutral,JAX,0.015,0.28,2100.0,0.052,27.9,-0.02,0.1,JAX,7.0,4.0,80.0,80.0,True,Liam Coen,97.4,9.0,26.0,5.0,37.0,8.0,0.616,High 11P,21.0,Balanced,7.0,Condensed,1.0,Shootouts (High Scoring Offense + Vulnerable Defense -> Max Fantasy Ceiling),JAX,23,24.71,75.29,26.0,0.9,L.Coen,16,79.5,85.0,,,,,,,,,,,0.7691,,,,0,,,,,,,,,,,,,,,247.7,12.0,10.0,-2.0,0.975,11.9,16.83,194.5,211.0,262.2,84.8,10.0,QB8,8.0,100.8,282.3,16.61,3.0,$5-7,76.0,19.1,Weapon Upgrades,1,0,99,,—,8,QB8,272.9,9.69,47,1.034,9.400000000000034,3.4,10.8,17.2,12.0,12.0,91.2,77.4,13.8,13.8,91.2,77.4,SLEEPER,ESPN,Screaming Steal (Huge Value),277.75,1.05,0.0335,287.05,9.69,9.69,77,8,QB8,T6,3.0,9.0,True,False,0.0,-0.8,277.75,12.7,0.0,3.4,0.0,0.0,10.0,0.0,6.0,0.0,12.0,0.0,Tier 8,74.0,6.0,14.0,8.0,⚡ High Variance (Boom/Bust Ceiling),10.0,Tier 3,6.0,14.0,8.0
Mark Andrews,TE,BAL,122.0,120.0,TE15,6.0,23.0,3.19,3,13,0618f387-9b72-4270-8b8f-dec4cccc9e4a,80.8,86.0,mark andrews,TE,BAL,TE_mark_andrews_BAL,122.8,167.2,83.50999999999999,59.65,618.84,7.7,0.0,0.0,0.0,0.0,0.0,0.0,111.0,TE12,157.67,17.0,122.4,113.4,117.6,120.0,120.0,Healthy,0,113.0,Neutral,Black,0.0,0.0,0.0,—,,7.22,0.0,0.0,0.0,0.0,0.0,0.0,,,,,,,,,,,,,🎯 **TE2 Value ($1-$3)**,🤝 **Consensus High**,Consensus Alignment,Tier 14,Round 10/11,10.5,"Likely & Kolar gone; $39.3M extension; 70% slot routes; TE room built around Andrews. | 🔥 Catalyst: Role Increase, New Situation + O/S Top 100 | ⭐ #5 Ravens Offense Most Undervalued Asset",https://www.fantasypoints.com/nfl/articles/2026/the-gurus-2026-fantasy-football-draft-plan,3.0,0.0,1.0,0.0,0.0,0.0,0.0,0.0,0.0,0.0,0.0,0.0,TE13,T6,,7.0,138.0,consensus,2.5,Medium,0.0,0.0,,,,,,,0.0,Neutral,BAL,-0.045,0.15,1150.0,0.165,28.4,0.15,0.18,BAL,11.0,3.0,60.0,60.0,True,Declan Doyle,86.1,22.0,29.3,1.0,37.2,7.0,0.63,High 12P,8.0,Zone,6.0,Even,11.0,Chew the Clock (High Scoring Offense + Elite Defense -> Run-Heavy Second Halves),BAL,26,59.85,40.15,1.0,0.0,Unknown,16,73.5,87.1,,0.2652,,,0.6974,,,,,,,,,,0,,,,,,,,,,,,,,,120.9,9.0,15.0,6.0,0.992,15.6,7.55,116.5,103.9,103.3,113.4,14.0,TE13,13.0,129.6,122.8,7.22,3.0,$1,109.0,10.3,"Role Increase, New Situation + O/S Top 100",1,1,5,Ravens,#5 Ravens Offense - Most Undervalued Asset,13,TE13,124.0,9.6,100,0.99,0.0,0.4,-8.6,-4.4,-2.0,-2.0,122.4,113.4,9.0,9.0,122.4,113.4,ESPN,YAHOO,Fair Market Value,131.04,-2.65,0.014,132.87,9.6,9.6,78,10,TE10,T6,3.0,42.0,True,False,0.0,2.4,131.04,0.0,0.0,1.4,0.0,0.0,0.0,0.0,6.0,4.0,0.0,0.0,Tier 11,122.0,6.0,23.0,17.0,⚡ High Variance (Boom/Bust Ceiling),15.0,Tier 4,6.0,23.0,17.0
Michael Pittman Jr.,WR,PIT,87.0,100.5,WR37,26.0,51.0,4.97,5,9,1aefd5e2-1f85-471a-91a5-4aad4cf6fe6d,87.9,81.0,michael pittman,WR,PIT,WR_michael_pittman_PIT,142.6,190.3,112.672,80.48,806.08,4.98,0.0,0.0,0.0,0.0,0.0,0.0,62.0,WR30,195.75,12.0,102.5,120.0,98.5,100.5,100.5,Healthy,0,107.0,Pass (Yellow),Yellow,0.0,1.0,0.0,—,12.7,8.39,0.0,0.0,0.0,0.0,0.0,0.0,,,,,,,,,,,,,"🎯 **#7 Target / ""The Twelve""**",🤝 **Consensus #1 WR Misprice**,Consensus Alignment,Tier 14,Round 9 (9.12),9.12,"Guru's ""The Twelve"" target; Aaron Rodgers short-area target hog (6.2 aDOT); 90% targets underneath; top-25 WR production in Round 9.",https://www.fantasypoints.com/nfl/articles/2026/the-gurus-2026-fantasy-football-draft-plan,6.0,0.0,1.0,0.0,0.0,0.0,0.0,0.0,0.0,0.0,0.0,0.0,,,,5.0,69.0,consensus,2.5,Medium,0.0,0.0,,,,,,,0.0,Neutral,PIT,-0.05,0.28,2150.0,0.03,29.6,0.04,0.02,PIT,12.0,3.5,70.0,70.0,False,Mike McCarthy,90.1,17.0,18.0,27.0,46.2,1.0,0.691,—,1.0,Zone,25.0,Spread,9.0,Slugfests (Low Scoring Offense + Elite Defense -> Low Over/Unders / Grinding Games),PIT,19,41.2,58.8,6.0,4.6,M.McCarthy,16,71.4,76.7,0.1235,0.2811,-0.0771,-0.4208,0.3458,-0.5798,,,,,,,,,0,,,,,,,,,,,,,,,116.8,40.0,42.0,2.0,0.976,14.1,7.75,106.6,114.8,100.9,120.0,46.0,WR37,37.0,101.6,142.6,8.39,7.0,$5-7,89.0,12.3,—,0,0,99,,—,37,WR37,158.5,7.52,153,0.9,0.0,15.5,33.0,11.5,13.5,13.5,120.0,98.5,21.5,21.5,120.0,98.5,YAHOO,SLEEPER,Screaming Steal (Huge Value),149.44,-2.1,-0.021,146.3,7.52,7.52,79,34,WR34,T6,6.0,21.5,True,False,0.0,0.8,149.44,0.0,0.0,-2.1,0.0,0.0,0.0,0.0,0.0,0.0,-5.0,0.0,Tier 9,87.0,26.0,51.0,25.0,⚡ High Variance (Boom/Bust Ceiling),37.0,Tier 6,26.0,51.0,25.0
Travis Kelce,TE,KC,104.0,100.5,TE10,6.0,17.0,2.13,3,5,c3859e06-5f23-4302-a71b-04820a899d5f,88.4,94.0,travis kelce,TE,KC,TE_travis_kelce_KC,127.3,182.53,105.434,75.31,786.3,4.85,0.0,0.0,0.0,0.0,0.0,0.0,69.0,TE7,178.26,13.0,102.5,94.0,98.5,100.5,100.5,Healthy,0,132.0,Avoid (Red),Red,0.0,0.0,1.0,—,,7.49,0.0,0.0,11.5,6.09,0.0,1.0,,,,,,,,,,,,,💤 **Breakout Sleeper (+20 ADP Delta)**,—,Consensus Alignment,—,—,99.0,,,1.0,0.0,0.0,0.0,0.0,0.0,0.0,0.0,0.0,0.0,0.0,0.0,—,—,,7.0,114.0,fade,4.2,High (Overpriced Bust Risk),0.0,0.0,,,,,75.0,-0.36,-20.0,Cooling,KC,0.068,0.145,1250.0,0.142,26.5,0.02,0.22,KC,22.0,3.0,60.0,60.0,False,Andy Reid,89.6,19.0,22.0,19.0,33.2,16.0,0.546,—,9.0,Zone,22.0,Condensed,6.0,Chew the Clock (High Scoring Offense + Elite Defense -> Run-Heavy Second Halves),KC,21,38.45,61.55,11.0,6.4,A.Reid,16,78.5,,,-0.2095,,,0.7881,,,,,,,,,,0,,,,,,,,,,,,,,,117.7,10.0,19.0,9.0,0.984,14.6,8.33,119.4,124.5,59.5,94.0,10.0,TE7,7.0,92.1,127.3,7.49,3.0,$3-5,91.0,10.9,—,0,0,99,,—,7,TE7,124.0,6.4,69,1.027,3.299999999999997,-1.5,-10.0,-5.5,-3.5,-3.5,102.5,94.0,8.5,8.5,102.5,94.0,ESPN,YAHOO,Overpriced Fade,137.64,0.24,-0.062,129.11,6.4,6.4,80,11,TE11,T6,2.3,20.5,True,True,0.0,3.6,137.64,0.0,-20.0,-6.2,0.0,0.0,0.0,0.0,0.0,0.0,-15.0,0.0,Tier 10,104.0,6.0,17.0,11.0,⚡ High Variance (Boom/Bust Ceiling),10.0,Tier 4,6.0,17.0,11.0
Brock Purdy,QB,SF,91.0,110.5,QB11,7.0,18.0,2.07,3,8,d5aef708-ad61-4ab8-a637-62ff96e92040,84.2,90.0,brock purdy,QB,SF,QB_brock_purdy_SF,278.9,307.53,0.0,0.0,0.0,0.0,70.47,304.43,3.84,4156.5,27.69,14.3,109.0,QB12,292.36,17.0,99.5,98.3,117.1,110.5,110.5,Healthy,0,87.0,Target (Green),Green,1.0,0.0,0.0,—,17.2,16.41,0.0,0.0,0.0,0.0,0.0,0.0,,,,,,,High Volume Value (Above Line),Sneaky Scramblers,,,Best Friend QB (High Checkdowns / No GL Vultures),,🎯 **Value / Target**,🤝 **Consensus Target**,Consensus Alignment,Tier 14,Round 9/10,9.5,QB5 in FPG (21.0) in 2025; 1st in EPA/DB over 3 years; 43 TD pace; Trent Williams & Mike Evans weapons.,https://www.fantasypoints.com/nfl/articles/2026/the-gurus-2026-fantasy-football-draft-plan,3.0,0.0,1.0,0.0,0.0,0.0,0.0,0.0,0.0,0.0,0.0,1.0,QB14,T6,,6.0,81.0,guy,1.6,Low (High Floor Alpha),0.0,0.0,,,,,,,0.0,Neutral,SF,-0.012,0.11,890.0,0.175,28.8,0.14,0.2,SF,6.0,4.0,80.0,80.0,False,Kyle Shanahan,100.9,6.0,26.4,4.0,32.9,17.0,0.774,High 21P,8.0,Zone,3.0,Most Condensed,14.0,Shootouts (High Scoring Offense + Vulnerable Defense -> Max Fantasy Ceiling),SF,6,48.24,51.76,3.0,-1.9,K.Shanahan,16,91.0,63.6,,,,,,,,,,,0.8453,,,,0,,,,,,,,,,,,,,,258.2,9.0,13.0,4.0,0.964,15.5,20.39,304.8,235.7,192.3,98.3,12.0,QB10,10.0,121.3,278.9,16.41,4.0,$4-6,112.0,18.4,—,0,0,99,,—,10,QB10,272.9,6.38,59,1.022,6.0,8.5,7.3,26.1,19.5,19.5,117.1,98.3,18.8,18.8,117.1,98.3,SLEEPER,YAHOO,Screaming Steal (Huge Value),277.09,2.24,0.02,282.63,6.38,6.38,81,9,QB9,T6,3.0,29.5,True,False,6.0,1.6,277.09,0.0,0.0,2.0,0.0,0.0,0.0,0.0,0.0,0.0,12.0,0.0,Tier 10,91.0,7.0,18.0,11.0,⚡ High Variance (Boom/Bust Ceiling),11.0,Tier 3,7.0,18.0,11.0
Caleb Williams,QB,CHI,67.0,81.5,QB7,3.0,12.0,1.94,2,10,49d4b627-3f19-49a8-ae33-f539e0fb1f88,89.0,98.0,caleb williams,QB,CHI,QB_caleb_williams_CHI,272.9,301.42,0.0,0.0,0.0,0.0,79.37,398.59,2.09,3866.29,27.42,9.31,91.0,QB10,298.94,14.0,73.4,68.0,86.4,81.5,81.5,Healthy,0,74.0,Target (Green),Green,1.0,0.0,0.0,—,17.8,16.05,0.0,0.0,25.29,8.41,0.0,1.0,,,,,,,High Volume Value (Above Line),High Designed Runs,,,,,—,—,Consensus Alignment,—,—,99.0,,,1.0,0.0,0.0,0.0,0.0,0.0,0.0,0.0,0.0,0.0,0.0,0.0,—,—,,7.0,103.0,consensus,2.5,Medium,0.0,0.0,,,,,58.0,0.28,16.0,Neutral,CHI,0.01,0.26,2020.0,0.048,27.6,0.01,0.07,CHI,3.0,4.0,80.0,80.0,False,Ben Johnson,98.3,8.0,29.3,1.0,37.2,7.0,0.63,High 12P,4.0,Zone,6.0,Even,11.0,Balanced Environment,CHI,4,41.16,58.84,7.0,-2.7,B.Johnson,16,75.0,87.4,,,,,,,,,,,-0.0807,,,,0,,,,,,,,,,,,,,,280.6,4.0,9.0,5.0,0.987,15.9,19.41,304.5,286.8,259.7,68.0,7.0,QB12,12.0,71.7,272.9,16.05,4.0,$2-4,80.0,18.8,—,0,0,99,,—,12,QB12,272.9,6.14,91,1.0,0.0,6.4,1.0,19.4,14.5,14.5,86.4,68.0,18.4,18.4,86.4,68.0,SLEEPER,YAHOO,Screaming Steal (Huge Value),281.33,2.9,0.0035,282.31,6.14,6.14,82,10,QB10,T6,2.2,-0.5,False,False,0.0,2.0,281.33,0.0,16.0,0.4,0.0,0.0,0.0,0.0,0.0,0.0,12.0,0.0,Tier 8,67.0,3.0,12.0,9.0,⚡ High Variance (Boom/Bust Ceiling),7.0,Tier 3,3.0,12.0,9.0
Dak Prescott,QB,DAL,78.0,83.5,QB9,5.0,15.0,1.84,3,14,86197778-8d4b-4eba-affe-08ef7be7c70b,90.2,96.0,dak prescott,QB,DAL,QB_dak_prescott_DAL,295.5,306.19,0.0,0.0,0.0,0.0,49.09,173.45,1.72,4291.15,30.94,11.3,89.0,QB8,300.01,14.0,75.2,74.2,88.5,83.5,83.5,Healthy,0,88.0,Neutral,Black,0.0,0.0,0.0,—,18.6,17.38,0.0,0.0,16.41,5.23,0.0,1.0,,,,,,,High Volume Value (Above Line),,,,,,🎯 **Value QB ($3 Auction)**,🤝 **Consensus Value**,Consensus Alignment,Tier 14,Round 9/10,9.5,Scott Barrett Exodia QB in 6-point TD leagues; same projection as Burrow 3 rounds cheaper. | ⭐ #6 Cowboys Offense Most Undervalued Asset,https://www.fantasypoints.com/nfl/articles/2026/the-gurus-2026-fantasy-football-draft-plan,3.0,0.0,1.0,0.0,0.0,0.0,0.0,0.0,0.0,0.0,0.0,0.0,QB9,T5,,7.0,101.0,consensus,2.5,Medium,0.0,0.0,,,,,,,0.0,Neutral,DAL,0.055,0.22,1680.0,0.115,24.8,-0.04,0.2,DAL,8.0,4.0,80.0,80.0,False,Brian Schottenheimer,109.1,2.0,24.1,10.0,39.9,4.0,0.666,High 11P,2.0,Gap,12.0,Very Condensed,24.0,Shootouts (High Scoring Offense + Vulnerable Defense -> Max Fantasy Ceiling),DAL,15,26.43,73.57,24.0,-3.4,B.Schottenheimer,16,86.0,69.3,,,,,,,,,,,1.0477,,,,0,,,,,,,,,,,,,,,231.1,17.0,11.0,-6.0,0.981,11.9,17.51,204.0,204.4,168.8,74.2,9.0,QB7,7.0,77.8,295.5,17.38,3.0,$10-12,79.0,19.0,—,0,1,6,Cowboys,#6 Cowboys Offense - Most Undervalued Asset,7,QB7,272.9,4.8,35,1.083,22.600000000000023,-2.8,-3.8,10.5,5.5,5.5,88.5,74.2,14.3,14.3,88.5,74.2,SLEEPER,YAHOO,Value Target (Discounted),280.53,2.25,0.0,280.53,4.8,4.8,83,11,QB11,T6,3.0,0.5,False,False,3.0,-2.4,280.53,0.0,0.0,0.0,0.0,0.0,0.0,0.0,0.0,4.0,0.0,0.0,Tier 9,78.0,5.0,15.0,10.0,⚡ High Variance (Boom/Bust Ceiling),9.0,Tier 3,5.0,15.0,10.0
Dallas Goedert,TE,PHI,116.0,113.0,TE12,7.0,20.0,2.48,3,10,e8029983-87cf-49a2-bc04-04c8233a0630,88.8,90.0,dallas goedert,TE,PHI,TE_dallas_goedert_PHI,125.6,179.45,91.756,65.54,689.23,7.56,0.0,0.0,0.0,0.0,0.0,0.0,113.0,TE13,157.79,17.0,115.3,106.3,110.7,113.0,113.0,Healthy,0,114.0,Target (Green),Green,1.0,0.0,0.0,—,,7.39,0.0,0.0,35.09,19.02,0.0,1.0,,,,,,,,,,,,,🎯 **Floor TE Target ($1-$3)**,🤝 **Consensus Floor TE**,Consensus Alignment,Tier 13,Round 9,9.0,Mid-range TE1 production without AJ Brown; Sean Mannion middle-of-field scheme; $1-$2 auction target.,https://www.fantasypoints.com/nfl/articles/2026/the-gurus-2026-fantasy-football-draft-plan,2.0,0.0,1.0,0.0,0.0,0.0,0.0,0.0,0.0,0.0,0.0,0.0,TE10,T5,,7.0,131.0,fade,4.2,High (Overpriced Bust Risk),0.0,0.0,,,,,,,0.0,Neutral,PHI,0.025,0.08,640.0,0.138,27.2,0.12,0.15,PHI,14.0,4.0,80.0,80.0,True,Sean Mannion,85.2,24.0,23.0,13.0,36.3,9.0,0.667,—,16.0,Balanced,5.0,Condensed,15.0,Chew the Clock (High Scoring Offense + Elite Defense -> Run-Heavy Second Halves),PHI,2,35.05,64.95,16.0,0.0,Unknown,16,74.7,,,-1.1924,,,0.6246,,,,,,,,,,0,,,,,,,,,,,,,,,103.4,20.0,13.0,-7.0,0.98,12.4,5.82,70.9,92.3,81.7,106.3,12.0,TE8,8.0,123.5,125.6,7.39,3.0,$2-4,110.0,10.2,—,0,0,99,,—,8,TE8,124.0,4.67,74,1.013,1.5999999999999943,-0.7,-9.7,-5.3,-3.0,-3.0,115.3,106.3,9.0,9.0,115.3,106.3,ESPN,YAHOO,Overpriced Fade,128.1,3.35,-0.008,127.08,4.67,4.67,84,12,TE12,T6,2.0,29.0,True,True,0.0,-2.8,128.1,0.0,0.0,-0.8,0.0,0.0,0.0,0.0,0.0,0.0,12.0,0.0,Tier 11,116.0,7.0,20.0,13.0,⚡ High Variance (Boom/Bust Ceiling),12.0,Tier 4,7.0,20.0,13.0
Courtland Sutton,WR,DEN,85.0,75.5,WR36,23.0,48.0,4.95,5,10,b55ae5ba-593f-4560-9cab-14e10698e01d,89.9,87.0,courtland sutton,WR,DEN,WR_courtland_sutton_DEN,145.4,198.58,94.36,67.4,884.32,7.21,0.0,0.0,0.0,0.0,0.0,0.0,80.0,WR36,180.47,13.0,77.0,103.2,74.0,75.5,75.5,Healthy,0,93.0,Avoid (Red),Red,0.0,0.0,1.0,—,11.4,8.55,0.0,0.0,0.0,0.0,0.0,0.0,,,,,,,,,,,,,—,—,Consensus Alignment,—,—,99.0,,,1.0,0.0,0.0,0.0,0.0,0.0,0.0,0.0,0.0,0.0,0.0,0.0,—,—,,6.0,87.0,consensus,2.5,Medium,0.0,0.0,,,,,,,0.0,Neutral,DEN,-0.018,0.27,2100.0,0.02,28.9,0.01,0.03,DEN,4.0,5.0,100.0,100.0,True,Sean Payton/Webb,94.5,13.0,24.2,9.0,32.6,21.0,0.563,—,7.0,Gap,26.0,Most Spread,2.0,Balanced Environment,DEN,1,17.22,82.78,31.0,1.7,S.Payton,16,70.7,79.7,-0.907,0.4011,-0.6294,-0.4684,0.3964,0.4712,,,,,,,,,0,,,,,,,,,,,,,,,124.1,35.0,35.0,0.0,0.959,14.2,8.95,121.8,138.0,89.0,103.2,39.0,WR34,34.0,80.9,145.4,8.55,8.0,$7-9,100.0,11.5,—,0,0,99,,—,34,WR34,158.5,3.96,148,0.917,0.0,-8.0,18.2,-11.0,-9.5,-9.5,103.2,74.0,29.2,29.2,103.2,74.0,YAHOO,SLEEPER,Severe Reach (Overpriced),148.84,4.46,-0.041,142.74,3.96,3.96,85,35,WR35,T6,1.8,-9.5,False,True,0.0,0.0,148.84,0.0,0.0,-4.1,0.0,0.0,0.0,0.0,0.0,0.0,-15.0,0.0,Tier 9,85.0,23.0,48.0,25.0,⚡ High Variance (Boom/Bust Ceiling),36.0,Tier 6,23.0,48.0,25.0
Chuba Hubbard,RB,CAR,90.0,83.5,RB33,25.0,46.0,4.61,5,5,32205e74-b23f-420a-b312-465b29260745,81.1,88.0,chuba hubbard,RB,CAR,RB_chuba_hubbard_CAR,151.9,173.61,50.988,36.42,256.35,1.8,178.18,728.88,4.95,0.0,0.0,0.0,96.0,RB33,155.07,15.0,85.2,84.4,81.8,83.5,83.5,Healthy,0,83.0,Target (Green),Green,1.0,0.0,0.0,Silver Lining,9.9,8.94,0.0,0.0,0.0,0.0,0.0,0.0,,,,23.0,27.0,Med,,,,,,,🎯 **Target / Even-Year**,🤝 **Consensus Value Target**,Consensus Alignment,Tier 13,Round 7/8,7.5,Even-numbered year breakout history; Panthers 400+ RB carries; hamstring injury drops price 1-2 rounds.,https://www.fantasypoints.com/nfl/articles/2026/the-gurus-2026-fantasy-football-draft-plan,8.0,0.0,1.0,0.0,0.0,0.0,0.0,0.0,0.0,0.0,0.0,0.0,RB32,T8,,6.0,93.0,fade,4.2,High (Overpriced Bust Risk),0.0,0.0,3.0,1.0,,,30.0,-0.08,-4.0,Neutral,CAR,-0.015,0.25,1900.0,-0.03,28.6,-0.01,-0.04,CAR,16.0,3.0,60.0,60.0,False,Dave Canales/Idzik,78.7,27.0,19.8,24.0,33.6,15.0,0.794,High 11P,22.0,Balanced,19.0,Spread,23.0,Passing / Garbage Time (Low Scoring Offense + Bad Defense -> Trailing Game Scripts / Air Volume),CAR,8,29.48,70.52,22.0,-2.0,D.Canales,16,56.5,71.7,,,,,,,-0.714,,,,,,,,0,,,,,,,,,,,,,,,137.5,28.0,33.0,5.0,0.962,12.5,9.33,112.6,134.7,93.4,84.4,29.0,RB31,31.0,77.9,151.9,8.94,8.0,$7-9,75.0,12.6,—,0,0,99,,—,31,RB31,181.3,3.36,176,0.838,0.0,-4.8,-5.6,-8.2,-6.5,-6.5,85.2,81.8,3.4,3.4,85.2,81.8,ESPN,SLEEPER,Severe Reach (Overpriced),149.09,-2.02,0.004,149.69,3.36,3.36,86,28,RB28,T6,8.0,-2.5,False,True,0.0,2.0,149.09,0.0,-4.0,0.4,0.0,0.0,0.0,0.0,0.0,0.0,12.0,0.0,Tier 10,90.0,25.0,46.0,21.0,⚡ High Variance (Boom/Bust Ceiling),33.0,Tier 9,25.0,46.0,21.0
Brandon Aubrey,K,DAL,206.0,110.5,K1,1.0,4.0,0.53,1,14,110e6fe0-1c34-11ee-8294-af17faac15de,99.8,100.0,brandon aubrey,K,DAL,K_brandon_aubrey_DAL,136.9,153.03,0.0,0.0,0.0,0.0,0.0,0.0,0.0,0.0,0.0,0.0,,,,,112.7,111.6,108.3,110.5,110.5,Healthy,0,,Neutral,Black,0.0,0.0,0.0,—,,8.05,0.0,0.0,0.0,0.0,0.0,0.0,,,,,,,,,,,,,🎯 **Top Kicker**,🤝 **Consensus #1 K**,Consensus Alignment,Tier 15,Round 17/18,17.5,Top overall fantasy kicker target at $1.,https://www.fantasypoints.com/nfl/articles/2026/applying-scott-barretts-2026-draft-guide-to-auctions,1.0,0.0,1.0,0.0,0.0,0.0,0.0,0.0,0.0,0.0,0.0,0.0,,,,5.0,,consensus,,,0.0,0.0,,,,,,,0.0,Neutral,DAL,0.055,0.22,1680.0,0.115,24.8,-0.04,0.2,DAL,8.0,4.0,80.0,80.0,False,Brian Schottenheimer,109.1,2.0,24.1,10.0,39.9,4.0,0.666,High 11P,2.0,Gap,12.0,Very Condensed,24.0,Shootouts (High Scoring Offense + Vulnerable Defense -> Max Fantasy Ceiling),DAL,15,26.43,73.57,24.0,-3.4,B.Schottenheimer,16,,,,,,,,,,,,,,,,,0,,,,,,,,,,,,,,,,,,,,,,,,,,,K1,1.0,,136.9,8.05,,,,,—,0,0,99,,—,1,K1,130.0,1.84,56,1.053,6.900000000000006,-93.3,-94.4,-97.7,-95.5,-95.5,112.7,108.3,4.4,4.4,112.7,108.3,ESPN,SLEEPER,Severe Reach (Overpriced),136.9,0.0,-0.006,136.08,1.84,1.84,87,1,K1,T6,1.4,23.5,False,False,0.0,0.0,136.9,0.0,0.0,-0.6,0.0,0.0,0.0,0.0,0.0,0.0,0.0,0.0,Tier 12,206.0,1.0,4.0,3.0,🎯 High Consensus (Safe Floor),1.0,Tier 1,1.0,4.0,3.0
Houston Texans,DST,HOU,190.0,115.5,DST1,1.0,24.0,3.02,1,8,82d2d380-3834-4938-835f-aec541e5ece7,96.0,99.0,houston texans,DST,HOU,DST_houston_texans_HOU,103.0,119.99,0.0,0.0,0.0,0.0,0.0,0.0,0.0,0.0,0.0,0.0,,,,,117.8,116.7,113.2,115.5,115.5,Healthy,0,,Neutral,Black,0.0,0.0,0.0,—,,6.06,0.0,0.0,0.0,0.0,0.0,0.0,,,,,,,,,,,,,—,—,Consensus Alignment,—,—,99.0,,,1.0,0.0,0.0,0.0,0.0,0.0,0.0,0.0,0.0,0.0,0.0,0.0,—,—,,5.0,,consensus,,,0.0,0.0,,,,,,,0.0,Neutral,HOU,0.042,0.24,1950.0,0.108,25.8,-0.01,0.18,HOU,29.0,3.0,60.0,60.0,False,Nick Caley,94.1,14.0,17.9,28.0,35.3,12.0,0.523,High 11P,16.0,Gap,14.0,Even,26.0,Slugfests (Low Scoring Offense + Elite Defense -> Low Over/Unders / Grinding Games),HOU,29,13.79,86.21,32.0,-0.5,N.Caley,16,,,,,,,,,,,,,,,,,0,,,,,,,,,,,,,,,,,,,,,,,,,,,DST1,1.0,,103.0,6.06,,,,,—,0,0,99,,—,1,DST1,95.8,1.81,55,1.075,7.200000000000003,-72.2,-73.3,-76.8,-74.5,-74.5,117.8,113.2,4.6,4.6,117.8,113.2,ESPN,SLEEPER,Severe Reach (Overpriced),103.0,0.0,-0.006,102.38,1.81,1.81,88,1,DST1,T6,1.4,27.5,False,False,0.0,0.0,103.0,0.0,0.0,-0.6,0.0,0.0,0.0,0.0,0.0,0.0,0.0,0.0,Tier 12,190.0,1.0,24.0,23.0,⚡ High Variance (Boom/Bust Ceiling),1.0,Tier 1,1.0,24.0,23.0
Los Angeles Rams,DST,LAR,195.0,126.0,DST3,1.0,30.0,3.81,1,11,2eff2a03-54d4-46ba-890e-2bc3925548f3,67.0,99.0,los angeles rams,DST,LAR,DST_los_angeles_rams_LAR,102.7,107.27,0.0,0.0,0.0,0.0,0.0,0.0,0.0,0.0,0.0,0.0,,,,,128.5,127.3,123.5,126.0,126.0,Healthy,0,,Neutral,Black,0.0,0.0,0.0,—,,6.04,0.0,0.0,0.0,0.0,0.0,0.0,,,,,,,,,,,,,—,—,Consensus Alignment,—,—,99.0,,,1.0,0.0,0.0,0.0,0.0,0.0,0.0,0.0,0.0,0.0,0.0,0.0,—,—,,5.0,,consensus,,,0.0,0.0,,,,,,,0.0,Neutral,LAR,0.008,0.14,1120.0,0.095,27.4,0.04,0.13,LAR,1.0,4.5,90.0,90.0,False,Sean McVay,113.3,1.0,19.8,24.0,42.8,2.0,0.759,High 13P,6.0,Gap,4.0,Very Condensed,21.0,Chew the Clock (High Scoring Offense + Elite Defense -> Run-Heavy Second Halves),LAR,3,40.06,59.94,9.0,0.3,S.McVay,16,,,,,,,,,,,,,,,,,0,,,,,,,,,,,,,,,,,,,,,,,,,,,DST2,2.0,,102.7,6.04,,,,,—,0,0,99,,—,2,DST2,95.8,1.74,56,1.072,6.900000000000006,-66.5,-67.7,-71.5,-69.0,-69.0,128.5,123.5,5.0,5.0,128.5,123.5,ESPN,SLEEPER,Severe Reach (Overpriced),102.7,0.0,-0.006,102.08,1.74,1.74,89,2,DST2,T6,1.3,37.0,False,False,0.0,0.0,102.7,0.0,0.0,-0.6,0.0,0.0,0.0,0.0,0.0,0.0,0.0,0.0,Tier 12,195.0,1.0,30.0,29.0,⚡ High Variance (Boom/Bust Ceiling),3.0,Tier 1,1.0,30.0,29.0
Jake Bates,K,DET,224.0,191.0,K8,5.0,17.0,2.59,3,6,3a724be0-3075-11ee-bdab-4565792ee2a3,70.4,63.0,jake bates,K,DET,K_jake_bates_DET,135.7,135.86,0.0,0.0,0.0,0.0,0.0,0.0,0.0,0.0,0.0,0.0,,,,,194.8,192.9,187.2,191.0,191.0,Healthy,0,,Neutral,Black,0.0,0.0,0.0,—,,7.98,0.0,0.0,0.0,0.0,0.0,0.0,,,,,,,,,,,,,🎯 **Top Kicker**,🤝 **Consensus Value**,Consensus Alignment,Tier 15,Round 17/18,17.5,Lions #3 scoring offense; $1 auction target.,https://www.fantasypoints.com/nfl/articles/2026/applying-scott-barretts-2026-draft-guide-to-auctions,1.0,0.0,1.0,0.0,0.0,0.0,0.0,0.0,0.0,0.0,0.0,0.0,,,,5.0,,consensus,,,0.0,0.0,,,,,,,0.0,Neutral,DET,0.018,0.09,720.0,0.16,26.4,0.11,0.19,DET,15.0,3.5,70.0,70.0,False,Drew Petzing,107.7,3.0,21.4,20.0,26.1,27.0,0.62,—,3.0,Gap,24.0,Even,11.0,Balanced Environment,DET,16,30.85,69.15,20.0,-1.1,D.Petzing,16,,,,,,,,,,,,,,,,,0,,,,,,,,,,,,,,,,,,,,,,,,,,,K2,2.0,,135.7,7.98,,,,,—,0,0,99,,—,2,K2,130.0,1.54,60,1.044,5.699999999999989,-29.2,-31.1,-36.8,-33.0,-33.0,194.8,187.2,7.6,7.6,194.8,187.2,ESPN,SLEEPER,Severe Reach (Overpriced),135.7,0.0,-0.006,134.89,1.54,1.54,90,2,K2,T6,1.3,101.0,False,False,0.0,0.0,135.7,0.0,0.0,-0.6,0.0,0.0,0.0,0.0,0.0,0.0,0.0,0.0,Tier 12,224.0,5.0,17.0,12.0,⚡ High Variance (Boom/Bust Ceiling),8.0,Tier 2,5.0,17.0,12.0
Seattle Seahawks,DST,SEA,194.0,132.0,DST4,1.0,29.0,3.74,1,11,3d08af9e-c767-4f88-a7dc-b920c6d2b4a8,92.3,99.0,seattle seahawks,DST,SEA,DST_seattle_seahawks_SEA,101.3,110.68,0.0,0.0,0.0,0.0,0.0,0.0,0.0,0.0,0.0,0.0,,,,,134.6,133.3,129.4,132.0,132.0,Healthy,0,,Neutral,Black,0.0,0.0,0.0,—,,5.96,0.0,0.0,0.0,0.0,0.0,0.0,,,,,,,,,,,,,🎯 **Top D/ST**,🤝 **Consensus Top D/ST**,Consensus Alignment,Tier 15,Round 17/18,17.5,Mike Macdonald defense; finished #1 D/ST in 2025.,https://www.fantasypoints.com/nfl/articles/2026/applying-scott-barretts-2026-draft-guide-to-auctions,1.0,0.0,1.0,0.0,0.0,0.0,0.0,0.0,0.0,0.0,0.0,0.0,,,,5.0,,consensus,,,0.0,0.0,,,,,,,0.0,Neutral,SEA,0.0,0.17,1340.0,0.058,28.0,0.02,0.08,SEA,10.0,3.5,70.0,70.0,False,Brian Fleury,96.6,11.0,26.4,4.0,32.9,17.0,0.774,—,16.0,Zone,4.0,Even,14.0,Chew the Clock (High Scoring Offense + Elite Defense -> Run-Heavy Second Halves),SEA,14,46.7,53.3,4.0,0.0,Unknown,16,,,,,,,,,,,,,,,,,0,,,,,,,,,,,,,,,,,,,,,,,,,,,DST3,3.0,,101.3,5.96,,,,,—,0,0,99,,—,3,DST3,95.8,1.39,62,1.057,5.5,-59.4,-60.7,-64.6,-62.0,-62.0,134.6,129.4,5.2,5.2,134.6,129.4,ESPN,SLEEPER,Severe Reach (Overpriced),101.3,0.0,-0.006,100.69,1.39,1.39,91,3,DST3,T6,1.3,41.0,False,False,0.0,0.0,101.3,0.0,0.0,-0.6,0.0,0.0,0.0,0.0,0.0,0.0,0.0,0.0,Tier 12,194.0,1.0,29.0,28.0,⚡ High Variance (Boom/Bust Ceiling),4.0,Tier 2,1.0,29.0,28.0
Denver Broncos,DST,DEN,193.0,131.5,DST2,1.0,13.0,1.72,1,10,ce92bd47-93d5-4fe9-ada4-0fc681e6caa0,97.7,99.0,denver broncos,DST,DEN,DST_denver_broncos_DEN,100.5,118.24,0.0,0.0,0.0,0.0,0.0,0.0,0.0,0.0,0.0,0.0,,,,,134.1,132.8,128.9,131.5,131.5,Healthy,0,,Neutral,Black,0.0,0.0,0.0,—,,5.91,0.0,0.0,0.0,0.0,0.0,0.0,,,,,,,,,,,,,—,—,Consensus Alignment,—,—,99.0,,,1.0,0.0,0.0,0.0,0.0,0.0,0.0,0.0,0.0,0.0,0.0,0.0,—,—,,5.0,,consensus,,,0.0,0.0,,,,,,,0.0,Neutral,DEN,-0.018,0.27,2100.0,0.02,28.9,0.01,0.03,DEN,4.0,5.0,100.0,100.0,True,Sean Payton/Webb,94.5,13.0,24.2,9.0,32.6,21.0,0.563,—,7.0,Gap,26.0,Most Spread,2.0,Balanced Environment,DEN,1,17.22,82.78,31.0,1.7,S.Payton,16,,,,,,,,,,,,,,,,,0,,,,,,,,,,,,,,,,,,,,,,,,,,,DST4,4.0,,100.5,5.91,,,,,—,0,0,99,,—,4,DST4,95.8,1.19,63,1.049,4.700000000000003,-58.9,-60.2,-64.1,-61.5,-61.5,134.1,128.9,5.2,5.2,134.1,128.9,ESPN,SLEEPER,Severe Reach (Overpriced),100.5,0.0,-0.006,99.9,1.19,1.19,92,4,DST4,T6,1.2,39.5,False,False,0.0,0.0,100.5,0.0,0.0,-0.6,0.0,0.0,0.0,0.0,0.0,0.0,0.0,0.0,Tier 12,193.0,1.0,13.0,12.0,⚡ High Variance (Boom/Bust Ceiling),2.0,Tier 1,1.0,13.0,12.0
Philadelphia Eagles,DST,PHI,201.0,148.0,DST5,3.0,28.0,3.83,2,10,386bdbf9-9eea-4869-bb9a-274b0bc66e80,71.5,95.0,philadelphia eagles,DST,PHI,DST_philadelphia_eagles_PHI,100.3,102.55,0.0,0.0,0.0,0.0,0.0,0.0,0.0,0.0,0.0,0.0,,,,,151.0,149.5,145.0,148.0,148.0,Healthy,0,,Neutral,Black,0.0,0.0,0.0,—,,5.9,0.0,0.0,0.0,0.0,0.0,0.0,,,,,,,,,,,,,—,—,Consensus Alignment,—,—,99.0,,,1.0,0.0,0.0,0.0,0.0,0.0,0.0,0.0,0.0,0.0,0.0,0.0,—,—,,5.0,,consensus,,,0.0,0.0,,,,,,,0.0,Neutral,PHI,0.025,0.08,640.0,0.138,27.2,0.12,0.15,PHI,14.0,4.0,80.0,80.0,True,Sean Mannion,85.2,24.0,23.0,13.0,36.3,9.0,0.667,—,16.0,Balanced,5.0,Condensed,15.0,Chew the Clock (High Scoring Offense + Elite Defense -> Run-Heavy Second Halves),PHI,2,35.05,64.95,16.0,0.0,Unknown,16,,,,,,,,,,,,,,,,,0,,,,,,,,,,,,,,,,,,,,,,,,,,,DST5,5.0,,100.3,5.9,,,,,—,0,0,99,,—,5,DST5,95.8,1.14,64,1.047,4.5,-50.0,-51.5,-56.0,-53.0,-53.0,151.0,145.0,6.0,6.0,151.0,145.0,ESPN,SLEEPER,Severe Reach (Overpriced),100.3,0.0,-0.006,99.7,1.14,1.14,93,5,DST5,T6,1.2,55.0,False,False,0.0,0.0,100.3,0.0,0.0,-0.6,0.0,0.0,0.0,0.0,0.0,0.0,0.0,0.0,Tier 12,201.0,3.0,28.0,25.0,⚡ High Variance (Boom/Bust Ceiling),5.0,Tier 2,3.0,28.0,25.0
Jacksonville Jaguars,DST,JAC,200.0,187.5,DST9,1.0,26.0,3.57,3,7,f7ddd7fa-0bae-4f90-bc8e-669e4d6cf2de,70.0,81.0,jacksonville jaguars,DST,JAX,DST_jacksonville_jaguars_JAX,100.2,99.93,0.0,0.0,0.0,0.0,0.0,0.0,0.0,0.0,0.0,0.0,,,,,191.2,189.4,183.8,187.5,187.5,Healthy,0,,Neutral,Black,0.0,0.0,0.0,—,,5.89,0.0,0.0,0.0,0.0,0.0,0.0,,,,,,,,,,,,,🎯 **Top D/ST**,🤝 **Consensus Value**,Consensus Alignment,Tier 15,Round 17/18,17.5,$1 auction target; favorable early season schedule.,https://www.fantasypoints.com/nfl/articles/2026/applying-scott-barretts-2026-draft-guide-to-auctions,1.0,0.0,1.0,0.0,0.0,0.0,0.0,0.0,0.0,0.0,0.0,0.0,,,,5.0,,consensus,,,0.0,0.0,,,,,,,0.0,Neutral,JAX,0.015,0.28,2100.0,0.052,27.9,-0.02,0.1,JAX,7.0,4.0,80.0,80.0,True,Liam Coen,97.4,9.0,26.0,5.0,37.0,8.0,0.616,High 11P,21.0,Balanced,7.0,Condensed,1.0,Shootouts (High Scoring Offense + Vulnerable Defense -> Max Fantasy Ceiling),JAX,23,24.71,75.29,26.0,0.9,L.Coen,16,,,,,,,,,,,,,,,,,0,,,,,,,,,,,,,,,,,,,,,,,,,,,DST6,6.0,,100.2,5.89,,,,,—,0,0,99,,—,6,DST6,95.8,1.12,65,1.046,4.400000000000006,-8.8,-10.6,-16.2,-12.5,-12.5,191.2,183.8,7.4,7.4,191.2,183.8,ESPN,SLEEPER,Severe Reach (Overpriced),100.2,0.0,-0.006,99.6,1.12,1.12,94,6,DST6,T6,1.2,93.5,False,False,0.0,0.0,100.2,0.0,0.0,-0.6,0.0,0.0,0.0,0.0,0.0,0.0,0.0,0.0,Tier 12,200.0,1.0,26.0,25.0,⚡ High Variance (Boom/Bust Ceiling),9.0,Tier 3,1.0,26.0,25.0
Blake Grupe,K,IND,431.0,301.0,K20,7.0,33.0,4.35,4,13,2a1d4ce0-e6f6-11ed-abca-c7a3a205e21d,1.0,1.0,blake grupe,K,IND,K_blake_grupe_IND,133.4,133.44,0.0,0.0,0.0,0.0,0.0,0.0,0.0,0.0,0.0,0.0,,,,,307.0,304.0,295.0,301.0,301.0,Healthy,0,,Neutral,Black,0.0,0.0,0.0,—,,7.8,0.0,0.0,0.0,0.0,0.0,0.0,,,,,,,,,,,,,—,—,Consensus Alignment,—,—,99.0,,,1.0,0.0,0.0,0.0,0.0,0.0,0.0,0.0,0.0,0.0,0.0,0.0,—,—,,5.0,,consensus,,,0.0,0.0,,,,,,,0.0,Neutral,IND,0.005,0.13,980.0,0.068,27.3,0.06,0.07,IND,5.0,4.5,90.0,90.0,False,Shane Steichen,97.4,10.0,22.2,17.0,32.7,19.0,0.691,—,20.0,Gap,10.0,Even,25.0,Balanced Environment,IND,10,36.05,63.95,14.0,-3.5,S.Steichen,16,,,,,,,,,,,,,,,,,0,,,,,,,,,,,,,,,,,,,,,,,,,,,,,,,,,,,,—,0,0,99,,—,3,K3,130.0,0.97,67,1.026,3.4000000000000057,-124.0,-127.0,-136.0,-130.0,-130.0,307.0,295.0,12.0,12.0,307.0,295.0,ESPN,SLEEPER,Severe Reach (Overpriced),133.4,0.0,-0.006,132.6,0.97,0.97,95,3,K3,T6,1.2,206.0,False,False,0.0,0.0,133.4,0.0,0.0,-0.6,0.0,0.0,0.0,0.0,0.0,0.0,0.0,0.0,Tier 12,431.0,7.0,33.0,26.0,⚡ High Variance (Boom/Bust Ceiling),20.0,Tier 4,7.0,33.0,26.0
Harrison Mevis,K,LAR,231.0,184.0,K13,5.0,24.0,3.79,3,11,663ada70-0717-11ef-94de-1b2fbd1e412b,92.8,57.0,harrison mevis,K,LAR,K_harrison_mevis_LAR,132.9,136.88,0.0,0.0,0.0,0.0,0.0,0.0,0.0,0.0,0.0,0.0,,,,,187.7,185.8,180.3,184.0,184.0,Healthy,0,,Neutral,Black,0.0,0.0,0.0,—,,7.82,0.0,0.0,0.0,0.0,0.0,0.0,,,,,,,,,,,,,—,—,Consensus Alignment,—,—,99.0,,,1.0,0.0,0.0,0.0,0.0,0.0,0.0,0.0,0.0,0.0,0.0,0.0,—,—,,5.0,,consensus,,,0.0,0.0,,,,,,,0.0,Neutral,LAR,0.008,0.14,1120.0,0.095,27.4,0.04,0.13,LAR,1.0,4.5,90.0,90.0,False,Sean McVay,113.3,1.0,19.8,24.0,42.8,2.0,0.759,High 13P,6.0,Gap,4.0,Very Condensed,21.0,Chew the Clock (High Scoring Offense + Elite Defense -> Run-Heavy Second Halves),LAR,3,40.06,59.94,9.0,0.3,S.McVay,16,,,,,,,,,,,,,,,,,0,,,,,,,,,,,,,,,,,,,,,,,,,,,K3,3.0,,132.9,7.82,,,,,—,0,0,99,,—,4,K4,130.0,0.84,70,1.022,2.9000000000000057,-43.3,-45.2,-50.7,-47.0,-47.0,187.7,180.3,7.4,7.4,187.7,180.3,ESPN,SLEEPER,Severe Reach (Overpriced),132.9,0.0,-0.006,132.1,0.84,0.84,96,4,K4,T6,1.2,88.0,False,False,0.0,0.0,132.9,0.0,0.0,-0.6,0.0,0.0,0.0,0.0,0.0,0.0,0.0,0.0,Tier 12,231.0,5.0,24.0,19.0,⚡ High Variance (Boom/Bust Ceiling),13.0,Tier 3,5.0,24.0,19.0
Minnesota Vikings,DST,MIN,209.0,172.5,DST8,4.0,24.0,3.26,2,6,33405046-04ee-4058-a950-d606f8c30852,44.8,84.0,minnesota vikings,DST,MIN,DST_minnesota_vikings_MIN,98.0,112.77,0.0,0.0,0.0,0.0,0.0,0.0,0.0,0.0,0.0,0.0,,,,,176.0,174.2,169.0,172.5,172.5,Healthy,0,,Neutral,Black,0.0,0.0,0.0,—,,5.76,0.0,0.0,0.0,0.0,0.0,0.0,,,,,,,,,,,,,—,—,Consensus Alignment,—,—,99.0,,,1.0,0.0,0.0,0.0,0.0,0.0,0.0,0.0,0.0,0.0,0.0,0.0,—,—,,5.0,,consensus,,,0.0,0.0,,,,,,,0.0,Neutral,MIN,0.035,0.19,1580.0,0.085,27.1,-0.02,0.15,MIN,9.0,4.0,80.0,80.0,True,Kevin O'Connell,76.2,28.0,18.9,26.0,37.4,5.0,0.691,—,25.0,Balanced,23.0,Condensed,5.0,Shootouts (High Scoring Offense + Vulnerable Defense -> Max Fantasy Ceiling),MIN,12,31.97,68.03,18.0,1.4,K.O'Connell,16,,,,,,,,,,,,,,,,,0,,,,,,,,,,,,,,,,,,,,,,,,,,,DST7,7.0,,98.0,5.76,,,,,—,0,0,99,,—,7,DST7,95.8,0.57,71,1.023,2.200000000000003,-33.0,-34.8,-40.0,-36.5,-36.5,176.0,169.0,7.0,7.0,176.0,169.0,ESPN,SLEEPER,Severe Reach (Overpriced),98.0,0.0,-0.006,97.41,0.57,0.57,97,7,DST7,T6,1.1,75.5,False,False,0.0,0.0,98.0,0.0,0.0,-0.6,0.0,0.0,0.0,0.0,0.0,0.0,0.0,0.0,Tier 12,209.0,4.0,24.0,20.0,⚡ High Variance (Boom/Bust Ceiling),8.0,Tier 2,4.0,24.0,20.0
Cairo Santos,K,CHI,235.0,227.5,K10,6.0,18.0,2.41,3,10,d96ff17c-841a-4768-8e08-3a4cfcb7f717,32.8,36.0,cairo santos,K,CHI,K_cairo_santos_CHI,131.1,133.31,0.0,0.0,0.0,0.0,0.0,0.0,0.0,0.0,0.0,0.0,,,,,232.1,229.8,222.9,227.5,227.5,Healthy,0,,Neutral,Black,0.0,0.0,0.0,—,,7.71,0.0,0.0,0.0,0.0,0.0,0.0,,,,,,,,,,,,,—,—,Consensus Alignment,—,—,99.0,,,1.0,0.0,0.0,0.0,0.0,0.0,0.0,0.0,0.0,0.0,0.0,0.0,—,—,,5.0,,consensus,,,0.0,0.0,,,,,,,0.0,Neutral,CHI,0.01,0.26,2020.0,0.048,27.6,0.01,0.07,CHI,3.0,4.0,80.0,80.0,False,Ben Johnson,98.3,8.0,29.3,1.0,37.2,7.0,0.63,High 12P,4.0,Zone,6.0,Even,11.0,Balanced Environment,CHI,4,41.16,58.84,7.0,-2.7,B.Johnson,16,,,,,,,,,,,,,,,,,0,,,,,,,,,,,,,,,,,,,,,,,,,,,K4,4.0,,131.1,7.71,,,,,—,0,0,99,,—,5,K5,130.0,0.4,78,1.008,1.0999999999999943,-2.9,-5.2,-12.1,-7.5,-7.5,232.1,222.9,9.2,9.2,232.1,222.9,ESPN,SLEEPER,Severe Reach (Overpriced),131.1,0.0,-0.006,130.31,0.4,0.4,98,5,K5,T6,1.1,129.5,False,False,0.0,0.0,131.1,0.0,0.0,-0.6,0.0,0.0,0.0,0.0,0.0,0.0,0.0,0.0,Tier 12,235.0,6.0,18.0,12.0,⚡ High Variance (Boom/Bust Ceiling),10.0,Tier 3,6.0,18.0,12.0
Rico Dowdle,RB,PIT,81.0,73.5,RB30,24.0,40.0,3.03,5,9,bba755a2-63b6-4ac1-b806-0609816135de,85.2,91.0,rico dowdle,RB,PIT,RB_rico_dowdle_PIT,156.1,180.26,44.449999999999996,31.75,222.29,1.03,200.01,870.14,5.84,0.0,0.0,0.0,73.0,RB29,170.33,13.0,75.0,87.0,72.0,73.5,73.5,Healthy,0,69.0,Neutral,Black,0.0,0.0,0.0,Silver Lining,10.8,9.18,0.0,0.0,6.49,3.05,0.0,1.0,,,,25.0,23.0,Med,,,,,,,🎯 **Target / Workhorse**,🤝 **Consensus High (Over Warren)**,Consensus Alignment,Tier 13,Round 9/10,9.5,"Mike McCarthy physical runner; 177 carries, 32 catches projected; 1-2 rounds cheaper than Jaylen Warren.",https://www.fantasypoints.com/nfl/articles/2026/the-gurus-2026-fantasy-football-draft-plan,8.0,0.0,1.0,0.0,0.0,0.0,0.0,0.0,0.0,0.0,0.0,0.0,RB33,T8,,6.0,95.0,consensus,2.5,Medium,0.0,0.0,,,,,,,0.0,Neutral,PIT,-0.05,0.28,2150.0,0.03,29.6,0.04,0.02,PIT,12.0,3.5,70.0,70.0,False,Mike McCarthy,90.1,17.0,18.0,27.0,46.2,1.0,0.691,—,1.0,Zone,25.0,Spread,9.0,Slugfests (Low Scoring Offense + Elite Defense -> Low Over/Unders / Grinding Games),PIT,19,41.2,58.8,6.0,4.6,M.McCarthy,16,65.4,55.6,,,,,,,-0.4861,,,,,,,,0,,,,,,,,,,,,,,,111.5,38.0,32.0,-6.0,0.959,13.9,8.21,109.2,106.2,50.7,87.0,31.0,RB29,29.0,85.8,156.1,9.18,7.0,$9-11,71.0,13.1,—,0,0,99,,—,29,RB29,181.3,0.4,171,0.861,0.0,-6.0,6.0,-9.0,-7.5,-7.5,87.0,72.0,15.0,15.0,87.0,72.0,YAHOO,SLEEPER,Severe Reach (Overpriced),148.51,0.0,-0.012,146.73,0.4,0.4,98,29,RB29,T6,8.0,-24.5,False,True,0.0,-2.4,148.51,0.0,0.0,-1.2,0.0,0.0,0.0,0.0,0.0,0.0,0.0,0.0,Tier 9,81.0,24.0,40.0,16.0,⚡ High Variance (Boom/Bust Ceiling),30.0,Tier 8,24.0,40.0,16.0
New England Patriots,DST,NE,203.0,166.0,DST6,4.0,26.0,3.46,2,11,97354895-8c77-4fd4-a860-32e62ea7382a,88.7,85.0,new england patriots,DST,NE,DST_new_england_patriots_NE,97.3,99.42,0.0,0.0,0.0,0.0,0.0,0.0,0.0,0.0,0.0,0.0,,,,,169.3,167.7,162.7,166.0,166.0,Healthy,0,,Neutral,Black,0.0,0.0,0.0,—,,5.72,0.0,0.0,0.0,0.0,0.0,0.0,,,,,,,,,,,,,—,—,Consensus Alignment,—,—,99.0,,,1.0,0.0,0.0,0.0,0.0,0.0,0.0,0.0,0.0,0.0,0.0,0.0,—,—,,5.0,,consensus,,,0.0,0.0,,,,,,,0.0,Neutral,NE,-0.03,0.3,2300.0,-0.055,29.4,-0.02,-0.07,NE,13.0,3.0,60.0,60.0,False,Josh McDaniels,104.9,4.0,24.9,6.0,34.6,13.0,0.605,—,24.0,Gap,21.0,Spread,4.0,Slugfests (Low Scoring Offense + Elite Defense -> Low Over/Unders / Grinding Games),NE,13,34.68,65.32,17.0,1.4,J.McDaniels,16,,,,,,,,,,,,,,,,,0,,,,,,,,,,,,,,,,,,,,,,,,,,,DST8,8.0,,97.3,5.72,,,,,—,0,0,99,,—,8,DST8,95.8,0.4,75,1.016,1.5,-33.7,-35.3,-40.3,-37.0,-37.0,169.3,162.7,6.6,6.6,169.3,162.7,ESPN,SLEEPER,Severe Reach (Overpriced),97.3,0.0,-0.006,96.72,0.4,0.4,98,8,DST8,T6,1.1,68.0,False,False,0.0,0.0,97.3,0.0,0.0,-0.6,0.0,0.0,0.0,0.0,0.0,0.0,0.0,0.0,Tier 12,203.0,4.0,26.0,22.0,⚡ High Variance (Boom/Bust Ceiling),6.0,Tier 2,4.0,26.0,22.0
Patrick Mahomes II,QB,KC,102.0,105.5,QB14,7.0,19.0,2.59,3,5,11cad59d-90dd-449c-a839-dddaba4fe16c,85.1,89.0,patrick mahomes,QB,KC,QB_patrick_mahomes_KC,269.9,303.02,0.0,0.0,0.0,0.0,60.35,359.66,3.42,3839.61,27.13,11.55,120.0,QB16,289.44,17.0,95.0,100.1,111.8,105.5,105.5,Healthy,0,98.0,Neutral,Black,0.0,0.0,0.0,—,19.4,15.88,0.0,0.0,12.38,4.36,0.0,1.0,,,,,,,,Sneaky Scramblers,,,,,—,—,Consensus Alignment,—,—,99.0,,,1.0,0.0,0.0,0.0,0.0,0.0,0.0,0.0,0.0,0.0,0.0,0.0,—,—,,7.0,108.0,consensus,2.5,Medium,0.0,0.0,,,,,65.0,0.18,9.0,Neutral,KC,0.068,0.145,1250.0,0.142,26.5,0.02,0.22,KC,22.0,3.0,60.0,60.0,False,Andy Reid,89.6,19.0,22.0,19.0,33.2,16.0,0.546,—,9.0,Zone,22.0,Condensed,6.0,Chew the Clock (High Scoring Offense + Elite Defense -> Run-Heavy Second Halves),KC,21,38.45,61.55,11.0,6.4,A.Reid,16,86.4,85.4,,,,,,,,,,,0.5044,,,,0,,,,,,,,,,,,,,,274.9,6.0,12.0,6.0,0.887,14.5,21.01,270.0,291.0,279.7,100.1,14.0,QB15,15.0,106.6,269.9,15.88,4.0,$1-3,115.0,17.7,—,0,0,99,,—,15,QB15,272.9,0.39,114,0.989,0.0,-7.0,-1.9,9.8,3.5,3.5,111.8,95.0,16.8,16.8,111.8,95.0,SLEEPER,ESPN,Value Target (Discounted),276.03,0.24,-0.005,274.65,0.39,0.39,101,12,QB12,T6,1.1,4.5,False,False,3.0,2.4,276.03,0.0,9.0,-0.5,0.0,0.0,0.0,0.0,0.0,0.0,0.0,0.0,Tier 10,102.0,7.0,19.0,12.0,⚡ High Variance (Boom/Bust Ceiling),14.0,Tier 4,7.0,19.0,12.0
Kansas City Chiefs,DST,KC,219.0,224.5,DST12,6.0,21.0,2.92,3,5,6680d28d-d4d2-49f6-aace-5292d3ec02c2,33.5,13.0,kansas city chiefs,DST,KC,DST_kansas_city_chiefs_KC,97.2,92.53,0.0,0.0,0.0,0.0,0.0,0.0,0.0,0.0,0.0,0.0,,,,,229.0,226.7,220.0,224.5,224.5,Healthy,0,,Neutral,Black,0.0,0.0,0.0,—,,5.72,0.0,0.0,0.0,0.0,0.0,0.0,,,,,,,,,,,,,—,—,Consensus Alignment,—,—,99.0,,,1.0,0.0,0.0,0.0,0.0,0.0,0.0,0.0,0.0,0.0,0.0,0.0,—,—,,5.0,,consensus,,,0.0,0.0,,,,,,,0.0,Neutral,KC,0.068,0.145,1250.0,0.142,26.5,0.02,0.22,KC,22.0,3.0,60.0,60.0,False,Andy Reid,89.6,19.0,22.0,19.0,33.2,16.0,0.546,—,9.0,Zone,22.0,Condensed,6.0,Chew the Clock (High Scoring Offense + Elite Defense -> Run-Heavy Second Halves),KC,21,38.45,61.55,11.0,6.4,A.Reid,16,,,,,,,,,,,,,,,,,0,,,,,,,,,,,,,,,,,,,,,,,,,,,DST9,9.0,,97.2,5.72,,,,,—,0,0,99,,—,9,DST9,95.8,0.37,76,1.015,1.4000000000000057,10.0,7.7,1.0,5.5,5.5,229.0,220.0,9.0,9.0,229.0,220.0,ESPN,SLEEPER,Value Target (Discounted),97.2,0.0,-0.006,96.62,0.37,0.37,102,9,DST9,T6,1.1,122.5,False,False,0.0,0.0,97.2,0.0,0.0,-0.6,0.0,0.0,0.0,0.0,0.0,0.0,0.0,0.0,Tier 12,219.0,6.0,21.0,15.0,⚡ High Variance (Boom/Bust Ceiling),12.0,Tier 3,6.0,21.0,15.0
Jason Myers,K,SEA,221.0,150.5,K5,2.0,15.0,2.12,2,11,7af4c94b-529b-4403-ab66-2bfed3fcf0c7,97.7,97.0,jason myers,K,SEA,K_jason_myers_SEA,130.7,150.41,0.0,0.0,0.0,0.0,0.0,0.0,0.0,0.0,0.0,0.0,,,,,153.5,152.0,147.5,150.5,150.5,Healthy,0,,Neutral,Black,0.0,0.0,0.0,—,,7.69,0.0,0.0,0.0,0.0,0.0,0.0,,,,,,,,,,,,,—,—,Consensus Alignment,—,—,99.0,,,1.0,0.0,0.0,0.0,0.0,0.0,0.0,0.0,0.0,0.0,0.0,0.0,—,—,,5.0,,consensus,,,0.0,0.0,,,,,,,0.0,Neutral,SEA,0.0,0.17,1340.0,0.058,28.0,0.02,0.08,SEA,10.0,3.5,70.0,70.0,False,Brian Fleury,96.6,11.0,26.4,4.0,32.9,17.0,0.774,—,16.0,Zone,4.0,Even,14.0,Chew the Clock (High Scoring Offense + Elite Defense -> Run-Heavy Second Halves),SEA,14,46.7,53.3,4.0,0.0,Unknown,16,,,,,,,,,,,,,,,,,0,,,,,,,,,,,,,,,,,,,,,,,,,,,K5,5.0,,130.7,7.69,,,,,—,0,0,99,,—,6,K6,130.0,0.3,80,1.005,0.6999999999999886,-67.5,-69.0,-73.5,-70.5,-70.5,153.5,147.5,6.0,6.0,153.5,147.5,ESPN,SLEEPER,Severe Reach (Overpriced),130.7,0.0,-0.006,129.92,0.3,0.3,103,6,K6,T6,1.1,47.5,False,False,0.0,0.0,130.7,0.0,0.0,-0.6,0.0,0.0,0.0,0.0,0.0,0.0,0.0,0.0,Tier 12,221.0,2.0,15.0,13.0,⚡ High Variance (Boom/Bust Ceiling),5.0,Tier 2,2.0,15.0,13.0
Eddy Pineiro,K,SF,225.0,208.0,K6,4.0,19.0,3.25,2,8,1c50997f-c56e-47f9-a750-33ab100ed28b,80.7,64.0,eddy pineiro,K,SF,K_eddy_pineiro_SF,130.6,132.62,0.0,0.0,0.0,0.0,0.0,0.0,0.0,0.0,0.0,0.0,,,,,212.2,210.1,203.8,208.0,208.0,Healthy,0,,Neutral,Black,0.0,0.0,0.0,—,,7.68,0.0,0.0,0.0,0.0,0.0,0.0,,,,,,,,,,,,,—,—,Consensus Alignment,—,—,99.0,,,1.0,0.0,0.0,0.0,0.0,0.0,0.0,0.0,0.0,0.0,0.0,0.0,—,—,,5.0,,consensus,,,0.0,0.0,,,,,,,0.0,Neutral,SF,-0.012,0.11,890.0,0.175,28.8,0.14,0.2,SF,6.0,4.0,80.0,80.0,False,Kyle Shanahan,100.9,6.0,26.4,4.0,32.9,17.0,0.774,High 21P,8.0,Zone,3.0,Most Condensed,14.0,Shootouts (High Scoring Offense + Vulnerable Defense -> Max Fantasy Ceiling),SF,6,48.24,51.76,3.0,-1.9,K.Shanahan,16,,,,,,,,,,,,,,,,,0,,,,,,,,,,,,,,,,,,,,,,,,,,,K6,6.0,,130.6,7.68,,,,,—,0,0,99,,—,7,K7,130.0,0.27,82,1.005,0.5999999999999943,-12.8,-14.9,-21.2,-17.0,-17.0,212.2,203.8,8.4,8.4,212.2,203.8,ESPN,SLEEPER,Severe Reach (Overpriced),130.6,0.0,-0.006,129.82,0.27,0.27,104,7,K7,T6,1.1,104.0,False,False,0.0,0.0,130.6,0.0,0.0,-0.6,0.0,0.0,0.0,0.0,0.0,0.0,0.0,0.0,Tier 12,225.0,4.0,19.0,15.0,⚡ High Variance (Boom/Bust Ceiling),6.0,Tier 2,4.0,19.0,15.0
Tyler Bass,K,BUF,364.0,273.0,K22,3.0,29.0,4.28,4,7,bfccbff4-bc01-41ed-aa11-be976160504c,4.5,8.0,tyler bass,K,BUF,K_tyler_bass_BUF,130.6,123.58,0.0,0.0,0.0,0.0,0.0,0.0,0.0,0.0,0.0,0.0,,,,,278.5,275.7,267.5,273.0,273.0,Healthy,0,,Neutral,Black,0.0,0.0,0.0,—,,7.68,0.0,0.0,0.0,0.0,0.0,0.0,,,,,,,,,,,,,—,—,Consensus Alignment,—,—,99.0,,,1.0,0.0,0.0,0.0,0.0,0.0,0.0,0.0,0.0,0.0,0.0,0.0,—,—,,5.0,,consensus,,,0.0,0.0,,,,,,,0.0,Neutral,BUF,0.03,0.32,2450.0,0.155,26.9,0.08,0.2,BUF,2.0,4.5,90.0,90.0,True,Joe Brady,101.1,5.0,24.4,8.0,30.1,25.0,0.655,—,32.0,Gap,11.0,Very Spread,22.0,Shootouts (High Scoring Offense + Vulnerable Defense -> Max Fantasy Ceiling),BUF,7,23.56,76.44,28.0,-1.6,J.Brady,16,,,,,,,,,,,,,,,,,0,,,,,,,,,,,,,,,,,,,,,,,,,,,K7,7.0,,130.6,7.68,,,,,—,0,0,99,,—,7,K7,130.0,0.27,82,1.005,0.5999999999999943,-85.5,-88.3,-96.5,-91.0,-91.0,278.5,267.5,11.0,11.0,278.5,267.5,ESPN,SLEEPER,Severe Reach (Overpriced),130.6,0.0,-0.006,129.82,0.27,0.27,104,7,K7,T6,1.1,169.0,False,False,0.0,0.0,130.6,0.0,0.0,-0.6,0.0,0.0,0.0,0.0,0.0,0.0,0.0,0.0,Tier 12,364.0,3.0,29.0,26.0,⚡ High Variance (Boom/Bust Ceiling),22.0,Tier 4,3.0,29.0,26.0
Ka'imi Fairbairn,K,HOU,211.0,155.5,K3,1.0,20.0,2.71,1,8,203b60aa-cb94-499c-a4ca-d3c6b94dddc4,92.2,98.0,kaimi fairbairn,K,HOU,K_kaimi_fairbairn_HOU,130.5,144.06,0.0,0.0,0.0,0.0,0.0,0.0,0.0,0.0,0.0,0.0,,,,,158.6,157.1,152.4,155.5,155.5,Healthy,0,,Neutral,Black,0.0,0.0,0.0,—,,7.68,0.0,0.0,0.0,0.0,0.0,0.0,,,,,,,,,,,,,—,—,Consensus Alignment,—,—,99.0,,,1.0,0.0,0.0,0.0,0.0,0.0,0.0,0.0,0.0,0.0,0.0,0.0,—,—,,5.0,,consensus,,,0.0,0.0,,,,,,,0.0,Neutral,HOU,0.042,0.24,1950.0,0.108,25.8,-0.01,0.18,HOU,29.0,3.0,60.0,60.0,False,Nick Caley,94.1,14.0,17.9,28.0,35.3,12.0,0.523,High 11P,16.0,Gap,14.0,Even,26.0,Slugfests (Low Scoring Offense + Elite Defense -> Low Over/Unders / Grinding Games),HOU,29,13.79,86.21,32.0,-0.5,N.Caley,16,,,,,,,,,,,,,,,,,0,,,,,,,,,,,,,,,,,,,,,,,,,,,K8,8.0,,130.5,7.68,,,,,—,0,0,99,,—,9,K9,130.0,0.25,84,1.004,0.5,-52.4,-53.9,-58.6,-55.5,-55.5,158.6,152.4,6.2,6.2,158.6,152.4,ESPN,SLEEPER,Severe Reach (Overpriced),130.5,0.0,-0.006,129.72,0.25,0.25,106,9,K9,T6,1.1,49.5,False,False,0.0,0.0,130.5,0.0,0.0,-0.6,0.0,0.0,0.0,0.0,0.0,0.0,0.0,0.0,Tier 12,211.0,1.0,20.0,19.0,⚡ High Variance (Boom/Bust Ceiling),3.0,Tier 1,1.0,20.0,19.0
Cameron Dicker,K,LAC,208.0,143.5,K2,1.0,18.0,2.31,1,7,ac5dd0b0-d060-11ec-b677-29e0f2526162,99.3,98.0,cameron dicker,K,LAC,K_cameron_dicker_LAC,130.3,142.72,0.0,0.0,0.0,0.0,0.0,0.0,0.0,0.0,0.0,0.0,,,,,146.4,144.9,140.6,143.5,143.5,Healthy,0,,Neutral,Black,0.0,0.0,0.0,—,,7.66,0.0,0.0,0.0,0.0,0.0,0.0,,,,,,,,,,,,,—,—,Consensus Alignment,—,—,99.0,,,1.0,0.0,0.0,0.0,0.0,0.0,0.0,0.0,0.0,0.0,0.0,0.0,—,—,,5.0,,consensus,,,0.0,0.0,,,,,,,0.0,Neutral,LAC,-0.035,0.38,2900.0,0.06,29.2,0.05,0.07,LAC,32.0,3.0,60.0,60.0,False,Mike McDaniel,91.9,15.0,26.7,3.0,35.4,11.0,0.663,High 21P,31.0,Zone,1.0,Very Condensed,28.0,Chew the Clock (High Scoring Offense + Elite Defense -> Run-Heavy Second Halves),LAC,9,18.72,81.28,30.0,-1.4,M.McDaniel,16,,,,,,,,,,,,,,,,,0,,,,,,,,,,,,,,,,,,,,,,,,,,,K9,9.0,,130.3,7.66,,,,,—,0,0,99,,—,10,K10,130.0,0.2,87,1.002,0.30000000000001137,-61.6,-63.1,-67.4,-64.5,-64.5,146.4,140.6,5.8,5.8,146.4,140.6,ESPN,SLEEPER,Severe Reach (Overpriced),130.3,0.0,-0.006,129.52,0.2,0.2,107,10,K10,T6,1.0,36.5,False,False,0.0,0.0,130.3,0.0,0.0,-0.6,0.0,0.0,0.0,0.0,0.0,0.0,0.0,0.0,Tier 12,208.0,1.0,18.0,17.0,⚡ High Variance (Boom/Bust Ceiling),2.0,Tier 1,1.0,18.0,17.0
Green Bay Packers,DST,GB,227.0,215.0,DST13,7.0,25.0,3.51,3,11,a20471b4-a8d9-40c7-95ad-90cc30e46932,49.8,21.0,green bay packers,DST,GB,DST_green_bay_packers_GB,96.4,95.12,0.0,0.0,0.0,0.0,0.0,0.0,0.0,0.0,0.0,0.0,,,,,219.3,217.2,210.7,215.0,215.0,Healthy,0,,Neutral,Black,0.0,0.0,0.0,—,,5.67,0.0,0.0,0.0,0.0,0.0,0.0,,,,,,,,,,,,,—,—,Consensus Alignment,—,—,99.0,,,1.0,0.0,0.0,0.0,0.0,0.0,0.0,0.0,0.0,0.0,0.0,0.0,—,—,,5.0,,consensus,,,0.0,0.0,,,,,,,0.0,Neutral,GB,0.02,0.16,1300.0,0.112,27.8,0.04,0.16,GB,20.0,2.0,40.0,40.0,False,Matt LaFleur,90.5,16.0,23.0,13.0,36.3,9.0,0.667,High 12P,19.0,Balanced,8.0,Very Condensed,17.0,Chew the Clock (High Scoring Offense + Elite Defense -> Run-Heavy Second Halves),GB,27,38.22,61.78,13.0,-1.0,M.LaFleur,16,,,,,,,,,,,,,,,,,0,,,,,,,,,,,,,,,,,,,,,,,,,,,DST10,10.0,,96.4,5.67,,,,,—,0,0,99,,—,10,DST10,95.8,0.17,81,1.006,0.6000000000000085,-7.7,-9.8,-16.3,-12.0,-12.0,219.3,210.7,8.6,8.6,219.3,210.7,ESPN,SLEEPER,Severe Reach (Overpriced),96.4,0.0,-0.006,95.82,0.17,0.17,108,10,DST10,T6,1.0,107.0,False,False,0.0,0.0,96.4,0.0,0.0,-0.6,0.0,0.0,0.0,0.0,0.0,0.0,0.0,0.0,Tier 12,227.0,7.0,25.0,18.0,⚡ High Variance (Boom/Bust Ceiling),13.0,Tier 3,7.0,25.0,18.0
Spencer Shrader,K,IND,452.0,337.0,K36,16.0,43.0,7.1,6,13,2d7fa2f0-07d6-11ef-b188-b11373ae105b,0.2,1.0,spencer shrader,K,IND,K_spencer_shrader_IND,130.2,0.0,0.0,0.0,0.0,0.0,0.0,0.0,0.0,0.0,0.0,0.0,,,,,343.7,340.4,330.3,337.0,337.0,Healthy,0,,Neutral,Black,0.0,0.0,0.0,—,,7.66,0.0,0.0,0.0,0.0,0.0,0.0,,,,,,,,,,,,,—,—,Consensus Alignment,—,—,99.0,,,1.0,0.0,0.0,0.0,0.0,0.0,0.0,0.0,0.0,0.0,0.0,0.0,—,—,,5.0,,consensus,,,0.0,0.0,,,,,,,0.0,Neutral,IND,0.005,0.13,980.0,0.068,27.3,0.06,0.07,IND,5.0,4.5,90.0,90.0,False,Shane Steichen,97.4,10.0,22.2,17.0,32.7,19.0,0.691,—,20.0,Gap,10.0,Even,25.0,Balanced Environment,IND,10,36.05,63.95,14.0,-3.5,S.Steichen,16,,,,,,,,,,,,,,,,,0,,,,,,,,,,,,,,,,,,,,,,,,,,,K10,10.0,,130.2,7.66,,,,,—,0,0,99,,—,11,K11,130.0,0.17,89,1.002,0.19999999999998863,-108.3,-111.6,-121.7,-115.0,-115.0,343.7,330.3,13.4,13.4,343.7,330.3,ESPN,SLEEPER,Severe Reach (Overpriced),130.2,0.0,-0.006,129.42,0.17,0.17,108,11,K11,T6,1.0,229.0,False,False,0.0,0.0,130.2,0.0,0.0,-0.6,0.0,0.0,0.0,0.0,0.0,0.0,0.0,0.0,Tier 12,452.0,16.0,43.0,27.0,⚡ High Variance (Boom/Bust Ceiling),33.0,Tier 4,16.0,43.0,27.0
Tyler Loop,K,BAL,222.0,185.5,K7,4.0,15.0,2.37,2,13,a6b8b5d3-a2f2-4532-ade3-dc122b6b240c,51.0,83.0,tyler loop,K,BAL,K_tyler_loop_BAL,130.0,132.05,0.0,0.0,0.0,0.0,0.0,0.0,0.0,0.0,0.0,0.0,,,,,189.2,187.4,181.8,185.5,185.5,Healthy,0,,Neutral,Black,0.0,0.0,0.0,—,,7.65,0.0,0.0,0.0,0.0,0.0,0.0,,,,,,,,,,,,,—,—,Consensus Alignment,—,—,99.0,,,1.0,0.0,0.0,0.0,0.0,0.0,0.0,0.0,0.0,0.0,0.0,0.0,—,—,,5.0,,consensus,,,0.0,0.0,,,,,,,0.0,Neutral,BAL,-0.045,0.15,1150.0,0.165,28.4,0.15,0.18,BAL,11.0,3.0,60.0,60.0,True,Declan Doyle,86.1,22.0,29.3,1.0,37.2,7.0,0.63,High 12P,8.0,Zone,6.0,Even,11.0,Chew the Clock (High Scoring Offense + Elite Defense -> Run-Heavy Second Halves),BAL,26,59.85,40.15,1.0,0.0,Unknown,16,,,,,,,,,,,,,,,,,0,,,,,,,,,,,,,,,,,,,,,,,,,,,K11,11.0,,130.0,7.65,,,,,—,0,0,99,,—,12,K12,130.0,0.12,91,1.0,0.0,-32.8,-34.6,-40.2,-36.5,-36.5,189.2,181.8,7.4,7.4,189.2,181.8,ESPN,SLEEPER,Severe Reach (Overpriced),130.0,0.0,-0.006,129.22,0.12,0.12,110,12,K12,T6,1.0,75.5,False,False,0.0,0.0,130.0,0.0,0.0,-0.6,0.0,0.0,0.0,0.0,0.0,0.0,0.0,0.0,Tier 12,222.0,4.0,15.0,11.0,⚡ High Variance (Boom/Bust Ceiling),7.0,Tier 2,4.0,15.0,11.0
Los Angeles Chargers,DST,LAC,207.0,201.0,DST10,4.0,20.0,2.65,3,7,1f6dcffb-9823-43cd-9ff4-e7a8466749b5,39.3,63.0,los angeles chargers,DST,LAC,DST_los_angeles_chargers_LAC,96.1,108.65,0.0,0.0,0.0,0.0,0.0,0.0,0.0,0.0,0.0,0.0,,,,,205.0,203.0,197.0,201.0,201.0,Healthy,0,,Neutral,Black,0.0,0.0,0.0,—,,5.65,0.0,0.0,0.0,0.0,0.0,0.0,,,,,,,,,,,,,—,—,Consensus Alignment,—,—,99.0,,,1.0,0.0,0.0,0.0,0.0,0.0,0.0,0.0,0.0,0.0,0.0,0.0,—,—,,5.0,,consensus,,,0.0,0.0,,,,,,,0.0,Neutral,LAC,-0.035,0.38,2900.0,0.06,29.2,0.05,0.07,LAC,32.0,3.0,60.0,60.0,False,Mike McDaniel,91.9,15.0,26.7,3.0,35.4,11.0,0.663,High 21P,31.0,Zone,1.0,Very Condensed,28.0,Chew the Clock (High Scoring Offense + Elite Defense -> Run-Heavy Second Halves),LAC,9,18.72,81.28,30.0,-1.4,M.McDaniel,16,,,,,,,,,,,,,,,,,0,,,,,,,,,,,,,,,,,,,,,,,,,,,DST11,11.0,,96.1,5.65,,,,,—,0,0,99,,—,11,DST11,95.8,0.1,88,1.003,0.29999999999999716,-2.0,-4.0,-10.0,-6.0,-6.0,205.0,197.0,8.0,8.0,205.0,197.0,ESPN,SLEEPER,Severe Reach (Overpriced),96.1,0.0,-0.006,95.52,0.1,0.1,111,11,DST11,T6,1.0,90.0,False,False,0.0,0.0,96.1,0.0,0.0,-0.6,0.0,0.0,0.0,0.0,0.0,0.0,0.0,0.0,Tier 12,207.0,4.0,20.0,16.0,⚡ High Variance (Boom/Bust Ceiling),10.0,Tier 3,4.0,20.0,16.0
Pittsburgh Steelers,DST,PIT,204.0,181.5,DST7,3.0,12.0,2.02,2,9,cb2f9f1f-ac67-424e-9e72-1475cb0ed398,74.8,75.0,pittsburgh steelers,DST,PIT,DST_pittsburgh_steelers_PIT,95.8,111.71,0.0,0.0,0.0,0.0,0.0,0.0,0.0,0.0,0.0,0.0,,,,,185.1,183.3,177.9,181.5,181.5,Healthy,0,,Neutral,Black,0.0,0.0,0.0,—,,5.64,0.0,0.0,0.0,0.0,0.0,0.0,,,,,,,,,,,,,—,—,Consensus Alignment,—,—,99.0,,,1.0,0.0,0.0,0.0,0.0,0.0,0.0,0.0,0.0,0.0,0.0,0.0,—,—,,5.0,,consensus,,,0.0,0.0,,,,,,,0.0,Neutral,PIT,-0.05,0.28,2150.0,0.03,29.6,0.04,0.02,PIT,12.0,3.5,70.0,70.0,False,Mike McCarthy,90.1,17.0,18.0,27.0,46.2,1.0,0.691,—,1.0,Zone,25.0,Spread,9.0,Slugfests (Low Scoring Offense + Elite Defense -> Low Over/Unders / Grinding Games),PIT,19,41.2,58.8,6.0,4.6,M.McCarthy,16,,,,,,,,,,,,,,,,,0,,,,,,,,,,,,,,,,,,,,,,,,,,,DST12,12.0,,95.8,5.64,,,,,—,0,0,99,,—,12,DST12,95.8,0.03,91,1.0,0.0,-18.9,-20.7,-26.1,-22.5,-22.5,185.1,177.9,7.2,7.2,185.1,177.9,ESPN,SLEEPER,Severe Reach (Overpriced),95.8,0.0,-0.006,95.23,0.03,0.03,112,12,DST12,T6,1.0,69.5,False,False,0.0,0.0,95.8,0.0,0.0,-0.6,0.0,0.0,0.0,0.0,0.0,0.0,0.0,0.0,Tier 12,204.0,3.0,12.0,9.0,⚡ High Variance (Boom/Bust Ceiling),7.0,Tier 2,3.0,12.0,9.0
Jadarian Price,RB,SEA,64.0,63.5,RB25,16.0,40.0,3.39,4,11,17b64129-5118-4525-ac9a-d79ff5313568,90.6,93.0,jadarian price,RB,SEA,RB_jadarian_price_SEA,155.0,189.97,36.89,26.35,220.12,1.08,215.53,913.16,7.97,0.0,0.0,0.0,71.0,RB27,172.47,13.0,69.9,65.8,55.9,63.5,63.5,Healthy,0,61.0,Neutral,Black,0.0,0.0,0.0,Fool's Gold,,9.12,0.0,0.0,0.0,0.0,0.0,0.0,,,,30.0,99.0,Rookie,,,,,,,🎯 **Target / Sleeper**,🤝 **Consensus High**,Consensus Alignment,Tier 11,Round 6 (6.06),6.06,"Explosive home-run back; Zach Charbonnet out until Nov; Ryan Grubb scheme; ""unstoppable"" camp buzz; top-25 RB early runway.",https://www.fantasypoints.com/nfl/articles/2026/mr-relevant-late-round-sleepers,14.0,0.0,1.0,0.0,0.0,0.0,0.0,0.0,0.0,0.0,0.0,0.0,RB19,T6,,6.0,75.0,consensus,2.5,Medium,0.0,0.0,2.0,1.0,,,,,0.0,Neutral,SEA,0.0,0.17,1340.0,0.058,28.0,0.02,0.08,SEA,10.0,3.5,70.0,70.0,False,Brian Fleury,96.6,11.0,26.4,4.0,32.9,17.0,0.774,—,16.0,Zone,4.0,Even,14.0,Chew the Clock (High Scoring Offense + Elite Defense -> Run-Heavy Second Halves),SEA,14,46.7,53.3,4.0,0.0,Unknown,16,,67.4,,,,,,,,,,,,,Jadarian Price,SEA,1,1.0,32.0,44.8,64.4,17.5,99.9,4.49,35.0,124.0,203.0,11.9,47.0,35.0,11.0,118.5,32.0,25.0,-7.0,0.772,13.8,8.0,85.0,107.5,75.6,65.8,26.0,RB30,30.0,67.6,155.0,9.12,8.0,$11-13,59.0,13.3,—,0,0,99,,—,30,RB30,181.3,0.0,174,0.855,0.0,5.9,1.8,-8.1,-0.5,-0.5,69.9,55.9,14.0,14.0,69.9,55.9,ESPN,SLEEPER,Fair Market Value,150.24,3.75,-0.026,146.33,0.0,0.0,113,30,RB30,T6,14.0,-49.5,False,True,0.0,-2.8,150.24,0.0,0.0,-2.6,0.0,0.0,0.0,0.0,0.0,0.0,0.0,-5.0,Tier 7,64.0,16.0,40.0,24.0,⚡ High Variance (Boom/Bust Ceiling),25.0,Tier 6,16.0,40.0,24.0
New Orleans Saints,DST,NO,300.0,281.5,DST17,5.0,29.0,4.37,4,8,0d855753-ea21-4953-89f9-0e20aff9eb73,48.8,1.0,new orleans saints,DST,NO,DST_new_orleans_saints_NO,95.7,100.51,0.0,0.0,0.0,0.0,0.0,0.0,0.0,0.0,0.0,0.0,,,,,287.1,284.3,275.9,281.5,281.5,Healthy,0,,Neutral,Black,0.0,0.0,0.0,—,,5.63,0.0,0.0,0.0,0.0,0.0,0.0,,,,,,,,,,,,,—,—,Consensus Alignment,—,—,99.0,,,1.0,0.0,0.0,0.0,0.0,0.0,0.0,0.0,0.0,0.0,0.0,0.0,—,—,,5.0,,consensus,,,0.0,0.0,,,,,,,0.0,Neutral,NO,0.005,0.15,1150.0,0.035,28.2,-0.03,0.08,NO,30.0,3.0,60.0,60.0,True,Kellen Moore,85.7,23.0,22.1,18.0,35.8,10.0,0.663,High 11P,1.0,Zone,5.0,Even,27.0,Passing / Garbage Time (Low Scoring Offense + Bad Defense -> Trailing Game Scripts / Air Volume),NO,22,25.49,74.51,25.0,-2.3,K.Moore,16,,,,,,,,,,,,,,,,,0,,,,,,,,,,,,,,,,,,,,,,,,,,,DST13,13.0,,95.7,5.63,,,,,—,0,0,99,,—,13,DST13,95.8,0.0,97,0.999,0.0,-12.9,-15.7,-24.1,-18.5,-18.5,287.1,275.9,11.2,11.2,287.1,275.9,ESPN,SLEEPER,Severe Reach (Overpriced),95.7,0.0,-0.006,95.13,0.0,0.0,113,13,DST13,T6,1.0,168.5,False,False,0.0,0.0,95.7,0.0,0.0,-0.6,0.0,0.0,0.0,0.0,0.0,0.0,0.0,0.0,Tier 12,300.0,5.0,29.0,24.0,⚡ High Variance (Boom/Bust Ceiling),17.0,Tier 4,5.0,29.0,24.0
Bo Nix,QB,DEN,99.0,111.5,QB12,8.0,19.0,1.87,3,10,f056c8ed-6ee5-492c-af11-3f7e3d97195c,89.1,91.0,bo nix,QB,DEN,QB_bo_nix_DEN,270.8,298.16,0.0,0.0,0.0,0.0,79.1,341.41,3.66,3744.8,26.84,11.04,105.0,QB11,296.8,16.0,100.4,99.8,118.2,111.5,111.5,Healthy,0,95.0,Neutral,Black,0.0,0.0,0.0,—,17.4,15.93,0.0,0.0,16.6,5.64,0.0,1.0,,,,,,,High Volume Value (Above Line),High Designed Runs,,,,,—,—,Consensus Alignment,—,—,99.0,,,1.0,0.0,0.0,0.0,0.0,0.0,0.0,0.0,0.0,0.0,0.0,0.0,—,—,,7.0,116.0,consensus,2.5,Medium,0.0,0.0,,,,,,,0.0,Neutral,DEN,-0.018,0.27,2100.0,0.02,28.9,0.01,0.03,DEN,4.0,5.0,100.0,100.0,True,Sean Payton/Webb,94.5,13.0,24.2,9.0,32.6,21.0,0.563,—,7.0,Gap,26.0,Most Spread,2.0,Balanced Environment,DEN,1,17.22,82.78,31.0,1.7,S.Payton,16,75.4,88.4,,,,,,,,,,,0.4547,,,,0,,,,,,,,,,,,,,,268.1,7.0,15.0,8.0,0.985,15.6,17.71,272.3,290.0,224.3,99.8,13.0,QB14,14.0,120.0,270.8,15.93,4.0,$1-3,113.0,17.9,—,0,0,99,,—,14,QB14,272.9,0.0,106,0.992,0.0,1.4,0.8,19.2,12.5,12.5,118.2,99.8,18.4,18.4,118.2,99.8,SLEEPER,YAHOO,Screaming Steal (Huge Value),276.62,4.46,-0.009,274.13,0.0,0.0,113,13,QB13,T6,1.0,-1.5,False,False,0.0,3.2,276.62,0.0,0.0,-0.9,0.0,0.0,0.0,0.0,0.0,0.0,0.0,0.0,Tier 10,99.0,8.0,19.0,11.0,⚡ High Variance (Boom/Bust Ceiling),12.0,Tier 4,8.0,19.0,11.0
Juwan Johnson,TE,NO,138.0,136.0,TE16,10.0,24.0,2.94,3,8,0226b03b-f91d-4223-9813-9fcd2e9c3acc,31.2,52.0,juwan johnson,TE,NO,TE_juwan_johnson_NO,118.6,154.72,90.56599999999999,64.69,730.25,3.27,0.0,0.0,0.0,0.0,0.0,0.0,131.0,TE15,142.85,20.0,138.7,127.4,133.3,136.0,136.0,Healthy,0,,Neutral,Black,0.0,0.0,0.0,—,,6.98,0.0,0.0,0.0,0.0,0.0,0.0,,,,,,,,,,,,,🎯 **Late TE Target ($1)**,🤝 **Consensus Value**,Consensus Alignment,Tier 14,Round 13+,13.0,Oregon roommate of Tyler Shough (11.4 FPG with Shough in W8-17); Jordyn Tyson out 2 months.,https://www.fantasypoints.com/nfl/articles/2026/mr-relevant-late-round-sleepers,1.0,0.0,1.0,0.0,0.0,0.0,0.0,0.0,0.0,0.0,0.0,0.0,TE17,T7,,5.0,,consensus,,,0.0,0.0,,,,,,,0.0,Neutral,NO,0.005,0.15,1150.0,0.035,28.2,-0.03,0.08,NO,30.0,3.0,60.0,60.0,True,Kellen Moore,85.7,23.0,22.1,18.0,35.8,10.0,0.663,High 11P,1.0,Zone,5.0,Even,27.0,Passing / Garbage Time (Low Scoring Offense + Bad Defense -> Trailing Game Scripts / Air Volume),NO,22,25.49,74.51,25.0,-2.3,K.Moore,16,76.8,59.7,,0.2382,,,0.6764,,,,,,,,,,0,,,,,,,,,,,,,,,109.2,16.0,17.0,1.0,0.976,14.8,7.28,105.2,109.0,66.7,127.4,19.0,TE14,14.0,189.1,118.6,6.98,4.0,$1,130.0,9.4,—,0,0,99,,—,14,TE14,124.0,0.0,120,0.956,0.0,0.7,-10.6,-4.7,-2.0,-2.0,138.7,127.4,11.3,11.3,138.7,127.4,ESPN,YAHOO,Fair Market Value,122.31,-1.65,-0.006,121.58,0.0,0.0,113,13,TE13,T6,1.0,23.0,True,False,0.0,0.4,122.31,0.0,0.0,-0.6,0.0,0.0,0.0,0.0,0.0,0.0,0.0,0.0,Tier 12,138.0,10.0,24.0,14.0,⚡ High Variance (Boom/Bust Ceiling),16.0,Tier 4,10.0,24.0,14.0
Harrison Butker,K,KC,258.0,195.5,K16,10.0,19.0,2.43,3,5,4ceb866c-8eaf-49b5-9043-56228e43a2e5,77.7,24.0,harrison butker,K,KC,K_harrison_butker_KC,129.5,131.94,0.0,0.0,0.0,0.0,0.0,0.0,0.0,0.0,0.0,0.0,,,,,199.4,197.5,191.6,195.5,195.5,Healthy,0,,Neutral,Black,0.0,0.0,0.0,—,,7.62,0.0,0.0,0.0,0.0,0.0,0.0,,,,,,,,,,,,,—,—,Consensus Alignment,—,—,99.0,,,1.0,0.0,0.0,0.0,0.0,0.0,0.0,0.0,0.0,0.0,0.0,0.0,—,—,,5.0,,consensus,,,0.0,0.0,,,,,,,0.0,Neutral,KC,0.068,0.145,1250.0,0.142,26.5,0.02,0.22,KC,22.0,3.0,60.0,60.0,False,Andy Reid,89.6,19.0,22.0,19.0,33.2,16.0,0.546,—,9.0,Zone,22.0,Condensed,6.0,Chew the Clock (High Scoring Offense + Elite Defense -> Run-Heavy Second Halves),KC,21,38.45,61.55,11.0,6.4,A.Reid,16,,,,,,,,,,,,,,,,,0,,,,,,,,,,,,,,,,,,,,,,,,,,,K12,12.0,,129.5,7.62,,,,,—,0,0,99,,—,13,K13,130.0,0.0,98,0.996,0.0,-58.6,-60.5,-66.4,-62.5,-62.5,199.4,191.6,7.8,7.8,199.4,191.6,ESPN,SLEEPER,Severe Reach (Overpriced),129.5,0.0,-0.006,128.72,0.0,0.0,113,13,K13,T6,1.0,82.5,False,False,0.0,0.0,129.5,0.0,0.0,-0.6,0.0,0.0,0.0,0.0,0.0,0.0,0.0,0.0,Tier 12,258.0,10.0,19.0,9.0,⚡ High Variance (Boom/Bust Ceiling),16.0,Tier 4,10.0,19.0,9.0
Carnell Tate,WR,TEN,72.0,72.0,WR32,23.0,49.0,4.95,5,9,a8693aee-cde4-464f-a0d8-355fb72c041d,91.9,91.0,carnell tate,WR,TEN,WR_carnell_tate_TEN,134.8,178.43,91.25200000000001,65.18,887.55,4.49,0.67,3.0,0.0,0.0,0.0,0.0,60.0,WR28,197.12,12.0,79.2,80.0,63.4,72.0,72.0,Healthy,0,76.0,Target (Green),Green,1.0,0.0,0.0,—,,7.93,0.0,0.0,0.0,0.0,0.0,0.0,,,,,,,,,,,,,🚫 **Overvalue / Fade**,🤝 **Consensus Avoid (Dirty 30)**,Consensus Alignment,Tier 13,Round 7/8,7.5,"Cam Ward struggles (35th catchable rate, 36th EPA/DB); Wan'Dale Robinson $38M deal (140 tgts); Titans 20.7 implied PPG.",https://www.fantasypoints.com/nfl/articles/2026/players-to-avoid-and-overvalues,6.0,0.0,0.0,1.0,0.0,0.0,1.0,0.0,0.0,0.0,0.0,0.0,WR30,T8,,5.0,56.0,consensus,2.5,Medium,0.0,0.0,,,6.0,,,,0.0,Neutral,TEN,-0.02,0.33,2550.0,0.01,29.0,0.03,-0.01,TEN,25.0,2.0,40.0,40.0,False,Brian Daboll,74.1,29.0,19.9,23.0,32.6,21.0,0.588,High 12P,12.0,Balanced,28.0,Very Spread,13.0,Slugfests (Low Scoring Offense + Elite Defense -> Low Over/Unders / Grinding Games),TEN,31,20.11,79.89,29.0,-1.4,B.Daboll,16,,81.0,,,,,,,,,,,,,Carnell Tate,TEN,1,1.0,4.0,75.4,61.4,26.6,91.2,4.53,,,192.0,4.9,45.0,17.0,10.0,96.3,51.0,28.0,-23.0,0.923,13.9,7.4,95.1,65.2,50.1,80.0,31.0,WR39,39.0,65.3,134.8,7.93,8.0,$3-5,99.0,11.8,—,0,0,99,,—,39,WR39,158.5,0.0,169,0.85,0.0,7.2,8.0,-8.6,0.0,0.0,80.0,63.4,16.6,16.6,80.0,63.4,YAHOO,SLEEPER,Fair Market Value,140.75,-9.3,-0.014,138.78,0.0,0.0,113,36,WR36,T6,6.0,-41.0,False,True,4.0,-6.0,140.75,0.0,0.0,-1.4,0.0,0.0,0.0,0.0,0.0,0.0,12.0,0.0,Tier 8,72.0,23.0,49.0,26.0,⚡ High Variance (Boom/Bust Ceiling),32.0,Tier 6,23.0,49.0,26.0
Cam Little,K,JAC,217.0,160.5,K4,2.0,16.0,2.53,1,7,42d90cdf-5494-4576-bc1e-4b5d3de99f5f,87.0,96.0,cam little,K,JAX,K_cam_little_JAX,128.7,131.47,0.0,0.0,0.0,0.0,0.0,0.0,0.0,0.0,0.0,0.0,,,,,163.7,162.1,157.3,160.5,160.5,Healthy,0,,Neutral,Black,0.0,0.0,0.0,—,,7.57,0.0,0.0,0.0,0.0,0.0,0.0,,,,,,,,,,,,,—,—,Consensus Alignment,—,—,99.0,,,1.0,0.0,0.0,0.0,0.0,0.0,0.0,0.0,0.0,0.0,0.0,0.0,—,—,,5.0,,consensus,,,0.0,0.0,,,,,,,0.0,Neutral,JAX,0.015,0.28,2100.0,0.052,27.9,-0.02,0.1,JAX,7.0,4.0,80.0,80.0,True,Liam Coen,97.4,9.0,26.0,5.0,37.0,8.0,0.616,High 11P,21.0,Balanced,7.0,Condensed,1.0,Shootouts (High Scoring Offense + Vulnerable Defense -> Max Fantasy Ceiling),JAX,23,24.71,75.29,26.0,0.9,L.Coen,16,,,,,,,,,,,,,,,,,0,,,,,,,,,,,,,,,,,,,,,,,,,,,K13,13.0,,128.7,7.57,,,,,—,0,0,99,,—,14,K14,130.0,-0.2,104,0.99,0.0,-53.3,-54.9,-59.7,-56.5,-56.5,163.7,157.3,6.4,6.4,163.7,157.3,ESPN,SLEEPER,Severe Reach (Overpriced),128.7,0.0,-0.006,127.93,-0.2,-0.2,119,14,K14,T7,1.0,41.5,False,False,0.0,0.0,128.7,0.0,0.0,-0.6,0.0,0.0,0.0,0.0,0.0,0.0,0.0,0.0,Tier 12,217.0,2.0,16.0,14.0,⚡ High Variance (Boom/Bust Ceiling),4.0,Tier 2,2.0,16.0,14.0
Baltimore Ravens,DST,BAL,220.0,175.0,DST11,4.0,27.0,4.03,3,13,ebd87119-b331-4469-9ea6-d51fe3ce2f1c,43.4,54.0,baltimore ravens,DST,BAL,DST_baltimore_ravens_BAL,94.8,101.3,0.0,0.0,0.0,0.0,0.0,0.0,0.0,0.0,0.0,0.0,,,,,178.5,176.8,171.5,175.0,175.0,Healthy,0,,Neutral,Black,0.0,0.0,0.0,—,,5.58,0.0,0.0,0.0,0.0,0.0,0.0,,,,,,,,,,,,,—,—,Consensus Alignment,—,—,99.0,,,1.0,0.0,0.0,0.0,0.0,0.0,0.0,0.0,0.0,0.0,0.0,0.0,—,—,,5.0,,consensus,,,0.0,0.0,,,,,,,0.0,Neutral,BAL,-0.045,0.15,1150.0,0.165,28.4,0.15,0.18,BAL,11.0,3.0,60.0,60.0,True,Declan Doyle,86.1,22.0,29.3,1.0,37.2,7.0,0.63,High 12P,8.0,Zone,6.0,Even,11.0,Chew the Clock (High Scoring Offense + Elite Defense -> Run-Heavy Second Halves),BAL,26,59.85,40.15,1.0,0.0,Unknown,16,,,,,,,,,,,,,,,,,0,,,,,,,,,,,,,,,,,,,,,,,,,,,DST14,14.0,,94.8,5.58,,,,,—,0,0,99,,—,14,DST14,95.8,-0.22,99,0.99,0.0,-41.5,-43.2,-48.5,-45.0,-45.0,178.5,171.5,7.0,7.0,178.5,171.5,ESPN,SLEEPER,Severe Reach (Overpriced),94.8,0.0,-0.006,94.23,-0.22,-0.22,120,14,DST14,T7,1.0,55.0,False,False,0.0,0.0,94.8,0.0,0.0,-0.6,0.0,0.0,0.0,0.0,0.0,0.0,0.0,0.0,Tier 12,220.0,4.0,27.0,23.0,⚡ High Variance (Boom/Bust Ceiling),11.0,Tier 3,4.0,27.0,23.0
Buffalo Bills,DST,BUF,234.0,231.5,DST14,10.0,26.0,2.95,4,7,768c92aa-75ff-4a43-bcc0-f2798c2e1724,63.5,18.0,buffalo bills,DST,BUF,DST_buffalo_bills_BUF,94.6,106.67,0.0,0.0,0.0,0.0,0.0,0.0,0.0,0.0,0.0,0.0,,,,,236.1,233.8,226.9,231.5,231.5,Healthy,0,,Neutral,Black,0.0,0.0,0.0,—,,5.56,0.0,0.0,0.0,0.0,0.0,0.0,,,,,,,,,,,,,—,—,Consensus Alignment,—,—,99.0,,,1.0,0.0,0.0,0.0,0.0,0.0,0.0,0.0,0.0,0.0,0.0,0.0,—,—,,5.0,,consensus,,,0.0,0.0,,,,,,,0.0,Neutral,BUF,0.03,0.32,2450.0,0.155,26.9,0.08,0.2,BUF,2.0,4.5,90.0,90.0,True,Joe Brady,101.1,5.0,24.4,8.0,30.1,25.0,0.655,—,32.0,Gap,11.0,Very Spread,22.0,Shootouts (High Scoring Offense + Vulnerable Defense -> Max Fantasy Ceiling),BUF,7,23.56,76.44,28.0,-1.6,J.Brady,16,,,,,,,,,,,,,,,,,0,,,,,,,,,,,,,,,,,,,,,,,,,,,DST15,15.0,,94.6,5.56,,,,,—,0,0,99,,—,15,DST15,95.8,-0.27,100,0.987,0.0,2.1,-0.2,-7.1,-2.5,-2.5,236.1,226.9,9.2,9.2,236.1,226.9,ESPN,SLEEPER,Fair Market Value,94.6,0.0,-0.006,94.03,-0.27,-0.27,121,15,DST15,T7,1.0,110.5,False,False,0.0,0.0,94.6,0.0,0.0,-0.6,0.0,0.0,0.0,0.0,0.0,0.0,0.0,0.0,Tier 12,234.0,10.0,26.0,16.0,⚡ High Variance (Boom/Bust Ceiling),14.0,Tier 3,10.0,26.0,16.0
Carolina Panthers,DST,CAR,361.0,283.5,DST25,7.0,32.0,4.07,5,5,f14bf5cc-9a82-4a38-bc15-d39f75ed5314,6.1,1.0,carolina panthers,DST,CAR,DST_carolina_panthers_CAR,94.5,86.32,0.0,0.0,0.0,0.0,0.0,0.0,0.0,0.0,0.0,0.0,,,,,289.2,286.3,277.8,283.5,283.5,Healthy,0,,Neutral,Black,0.0,0.0,0.0,—,,5.56,0.0,0.0,0.0,0.0,0.0,0.0,,,,,,,,,,,,,—,—,Consensus Alignment,—,—,99.0,,,1.0,0.0,0.0,0.0,0.0,0.0,0.0,0.0,0.0,0.0,0.0,0.0,—,—,,5.0,,consensus,,,0.0,0.0,,,,,,,0.0,Neutral,CAR,-0.015,0.25,1900.0,-0.03,28.6,-0.01,-0.04,CAR,16.0,3.0,60.0,60.0,False,Dave Canales/Idzik,78.7,27.0,19.8,24.0,33.6,15.0,0.794,High 11P,22.0,Balanced,19.0,Spread,23.0,Passing / Garbage Time (Low Scoring Offense + Bad Defense -> Trailing Game Scripts / Air Volume),CAR,8,29.48,70.52,22.0,-2.0,D.Canales,16,,,,,,,,,,,,,,,,,0,,,,,,,,,,,,,,,,,,,,,,,,,,,DST16,16.0,,94.5,5.56,,,,,—,0,0,99,,—,16,DST16,95.8,-0.3,103,0.986,0.0,-71.8,-74.7,-83.2,-77.5,-77.5,289.2,277.8,11.4,11.4,289.2,277.8,ESPN,SLEEPER,Severe Reach (Overpriced),94.5,0.0,-0.006,93.93,-0.3,-0.3,122,16,DST16,T7,1.0,161.5,False,False,0.0,0.0,94.5,0.0,0.0,-0.6,0.0,0.0,0.0,0.0,0.0,0.0,0.0,0.0,Tier 12,361.0,7.0,32.0,25.0,⚡ High Variance (Boom/Bust Ceiling),25.0,Tier 4,7.0,32.0,25.0
Trey Smack,K,GB,386.0,247.0,K26,9.0,32.0,5.75,4,11,fc5890c6-b22d-4b5b-8ca5-2722b077bc8b,10.5,8.0,trey smack,K,GB,K_trey_smack_GB,127.8,126.35,0.0,0.0,0.0,0.0,0.0,0.0,0.0,0.0,0.0,0.0,,,,,251.9,249.5,242.1,247.0,247.0,Healthy,0,,Neutral,Black,0.0,0.0,0.0,—,,7.52,0.0,0.0,0.0,0.0,0.0,0.0,,,,,,,,,,,,,—,—,Consensus Alignment,—,—,99.0,,,1.0,0.0,0.0,0.0,0.0,0.0,0.0,0.0,0.0,0.0,0.0,0.0,—,—,,5.0,,consensus,,,0.0,0.0,,,,,,,0.0,Neutral,GB,0.02,0.16,1300.0,0.112,27.8,0.04,0.16,GB,20.0,2.0,40.0,40.0,False,Matt LaFleur,90.5,16.0,23.0,13.0,36.3,9.0,0.667,High 12P,19.0,Balanced,8.0,Very Condensed,17.0,Chew the Clock (High Scoring Offense + Elite Defense -> Run-Heavy Second Halves),GB,27,38.22,61.78,13.0,-1.0,M.LaFleur,16,,,,,,,,,,,,,,,,,0,,,,,,,,,,,,,,,,,,,,,,,,,,,K14,14.0,,127.8,7.52,,,,,—,0,0,99,,—,15,K15,130.0,-0.42,108,0.983,0.0,-134.1,-136.5,-143.9,-139.0,-139.0,251.9,242.1,9.8,9.8,251.9,242.1,ESPN,SLEEPER,Severe Reach (Overpriced),127.8,0.0,-0.006,127.03,-0.42,-0.42,123,15,K15,T7,1.0,124.0,False,False,0.0,0.0,127.8,0.0,0.0,-0.6,0.0,0.0,0.0,0.0,0.0,0.0,0.0,0.0,Tier 12,386.0,9.0,32.0,23.0,⚡ High Variance (Boom/Bust Ceiling),26.0,Tier 4,9.0,32.0,23.0
Indianapolis Colts,DST,IND,313.0,288.0,DST18,4.0,24.0,3.28,4,13,82cf9565-6eb9-4f01-bdbd-5aa0d472fcd9,38.9,2.0,indianapolis colts,DST,IND,DST_indianapolis_colts_IND,94.0,94.34,0.0,0.0,0.0,0.0,0.0,0.0,0.0,0.0,0.0,0.0,,,,,293.8,290.9,282.2,288.0,288.0,Healthy,0,,Neutral,Black,0.0,0.0,0.0,—,,5.53,0.0,0.0,0.0,0.0,0.0,0.0,,,,,,,,,,,,,—,—,Consensus Alignment,—,—,99.0,,,1.0,0.0,0.0,0.0,0.0,0.0,0.0,0.0,0.0,0.0,0.0,0.0,—,—,,5.0,,consensus,,,0.0,0.0,,,,,,,0.0,Neutral,IND,0.005,0.13,980.0,0.068,27.3,0.06,0.07,IND,5.0,4.5,90.0,90.0,False,Shane Steichen,97.4,10.0,22.2,17.0,32.7,19.0,0.691,—,20.0,Gap,10.0,Even,25.0,Balanced Environment,IND,10,36.05,63.95,14.0,-3.5,S.Steichen,16,,,,,,,,,,,,,,,,,0,,,,,,,,,,,,,,,,,,,,,,,,,,,DST17,17.0,,94.0,5.53,,,,,—,0,0,99,,—,17,DST17,95.8,-0.42,105,0.981,0.0,-19.2,-22.1,-30.8,-25.0,-25.0,293.8,282.2,11.6,11.6,293.8,282.2,ESPN,SLEEPER,Severe Reach (Overpriced),94.0,0.0,-0.006,93.44,-0.42,-0.42,123,17,DST17,T7,1.0,165.0,False,False,0.0,0.0,94.0,0.0,0.0,-0.6,0.0,0.0,0.0,0.0,0.0,0.0,0.0,0.0,Tier 12,313.0,4.0,24.0,20.0,⚡ High Variance (Boom/Bust Ceiling),18.0,Tier 4,4.0,24.0,20.0
Chase McLaughlin,K,TB,240.0,245.5,K12,5.0,18.0,2.84,3,10,12d28404-63e1-432f-adde-c93631a5c39c,15.7,12.0,chase mclaughlin,K,TB,K_chase_mclaughlin_TB,127.7,132.86,0.0,0.0,0.0,0.0,0.0,0.0,0.0,0.0,0.0,0.0,,,,,250.4,248.0,240.6,245.5,245.5,Healthy,0,,Neutral,Black,0.0,0.0,0.0,—,,7.51,0.0,0.0,0.0,0.0,0.0,0.0,,,,,,,,,,,,,—,—,Consensus Alignment,—,—,99.0,,,1.0,0.0,0.0,0.0,0.0,0.0,0.0,0.0,0.0,0.0,0.0,0.0,—,—,,5.0,,consensus,,,0.0,0.0,,,,,,,0.0,Neutral,TB,0.028,0.11,820.0,0.078,27.5,-0.03,0.14,TB,26.0,4.0,80.0,80.0,False,Zac Robinson,89.8,18.0,27.9,2.0,30.4,24.0,0.75,High 12P,13.0,Zone,2.0,Condensed,20.0,Slugfests (Low Scoring Offense + Elite Defense -> Low Over/Unders / Grinding Games),TB,5,26.78,73.22,23.0,-6.6,Z.Robinson,16,,,,,,,,,,,,,,,,,0,,,,,,,,,,,,,,,,,,,,,,,,,,,K15,15.0,,127.7,7.51,,,,,—,0,0,99,,—,16,K16,130.0,-0.45,109,0.982,0.0,10.4,8.0,0.6,5.5,5.5,250.4,240.6,9.8,9.8,250.4,240.6,ESPN,SLEEPER,Value Target (Discounted),127.7,0.0,-0.006,126.93,-0.45,-0.45,125,16,K16,T7,1.0,120.5,False,False,0.0,0.0,127.7,0.0,0.0,-0.6,0.0,0.0,0.0,0.0,0.0,0.0,0.0,0.0,Tier 12,240.0,5.0,18.0,13.0,⚡ High Variance (Boom/Bust Ceiling),12.0,Tier 3,5.0,18.0,13.0
Jake Elliott,K,PHI,359.0,277.5,K18,7.0,28.0,3.23,4,10,059e5bb7-1842-4558-9aaf-77c352a21216,8.4,8.0,jake elliott,K,PHI,K_jake_elliott_PHI,127.6,119.8,0.0,0.0,0.0,0.0,0.0,0.0,0.0,0.0,0.0,0.0,,,,,283.1,280.3,271.9,277.5,277.5,Healthy,0,,Neutral,Black,0.0,0.0,0.0,—,,7.51,0.0,0.0,0.0,0.0,0.0,0.0,,,,,,,,,,,,,—,—,Consensus Alignment,—,—,99.0,,,1.0,0.0,0.0,0.0,0.0,0.0,0.0,0.0,0.0,0.0,0.0,0.0,—,—,,5.0,,consensus,,,0.0,0.0,,,,,,,0.0,Neutral,PHI,0.025,0.08,640.0,0.138,27.2,0.12,0.15,PHI,14.0,4.0,80.0,80.0,True,Sean Mannion,85.2,24.0,23.0,13.0,36.3,9.0,0.667,—,16.0,Balanced,5.0,Condensed,15.0,Chew the Clock (High Scoring Offense + Elite Defense -> Run-Heavy Second Halves),PHI,2,35.05,64.95,16.0,0.0,Unknown,16,,,,,,,,,,,,,,,,,0,,,,,,,,,,,,,,,,,,,,,,,,,,,K16,16.0,,127.6,7.51,,,,,—,0,0,99,,—,17,K17,130.0,-0.47,110,0.982,0.0,-75.9,-78.7,-87.1,-81.5,-81.5,283.1,271.9,11.2,11.2,283.1,271.9,ESPN,SLEEPER,Severe Reach (Overpriced),127.6,0.0,-0.006,126.83,-0.47,-0.47,126,17,K17,T7,1.0,151.5,False,False,0.0,0.0,127.6,0.0,0.0,-0.6,0.0,0.0,0.0,0.0,0.0,0.0,0.0,0.0,Tier 12,359.0,7.0,28.0,21.0,⚡ High Variance (Boom/Bust Ceiling),18.0,Tier 4,7.0,28.0,21.0
San Francisco 49ers,DST,SF,287.0,268.5,DST19,12.0,32.0,3.59,4,8,f0e724b0-4cbf-495a-be47-013907608da9,29.4,11.0,san francisco 49ers,DST,SF,DST_san_francisco_49ers_SF,93.7,88.11,0.0,0.0,0.0,0.0,0.0,0.0,0.0,0.0,0.0,0.0,,,,,273.9,271.2,263.1,268.5,268.5,Healthy,0,,Neutral,Black,0.0,0.0,0.0,—,,5.51,0.0,0.0,0.0,0.0,0.0,0.0,,,,,,,,,,,,,—,—,Consensus Alignment,—,—,99.0,,,1.0,0.0,0.0,0.0,0.0,0.0,0.0,0.0,0.0,0.0,0.0,0.0,—,—,,5.0,,consensus,,,0.0,0.0,,,,,,,0.0,Neutral,SF,-0.012,0.11,890.0,0.175,28.8,0.14,0.2,SF,6.0,4.0,80.0,80.0,False,Kyle Shanahan,100.9,6.0,26.4,4.0,32.9,17.0,0.774,High 21P,8.0,Zone,3.0,Most Condensed,14.0,Shootouts (High Scoring Offense + Vulnerable Defense -> Max Fantasy Ceiling),SF,6,48.24,51.76,3.0,-1.9,K.Shanahan,16,,,,,,,,,,,,,,,,,0,,,,,,,,,,,,,,,,,,,,,,,,,,,DST18,18.0,,93.7,5.51,,,,,—,0,0,99,,—,18,DST18,95.8,-0.5,107,0.978,0.0,-13.1,-15.8,-23.9,-18.5,-18.5,273.9,263.1,10.8,10.8,273.9,263.1,ESPN,SLEEPER,Severe Reach (Overpriced),93.7,0.0,-0.006,93.14,-0.5,-0.5,127,18,DST18,T7,1.0,141.5,False,False,0.0,0.0,93.7,0.0,0.0,-0.6,0.0,0.0,0.0,0.0,0.0,0.0,0.0,0.0,Tier 12,287.0,12.0,32.0,20.0,⚡ High Variance (Boom/Bust Ceiling),19.0,Tier 4,12.0,32.0,20.0
Jordan Addison,WR,MIN,105.0,104.5,WR44,33.0,60.0,5.31,5,6,63fdd64e-1a23-4b77-9536-b1609f3a708c,79.4,82.0,jordan addison,WR,MIN,WR_jordan_addison_MIN,134.9,168.88,77.22399999999999,55.16,758.43,5.4,2.67,37.14,0.37,0.0,0.0,0.0,101.0,WR45,162.67,15.0,106.6,117.3,102.4,104.5,104.5,Healthy,0,112.0,Neutral,Black,0.0,0.0,0.0,—,8.7,7.94,0.0,0.0,0.0,0.0,0.0,0.0,,,,,,,,,,,,,—,—,Consensus Alignment,—,—,99.0,,,1.0,0.0,0.0,0.0,0.0,0.0,0.0,0.0,0.0,0.0,0.0,0.0,—,—,,7.0,104.0,consensus,2.5,Medium,1.0,0.0,,,,,,,0.0,Neutral,MIN,0.035,0.19,1580.0,0.085,27.1,-0.02,0.15,MIN,9.0,4.0,80.0,80.0,True,Kevin O'Connell,76.2,28.0,18.9,26.0,37.4,5.0,0.691,—,25.0,Balanced,23.0,Condensed,5.0,Shootouts (High Scoring Offense + Vulnerable Defense -> Max Fantasy Ceiling),MIN,12,31.97,68.03,18.0,1.4,K.O'Connell,16,68.4,85.0,-0.0256,0.1988,0.2587,-0.4425,0.1009,0.0619,,,,,,,,,0,,,,,,,,,,,,,,,121.1,36.0,46.0,10.0,0.943,13.2,8.92,111.3,109.7,119.5,117.3,44.0,WR38,38.0,104.3,134.9,7.94,9.0,$1-3,103.0,11.4,—,0,0,99,,—,38,WR38,158.5,-0.53,167,0.851,0.0,1.6,12.3,-2.6,-0.5,-0.5,117.3,102.4,14.9,14.9,117.3,102.4,YAHOO,SLEEPER,Fair Market Value,138.39,1.65,-0.001,138.25,-0.53,-0.53,128,37,WR37,T7,1.0,-23.5,False,True,0.0,4.0,138.39,0.0,0.0,-0.1,0.0,0.0,0.0,5.0,0.0,0.0,0.0,0.0,Tier 10,105.0,33.0,60.0,27.0,⚡ High Variance (Boom/Bust Ceiling),44.0,Tier 7,33.0,60.0,27.0
Nick Folk,K,ATL,406.0,294.5,K25,5.0,31.0,4.77,4,11,b37c621e-1125-4c35-bea0-fcabb1527060,4.4,3.0,nick folk,K,ATL,K_nick_folk_ATL,127.2,121.07,0.0,0.0,0.0,0.0,0.0,0.0,0.0,0.0,0.0,0.0,,,,,300.4,297.4,288.6,294.5,294.5,Healthy,0,,Neutral,Black,0.0,0.0,0.0,—,,7.48,0.0,0.0,0.0,0.0,0.0,0.0,,,,,,,,,,,,,—,—,Consensus Alignment,—,—,99.0,,,1.0,0.0,0.0,0.0,0.0,0.0,0.0,0.0,0.0,0.0,0.0,0.0,—,—,,5.0,,consensus,,,0.0,0.0,,,,,,,0.0,Neutral,ATL,0.032,0.15,1100.0,0.092,26.0,0.05,0.12,ATL,21.0,4.0,80.0,80.0,False,Kevin Stefanski/Rees,86.4,21.0,22.4,16.0,25.7,28.0,0.592,High 12P,10.0,Gap,18.0,Even,3.0,Passing / Garbage Time (Low Scoring Offense + Bad Defense -> Trailing Game Scripts / Air Volume),ATL,11,54.01,45.99,2.0,-4.2,K.Stefanski,16,,,,,,,,,,,,,,,,,0,,,,,,,,,,,,,,,,,,,,,,,,,,,K17,17.0,,127.2,7.48,,,,,—,0,0,99,,—,18,K18,130.0,-0.57,112,0.978,0.0,-105.6,-108.6,-117.4,-111.5,-111.5,300.4,288.6,11.8,11.8,300.4,288.6,ESPN,SLEEPER,Severe Reach (Overpriced),127.2,0.0,-0.006,126.44,-0.57,-0.57,129,18,K18,T7,1.0,165.5,False,False,0.0,0.0,127.2,0.0,0.0,-0.6,0.0,0.0,0.0,0.0,0.0,0.0,0.0,0.0,Tier 12,406.0,5.0,31.0,26.0,⚡ High Variance (Boom/Bust Ceiling),25.0,Tier 4,5.0,31.0,26.0
Atlanta Falcons,DST,ATL,291.0,272.5,DST20,12.0,32.0,3.83,4,11,e6aa13a4-0055-48a9-bc41-be28dc106929,22.6,3.0,atlanta falcons,DST,ATL,DST_atlanta_falcons_ATL,93.2,105.61,0.0,0.0,0.0,0.0,0.0,0.0,0.0,0.0,0.0,0.0,,,,,277.9,275.2,267.1,272.5,272.5,Healthy,0,,Neutral,Black,0.0,0.0,0.0,—,,5.48,0.0,0.0,0.0,0.0,0.0,0.0,,,,,,,,,,,,,—,—,Consensus Alignment,—,—,99.0,,,1.0,0.0,0.0,0.0,0.0,0.0,0.0,0.0,0.0,0.0,0.0,0.0,—,—,,5.0,,consensus,,,0.0,0.0,,,,,,,0.0,Neutral,ATL,0.032,0.15,1100.0,0.092,26.0,0.05,0.12,ATL,21.0,4.0,80.0,80.0,False,Kevin Stefanski/Rees,86.4,21.0,22.4,16.0,25.7,28.0,0.592,High 12P,10.0,Gap,18.0,Even,3.0,Passing / Garbage Time (Low Scoring Offense + Bad Defense -> Trailing Game Scripts / Air Volume),ATL,11,54.01,45.99,2.0,-4.2,K.Stefanski,16,,,,,,,,,,,,,,,,,0,,,,,,,,,,,,,,,,,,,,,,,,,,,DST19,19.0,,93.2,5.48,,,,,—,0,0,99,,—,19,DST19,95.8,-0.62,111,0.973,0.0,-13.1,-15.8,-23.9,-18.5,-18.5,277.9,267.1,10.8,10.8,277.9,267.1,ESPN,SLEEPER,Severe Reach (Overpriced),93.2,0.0,-0.006,92.64,-0.62,-0.62,130,19,DST19,T7,1.0,142.5,False,False,0.0,0.0,93.2,0.0,0.0,-0.6,0.0,0.0,0.0,0.0,0.0,0.0,0.0,0.0,Tier 12,291.0,12.0,32.0,20.0,⚡ High Variance (Boom/Bust Ceiling),20.0,Tier 4,12.0,32.0,20.0
Evan McPherson,K,CIN,245.0,236.0,K9,5.0,22.0,3.85,3,6,acc143ed-53b2-49c9-81bc-16e6c98ffcae,16.4,54.0,evan mcpherson,K,CIN,K_evan_mcpherson_CIN,126.9,128.73,0.0,0.0,0.0,0.0,0.0,0.0,0.0,0.0,0.0,0.0,,,,,240.7,238.4,231.3,236.0,236.0,Healthy,0,,Neutral,Black,0.0,0.0,0.0,—,,7.46,0.0,0.0,0.0,0.0,0.0,0.0,,,,,,,,,,,,,—,—,Consensus Alignment,—,—,99.0,,,1.0,0.0,0.0,0.0,0.0,0.0,0.0,0.0,0.0,0.0,0.0,0.0,—,—,,5.0,,consensus,,,0.0,0.0,,,,,,,0.0,Neutral,CIN,0.05,0.18,1420.0,0.125,25.2,0.01,0.21,CIN,19.0,3.0,60.0,60.0,False,Zac Taylor,98.6,7.0,22.5,15.0,42.5,3.0,0.751,—,11.0,Gap,20.0,Very Spread,15.0,Shootouts (High Scoring Offense + Vulnerable Defense -> Max Fantasy Ceiling),CIN,28,31.69,68.31,19.0,3.6,Z.Taylor,16,,,,,,,,,,,,,,,,,0,,,,,,,,,,,,,,,,,,,,,,,,,,,K18,18.0,,126.9,7.46,,,,,—,0,0,99,,—,19,K19,130.0,-0.64,115,0.976,0.0,-4.3,-6.6,-13.7,-9.0,-9.0,240.7,231.3,9.4,9.4,240.7,231.3,ESPN,SLEEPER,Severe Reach (Overpriced),126.9,0.0,-0.006,126.14,-0.64,-0.64,131,19,K19,T7,1.0,105.0,False,False,0.0,0.0,126.9,0.0,0.0,-0.6,0.0,0.0,0.0,0.0,0.0,0.0,0.0,0.0,Tier 12,245.0,5.0,22.0,17.0,⚡ High Variance (Boom/Bust Ceiling),9.0,Tier 3,5.0,22.0,17.0
Marvin Harrison Jr.,WR,ARI,69.0,79.5,WR31,21.0,46.0,4.15,5,14,e8da21a8-796d-48a2-b644-57d08983ae01,88.8,92.0,marvin harrison,WR,ARI,WR_marvin_harrison_ARI,125.4,198.87,94.14999999999999,67.25,961.35,6.01,0.0,0.0,0.0,0.0,0.0,0.0,83.0,WR37,177.85,13.0,81.1,78.7,77.9,79.5,79.5,Healthy,0,71.0,Pass (Yellow),Yellow,0.0,1.0,0.0,—,11.1,7.38,23.4,18.22,0.0,0.0,1.0,0.0,,,,,,,,,,,,,🎯 **Value / Target**,🤝 **Consensus High**,Consensus Alignment,Tier 11,Round 6/7,6.5,+29.5 Luck Metric lost points; drops aren't predictive; Mike LaFleur heavy personnel scheme beneficiary.,https://www.fantasypoints.com/nfl/articles/2026/anatomy-of-a-league-winner,14.0,0.0,1.0,0.0,0.0,0.0,0.0,0.0,0.0,0.0,0.0,0.0,,,,6.0,83.0,fade,4.2,High (Overpriced Bust Risk),0.0,0.0,,,4.0,2.0,95.0,0.58,48.0,Surging,ARI,0.005,0.22,1750.0,0.072,25.5,0.05,0.08,ARI,23.0,3.0,60.0,60.0,False,Mike LaFleur,95.6,12.0,20.8,21.0,32.7,19.0,0.596,—,5.0,Gap,9.0,Condensed,10.0,Passing / Garbage Time (Low Scoring Offense + Bad Defense -> Trailing Game Scripts / Air Volume),ARI,20,39.57,60.43,10.0,-1.1,M.LaFleur,16,70.4,92.6,-1.2539,-0.056,-0.1023,-0.775,0.3083,0.2578,,,,,,,,,0,,,,,,,,,,,,,,,133.3,27.0,36.0,9.0,0.934,13.3,9.01,111.7,125.0,146.5,78.7,30.0,WR43,43.0,75.2,125.4,7.38,10.0,$2-4,86.0,11.9,—,0,0,99,,—,43,WR43,158.5,-0.82,181,0.791,0.0,12.1,9.7,8.9,10.5,10.5,81.1,77.9,3.2,3.2,81.1,77.9,ESPN,SLEEPER,Screaming Steal (Huge Value),140.49,-3.65,-0.018,137.96,-0.82,-0.82,132,38,WR38,T7,14.0,-52.5,False,True,0.0,3.6,140.49,23.4,48.0,-1.8,0.0,0.0,0.0,0.0,0.0,0.0,-5.0,0.0,Tier 8,69.0,21.0,46.0,25.0,⚡ High Variance (Boom/Bust Ceiling),31.0,Tier 6,21.0,46.0,25.0
Wil Lutz,K,DEN,266.0,223.0,K17,11.0,26.0,2.69,3,10,c4cf84d0-6022-4ac1-a9ba-85587921c53f,5.4,17.0,wil lutz,K,DEN,K_wil_lutz_DEN,125.5,128.5,0.0,0.0,0.0,0.0,0.0,0.0,0.0,0.0,0.0,0.0,,,,,227.5,225.2,218.5,223.0,223.0,Healthy,0,,Neutral,Black,0.0,0.0,0.0,—,,7.38,0.0,0.0,0.0,0.0,0.0,0.0,,,,,,,,,,,,,—,—,Consensus Alignment,—,—,99.0,,,1.0,0.0,0.0,0.0,0.0,0.0,0.0,0.0,0.0,0.0,0.0,0.0,—,—,,5.0,,consensus,,,0.0,0.0,,,,,,,0.0,Neutral,DEN,-0.018,0.27,2100.0,0.02,28.9,0.01,0.03,DEN,4.0,5.0,100.0,100.0,True,Sean Payton/Webb,94.5,13.0,24.2,9.0,32.6,21.0,0.563,—,7.0,Gap,26.0,Most Spread,2.0,Balanced Environment,DEN,1,17.22,82.78,31.0,1.7,S.Payton,16,,,,,,,,,,,,,,,,,0,,,,,,,,,,,,,,,,,,,,,,,,,,,K19,19.0,,125.5,7.38,,,,,—,0,0,99,,—,20,K20,130.0,-0.99,118,0.965,0.0,-38.5,-40.8,-47.5,-43.0,-43.0,227.5,218.5,9.0,9.0,227.5,218.5,ESPN,SLEEPER,Severe Reach (Overpriced),125.5,0.0,-0.006,124.75,-0.99,-0.99,133,20,K20,T7,1.0,90.0,False,False,0.0,0.0,125.5,0.0,0.0,-0.6,0.0,0.0,0.0,0.0,0.0,0.0,0.0,0.0,Tier 12,266.0,11.0,26.0,15.0,⚡ High Variance (Boom/Bust Ceiling),17.0,Tier 4,11.0,26.0,15.0
Detroit Lions,DST,DET,237.0,203.0,DST15,7.0,27.0,3.61,4,6,c5a59daa-53a7-4de0-851f-fb12be893e9e,75.5,46.0,detroit lions,DST,DET,DST_detroit_lions_DET,91.6,107.41,0.0,0.0,0.0,0.0,0.0,0.0,0.0,0.0,0.0,0.0,,,,,207.1,205.0,198.9,203.0,203.0,Healthy,0,,Neutral,Black,0.0,0.0,0.0,—,,5.39,0.0,0.0,0.0,0.0,0.0,0.0,,,,,,,,,,,,,—,—,Consensus Alignment,—,—,99.0,,,1.0,0.0,0.0,0.0,0.0,0.0,0.0,0.0,0.0,0.0,0.0,0.0,—,—,,5.0,,consensus,,,0.0,0.0,,,,,,,0.0,Neutral,DET,0.018,0.09,720.0,0.16,26.4,0.11,0.19,DET,15.0,3.5,70.0,70.0,False,Drew Petzing,107.7,3.0,21.4,20.0,26.1,27.0,0.62,—,3.0,Gap,24.0,Even,11.0,Balanced Environment,DET,16,30.85,69.15,20.0,-1.1,D.Petzing,16,,,,,,,,,,,,,,,,,0,,,,,,,,,,,,,,,,,,,,,,,,,,,DST20,20.0,,91.6,5.39,,,,,—,0,0,99,,—,20,DST20,95.8,-1.02,117,0.956,0.0,-29.9,-32.0,-38.1,-34.0,-34.0,207.1,198.9,8.2,8.2,207.1,198.9,ESPN,SLEEPER,Severe Reach (Overpriced),91.6,0.0,-0.006,91.05,-1.02,-1.02,134,20,DST20,T7,1.0,69.0,False,False,0.0,0.0,91.6,0.0,0.0,-0.6,0.0,0.0,0.0,0.0,0.0,0.0,0.0,0.0,Tier 12,237.0,7.0,27.0,20.0,⚡ High Variance (Boom/Bust Ceiling),15.0,Tier 4,7.0,27.0,20.0
Dalton Kincaid,TE,BUF,113.0,110.0,TE11,6.0,18.0,2.45,3,7,b961fa15-0676-4948-b95f-56d06319d40e,70.1,91.0,dalton kincaid,TE,BUF,TE_dalton_kincaid_BUF,107.4,160.18,79.926,57.09,706.79,5.48,0.0,0.0,0.0,0.0,0.0,0.0,123.0,TE14,148.24,19.0,112.2,99.0,107.8,110.0,110.0,Healthy,0,103.0,Target (Green),Green,1.0,0.0,0.0,—,,6.32,0.0,0.0,0.0,0.0,0.0,0.0,,,,,,,,,,,,,🎯 **Ceiling TE Target ($1-$3)**,🤝 **Consensus Ceiling TE**,Consensus Alignment,Tier 13,Round 9,9.0,14.1 FPG in $>50\%$ route games; uncrowded Bills offense (25.7 implied PPG); cheap $2-$3 auction target.,https://www.fantasypoints.com/nfl/articles/2026/the-gurus-2026-fantasy-football-draft-plan,3.0,0.0,1.0,0.0,0.0,0.0,0.0,0.0,0.0,0.0,0.0,0.0,TE12,T6,,7.0,146.0,fade,4.2,High (Overpriced Bust Risk),1.0,0.0,,,,,36.0,-0.02,-1.0,Neutral,BUF,0.03,0.32,2450.0,0.155,26.9,0.08,0.2,BUF,2.0,4.5,90.0,90.0,True,Joe Brady,101.1,5.0,24.4,8.0,30.1,25.0,0.655,—,32.0,Gap,11.0,Very Spread,22.0,Shootouts (High Scoring Offense + Vulnerable Defense -> Max Fantasy Ceiling),BUF,7,23.56,76.44,28.0,-1.6,J.Brady,16,88.6,95.2,,0.0305,,,1.788,,,,,,,,,,0,,,,,,,,,,,,,,,110.2,14.0,10.0,-4.0,0.968,13.7,6.84,90.4,77.2,102.4,99.0,11.0,TE17,17.0,89.6,107.4,6.32,5.0,$1,92.0,10.4,—,0,0,99,,—,17,TE17,124.0,-1.07,155,0.866,0.0,-0.8,-14.0,-5.2,-3.0,-3.0,112.2,99.0,13.2,13.2,112.2,99.0,ESPN,YAHOO,Overpriced Fade,118.31,4.7,0.017,120.32,-1.07,-1.07,135,14,TE14,T7,3.0,-25.0,False,True,3.0,-1.6,118.31,0.0,-1.0,1.7,0.0,0.0,0.0,5.0,0.0,0.0,12.0,0.0,Tier 11,113.0,6.0,18.0,12.0,⚡ High Variance (Boom/Bust Ceiling),11.0,Tier 4,6.0,18.0,12.0
Tampa Bay Buccaneers,DST,TB,378.0,294.5,DST24,8.0,28.0,3.88,5,10,4254d319-1bc7-4f81-b4ab-b5e6f3402b69,36.6,3.0,tampa bay buccaneers,DST,TB,DST_tampa_bay_buccaneers_TB,90.9,97.28,0.0,0.0,0.0,0.0,0.0,0.0,0.0,0.0,0.0,0.0,,,,,300.4,297.4,288.6,294.5,294.5,Healthy,0,,Neutral,Black,0.0,0.0,0.0,—,,5.35,0.0,0.0,0.0,0.0,0.0,0.0,,,,,,,,,,,,,—,—,Consensus Alignment,—,—,99.0,,,1.0,0.0,0.0,0.0,0.0,0.0,0.0,0.0,0.0,0.0,0.0,0.0,—,—,,5.0,,consensus,,,0.0,0.0,,,,,,,0.0,Neutral,TB,0.028,0.11,820.0,0.078,27.5,-0.03,0.14,TB,26.0,4.0,80.0,80.0,False,Zac Robinson,89.8,18.0,27.9,2.0,30.4,24.0,0.75,High 12P,13.0,Zone,2.0,Condensed,20.0,Slugfests (Low Scoring Offense + Elite Defense -> Low Over/Unders / Grinding Games),TB,5,26.78,73.22,23.0,-6.6,Z.Robinson,16,,,,,,,,,,,,,,,,,0,,,,,,,,,,,,,,,,,,,,,,,,,,,DST21,21.0,,90.9,5.35,,,,,—,0,0,99,,—,21,DST21,95.8,-1.2,119,0.949,0.0,-77.6,-80.6,-89.4,-83.5,-83.5,300.4,288.6,11.8,11.8,300.4,288.6,ESPN,SLEEPER,Severe Reach (Overpriced),90.9,0.0,-0.006,90.35,-1.2,-1.2,136,21,DST21,T7,1.0,158.5,False,False,0.0,0.0,90.9,0.0,0.0,-0.6,0.0,0.0,0.0,0.0,0.0,0.0,0.0,0.0,Tier 12,378.0,8.0,28.0,20.0,⚡ High Variance (Boom/Bust Ceiling),24.0,Tier 4,8.0,28.0,20.0
Will Reichard,K,MIN,279.0,212.5,K15,5.0,25.0,4.25,3,6,6f667582-b880-4c41-a105-59c347a36c0d,30.8,47.0,will reichard,K,MIN,K_will_reichard_MIN,124.6,130.71,0.0,0.0,0.0,0.0,0.0,0.0,0.0,0.0,0.0,0.0,,,,,216.8,214.6,208.2,212.5,212.5,Healthy,0,,Neutral,Black,0.0,0.0,0.0,—,,7.33,0.0,0.0,0.0,0.0,0.0,0.0,,,,,,,,,,,,,—,—,Consensus Alignment,—,—,99.0,,,1.0,0.0,0.0,0.0,0.0,0.0,0.0,0.0,0.0,0.0,0.0,0.0,—,—,,5.0,,consensus,,,0.0,0.0,,,,,,,0.0,Neutral,MIN,0.035,0.19,1580.0,0.085,27.1,-0.02,0.15,MIN,9.0,4.0,80.0,80.0,True,Kevin O'Connell,76.2,28.0,18.9,26.0,37.4,5.0,0.691,—,25.0,Balanced,23.0,Condensed,5.0,Shootouts (High Scoring Offense + Vulnerable Defense -> Max Fantasy Ceiling),MIN,12,31.97,68.03,18.0,1.4,K.O'Connell,16,,,,,,,,,,,,,,,,,0,,,,,,,,,,,,,,,,,,,,,,,,,,,K20,20.0,,124.6,7.33,,,,,—,0,0,99,,—,21,K21,130.0,-1.22,120,0.958,0.0,-62.2,-64.4,-70.8,-66.5,-66.5,216.8,208.2,8.6,8.6,216.8,208.2,ESPN,SLEEPER,Severe Reach (Overpriced),124.6,0.0,-0.006,123.85,-1.22,-1.22,137,21,K21,T7,1.0,75.5,False,False,0.0,0.0,124.6,0.0,0.0,-0.6,0.0,0.0,0.0,0.0,0.0,0.0,0.0,0.0,Tier 12,279.0,5.0,25.0,20.0,⚡ High Variance (Boom/Bust Ceiling),15.0,Tier 4,5.0,25.0,20.0
Charlie Smyth,K,NO,311.0,381.0,K19,7.0,35.0,4.88,4,8,f5c4a0e0-eecb-11ee-aa6f-2b08db5c8f4c,1.7,2.0,charlie smyth,K,NO,K_charlie_smyth_NO,124.6,63.5,0.0,0.0,0.0,0.0,0.0,0.0,0.0,0.0,0.0,0.0,,,,,388.6,384.8,373.4,381.0,381.0,Healthy,0,,Neutral,Black,0.0,0.0,0.0,—,,7.33,0.0,0.0,0.0,0.0,0.0,0.0,,,,,,,,,,,,,—,—,Consensus Alignment,—,—,99.0,,,1.0,0.0,0.0,0.0,0.0,0.0,0.0,0.0,0.0,0.0,0.0,0.0,—,—,,5.0,,consensus,,,0.0,0.0,,,,,,,0.0,Neutral,NO,0.005,0.15,1150.0,0.035,28.2,-0.03,0.08,NO,30.0,3.0,60.0,60.0,True,Kellen Moore,85.7,23.0,22.1,18.0,35.8,10.0,0.663,High 11P,1.0,Zone,5.0,Even,27.0,Passing / Garbage Time (Low Scoring Offense + Bad Defense -> Trailing Game Scripts / Air Volume),NO,22,25.49,74.51,25.0,-2.3,K.Moore,16,,,,,,,,,,,,,,,,,0,,,,,,,,,,,,,,,,,,,,,,,,,,,K21,21.0,,124.6,7.33,,,,,—,0,0,99,,—,21,K21,130.0,-1.22,120,0.958,0.0,77.6,73.8,62.4,70.0,70.0,388.6,373.4,15.2,15.2,388.6,373.4,ESPN,SLEEPER,Screaming Steal (Huge Value),124.6,0.0,-0.006,123.85,-1.22,-1.22,137,21,K21,T7,1.0,244.0,False,False,0.0,0.0,124.6,0.0,0.0,-0.6,0.0,0.0,0.0,0.0,0.0,0.0,0.0,0.0,Tier 12,311.0,7.0,35.0,28.0,⚡ High Variance (Boom/Bust Ceiling),19.0,Tier 4,7.0,35.0,28.0
New York Giants,DST,NYG,370.0,242.5,DST23,6.0,28.0,3.95,5,8,04aa1c9d-66da-489d-b16a-1dee3f2eec4d,32.9,4.0,new york giants,DST,NYG,DST_new_york_giants_NYG,90.1,91.27,0.0,0.0,0.0,0.0,0.0,0.0,0.0,0.0,0.0,0.0,,,,,247.3,244.9,237.7,242.5,242.5,Healthy,0,,Neutral,Black,0.0,0.0,0.0,—,,5.3,0.0,0.0,0.0,0.0,0.0,0.0,,,,,,,,,,,,,—,—,Consensus Alignment,—,—,99.0,,,1.0,0.0,0.0,0.0,0.0,0.0,0.0,0.0,0.0,0.0,0.0,0.0,—,—,,5.0,,consensus,,,0.0,0.0,,,,,,,0.0,Neutral,NYG,-0.01,0.31,2350.0,-0.01,27.7,0.0,-0.02,NYG,18.0,3.0,60.0,60.0,True,Matt Nagy,89.6,19.0,24.1,12.0,32.6,21.0,0.558,—,21.0,Zone,17.0,Even,16.0,Shootouts (High Scoring Offense + Vulnerable Defense -> Max Fantasy Ceiling),NYG,18,38.25,61.75,12.0,1.3,M.Nagy,16,,,,,,,,,,,,,,,,,0,,,,,,,,,,,,,,,,,,,,,,,,,,,DST22,22.0,,90.1,5.3,,,,,—,0,0,99,,—,22,DST22,95.8,-1.39,124,0.941,0.0,-122.7,-125.1,-132.3,-127.5,-127.5,247.3,237.7,9.6,9.6,247.3,237.7,ESPN,SLEEPER,Severe Reach (Overpriced),90.1,0.0,-0.006,89.56,-1.39,-1.39,139,22,DST22,T7,1.0,103.5,False,False,0.0,0.0,90.1,0.0,0.0,-0.6,0.0,0.0,0.0,0.0,0.0,0.0,0.0,0.0,Tier 12,370.0,6.0,28.0,22.0,⚡ High Variance (Boom/Bust Ceiling),23.0,Tier 4,6.0,28.0,22.0
Andy Borregales,K,NE,242.0,226.5,K11,7.0,25.0,3.8,3,11,80dce1ba-c997-47e6-a37e-e92fefcbdc1b,3.0,16.0,andy borregales,K,NE,K_andy_borregales_NE,123.7,119.38,0.0,0.0,0.0,0.0,0.0,0.0,0.0,0.0,0.0,0.0,,,,,231.0,228.8,222.0,226.5,226.5,Healthy,0,,Neutral,Black,0.0,0.0,0.0,—,,7.28,0.0,0.0,0.0,0.0,0.0,0.0,,,,,,,,,,,,,—,—,Consensus Alignment,—,—,99.0,,,1.0,0.0,0.0,0.0,0.0,0.0,0.0,0.0,0.0,0.0,0.0,0.0,—,—,,5.0,,consensus,,,0.0,0.0,,,,,,,0.0,Neutral,NE,-0.03,0.3,2300.0,-0.055,29.4,-0.02,-0.07,NE,13.0,3.0,60.0,60.0,False,Josh McDaniels,104.9,4.0,24.9,6.0,34.6,13.0,0.605,—,24.0,Gap,21.0,Spread,4.0,Slugfests (Low Scoring Offense + Elite Defense -> Low Over/Unders / Grinding Games),NE,13,34.68,65.32,17.0,1.4,J.McDaniels,16,,,,,,,,,,,,,,,,,0,,,,,,,,,,,,,,,,,,,,,,,,,,,K22,22.0,,123.7,7.28,,,,,—,0,0,99,,—,23,K23,130.0,-1.44,126,0.952,0.0,-11.0,-13.2,-20.0,-15.5,-15.5,231.0,222.0,9.0,9.0,231.0,222.0,ESPN,SLEEPER,Severe Reach (Overpriced),123.7,0.0,-0.006,122.96,-1.44,-1.44,140,23,K23,T7,1.0,86.5,False,False,0.0,0.0,123.7,0.0,0.0,-0.6,0.0,0.0,0.0,0.0,0.0,0.0,0.0,0.0,Tier 12,242.0,7.0,25.0,18.0,⚡ High Variance (Boom/Bust Ceiling),11.0,Tier 3,7.0,25.0,18.0
Chicago Bears,DST,CHI,318.0,243.0,DST21,4.0,31.0,4.87,4,10,7b112545-38e6-483c-a55c-96cf6ee49cb8,20.9,8.0,chicago bears,DST,CHI,DST_chicago_bears_CHI,89.6,100.93,0.0,0.0,0.0,0.0,0.0,0.0,0.0,0.0,0.0,0.0,,,,,247.9,245.4,238.1,243.0,243.0,Healthy,0,,Neutral,Black,0.0,0.0,0.0,—,,5.27,0.0,0.0,0.0,0.0,0.0,0.0,,,,,,,,,,,,,—,—,Consensus Alignment,—,—,99.0,,,1.0,0.0,0.0,0.0,0.0,0.0,0.0,0.0,0.0,0.0,0.0,0.0,—,—,,5.0,,consensus,,,0.0,0.0,,,,,,,0.0,Neutral,CHI,0.01,0.26,2020.0,0.048,27.6,0.01,0.07,CHI,3.0,4.0,80.0,80.0,False,Ben Johnson,98.3,8.0,29.3,1.0,37.2,7.0,0.63,High 12P,4.0,Zone,6.0,Even,11.0,Balanced Environment,CHI,4,41.16,58.84,7.0,-2.7,B.Johnson,16,,,,,,,,,,,,,,,,,0,,,,,,,,,,,,,,,,,,,,,,,,,,,DST23,23.0,,89.6,5.27,,,,,—,0,0,99,,—,23,DST23,95.8,-1.52,125,0.935,0.0,-70.1,-72.6,-79.9,-75.0,-75.0,247.9,238.1,9.8,9.8,247.9,238.1,ESPN,SLEEPER,Severe Reach (Overpriced),89.6,0.0,-0.006,89.06,-1.52,-1.52,141,23,DST23,T7,1.0,102.0,False,False,0.0,0.0,89.6,0.0,0.0,-0.6,0.0,0.0,0.0,0.0,0.0,0.0,0.0,0.0,Tier 12,318.0,4.0,31.0,27.0,⚡ High Variance (Boom/Bust Ceiling),21.0,Tier 4,4.0,31.0,27.0
Jakobi Meyers,WR,JAC,111.0,105.0,WR46,32.0,61.0,5.95,6,7,73e194d1-a4b7-4de4-b1c2-3c24ef502918,80.2,57.0,jakobi meyers,WR,JAX,WR_jakobi_meyers_JAX,145.3,178.7,95.57799999999999,68.27,787.69,5.07,4.34,22.66,0.1,0.0,0.0,0.0,115.0,WR49,149.19,17.0,107.1,129.1,102.9,105.0,105.0,Healthy,0,115.0,Pass (Yellow),Yellow,0.0,1.0,0.0,—,10.3,8.55,0.0,0.0,0.0,0.0,0.0,0.0,95.0,-20.0,Full PPR Favored (Targets),,,,,,,,,,—,—,Consensus Alignment,—,—,99.0,,,1.0,0.0,0.0,0.0,0.0,0.0,0.0,0.0,0.0,0.0,0.0,0.0,—,—,,6.0,92.0,consensus,2.5,Medium,0.0,0.0,,,,,,,0.0,Neutral,JAX,0.015,0.28,2100.0,0.052,27.9,-0.02,0.1,JAX,7.0,4.0,80.0,80.0,True,Liam Coen,97.4,9.0,26.0,5.0,37.0,8.0,0.616,High 11P,21.0,Balanced,7.0,Condensed,1.0,Shootouts (High Scoring Offense + Vulnerable Defense -> Max Fantasy Ceiling),JAX,23,24.71,75.29,26.0,0.9,L.Coen,16,72.3,83.7,-0.3192,0.4544,-0.3957,-0.1406,0.306,-0.3389,,,,,,,,,0,,,,,,,,,,,,,,,120.6,37.0,40.0,3.0,0.978,13.5,9.12,120.5,119.7,95.2,129.1,54.0,WR35,35.0,109.0,145.3,8.55,8.0,$6-8,85.0,12.2,—,0,0,99,,—,35,WR35,158.5,-1.62,149,0.917,0.0,-3.9,18.1,-8.1,-6.0,-6.0,129.1,102.9,26.2,26.2,129.1,102.9,YAHOO,SLEEPER,Severe Reach (Overpriced),140.1,1.05,-0.021,137.16,-1.62,-1.62,142,39,WR39,T7,1.0,-37.0,False,True,0.0,1.2,140.1,0.0,0.0,-2.1,0.0,0.0,0.0,0.0,0.0,0.0,-5.0,0.0,Tier 11,111.0,32.0,61.0,29.0,⚡ High Variance (Boom/Bust Ceiling),46.0,Tier 7,32.0,61.0,29.0
Washington Commanders,DST,WAS,441.0,274.0,DST28,10.0,32.0,4.38,5,7,22052ff7-c065-42ee-bc8f-c4691c50e624,13.8,1.0,washington commanders,DST,WAS,DST_washington_commanders_WAS,89.1,94.31,0.0,0.0,0.0,0.0,0.0,0.0,0.0,0.0,0.0,0.0,,,,,279.5,276.7,268.5,274.0,274.0,Healthy,0,,Neutral,Black,0.0,0.0,0.0,—,,5.24,0.0,0.0,0.0,0.0,0.0,0.0,,,,,,,,,,,,,—,—,Consensus Alignment,—,—,99.0,,,1.0,0.0,0.0,0.0,0.0,0.0,0.0,0.0,0.0,0.0,0.0,0.0,—,—,,5.0,,consensus,,,0.0,0.0,,,,,,,0.0,Neutral,WAS,0.012,0.23,1780.0,0.088,25.1,0.07,0.1,WAS,24.0,2.0,40.0,40.0,True,David Blough,80.9,26.0,22.0,18.0,36.0,10.0,0.65,More 12P,5.0,Gap,12.0,Even,12.0,Shootouts (High Scoring Offense + Vulnerable Defense -> Max Fantasy Ceiling),WAS,25,30.3,69.7,21.0,0.0,Unknown,16,,,,,,,,,,,,,,,,,0,,,,,,,,,,,,,,,,,,,,,,,,,,,DST24,24.0,,89.1,5.24,,,,,—,0,0,99,,—,24,DST24,95.8,-1.64,127,0.93,0.0,-161.5,-164.3,-172.5,-167.0,-167.0,279.5,268.5,11.0,11.0,279.5,268.5,ESPN,SLEEPER,Severe Reach (Overpriced),89.1,0.0,-0.006,88.57,-1.64,-1.64,143,24,DST24,T7,1.0,131.0,False,False,0.0,0.0,89.1,0.0,0.0,-0.6,0.0,0.0,0.0,0.0,0.0,0.0,0.0,0.0,Tier 12,441.0,10.0,32.0,22.0,⚡ High Variance (Boom/Bust Ceiling),28.0,Tier 4,10.0,32.0,22.0
Jake Ferguson,TE,DAL,130.0,109.5,TE14,8.0,21.0,2.5,3,14,f46eab3d-d7dd-4420-b3f9-6da9ac1308ab,85.0,82.0,jake ferguson,TE,DAL,TE_jake_ferguson_DAL,124.4,167.47,103.53,73.95,606.4,5.95,0.0,0.0,0.0,0.0,0.0,0.0,132.0,TE16,142.13,20.0,111.7,115.5,107.3,109.5,109.5,Healthy,0,133.0,Avoid (Red),Red,0.0,0.0,1.0,—,,7.32,11.11,5.93,0.0,0.0,1.0,0.0,,,,,,,,,,,,,—,—,Consensus Alignment,—,—,99.0,,,1.0,0.0,0.0,0.0,0.0,0.0,0.0,0.0,0.0,0.0,0.0,0.0,—,—,,7.0,115.0,fade,4.2,High (Overpriced Bust Risk),0.0,0.0,,,,,26.0,-0.15,-8.0,Neutral,DAL,0.055,0.22,1680.0,0.115,24.8,-0.04,0.2,DAL,8.0,4.0,80.0,80.0,False,Brian Schottenheimer,109.1,2.0,24.1,10.0,39.9,4.0,0.666,High 11P,2.0,Gap,12.0,Very Condensed,24.0,Shootouts (High Scoring Offense + Vulnerable Defense -> Max Fantasy Ceiling),DAL,15,26.43,73.57,24.0,-3.4,B.Schottenheimer,16,68.8,80.3,,0.0565,,,0.1168,,,,,,,,,,0,,,,,,,,,,,,,,,112.7,12.0,14.0,2.0,0.99,14.6,7.32,106.0,102.1,75.7,115.5,15.0,TE10,10.0,98.1,124.4,7.32,3.0,$1-3,93.0,10.5,—,0,0,99,,—,10,TE10,124.0,-1.67,85,1.003,0.4000000000000057,-18.3,-14.5,-22.7,-20.5,-20.5,115.5,107.3,8.2,8.2,115.5,107.3,YAHOO,SLEEPER,Severe Reach (Overpriced),125.91,2.25,-0.05,119.61,-1.67,-1.67,144,15,TE15,T7,1.0,-34.5,False,True,0.0,0.8,125.91,11.11,-8.0,-5.0,0.0,0.0,0.0,0.0,0.0,0.0,-15.0,0.0,Tier 11,130.0,8.0,21.0,13.0,⚡ High Variance (Boom/Bust Ceiling),14.0,Tier 4,8.0,21.0,13.0
Las Vegas Raiders,DST,LV,423.0,296.0,DST30,9.0,32.0,4.62,5,13,1c1cec48-6352-4556-b789-35304c1a6ae1,12.6,4.0,las vegas raiders,DST,LV,DST_las_vegas_raiders_LV,88.1,89.67,0.0,0.0,0.0,0.0,0.0,0.0,0.0,0.0,0.0,0.0,,,,,301.9,299.0,290.1,296.0,296.0,Healthy,0,,Neutral,Black,0.0,0.0,0.0,—,,5.18,0.0,0.0,0.0,0.0,0.0,0.0,,,,,,,,,,,,,—,—,Consensus Alignment,—,—,99.0,,,1.0,0.0,0.0,0.0,0.0,0.0,0.0,0.0,0.0,0.0,0.0,0.0,—,—,,5.0,,consensus,,,0.0,0.0,,,,,,,0.0,Neutral,LV,-0.005,0.29,2250.0,0.015,28.5,-0.04,0.05,LV,28.0,2.5,50.0,50.0,False,Klint Kubiak,70.9,31.0,22.8,14.0,34.5,14.0,0.696,—,27.0,Zone,13.0,Even,19.0,Passing / Garbage Time (Low Scoring Offense + Bad Defense -> Trailing Game Scripts / Air Volume),LV,24,40.2,59.8,8.0,-4.3,K.Kubiak,16,,,,,,,,,,,,,,,,,0,,,,,,,,,,,,,,,,,,,,,,,,,,,DST25,25.0,,88.1,5.18,,,,,—,0,0,99,,—,25,DST25,95.8,-1.89,131,0.92,0.0,-121.1,-124.0,-132.9,-127.0,-127.0,301.9,290.1,11.8,11.8,301.9,290.1,ESPN,SLEEPER,Severe Reach (Overpriced),88.1,0.0,-0.006,87.57,-1.89,-1.89,145,25,DST25,T7,1.0,151.0,False,False,0.0,0.0,88.1,0.0,0.0,-0.6,0.0,0.0,0.0,0.0,0.0,0.0,0.0,0.0,Tier 12,423.0,9.0,32.0,23.0,⚡ High Variance (Boom/Bust Ceiling),30.0,Tier 4,9.0,32.0,23.0
Miami Dolphins,DST,MIA,407.0,309.0,DST29,8.0,32.0,4.58,5,6,4809ecb0-abd3-451d-9c4a-92a90b83ca06,14.5,1.0,miami dolphins,DST,MIA,DST_miami_dolphins_MIA,87.8,90.39,0.0,0.0,0.0,0.0,0.0,0.0,0.0,0.0,0.0,0.0,,,,,315.2,312.1,302.8,309.0,309.0,Healthy,0,,Neutral,Black,0.0,0.0,0.0,—,,5.16,0.0,0.0,0.0,0.0,0.0,0.0,,,,,,,,,,,,,—,—,Consensus Alignment,—,—,99.0,,,1.0,0.0,0.0,0.0,0.0,0.0,0.0,0.0,0.0,0.0,0.0,0.0,—,—,,5.0,,consensus,,,0.0,0.0,,,,,,,0.0,Neutral,MIA,0.04,0.12,950.0,0.118,24.2,0.06,0.16,MIA,31.0,2.5,50.0,50.0,True,Bobby Slowik,81.6,25.0,20.3,22.0,37.3,6.0,0.732,—,24.0,Balanced,15.0,Condensed,7.0,Passing / Garbage Time (Low Scoring Offense + Bad Defense -> Trailing Game Scripts / Air Volume),MIA,30,35.51,64.49,15.0,0.3,B.Slowik,16,,,,,,,,,,,,,,,,,0,,,,,,,,,,,,,,,,,,,,,,,,,,,DST26,26.0,,87.8,5.16,,,,,—,0,0,99,,—,26,DST26,95.8,-1.96,132,0.916,0.0,-91.8,-94.9,-104.2,-98.0,-98.0,315.2,302.8,12.4,12.4,315.2,302.8,ESPN,SLEEPER,Severe Reach (Overpriced),87.8,0.0,-0.006,87.27,-1.96,-1.96,146,26,DST26,T7,1.0,163.0,False,False,0.0,0.0,87.8,0.0,0.0,-0.6,0.0,0.0,0.0,0.0,0.0,0.0,0.0,0.0,Tier 12,407.0,8.0,32.0,24.0,⚡ High Variance (Boom/Bust Ceiling),29.0,Tier 4,8.0,32.0,24.0
Brenton Strange,TE,JAC,148.0,146.5,TE17,13.0,26.0,2.29,4,7,94f135f7-9d54-4cbd-b560-fcaf83d414b0,18.7,41.0,brenton strange,TE,JAX,TE_brenton_strange_JAX,116.7,151.75,84.028,60.02,661.23,4.33,0.0,0.0,0.0,0.0,0.0,0.0,142.0,TE18,135.37,21.0,149.4,128.9,143.6,146.5,146.5,Healthy,0,,Neutral,Black,0.0,0.0,0.0,—,,6.86,0.0,0.0,0.0,0.0,0.0,0.0,,,,,,,,,,,,,🎯 **Sleeper TE**,🤝 **Consensus High**,Consensus Alignment,Tier 14,Round 12+,12.0,TE7 in total pts & TE11 in FPG in 11 healthy games in 2025; Liam Coen contract extension.,https://www.fantasypoints.com/nfl/articles/2026/the-gurus-2026-fantasy-football-draft-plan,1.0,0.0,1.0,0.0,0.0,0.0,0.0,0.0,0.0,0.0,0.0,0.0,TE19,T7,,5.0,,consensus,,,0.0,0.0,,,,,,,0.0,Neutral,JAX,0.015,0.28,2100.0,0.052,27.9,-0.02,0.1,JAX,7.0,4.0,80.0,80.0,True,Liam Coen,97.4,9.0,26.0,5.0,37.0,8.0,0.616,High 11P,21.0,Balanced,7.0,Condensed,1.0,Shootouts (High Scoring Offense + Vulnerable Defense -> Max Fantasy Ceiling),JAX,23,24.71,75.29,26.0,0.9,L.Coen,16,80.7,68.4,,0.033,,,0.6772,,,,,,,,,,0,,,,,,,,,,,,,,,106.9,19.0,18.0,-1.0,0.974,13.6,6.65,87.9,69.1,96.6,128.9,22.0,TE15,15.0,151.6,116.7,6.86,4.0,$1,120.0,10.1,—,0,0,99,,—,15,TE15,124.0,-2.06,130,0.941,0.0,1.4,-19.1,-4.4,-1.5,-1.5,149.4,128.9,20.5,20.5,149.4,128.9,ESPN,YAHOO,Fair Market Value,118.92,1.05,0.002,119.16,-2.06,-2.06,147,16,TE16,T7,1.0,-0.5,False,False,3.0,-0.4,118.92,0.0,0.0,0.2,0.0,0.0,0.0,0.0,0.0,0.0,0.0,0.0,Tier 12,148.0,13.0,26.0,13.0,⚡ High Variance (Boom/Bust Ceiling),17.0,Tier 5,13.0,26.0,13.0
Cleveland Browns,DST,CLE,248.0,245.5,DST16,7.0,29.0,4.22,4,11,d5a2eb42-8065-4174-ab79-0a6fa820e35e,50.9,5.0,cleveland browns,DST,CLE,DST_cleveland_browns_CLE,87.0,100.95,0.0,0.0,0.0,0.0,0.0,0.0,0.0,0.0,0.0,0.0,,,,,250.4,248.0,240.6,245.5,245.5,Healthy,0,,Neutral,Black,0.0,0.0,0.0,—,,5.12,0.0,0.0,0.0,0.0,0.0,0.0,,,,,,,,,,,,,—,—,Consensus Alignment,—,—,99.0,,,1.0,0.0,0.0,0.0,0.0,0.0,0.0,0.0,0.0,0.0,0.0,0.0,—,—,,5.0,,consensus,,,0.0,0.0,,,,,,,0.0,Neutral,CLE,0.0,0.16,1280.0,0.022,29.1,0.01,0.03,CLE,27.0,2.0,40.0,40.0,False,Todd Monken,70.9,32.0,24.1,10.0,32.8,18.0,0.579,"High 12P, 21P",30.0,Zone,16.0,Even,18.0,Slugfests (Low Scoring Offense + Elite Defense -> Low Over/Unders / Grinding Games),CLE,32,46.6,53.4,5.0,-3.2,T.Monken,16,,,,,,,,,,,,,,,,,0,,,,,,,,,,,,,,,,,,,,,,,,,,,DST27,27.0,,87.0,5.12,,,,,—,0,0,99,,—,27,DST27,95.8,-2.16,135,0.908,0.0,2.4,0.0,-7.4,-2.5,-2.5,250.4,240.6,9.8,9.8,250.4,240.6,ESPN,SLEEPER,Fair Market Value,87.0,0.0,-0.006,86.48,-2.16,-2.16,148,27,DST27,T7,1.0,97.5,False,False,0.0,0.0,87.0,0.0,0.0,-0.6,0.0,0.0,0.0,0.0,0.0,0.0,0.0,0.0,Tier 12,248.0,7.0,29.0,22.0,⚡ High Variance (Boom/Bust Ceiling),16.0,Tier 4,7.0,29.0,22.0
Chris Boswell,K,PIT,264.0,212.5,K14,3.0,24.0,3.93,3,9,441eb531-1ec8-4f65-9174-78bc6adada63,37.8,25.0,chris boswell,K,PIT,K_chris_boswell_PIT,120.4,118.34,0.0,0.0,0.0,0.0,0.0,0.0,0.0,0.0,0.0,0.0,,,,,216.8,214.6,208.2,212.5,212.5,Healthy,0,,Neutral,Black,0.0,0.0,0.0,—,,7.08,0.0,0.0,0.0,0.0,0.0,0.0,,,,,,,,,,,,,—,—,Consensus Alignment,—,—,99.0,,,1.0,0.0,0.0,0.0,0.0,0.0,0.0,0.0,0.0,0.0,0.0,0.0,—,—,,5.0,,consensus,,,0.0,0.0,,,,,,,0.0,Neutral,PIT,-0.05,0.28,2150.0,0.03,29.6,0.04,0.02,PIT,12.0,3.5,70.0,70.0,False,Mike McCarthy,90.1,17.0,18.0,27.0,46.2,1.0,0.691,—,1.0,Zone,25.0,Spread,9.0,Slugfests (Low Scoring Offense + Elite Defense -> Low Over/Unders / Grinding Games),PIT,19,41.2,58.8,6.0,4.6,M.McCarthy,16,,,,,,,,,,,,,,,,,0,,,,,,,,,,,,,,,,,,,,,,,,,,,K24,24.0,,120.4,7.08,,,,,—,0,0,99,,—,24,K24,130.0,-2.26,137,0.926,0.0,-47.2,-49.4,-55.8,-51.5,-51.5,216.8,208.2,8.6,8.6,216.8,208.2,ESPN,SLEEPER,Severe Reach (Overpriced),120.4,0.0,-0.006,119.68,-2.26,-2.26,149,24,K24,T7,1.0,63.5,False,False,0.0,0.0,120.4,0.0,0.0,-0.6,0.0,0.0,0.0,0.0,0.0,0.0,0.0,0.0,Tier 12,264.0,3.0,24.0,21.0,⚡ High Variance (Boom/Bust Ceiling),14.0,Tier 3,3.0,24.0,21.0
Chad Ryland,K,ARI,437.0,313.0,K21,4.0,34.0,5.09,4,14,c77efa70-0691-4a21-8064-a5880569b559,0.4,1.0,chad ryland,K,ARI,K_chad_ryland_ARI,120.3,111.66,0.0,0.0,0.0,0.0,0.0,0.0,0.0,0.0,0.0,0.0,,,,,319.3,316.1,306.7,313.0,313.0,Healthy,0,,Neutral,Black,0.0,0.0,0.0,—,,7.08,0.0,0.0,0.0,0.0,0.0,0.0,,,,,,,,,,,,,—,—,Consensus Alignment,—,—,99.0,,,1.0,0.0,0.0,0.0,0.0,0.0,0.0,0.0,0.0,0.0,0.0,0.0,—,—,,5.0,,consensus,,,0.0,0.0,,,,,,,0.0,Neutral,ARI,0.005,0.22,1750.0,0.072,25.5,0.05,0.08,ARI,23.0,3.0,60.0,60.0,False,Mike LaFleur,95.6,12.0,20.8,21.0,32.7,19.0,0.596,—,5.0,Gap,9.0,Condensed,10.0,Passing / Garbage Time (Low Scoring Offense + Bad Defense -> Trailing Game Scripts / Air Volume),ARI,20,39.57,60.43,10.0,-1.1,M.LaFleur,16,,,,,,,,,,,,,,,,,0,,,,,,,,,,,,,,,,,,,,,,,,,,,K25,25.0,,120.3,7.08,,,,,—,0,0,99,,—,25,K25,130.0,-2.29,139,0.925,0.0,-117.7,-120.9,-130.3,-124.0,-124.0,319.3,306.7,12.6,12.6,319.3,306.7,ESPN,SLEEPER,Severe Reach (Overpriced),120.3,0.0,-0.006,119.58,-2.29,-2.29,150,25,K25,T7,1.0,163.0,False,False,0.0,0.0,120.3,0.0,0.0,-0.6,0.0,0.0,0.0,0.0,0.0,0.0,0.0,0.0,Tier 12,437.0,4.0,34.0,30.0,⚡ High Variance (Boom/Bust Ceiling),21.0,Tier 4,4.0,34.0,30.0
Tennessee Titans,DST,TEN,389.0,297.5,DST27,9.0,31.0,4.59,5,9,d26a1ca5-722d-4274-8f97-c92e49c96315,11.9,9.0,tennessee titans,DST,TEN,DST_tennessee_titans_TEN,86.0,95.66,0.0,0.0,0.0,0.0,0.0,0.0,0.0,0.0,0.0,0.0,,,,,303.4,300.5,291.6,297.5,297.5,Healthy,0,,Neutral,Black,0.0,0.0,0.0,—,,5.06,0.0,0.0,0.0,0.0,0.0,0.0,,,,,,,,,,,,,—,—,Consensus Alignment,—,—,99.0,,,1.0,0.0,0.0,0.0,0.0,0.0,0.0,0.0,0.0,0.0,0.0,0.0,—,—,,5.0,,consensus,,,0.0,0.0,,,,,,,0.0,Neutral,TEN,-0.02,0.33,2550.0,0.01,29.0,0.03,-0.01,TEN,25.0,2.0,40.0,40.0,False,Brian Daboll,74.1,29.0,19.9,23.0,32.6,21.0,0.588,High 12P,12.0,Balanced,28.0,Very Spread,13.0,Slugfests (Low Scoring Offense + Elite Defense -> Low Over/Unders / Grinding Games),TEN,31,20.11,79.89,29.0,-1.4,B.Daboll,16,,,,,,,,,,,,,,,,,0,,,,,,,,,,,,,,,,,,,,,,,,,,,DST28,28.0,,86.0,5.06,,,,,—,0,0,99,,—,28,DST28,95.8,-2.41,140,0.898,0.0,-85.6,-88.5,-97.4,-91.5,-91.5,303.4,291.6,11.8,11.8,303.4,291.6,ESPN,SLEEPER,Severe Reach (Overpriced),86.0,0.0,-0.006,85.48,-2.41,-2.41,151,28,DST28,T7,1.0,146.5,False,False,0.0,0.0,86.0,0.0,0.0,-0.6,0.0,0.0,0.0,0.0,0.0,0.0,0.0,0.0,Tier 12,389.0,9.0,31.0,22.0,⚡ High Variance (Boom/Bust Ceiling),27.0,Tier 4,9.0,31.0,22.0
Daniel Carlson,K,NO,425.0,412.0,K27,9.0,40.0,5.49,5,8,7bb70550-c28a-4e47-9a13-cc0c0fef8b38,0.2,1.0,daniel carlson,K,NO,K_daniel_carlson_NO,119.7,119.68,0.0,0.0,0.0,0.0,0.0,0.0,0.0,0.0,0.0,0.0,,,,,420.2,416.1,403.8,412.0,412.0,Healthy,0,,Neutral,Black,0.0,0.0,0.0,—,,7.0,0.0,0.0,0.0,0.0,0.0,0.0,,,,,,,,,,,,,—,—,Consensus Alignment,—,—,99.0,,,1.0,0.0,0.0,0.0,0.0,0.0,0.0,0.0,0.0,0.0,0.0,0.0,—,—,,5.0,,consensus,,,0.0,0.0,,,,,,,0.0,Neutral,NO,0.005,0.15,1150.0,0.035,28.2,-0.03,0.08,NO,30.0,3.0,60.0,60.0,True,Kellen Moore,85.7,23.0,22.1,18.0,35.8,10.0,0.663,High 11P,1.0,Zone,5.0,Even,27.0,Passing / Garbage Time (Low Scoring Offense + Bad Defense -> Trailing Game Scripts / Air Volume),NO,22,25.49,74.51,25.0,-2.3,K.Moore,16,,,,,,,,,,,,,,,,,0,,,,,,,,,,,,,,,,,,,,,,,,,,,,,,,,,,,,—,0,0,99,,—,26,K26,130.0,-2.43,141,0.921,0.0,-4.8,-8.9,-21.2,-13.0,-13.0,420.2,403.8,16.4,16.4,420.2,403.8,ESPN,SLEEPER,Severe Reach (Overpriced),119.7,0.0,-0.006,118.98,-2.43,-2.43,152,26,K26,T7,1.0,260.0,False,False,0.0,0.0,119.7,0.0,0.0,-0.6,0.0,0.0,0.0,0.0,0.0,0.0,0.0,0.0,Tier 12,425.0,9.0,40.0,31.0,⚡ High Variance (Boom/Bust Ceiling),27.0,Tier 4,9.0,40.0,31.0
Tony Pollard,RB,TEN,77.0,75.5,RB29,24.0,38.0,2.7,5,9,33b0227d-4c21-4e71-b4cd-be35f7db9123,85.5,91.0,tony pollard,RB,TEN,RB_tony_pollard_TEN,162.8,187.81,44.66,31.9,208.2,0.5,236.15,1034.07,5.48,0.0,0.0,0.0,77.0,RB31,168.16,13.0,77.0,85.5,74.0,75.5,75.5,Healthy,0,86.0,Avoid (Red),Red,0.0,0.0,1.0,Fool's Gold,9.9,9.58,0.0,0.0,0.0,0.0,0.0,0.0,,,,28.0,26.0,Med-Low,,,,,,🏆 RB's Dream QB (High Checkdowns / No GL Vultures),🚫 **Fade / Committee**,🤝 **Consensus Fade**,Consensus Alignment,Tier 13,Round 8,8.0,Out-snapped by Tyjae Spears in preseason; new coaching staff committee.,https://www.fantasypoints.com/nfl/articles/2026/the-gurus-2026-fantasy-football-draft-plan,6.0,0.0,0.0,1.0,0.0,0.0,1.0,0.0,0.0,0.0,0.0,0.0,RB27,T7,,6.0,79.0,fade,4.2,High (Overpriced Bust Risk),0.0,0.0,4.0,1.0,,,50.0,-0.3,-15.0,Cooling,TEN,-0.02,0.33,2550.0,0.01,29.0,0.03,-0.01,TEN,25.0,2.0,40.0,40.0,False,Brian Daboll,74.1,29.0,19.9,23.0,32.6,21.0,0.588,High 12P,12.0,Balanced,28.0,Very Spread,13.0,Slugfests (Low Scoring Offense + Elite Defense -> Low Over/Unders / Grinding Games),TEN,31,20.11,79.89,29.0,-1.4,B.Daboll,16,53.0,63.3,,,,,,,-0.4792,,,,,,,,0,,,,,,,,,,,,,,,131.2,30.0,31.0,1.0,0.926,13.6,8.57,107.9,135.6,86.6,85.5,30.0,RB27,27.0,83.5,162.8,9.58,7.0,$11-13,81.0,11.5,—,0,0,99,,—,27,RB27,181.3,-2.59,162,0.898,0.0,0.0,8.5,-3.0,-1.5,-1.5,85.5,74.0,11.5,11.5,85.5,74.0,YAHOO,SLEEPER,Fair Market Value,156.24,-7.95,-0.08,143.74,-2.59,-2.59,153,31,RB31,T7,6.0,-77.5,False,True,-3.0,0.4,156.24,0.0,-15.0,-8.0,0.0,0.0,0.0,0.0,0.0,0.0,-15.0,-5.0,Tier 9,77.0,24.0,38.0,14.0,⚡ High Variance (Boom/Bust Ceiling),29.0,Tier 7,24.0,38.0,14.0
Dallas Cowboys,DST,DAL,335.0,215.0,DST22,6.0,30.0,5.49,4,14,e627eec7-bbae-4fa4-8e73-8e1d6bc5c060,28.2,20.0,dallas cowboys,DST,DAL,DST_dallas_cowboys_DAL,85.2,91.56,0.0,0.0,0.0,0.0,0.0,0.0,0.0,0.0,0.0,0.0,,,,,219.3,217.2,210.7,215.0,215.0,Healthy,0,,Neutral,Black,0.0,0.0,0.0,—,,5.01,0.0,0.0,0.0,0.0,0.0,0.0,,,,,,,,,,,,,—,—,Consensus Alignment,—,—,99.0,,,1.0,0.0,0.0,0.0,0.0,0.0,0.0,0.0,0.0,0.0,0.0,0.0,—,—,,5.0,,consensus,,,0.0,0.0,,,,,,,0.0,Neutral,DAL,0.055,0.22,1680.0,0.115,24.8,-0.04,0.2,DAL,8.0,4.0,80.0,80.0,False,Brian Schottenheimer,109.1,2.0,24.1,10.0,39.9,4.0,0.666,High 11P,2.0,Gap,12.0,Very Condensed,24.0,Shootouts (High Scoring Offense + Vulnerable Defense -> Max Fantasy Ceiling),DAL,15,26.43,73.57,24.0,-3.4,B.Schottenheimer,16,,,,,,,,,,,,,,,,,0,,,,,,,,,,,,,,,,,,,,,,,,,,,DST29,29.0,,85.2,5.01,,,,,—,0,0,99,,—,29,DST29,95.8,-2.61,145,0.889,0.0,-115.7,-117.8,-124.3,-120.0,-120.0,219.3,210.7,8.6,8.6,219.3,210.7,ESPN,SLEEPER,Severe Reach (Overpriced),85.2,0.0,-0.006,84.69,-2.61,-2.61,154,29,DST29,T7,1.0,61.0,False,False,0.0,0.0,85.2,0.0,0.0,-0.6,0.0,0.0,0.0,0.0,0.0,0.0,0.0,0.0,Tier 12,335.0,6.0,30.0,24.0,⚡ High Variance (Boom/Bust Ceiling),22.0,Tier 4,6.0,30.0,24.0
Cincinnati Bengals,DST,CIN,384.0,285.0,DST26,3.0,30.0,5.77,5,6,ad4ae08f-d808-42d5-a1e6-e9bc4e34d123,3.5,3.0,cincinnati bengals,DST,CIN,DST_cincinnati_bengals_CIN,84.7,99.58,0.0,0.0,0.0,0.0,0.0,0.0,0.0,0.0,0.0,0.0,,,,,290.7,287.9,279.3,285.0,285.0,Healthy,0,,Neutral,Black,0.0,0.0,0.0,—,,4.98,0.0,0.0,0.0,0.0,0.0,0.0,,,,,,,,,,,,,—,—,Consensus Alignment,—,—,99.0,,,1.0,0.0,0.0,0.0,0.0,0.0,0.0,0.0,0.0,0.0,0.0,0.0,—,—,,5.0,,consensus,,,0.0,0.0,,,,,,,0.0,Neutral,CIN,0.05,0.18,1420.0,0.125,25.2,0.01,0.21,CIN,19.0,3.0,60.0,60.0,False,Zac Taylor,98.6,7.0,22.5,15.0,42.5,3.0,0.751,—,11.0,Gap,20.0,Very Spread,15.0,Shootouts (High Scoring Offense + Vulnerable Defense -> Max Fantasy Ceiling),CIN,28,31.69,68.31,19.0,3.6,Z.Taylor,16,,,,,,,,,,,,,,,,,0,,,,,,,,,,,,,,,,,,,,,,,,,,,DST30,30.0,,84.7,4.98,,,,,—,0,0,99,,—,30,DST30,95.8,-2.73,146,0.884,0.0,-93.3,-96.1,-104.7,-99.0,-99.0,290.7,279.3,11.4,11.4,290.7,279.3,ESPN,SLEEPER,Severe Reach (Overpriced),84.7,0.0,-0.006,84.19,-2.73,-2.73,155,30,DST30,T7,1.0,130.0,False,False,0.0,0.0,84.7,0.0,0.0,-0.6,0.0,0.0,0.0,0.0,0.0,0.0,0.0,0.0,Tier 12,384.0,3.0,30.0,27.0,⚡ High Variance (Boom/Bust Ceiling),26.0,Tier 4,3.0,30.0,27.0
Joey Slye,K,TEN,438.0,332.0,K23,6.0,31.0,4.41,4,9,ef4998e0-c9ef-4afe-88ab-d09b48975a08,0.6,1.0,joey slye,K,TEN,K_joey_slye_TEN,117.1,113.93,0.0,0.0,0.0,0.0,0.0,0.0,0.0,0.0,0.0,0.0,,,,,338.6,335.3,325.4,332.0,332.0,Healthy,0,,Neutral,Black,0.0,0.0,0.0,—,,6.89,0.0,0.0,0.0,0.0,0.0,0.0,,,,,,,,,,,,,—,—,Consensus Alignment,—,—,99.0,,,1.0,0.0,0.0,0.0,0.0,0.0,0.0,0.0,0.0,0.0,0.0,0.0,—,—,,5.0,,consensus,,,0.0,0.0,,,,,,,0.0,Neutral,TEN,-0.02,0.33,2550.0,0.01,29.0,0.03,-0.01,TEN,25.0,2.0,40.0,40.0,False,Brian Daboll,74.1,29.0,19.9,23.0,32.6,21.0,0.588,High 12P,12.0,Balanced,28.0,Very Spread,13.0,Slugfests (Low Scoring Offense + Elite Defense -> Low Over/Unders / Grinding Games),TEN,31,20.11,79.89,29.0,-1.4,B.Daboll,16,,,,,,,,,,,,,,,,,0,,,,,,,,,,,,,,,,,,,,,,,,,,,K28,28.0,,117.1,6.89,,,,,—,0,0,99,,—,27,K27,130.0,-3.08,147,0.901,0.0,-99.4,-102.7,-112.6,-106.0,-106.0,338.6,325.4,13.2,13.2,338.6,325.4,ESPN,SLEEPER,Severe Reach (Overpriced),117.1,0.0,-0.006,116.4,-3.08,-3.08,156,27,K27,T7,1.0,176.0,False,False,0.0,0.0,117.1,0.0,0.0,-0.6,0.0,0.0,0.0,0.0,0.0,0.0,0.0,0.0,Tier 12,438.0,6.0,31.0,25.0,⚡ High Variance (Boom/Bust Ceiling),23.0,Tier 4,6.0,31.0,25.0
Jaxson Dart,QB,NYG,96.0,92.5,QB13,7.0,19.0,2.74,3,8,53848cba-bcad-4cd0-bb35-0a1f6ed111d1,93.4,93.0,jaxson dart,QB,NYG,QB_jaxson_dart_NYG,273.7,309.76,0.0,0.0,0.0,0.0,100.92,549.14,6.49,3591.43,22.26,11.05,118.0,QB14,287.86,17.0,83.2,88.1,98.1,92.5,92.5,Healthy,0,80.0,Neutral,Black,0.0,0.0,0.0,—,19.1,16.1,14.06,6.36,0.0,0.0,1.0,0.0,,,,,,,High Volume Value (Above Line),High Designed Runs,,,,,🎯 **Superflex Target**,⚔️ **FP: Superflex Value  vs  Guru: Dirty 30 Overhyped**,FP: Superflex Value  vs  Guru: Dirty 30 Overhyped,Tier 13,Round 8/9,8.5,Dual-threat rookie with Malik Nabers; Harbaugh/Nagy system. | 🔥 Catalyst: Weapon Upgrades,https://www.fantasypoints.com/nfl/articles/2026/the-gurus-2026-fantasy-football-draft-plan,6.0,0.0,1.0,0.0,1.0,0.0,1.0,0.0,0.0,0.0,0.0,0.0,QB6,T3,,5.0,71.0,consensus,2.5,Medium,0.0,0.0,,,,,,,0.0,Neutral,NYG,-0.01,0.31,2350.0,-0.01,27.7,0.0,-0.02,NYG,18.0,3.0,60.0,60.0,True,Matt Nagy,89.6,19.0,24.1,12.0,32.6,21.0,0.558,—,21.0,Zone,17.0,Even,16.0,Shootouts (High Scoring Offense + Vulnerable Defense -> Max Fantasy Ceiling),NYG,18,38.25,61.75,12.0,1.3,M.Nagy,16,77.5,90.6,,,,,,,,,,,-0.4149,,,,0,,,,,,,,,,,,,,,247.1,13.0,7.0,-6.0,0.914,13.6,17.88,222.0,229.6,215.7,88.1,11.0,QB11,11.0,89.1,273.7,16.1,4.0,$3-5,125.0,17.6,Weapon Upgrades,1,0,99,,—,11,QB11,272.9,-3.57,79,1.003,0.8000000000000114,-12.8,-7.9,2.1,-3.5,-3.5,98.1,83.2,14.9,14.9,98.1,83.2,SLEEPER,ESPN,Overpriced Fade,270.59,-2.1,-0.0045,269.37,-3.57,-3.57,157,14,QB14,T7,6.0,-64.5,False,True,0.0,-2.4,270.59,14.06,0.0,-0.4,0.0,0.0,0.0,0.0,6.0,0.0,0.0,0.0,Tier 10,96.0,7.0,19.0,12.0,⚡ High Variance (Boom/Bust Ceiling),13.0,Tier 4,7.0,19.0,12.0
New York Jets,DST,NYJ,443.0,417.5,DST31,11.0,32.0,4.17,5,13,5fee86ae-74ab-4bdd-8416-42a9dd9964f3,8.0,1.0,new york jets,DST,NYJ,DST_new_york_jets_NYJ,81.3,85.03,0.0,0.0,0.0,0.0,0.0,0.0,0.0,0.0,0.0,0.0,,,,,425.9,421.7,409.1,417.5,417.5,Healthy,0,,Neutral,Black,0.0,0.0,0.0,—,,4.78,0.0,0.0,0.0,0.0,0.0,0.0,,,,,,,,,,,,,—,—,Consensus Alignment,—,—,99.0,,,1.0,0.0,0.0,0.0,0.0,0.0,0.0,0.0,0.0,0.0,0.0,0.0,—,—,,5.0,,consensus,,,0.0,0.0,,,,,,,0.0,Neutral,NYJ,0.015,0.21,1650.0,0.065,26.8,0.03,0.09,NYJ,17.0,3.0,60.0,60.0,False,Frank Reich,71.1,30.0,24.9,6.0,29.8,26.0,0.613,High 11P,10.0,Balanced,27.0,Spread,8.0,Balanced Environment,NYJ,17,23.57,76.43,27.0,-1.3,F.Reich,16,,,,,,,,,,,,,,,,,0,,,,,,,,,,,,,,,,,,,,,,,,,,,DST32,32.0,,81.3,4.78,,,,,—,0,0,99,,—,31,DST31,95.8,-3.58,152,0.849,0.0,-17.1,-21.3,-33.9,-25.5,-25.5,425.9,409.1,16.8,16.8,425.9,409.1,ESPN,SLEEPER,Severe Reach (Overpriced),81.3,0.0,-0.006,80.81,-3.58,-3.58,158,31,DST31,T7,1.0,259.5,False,False,0.0,0.0,81.3,0.0,0.0,-0.6,0.0,0.0,0.0,0.0,0.0,0.0,0.0,0.0,Tier 12,443.0,11.0,32.0,21.0,⚡ High Variance (Boom/Bust Ceiling),31.0,Tier 4,11.0,32.0,21.0
Isaiah Likely,TE,NYG,117.0,105.0,TE13,8.0,27.0,3.76,3,8,f9279edb-cfa7-4f7d-91df-b81cbf3e133e,78.1,87.0,isaiah likely,TE,NYG,TE_isaiah_likely_NYG,100.4,165.28,88.354,63.11,745.31,5.03,0.0,0.0,0.0,0.0,0.0,0.0,82.0,TE10,166.05,13.0,107.1,109.2,102.9,105.0,105.0,Healthy,0,125.0,Neutral,Black,0.0,0.0,0.0,—,,5.91,0.0,0.0,0.0,0.0,0.0,0.0,,,,,,,,,,,,,—,—,Consensus Alignment,—,—,99.0,🔥 Catalyst: New Situation + O/S Top 100,,1.0,0.0,0.0,0.0,0.0,0.0,0.0,0.0,0.0,0.0,0.0,0.0,—,—,,7.0,139.0,consensus,2.5,Medium,0.0,0.0,,,,,,,0.0,Neutral,NYG,-0.01,0.31,2350.0,-0.01,27.7,0.0,-0.02,NYG,18.0,3.0,60.0,60.0,True,Matt Nagy,89.6,19.0,24.1,12.0,32.6,21.0,0.558,—,21.0,Zone,17.0,Even,16.0,Shootouts (High Scoring Offense + Vulnerable Defense -> Max Fantasy Ceiling),NYG,18,38.25,61.75,12.0,1.3,M.Nagy,16,79.7,96.2,,0.3556,,,0.512,,,,,,,,,,0,,,,,,,,,,,,,,,98.7,22.0,21.0,-1.0,0.971,14.7,5.54,79.0,65.8,69.2,109.2,13.0,TE21,21.0,107.3,100.4,5.91,5.0,$1,132.0,9.3,New Situation + O/S Top 100,1,0,99,,—,21,TE21,124.0,-4.01,167,0.81,0.0,-9.9,-7.8,-14.1,-12.0,-12.0,109.2,102.9,6.3,6.3,109.2,102.9,YAHOO,SLEEPER,Severe Reach (Overpriced),116.39,-2.1,0.004,116.86,-4.01,-4.01,159,17,TE17,T7,1.0,-54.0,False,True,0.0,-0.4,116.39,0.0,0.0,0.4,0.0,0.0,0.0,0.0,6.0,0.0,0.0,0.0,Tier 11,117.0,8.0,27.0,19.0,⚡ High Variance (Boom/Bust Ceiling),13.0,Tier 4,8.0,27.0,19.0
Jason Sanders,K,NYJ,472.0,312.0,K30,18.0,35.0,3.47,5,13,5ffb654f-0de5-424b-aa2f-ad511deb5b51,0.7,0.0,jason sanders,K,NYJ,K_jason_sanders_NYJ,113.3,113.32,0.0,0.0,0.0,0.0,0.0,0.0,0.0,0.0,0.0,0.0,,,,,318.2,315.1,305.8,312.0,312.0,Healthy,0,,Neutral,Black,0.0,0.0,0.0,—,,6.7,0.0,0.0,0.0,0.0,0.0,0.0,,,,,,,,,,,,,—,—,Consensus Alignment,—,—,99.0,,,1.0,0.0,0.0,0.0,0.0,0.0,0.0,0.0,0.0,0.0,0.0,0.0,—,—,,5.0,,consensus,,,0.0,0.0,,,,,,,0.0,Neutral,NYJ,0.015,0.21,1650.0,0.065,26.8,0.03,0.09,NYJ,17.0,3.0,60.0,60.0,False,Frank Reich,71.1,30.0,24.9,6.0,29.8,26.0,0.613,High 11P,10.0,Balanced,27.0,Spread,8.0,Balanced Environment,NYJ,17,23.57,76.43,27.0,-1.3,F.Reich,16,,,,,,,,,,,,,,,,,0,,,,,,,,,,,,,,,,,,,,,,,,,,,,,,,,,,,,—,0,0,99,,—,28,K28,130.0,-4.02,157,0.872,0.0,-153.8,-156.9,-166.2,-160.0,-160.0,318.2,305.8,12.4,12.4,318.2,305.8,ESPN,SLEEPER,Severe Reach (Overpriced),113.3,0.0,-0.006,112.62,-4.02,-4.02,160,28,K28,T7,1.0,152.0,False,False,0.0,0.0,113.3,0.0,0.0,-0.6,0.0,0.0,0.0,0.0,0.0,0.0,0.0,0.0,Tier 12,472.0,18.0,35.0,17.0,⚡ High Variance (Boom/Bust Ceiling),30.0,Tier 4,18.0,35.0,17.0
Ryan Fitzgerald,K,CAR,439.0,330.0,K24,7.0,30.0,3.54,4,5,7bf5a2e0-2512-11f0-9825-33176da47896,0.8,1.0,ryan fitzgerald,K,CAR,K_ryan_fitzgerald_CAR,112.2,107.91,0.0,0.0,0.0,0.0,0.0,0.0,0.0,0.0,0.0,0.0,,,,,336.6,333.3,323.4,330.0,330.0,Healthy,0,,Neutral,Black,0.0,0.0,0.0,—,,6.6,0.0,0.0,0.0,0.0,0.0,0.0,,,,,,,,,,,,,—,—,Consensus Alignment,—,—,99.0,,,1.0,0.0,0.0,0.0,0.0,0.0,0.0,0.0,0.0,0.0,0.0,0.0,—,—,,5.0,,consensus,,,0.0,0.0,,,,,,,0.0,Neutral,CAR,-0.015,0.25,1900.0,-0.03,28.6,-0.01,-0.04,CAR,16.0,3.0,60.0,60.0,False,Dave Canales/Idzik,78.7,27.0,19.8,24.0,33.6,15.0,0.794,High 11P,22.0,Balanced,19.0,Spread,23.0,Passing / Garbage Time (Low Scoring Offense + Bad Defense -> Trailing Game Scripts / Air Volume),CAR,8,29.48,70.52,22.0,-2.0,D.Canales,16,,,,,,,,,,,,,,,,,0,,,,,,,,,,,,,,,,,,,,,,,,,,,K31,31.0,,112.2,6.6,,,,,—,0,0,99,,—,29,K29,130.0,-4.3,161,0.863,0.0,-102.4,-105.7,-115.6,-109.0,-109.0,336.6,323.4,13.2,13.2,336.6,323.4,ESPN,SLEEPER,Severe Reach (Overpriced),112.2,0.0,-0.006,111.53,-4.3,-4.3,161,29,K29,T7,1.0,169.0,False,False,0.0,0.0,112.2,0.0,0.0,-0.6,0.0,0.0,0.0,0.0,0.0,0.0,0.0,0.0,Tier 12,439.0,7.0,30.0,23.0,⚡ High Variance (Boom/Bust Ceiling),24.0,Tier 4,7.0,30.0,23.0
Michael Wilson,WR,ARI,89.0,80.5,WR39,28.0,55.0,5.57,5,14,b91be982-fccd-448e-869b-e9b5148a1730,83.5,86.0,michael wilson,WR,ARI,WR_michael_wilson_ARI,117.9,177.94,94.542,67.53,839.76,4.47,0.0,0.67,0.0,0.0,0.0,0.0,92.0,WR39,172.17,14.0,82.1,102.9,78.9,80.5,80.5,Healthy,0,85.0,Neutral,Black,0.0,0.0,0.0,—,11.7,6.94,11.49,5.74,0.0,0.0,1.0,0.0,,,,,,,,,,,,,—,—,Consensus Alignment,—,—,99.0,,,1.0,0.0,0.0,0.0,0.0,0.0,0.0,0.0,0.0,0.0,0.0,0.0,—,—,,6.0,85.0,consensus,2.5,Medium,1.0,0.0,,,,,,,0.0,Neutral,ARI,0.005,0.22,1750.0,0.072,25.5,0.05,0.08,ARI,23.0,3.0,60.0,60.0,False,Mike LaFleur,95.6,12.0,20.8,21.0,32.7,19.0,0.596,—,5.0,Gap,9.0,Condensed,10.0,Passing / Garbage Time (Low Scoring Offense + Bad Defense -> Trailing Game Scripts / Air Volume),ARI,20,39.57,60.43,10.0,-1.1,M.LaFleur,16,70.3,66.6,-0.7499,0.9617,0.0768,-0.3293,0.0415,-0.3042,,,,,,,,,0,,,,,,,,,,,,,,,126.8,33.0,38.0,5.0,0.963,14.6,8.84,124.0,123.2,112.8,102.9,38.0,WR48,48.0,83.7,117.9,6.94,10.0,$1-3,101.0,11.6,—,0,0,99,,—,48,WR48,158.5,-4.42,191,0.744,0.0,-6.9,13.9,-10.1,-8.5,-8.5,102.9,78.9,24.0,24.0,102.9,78.9,YAHOO,SLEEPER,Severe Reach (Overpriced),133.69,-1.65,0.005,134.36,-4.42,-4.42,162,40,WR40,T7,1.0,-81.5,False,True,0.0,2.0,133.69,11.49,0.0,0.5,0.0,0.0,0.0,5.0,0.0,0.0,0.0,0.0,Tier 10,89.0,28.0,55.0,27.0,⚡ High Variance (Boom/Bust Ceiling),39.0,Tier 6,28.0,55.0,27.0
Alec Pierce,WR,IND,95.0,95.0,WR40,30.0,65.0,6.99,5,13,a67ee8f8-e9de-4fb9-90b6-edca2f83f6d8,84.2,86.0,alec pierce,WR,IND,WR_alec_pierce_IND,111.9,192.25,79.128,56.52,977.24,6.42,0.0,0.0,0.0,0.0,0.0,0.0,84.0,WR38,173.39,13.0,96.9,92.0,93.1,95.0,95.0,Healthy,0,92.0,Neutral,Black,0.0,0.0,0.0,—,10.3,6.58,17.25,11.2,0.0,0.0,1.0,0.0,,,,,,,,,,,,,—,—,Consensus Alignment,—,—,99.0,,,1.0,0.0,0.0,0.0,0.0,0.0,0.0,0.0,0.0,0.0,0.0,0.0,—,—,,5.0,58.0,guy,1.6,Low (High Floor Alpha),0.0,0.0,,,5.0,0.0,,,0.0,Neutral,IND,0.005,0.13,980.0,0.068,27.3,0.06,0.07,IND,5.0,4.5,90.0,90.0,False,Shane Steichen,97.4,10.0,22.2,17.0,32.7,19.0,0.691,—,20.0,Gap,10.0,Even,25.0,Balanced Environment,IND,10,36.05,63.95,14.0,-3.5,S.Steichen,16,75.6,69.2,-1.3576,-0.013,0.5887,-0.9839,0.645,0.5526,,,,,,,,,0,,,,,,,,,,,,,,,133.8,25.0,33.0,8.0,0.952,13.9,9.73,128.3,119.9,125.5,92.0,35.0,WR50,50.0,101.2,111.9,6.58,11.0,$1-3,84.0,12.0,—,0,0,99,,—,50,WR50,158.5,-4.44,196,0.706,0.0,1.9,-3.0,-1.9,0.0,0.0,96.9,92.0,4.9,4.9,96.9,92.0,ESPN,YAHOO,Fair Market Value,132.75,-0.05,0.012,134.34,-4.44,-4.44,163,41,WR41,T7,1.0,-68.0,False,True,0.0,3.2,132.75,17.25,0.0,1.2,0.0,0.0,0.0,0.0,0.0,0.0,0.0,0.0,Tier 10,95.0,30.0,65.0,35.0,⚡ High Variance (Boom/Bust Ceiling),40.0,Tier 6,30.0,65.0,35.0
Chris Godwin Jr.,WR,TB,82.0,88.5,WR35,26.0,50.0,4.73,5,10,baa61bb5-f8d0-4f90-bbe2-028576b8d33d,69.1,88.0,chris godwin,WR,TB,WR_chris_godwin_TB,126.5,175.73,94.906,67.79,773.89,5.18,0.33,0.33,0.0,0.0,0.0,0.0,79.0,WR35,180.44,13.0,90.3,97.7,86.7,88.5,88.5,Healthy,0,101.0,Neutral,Black,0.0,0.0,0.0,—,9.0,7.44,0.0,0.0,0.0,0.0,0.0,0.0,,,,,,,,,,,,,🎯 **Target / Motion Alpha**,🤝 **Consensus High**,Consensus Alignment,Tier 12,Round 7,7.0,3rd in YPRR on motion plays (3.99); Zac Robinson Liam Coen slot role (19.7 FPG in 2024); Emeka Egbuka injury gives Godwin early dominance.,https://www.fantasypoints.com/nfl/articles/2026/ryan-heaths-2026-fantasy-football-rankings-and-targets,12.0,0.0,1.0,0.0,0.0,0.0,0.0,0.0,0.0,0.0,0.0,0.0,,,,6.0,99.0,consensus,2.5,Medium,0.0,0.0,,,,,,,0.0,Neutral,TB,0.028,0.11,820.0,0.078,27.5,-0.03,0.14,TB,26.0,4.0,80.0,80.0,False,Zac Robinson,89.8,18.0,27.9,2.0,30.4,24.0,0.75,High 12P,13.0,Zone,2.0,Condensed,20.0,Slugfests (Low Scoring Offense + Elite Defense -> Low Over/Unders / Grinding Games),TB,5,26.78,73.22,23.0,-6.6,Z.Robinson,16,81.1,76.6,0.1371,0.4001,1.448,1.0287,0.4883,-0.7168,,,,,,,,,0,,,,,,,,,,,,,,,102.1,47.0,41.0,-6.0,0.915,12.3,7.05,79.0,88.7,83.3,97.7,37.0,WR42,42.0,95.2,126.5,7.44,9.0,$1,90.0,11.9,—,0,0,99,,—,42,WR42,158.5,-4.63,179,0.798,0.0,8.3,15.7,4.7,6.5,6.5,97.7,86.7,11.0,11.0,97.7,86.7,YAHOO,SLEEPER,Screaming Steal (Huge Value),133.88,3.44,0.002,134.15,-4.63,-4.63,164,42,WR42,T7,12.0,-75.5,False,True,3.0,-2.4,133.88,0.0,0.0,0.2,0.0,0.0,0.0,0.0,0.0,0.0,0.0,0.0,Tier 9,82.0,26.0,50.0,24.0,⚡ High Variance (Boom/Bust Ceiling),35.0,Tier 6,26.0,50.0,24.0
Josh Downs,WR,IND,92.0,111.5,WR41,29.0,56.0,5.51,5,13,dd227f4a-0785-482d-a28b-f231c7f3b73f,73.1,86.0,josh downs,WR,IND,WR_josh_downs_IND,120.2,163.73,96.34799999999998,68.82,704.93,4.23,1.36,4.23,0.03,0.0,0.0,0.0,98.0,WR44,163.59,15.0,113.7,109.0,109.3,111.5,111.5,Healthy,0,106.0,Neutral,Black,0.0,0.0,0.0,—,,7.07,0.0,0.0,0.0,0.0,0.0,0.0,88.0,-17.0,Full PPR Favored (Targets),,,,,,,,,,"💥 **Expanded Exodia / ""The Twelve""**",🤝 **Consensus High**,Consensus Alignment,Tier 12,Round 9/10 (10.01),10.01,0.25 TPRR over 3 seasons (elite target earner); Pittman & AD Mitchell gone; contract year slot alpha; Guru's Round 10 pick.,https://www.fantasypoints.com/nfl/articles/2026/the-gurus-2026-fantasy-football-draft-plan,8.0,1.0,0.0,0.0,0.0,0.0,0.0,0.0,0.0,0.0,0.0,0.0,WR33,T9,,6.0,82.0,dragon,3.8,High (Elite Ceiling),1.0,1.0,,,,,,,0.0,Neutral,IND,0.005,0.13,980.0,0.068,27.3,0.06,0.07,IND,5.0,4.5,90.0,90.0,False,Shane Steichen,97.4,10.0,22.2,17.0,32.7,19.0,0.691,—,20.0,Gap,10.0,Even,25.0,Balanced Environment,IND,10,36.05,63.95,14.0,-3.5,S.Steichen,16,77.5,83.9,0.1611,-0.2432,-0.3338,0.0481,0.4984,0.6169,,,,,,,,,0,,,,,,,,,,,,,,,111.3,45.0,51.0,6.0,0.953,13.8,7.22,95.1,102.5,101.8,109.0,41.0,WR46,46.0,107.0,120.2,7.07,9.0,$1,98.0,11.9,—,0,0,99,,—,46,WR46,158.5,-4.68,188,0.758,0.0,21.7,17.0,17.3,19.5,19.5,113.7,109.0,4.7,4.7,113.7,109.0,ESPN,YAHOO,Screaming Steal (Huge Value),128.82,1.95,0.041,134.1,-4.68,-4.68,165,43,WR43,T7,8.0,-53.5,False,True,0.0,2.4,128.82,0.0,0.0,4.1,22.0,0.0,0.0,5.0,0.0,0.0,0.0,0.0,Tier 10,92.0,29.0,56.0,27.0,⚡ High Variance (Boom/Bust Ceiling),41.0,Tier 7,29.0,56.0,27.0
Hunter Henry,TE,NE,142.0,141.5,TE18,13.0,26.0,2.26,4,11,705899da-3c20-4bc3-b5d0-2e6e40655131,61.0,57.0,hunter henry,TE,NE,TE_hunter_henry_NE,107.4,152.92,77.756,55.54,650.55,5.43,0.0,0.0,0.0,0.0,0.0,0.0,141.0,TE17,135.61,21.0,144.3,127.7,138.7,141.5,141.5,Healthy,0,,Neutral,Black,0.0,0.0,0.0,—,,6.32,0.0,0.0,0.0,0.0,0.0,0.0,,,,,,,,,,,,,—,—,Consensus Alignment,—,—,99.0,,,1.0,0.0,0.0,0.0,0.0,0.0,0.0,0.0,0.0,0.0,0.0,0.0,—,—,,5.0,,consensus,,,0.0,0.0,,,,,,,0.0,Neutral,NE,-0.03,0.3,2300.0,-0.055,29.4,-0.02,-0.07,NE,13.0,3.0,60.0,60.0,False,Josh McDaniels,104.9,4.0,24.9,6.0,34.6,13.0,0.605,—,24.0,Gap,21.0,Spread,4.0,Slugfests (Low Scoring Offense + Elite Defense -> Low Over/Unders / Grinding Games),NE,13,34.68,65.32,17.0,1.4,J.McDaniels,16,72.3,94.8,,0.0582,,,0.4775,,,,,,,,,,0,,,,,,,,,,,,,,,114.5,11.0,12.0,1.0,0.992,13.8,7.43,101.6,110.3,86.1,127.7,20.0,TE18,18.0,135.5,107.4,6.32,5.0,$1,133.0,9.3,—,0,0,99,,—,17,TE17,124.0,-5.14,155,0.866,0.0,2.3,-14.3,-3.3,-0.5,-0.5,144.3,127.7,16.6,16.6,144.3,127.7,ESPN,YAHOO,Fair Market Value,116.23,-2.7,-0.006,115.53,-5.14,-5.14,166,18,TE18,T7,1.0,-24.5,False,False,0.0,0.4,116.23,0.0,0.0,-0.6,0.0,0.0,0.0,0.0,0.0,0.0,0.0,0.0,Tier 12,142.0,13.0,26.0,13.0,⚡ High Variance (Boom/Bust Ceiling),18.0,Tier 5,13.0,26.0,13.0
Romeo Doubs,WR,NE,124.0,128.5,WR50,35.0,68.0,5.28,6,11,5f559fde-3a5f-4df6-99a2-cd1a4b103c68,58.2,47.0,romeo doubs,WR,NE,WR_romeo_doubs_NE,129.0,163.73,79.982,57.13,744.63,5.44,0.0,0.0,0.0,0.0,0.0,0.0,110.0,WR48,151.5,17.0,131.1,131.8,125.9,128.5,128.5,Healthy,0,122.0,Target (Green),Green,1.0,0.0,0.0,—,10.3,7.59,0.0,0.0,0.0,0.0,0.0,0.0,,,,,,,,,,,,,—,—,Consensus Alignment,—,—,99.0,,,1.0,0.0,0.0,0.0,0.0,0.0,0.0,0.0,0.0,0.0,0.0,0.0,—,—,,7.0,106.0,consensus,2.5,Medium,0.0,0.0,,,,,,,0.0,Neutral,NE,-0.03,0.3,2300.0,-0.055,29.4,-0.02,-0.07,NE,13.0,3.0,60.0,60.0,False,Josh McDaniels,104.9,4.0,24.9,6.0,34.6,13.0,0.605,—,24.0,Gap,21.0,Spread,4.0,Slugfests (Low Scoring Offense + Elite Defense -> Low Over/Unders / Grinding Games),NE,13,34.68,65.32,17.0,1.4,J.McDaniels,16,74.3,78.3,-0.8725,0.2962,-0.3785,-0.5458,0.5963,0.5449,,,,,,,,,0,,,,,,,,,,,,,,,112.4,44.0,45.0,1.0,0.958,14.1,8.65,116.4,101.3,79.8,131.8,61.0,WR41,41.0,131.6,129.0,7.59,9.0,$1,145.0,10.0,—,0,0,99,,—,41,WR41,158.5,-5.83,177,0.814,0.0,7.1,7.8,1.9,4.5,4.5,131.8,125.9,5.9,5.9,131.8,125.9,YAHOO,SLEEPER,Value Target (Discounted),130.47,-2.7,0.019,132.95,-5.83,-5.83,167,44,WR44,T7,1.0,-38.5,False,False,0.0,0.4,130.47,0.0,0.0,1.9,0.0,0.0,0.0,0.0,0.0,0.0,12.0,0.0,Tier 11,124.0,35.0,68.0,33.0,⚡ High Variance (Boom/Bust Ceiling),50.0,Tier 8,35.0,68.0,33.0
Jared Goff,QB,DET,110.0,127.5,QB16,7.0,19.0,2.32,3,6,aba8f925-ffbf-4654-bfa7-a25d3d237494,65.2,83.0,jared goff,QB,DET,QB_jared_goff_DET,262.4,287.79,0.0,0.0,0.0,0.0,23.74,48.16,0.23,4308.02,31.68,9.99,130.0,QB17,282.32,20.0,114.8,114.5,135.2,127.5,127.5,Healthy,0,111.0,Neutral,Black,0.0,0.0,0.0,—,,15.44,0.0,0.0,0.0,0.0,0.0,0.0,,,,,,,,Pocket Passers,,,Best Friend QB (High Checkdowns / No GL Vultures),,—,—,Consensus Alignment,—,—,99.0,⭐ #3 Lions Offense Most Undervalued Asset,,1.0,0.0,0.0,0.0,0.0,0.0,0.0,0.0,0.0,0.0,0.0,0.0,—,—,,7.0,141.0,consensus,2.5,Medium,0.0,0.0,,,,,,,0.0,Neutral,DET,0.018,0.09,720.0,0.16,26.4,0.11,0.19,DET,15.0,3.5,70.0,70.0,False,Drew Petzing,107.7,3.0,21.4,20.0,26.1,27.0,0.62,—,3.0,Gap,24.0,Even,11.0,Balanced Environment,DET,16,30.85,69.15,20.0,-1.1,D.Petzing,16,73.3,83.2,,,,,,,,,,,0.689,,,,0,,,,,,,,,,,,,,,254.7,10.0,17.0,7.0,0.986,14.4,17.69,252.1,261.8,211.9,114.5,17.0,QB18,18.0,133.7,262.4,15.44,5.0,$1,141.0,17.5,—,0,1,3,Lions,#3 Lions Offense - Most Undervalued Asset,18,QB18,272.9,-6.11,143,0.962,0.0,4.8,4.5,25.2,17.5,17.5,135.2,114.5,20.7,20.7,135.2,114.5,SLEEPER,YAHOO,Screaming Steal (Huge Value),265.45,-0.06,0.002,265.98,-6.11,-6.11,168,15,QB15,T7,1.0,-40.5,False,False,0.0,2.8,265.45,0.0,0.0,0.2,0.0,0.0,0.0,0.0,0.0,4.0,0.0,0.0,Tier 11,110.0,7.0,19.0,12.0,⚡ High Variance (Boom/Bust Ceiling),16.0,Tier 4,7.0,19.0,12.0
Kenny Gainwell,RB,TB,106.0,95.0,RB38,27.0,46.0,3.42,5,10,e2a5882a-dcc1-4800-889f-3b957b21834f,80.4,79.0,kenny gainwell,RB,TB,RB_kenny_gainwell_TB,146.8,171.55,69.58,49.7,351.95,2.01,116.59,512.09,4.19,0.0,0.0,0.0,74.0,RB30,170.22,13.0,96.9,118.1,93.1,95.0,95.0,Healthy,0,116.0,Avoid (Red),Red,0.0,0.0,1.0,Silver Lining,,8.64,0.0,0.0,0.0,0.0,0.0,0.0,,,,36.0,30.0,Med,,,,,,,—,—,Consensus Alignment,—,—,99.0,,,1.0,0.0,0.0,0.0,0.0,0.0,0.0,0.0,0.0,0.0,0.0,0.0,—,—,,6.0,84.0,consensus,2.5,Medium,0.0,0.0,,,,,,,0.0,Neutral,TB,0.028,0.11,820.0,0.078,27.5,-0.03,0.14,TB,26.0,4.0,80.0,80.0,False,Zac Robinson,89.8,18.0,27.9,2.0,30.4,24.0,0.75,High 12P,13.0,Zone,2.0,Condensed,20.0,Slugfests (Low Scoring Offense + Elite Defense -> Low Over/Unders / Grinding Games),TB,5,26.78,73.22,23.0,-6.6,Z.Robinson,16,,,,,,,,,,,,,,,,,0,,,,,,,,,,,,,,,113.4,36.0,37.0,1.0,0.982,15.8,8.76,135.9,104.5,53.1,118.1,39.0,RB32,32.0,112.0,146.8,8.64,8.0,$6-8,107.0,10.0,—,0,0,99,,—,32,RB32,181.3,-7.94,183,0.81,0.0,-9.1,12.1,-12.9,-11.0,-11.0,118.1,93.1,25.0,25.0,118.1,93.1,YAHOO,SLEEPER,Severe Reach (Overpriced),144.31,3.33,-0.041,138.39,-7.94,-7.94,169,32,RB32,T7,1.0,-74.0,False,True,0.0,0.4,144.31,0.0,0.0,-4.1,0.0,0.0,0.0,0.0,0.0,0.0,-15.0,0.0,Tier 10,106.0,27.0,46.0,19.0,⚡ High Variance (Boom/Bust Ceiling),38.0,Tier 9,27.0,46.0,19.0
Jayden Reed,WR,GB,107.0,120.0,WR45,35.0,57.0,4.98,5,11,23a306bc-5f77-4574-a575-bd599f243185,71.6,82.0,jayden reed,WR,GB,WR_jayden_reed_GB,133.4,176.35,88.354,63.11,757.72,4.79,11.99,86.93,0.14,0.0,0.0,0.0,97.0,WR43,164.32,15.0,122.4,119.2,117.6,120.0,120.0,Healthy,0,104.0,Neutral,Black,0.0,0.0,0.0,—,,7.85,0.0,0.0,0.0,0.0,0.0,0.0,,,,,,,,,,,,,—,—,Consensus Alignment,—,—,99.0,,,1.0,0.0,0.0,0.0,0.0,0.0,0.0,0.0,0.0,0.0,0.0,0.0,—,—,,7.0,117.0,fade,4.2,High (Overpriced Bust Risk),0.0,0.0,,,,,,,0.0,Neutral,GB,0.02,0.16,1300.0,0.112,27.8,0.04,0.16,GB,20.0,2.0,40.0,40.0,False,Matt LaFleur,90.5,16.0,23.0,13.0,36.3,9.0,0.667,High 12P,19.0,Balanced,8.0,Very Condensed,17.0,Chew the Clock (High Scoring Offense + Elite Defense -> Run-Heavy Second Halves),GB,27,38.22,61.78,13.0,-1.0,M.LaFleur,16,81.1,70.3,1.6429,0.0869,0.1462,0.4206,0.9164,1.0443,,,,,,,,,0,,,,,,,,,,,,,,,103.1,46.0,54.0,8.0,0.949,12.6,6.79,81.5,79.4,97.6,119.2,45.0,WR40,40.0,116.5,133.4,7.85,9.0,$1,104.0,11.3,—,0,0,99,,—,40,WR40,158.5,-8.02,170,0.842,0.0,15.4,12.2,10.6,13.0,13.0,122.4,117.6,4.8,4.8,122.4,117.6,ESPN,SLEEPER,Screaming Steal (Huge Value),133.56,-5.6,-0.021,130.76,-8.02,-8.02,170,45,WR45,T7,1.0,-50.0,False,True,3.0,3.2,133.56,0.0,0.0,-2.1,0.0,0.0,0.0,0.0,0.0,0.0,0.0,0.0,Tier 10,107.0,35.0,57.0,22.0,⚡ High Variance (Boom/Bust Ceiling),45.0,Tier 7,35.0,57.0,22.0
Dalton Schultz,TE,HOU,153.0,159.0,TE20,13.0,26.0,2.95,4,8,8caec1b4-e0b6-4a84-b8c8-617d6e91ef6a,16.4,28.0,dalton schultz,TE,HOU,TE_dalton_schultz_HOU,107.8,148.35,92.176,65.84,627.14,3.36,0.0,0.0,0.0,0.0,0.0,0.0,157.0,TE22,124.51,24.0,162.2,128.2,155.8,159.0,159.0,Healthy,0,149.0,Neutral,Black,0.0,0.0,0.0,—,,6.34,0.0,0.0,0.0,0.0,0.0,0.0,,,,,,,,,,,,,—,—,Consensus Alignment,—,—,99.0,,,1.0,0.0,0.0,0.0,0.0,0.0,0.0,0.0,0.0,0.0,0.0,0.0,—,—,,5.0,,consensus,,,0.0,0.0,,,,,,,0.0,Neutral,HOU,0.042,0.24,1950.0,0.108,25.8,-0.01,0.18,HOU,29.0,3.0,60.0,60.0,False,Nick Caley,94.1,14.0,17.9,28.0,35.3,12.0,0.523,High 11P,16.0,Gap,14.0,Even,26.0,Slugfests (Low Scoring Offense + Elite Defense -> Low Over/Unders / Grinding Games),HOU,29,13.79,86.21,32.0,-0.5,N.Caley,16,75.7,56.9,,-0.5938,,,0.4163,,,,,,,,,,0,,,,,,,,,,,,,,,108.6,17.0,16.0,-1.0,0.986,13.1,7.24,93.4,106.4,81.5,128.2,21.0,TE16,16.0,193.0,107.8,6.34,4.0,$1,134.0,9.3,—,0,0,99,,—,16,TE16,124.0,-8.56,154,0.869,0.0,9.2,-24.8,2.8,6.0,6.0,162.2,128.2,34.0,34.0,162.2,128.2,ESPN,YAHOO,Screaming Steal (Huge Value),112.18,-2.54,-0.006,111.51,-8.56,-8.56,171,19,TE19,T7,1.0,-12.0,False,False,0.0,-0.4,112.18,0.0,0.0,-0.6,0.0,0.0,0.0,0.0,0.0,0.0,0.0,0.0,Tier 12,153.0,13.0,26.0,13.0,⚡ High Variance (Boom/Bust Ceiling),20.0,Tier 5,13.0,26.0,13.0
Matthew Stafford,QB,LAR,108.0,106.5,QB15,7.0,20.0,2.83,3,11,ade43b1a-0601-4672-83b6-d246bc066a19,93.0,91.0,matthew stafford,QB,LAR,QB_matthew_stafford_LAR,271.6,293.96,0.0,0.0,0.0,0.0,23.68,33.14,0.2,4190.54,33.98,8.56,119.0,QB15,289.23,17.0,95.9,100.5,112.9,106.5,106.5,Healthy,0,102.0,Neutral,Black,0.0,0.0,0.0,—,,15.98,0.0,0.0,7.42,2.29,0.0,1.0,,,,,,,,Pocket Passers,,,Best Friend QB (High Checkdowns / No GL Vultures),,—,—,Consensus Alignment,—,—,99.0,,,1.0,0.0,0.0,0.0,0.0,0.0,0.0,0.0,0.0,0.0,0.0,0.0,—,—,,7.0,133.0,fade,4.2,High (Overpriced Bust Risk),0.0,0.0,,,,,,,0.0,Neutral,LAR,0.008,0.14,1120.0,0.095,27.4,0.04,0.13,LAR,1.0,4.5,90.0,90.0,False,Sean McVay,113.3,1.0,19.8,24.0,42.8,2.0,0.759,High 13P,6.0,Gap,4.0,Very Condensed,21.0,Chew the Clock (High Scoring Offense + Elite Defense -> Run-Heavy Second Halves),LAR,3,40.06,59.94,9.0,0.3,S.McVay,16,70.6,,,,,,,,,,,,1.3187,,,,0,,,,,,,,,,,,,,,228.8,18.0,14.0,-4.0,0.977,13.9,16.12,218.8,223.0,146.3,100.5,15.0,QB13,13.0,95.7,271.6,15.98,4.0,$1-3,114.0,17.8,—,0,0,99,,—,13,QB13,272.9,-9.3,102,0.995,0.0,-12.1,-7.5,4.9,-1.5,-1.5,112.9,95.9,17.0,17.0,112.9,95.9,SLEEPER,ESPN,Fair Market Value,265.31,4.04,-0.0135,261.73,-9.3,-9.3,172,16,QB16,T7,1.0,-65.5,False,True,0.0,-1.6,265.31,0.0,0.0,-1.4,0.0,0.0,0.0,0.0,0.0,0.0,0.0,0.0,Tier 10,108.0,7.0,20.0,13.0,⚡ High Variance (Boom/Bust Ceiling),15.0,Tier 4,7.0,20.0,13.0
T.J. Hockenson,TE,MIN,170.0,159.0,TE21,13.0,31.0,3.15,4,6,bd1120b6-38b3-4225-a4b0-20660a149d0d,71.4,24.0,tj hockenson,TE,MIN,TE_tj_hockenson_MIN,102.6,140.65,89.46,63.9,574.47,3.27,0.0,0.0,0.0,0.0,0.0,0.0,148.0,TE19,130.3,22.0,162.2,129.3,155.8,159.0,159.0,Healthy,0,,Neutral,Black,0.0,0.0,0.0,—,,6.04,0.0,0.0,0.0,0.0,0.0,0.0,,,,,,,,,,,,,—,—,Consensus Alignment,—,—,99.0,,,1.0,0.0,0.0,0.0,0.0,0.0,0.0,0.0,0.0,0.0,0.0,0.0,—,—,,5.0,,consensus,,,0.0,0.0,,,,,,,0.0,Neutral,MIN,0.035,0.19,1580.0,0.085,27.1,-0.02,0.15,MIN,9.0,4.0,80.0,80.0,True,Kevin O'Connell,76.2,28.0,18.9,26.0,37.4,5.0,0.691,—,25.0,Balanced,23.0,Condensed,5.0,Shootouts (High Scoring Offense + Vulnerable Defense -> Max Fantasy Ceiling),MIN,12,31.97,68.03,18.0,1.4,K.O'Connell,16,71.7,87.8,,0.0058,,,0.278,,,,,,,,,,0,,,,,,,,,,,,,,,101.2,21.0,24.0,3.0,0.974,14.7,5.75,82.3,82.8,80.7,129.3,23.0,TE19,19.0,164.1,102.6,6.04,5.0,$1,149.0,9.0,—,0,0,99,,—,19,TE19,124.0,-11.11,163,0.827,0.0,-7.8,-40.7,-14.2,-11.0,-11.0,162.2,129.3,32.9,32.9,162.2,129.3,ESPN,YAHOO,Severe Reach (Overpriced),109.17,1.65,-0.006,108.51,-11.11,-11.11,173,20,TE20,T7,1.0,-14.0,False,False,0.0,1.2,109.17,0.0,0.0,-0.6,0.0,0.0,0.0,0.0,0.0,0.0,0.0,0.0,Tier 12,170.0,13.0,31.0,18.0,⚡ High Variance (Boom/Bust Ceiling),21.0,Tier 6,13.0,31.0,18.0
Stefon Diggs,WR,WAS,100.0,111.0,WR43,28.0,81.0,9.32,5,7,a1c40664-b265-4083-aad2-54b4c734f2c5,71.9,84.0,stefon diggs,WR,WAS,WR_stefon_diggs_WAS,144.8,166.23,93.842,67.03,747.14,4.15,0.33,0.67,0.0,0.0,0.0,0.0,107.0,WR47,155.5,16.0,113.2,107.6,108.8,111.0,111.0,Healthy,0,108.0,Neutral,Black,0.0,0.0,0.0,—,10.3,8.52,0.0,0.0,0.0,0.0,0.0,0.0,,,,,,,,,,,,,🎯 **Late Target / Risk**,⚔️ **FP: Value if Cheap  vs  Guru: Dirty 30 Not Feeling It**,FP: Value if Cheap  vs  Guru: Dirty 30 Not Feeling It,Tier 14,Round 9/10,9.5,Proven veteran presence for Jayden Daniels; caution against overloading bench with late WRs.,https://www.fantasypoints.com/nfl/articles/2026/ryan-heaths-2026-fantasy-football-rankings-and-targets,4.0,0.0,1.0,0.0,1.0,0.0,1.0,0.0,0.0,0.0,0.127,0.0,,,,7.0,120.0,consensus,2.5,Medium,0.0,0.0,,,,,,,0.0,Neutral,WAS,0.012,0.23,1780.0,0.088,25.1,0.07,0.1,WAS,24.0,2.0,40.0,40.0,True,David Blough,80.9,26.0,22.0,18.0,36.0,10.0,0.65,More 12P,5.0,Gap,12.0,Even,12.0,Shootouts (High Scoring Offense + Vulnerable Defense -> Max Fantasy Ceiling),WAS,25,30.3,69.7,21.0,0.0,Unknown,16,86.3,81.1,0.1513,0.9715,0.1239,0.0393,1.0216,0.6058,,,,,,,,,0,,,,,,,,,,,,,,,73.5,65.0,52.0,-13.0,0.354,11.7,7.83,32.4,53.0,44.0,107.6,40.0,WR36,36.0,113.6,144.8,8.52,8.0,$6-8,19.0,10.9,—,0,0,99,,—,36,WR36,158.5,-12.11,151,0.914,0.0,13.2,7.6,8.8,11.0,11.0,113.2,107.6,5.6,5.6,113.2,107.6,ESPN,YAHOO,Screaming Steal (Huge Value),129.65,-3.84,-0.023,126.67,-12.11,-12.11,174,46,WR46,T7,4.0,-63.0,False,True,3.0,-5.2,129.65,0.0,0.0,-2.3,0.0,0.0,0.0,0.0,0.0,0.0,0.0,0.0,Tier 10,100.0,28.0,81.0,53.0,⚡ High Variance (Boom/Bust Ceiling),43.0,Tier 7,28.0,81.0,53.0
Matthew Golden,WR,GB,126.0,144.5,WR51,36.0,70.0,6.42,6,11,d1963360-c011-4764-9a36-9e627073f68f,83.7,67.0,matthew golden,WR,GB,WR_matthew_golden_GB,115.3,161.47,78.246,55.89,758.68,4.56,5.49,27.28,0.06,0.0,0.0,0.0,93.0,WR40,172.09,14.0,147.4,128.1,141.6,144.5,144.5,Healthy,0,123.0,Neutral,Black,0.0,0.0,0.0,—,,6.78,0.0,0.0,0.0,0.0,0.0,0.0,,,,,,,,,,,,,—,—,Consensus Alignment,—,—,99.0,⭐ #8 Packers Offense Most Undervalued Asset,,1.0,0.0,0.0,0.0,0.0,0.0,0.0,0.0,0.0,0.0,0.0,0.0,—,—,,7.0,105.0,consensus,2.5,Medium,0.0,0.0,,,,,,,0.0,Neutral,GB,0.02,0.16,1300.0,0.112,27.8,0.04,0.16,GB,20.0,2.0,40.0,40.0,False,Matt LaFleur,90.5,16.0,23.0,13.0,36.3,9.0,0.667,High 12P,19.0,Balanced,8.0,Very Condensed,17.0,Chew the Clock (High Scoring Offense + Elite Defense -> Run-Heavy Second Halves),GB,27,38.22,61.78,13.0,-1.0,M.LaFleur,16,79.1,70.0,,1.2078,,0.913,0.2593,0.7941,,,,,,,,,0,,,,,,,,,,,,,,,99.4,48.0,53.0,5.0,0.978,12.3,7.75,93.5,95.1,57.7,128.1,51.0,WR49,49.0,128.7,115.3,6.78,10.0,$1-3,117.0,10.6,—,0,1,8,Packers,#8 Packers Offense - Most Undervalued Asset,49,WR49,158.5,-13.76,194,0.727,0.0,21.4,2.1,15.6,18.5,18.5,147.4,128.1,19.3,19.3,147.4,128.1,ESPN,YAHOO,Screaming Steal (Huge Value),125.52,-5.6,-0.004,125.02,-13.76,-13.76,175,47,WR47,T7,1.0,-30.5,False,False,0.0,2.0,125.52,0.0,0.0,-0.4,0.0,0.0,0.0,0.0,0.0,4.0,0.0,0.0,Tier 11,126.0,36.0,70.0,34.0,⚡ High Variance (Boom/Bust Ceiling),51.0,Tier 8,36.0,70.0,34.0
Aaron Jones Sr.,RB,MIN,115.0,110.0,RB41,29.0,51.0,4.11,6,6,27dd5b6e-ea65-4622-a6b4-460fd144407c,76.8,69.0,aaron jones,RB,MIN,RB_aaron_jones_MIN,145.8,161.18,56.937999999999995,40.67,300.74,1.69,149.94,638.75,3.07,0.0,0.0,0.0,99.0,RB34,153.23,15.0,112.2,123.1,107.8,110.0,110.0,Healthy,0,127.0,Avoid (Red),Red,0.0,0.0,1.0,Fool's Gold,9.2,8.58,0.0,0.0,0.0,0.0,0.0,0.0,,,,,,,,,,,,🏆 RB's Dream QB (High Checkdowns / No GL Vultures),—,—,Consensus Alignment,—,—,99.0,,,1.0,0.0,0.0,0.0,0.0,0.0,0.0,0.0,0.0,0.0,0.0,0.0,—,—,,7.0,118.0,consensus,2.5,Medium,0.0,0.0,1.0,1.0,,,,,0.0,Neutral,MIN,0.035,0.19,1580.0,0.085,27.1,-0.02,0.15,MIN,9.0,4.0,80.0,80.0,True,Kevin O'Connell,76.2,28.0,18.9,26.0,37.4,5.0,0.691,—,25.0,Balanced,23.0,Condensed,5.0,Shootouts (High Scoring Offense + Vulnerable Defense -> Max Fantasy Ceiling),MIN,12,31.97,68.03,18.0,1.4,K.O'Connell,16,61.4,74.7,,,,,,,-0.7601,,,,,,,,0,,,,,,,,,,,,,,,117.8,34.0,36.0,2.0,0.887,13.8,7.94,97.0,132.2,60.0,123.1,43.0,RB33,33.0,124.9,145.8,8.58,8.0,$5-7,111.0,9.4,—,0,0,99,,—,33,RB33,181.3,-14.25,184,0.804,0.0,-2.8,8.1,-7.2,-5.0,-5.0,123.1,107.8,15.3,15.3,123.1,107.8,YAHOO,SLEEPER,Overpriced Fade,140.66,2.23,-0.061,132.08,-14.25,-14.25,176,33,RB33,T7,1.0,-66.0,False,True,0.0,0.8,140.66,0.0,0.0,-6.1,0.0,0.0,0.0,0.0,0.0,0.0,-15.0,-5.0,Tier 11,115.0,29.0,51.0,22.0,⚡ High Variance (Boom/Bust Ceiling),41.0,Tier 10,29.0,51.0,22.0
Baker Mayfield,QB,TB,119.0,137.5,QB19,12.0,22.0,1.99,4,10,30198d30-9769-4e10-ac86-b4c91d940802,50.6,57.0,baker mayfield,QB,TB,QB_baker_mayfield_TB,251.4,281.85,0.0,0.0,0.0,0.0,57.69,362.41,1.46,3840.73,25.87,12.86,135.0,QB18,279.69,21.0,123.8,126.3,145.8,137.5,137.5,Healthy,0,130.0,Neutral,Black,0.0,0.0,0.0,—,16.0,14.79,0.0,0.0,10.64,4.11,0.0,1.0,,,,,,,,Sneaky Scramblers,,,,,—,—,Consensus Alignment,—,—,99.0,,,1.0,0.0,0.0,0.0,0.0,0.0,0.0,0.0,0.0,0.0,0.0,0.0,—,—,,7.0,132.0,consensus,2.5,Medium,0.0,0.0,,,,,35.0,0.02,1.0,Neutral,TB,0.028,0.11,820.0,0.078,27.5,-0.03,0.14,TB,26.0,4.0,80.0,80.0,False,Zac Robinson,89.8,18.0,27.9,2.0,30.4,24.0,0.75,High 12P,13.0,Zone,2.0,Condensed,20.0,Slugfests (Low Scoring Offense + Elite Defense -> Low Over/Unders / Grinding Games),TB,5,26.78,73.22,23.0,-6.6,Z.Robinson,16,75.3,94.7,,,,,,,,,,,0.2352,,,,0,,,,,,,,,,,,,,,241.7,15.0,19.0,4.0,0.93,13.6,18.47,233.9,245.2,184.6,126.3,23.0,QB21,21.0,141.7,251.4,14.79,5.0,$1,140.0,17.5,—,0,0,99,,—,21,QB21,272.9,-14.72,164,0.921,0.0,4.8,7.3,26.8,18.5,18.5,145.8,123.8,22.0,22.0,145.8,123.8,SLEEPER,ESPN,Screaming Steal (Huge Value),256.05,3.44,-0.006,254.51,-14.72,-14.72,177,17,QB17,T7,1.0,-39.5,False,False,0.0,1.6,256.05,0.0,1.0,-0.6,0.0,0.0,0.0,0.0,0.0,0.0,0.0,0.0,Tier 11,119.0,12.0,22.0,10.0,⚡ High Variance (Boom/Bust Ceiling),19.0,Tier 5,12.0,22.0,10.0
Xavier Worthy,WR,KC,123.0,131.5,WR49,37.0,70.0,5.14,6,5,52e049b1-0a7a-4e7f-9866-d2848e9cc478,74.2,52.0,xavier worthy,WR,KC,WR_xavier_worthy_KC,119.1,167.67,77.30799999999999,55.22,723.3,4.22,15.46,99.41,0.87,0.0,0.0,0.0,122.0,WR51,143.66,18.0,134.1,128.9,128.9,131.5,131.5,Healthy,0,142.0,Neutral,Black,0.0,0.0,0.0,—,,7.01,0.0,0.0,0.0,0.0,0.0,0.0,,,,,,,,,,,,,—,—,Consensus Alignment,—,—,99.0,,,1.0,0.0,0.0,0.0,0.0,0.0,0.0,0.0,0.0,0.0,0.0,0.0,—,—,,6.0,100.0,consensus,2.5,Medium,0.0,0.0,,,,,74.0,0.3,17.0,Neutral,KC,0.068,0.145,1250.0,0.142,26.5,0.02,0.22,KC,22.0,3.0,60.0,60.0,False,Andy Reid,89.6,19.0,22.0,19.0,33.2,16.0,0.546,—,9.0,Zone,22.0,Condensed,6.0,Chew the Clock (High Scoring Offense + Elite Defense -> Run-Heavy Second Halves),KC,21,38.45,61.55,11.0,6.4,A.Reid,16,71.2,71.1,1.2911,-0.208,-0.7192,0.4655,-0.1049,-0.0381,,,,,,,,,0,,,,,,,,,,,,,,,115.3,42.0,55.0,13.0,0.957,13.7,7.62,100.0,89.9,125.0,128.9,53.0,WR47,47.0,140.2,119.1,7.01,10.0,$1,108.0,11.0,—,0,0,99,,—,47,WR47,158.5,-15.24,189,0.751,0.0,11.1,5.9,5.9,8.5,8.5,134.1,128.9,5.2,5.2,134.1,128.9,ESPN,YAHOO,Screaming Steal (Huge Value),124.29,0.24,-0.006,123.54,-15.24,-15.24,178,48,WR48,T8,1.0,-46.5,False,False,0.0,5.2,124.29,0.0,17.0,-0.6,0.0,0.0,0.0,0.0,0.0,0.0,0.0,0.0,Tier 11,123.0,37.0,70.0,33.0,⚡ High Variance (Boom/Bust Ceiling),49.0,Tier 8,37.0,70.0,33.0
Cade Otton,TE,TB,199.0,217.5,TE26,22.0,41.0,3.31,4,10,f23517bd-ae85-484a-8ecb-1f7a2d851e48,2.5,3.0,cade otton,TE,TB,TE_cade_otton_TB,97.3,128.87,76.776,54.84,557.41,3.09,0.0,0.0,0.0,0.0,0.0,0.0,230.0,TE25,117.69,29.0,221.8,219.7,213.2,217.5,217.5,Healthy,0,,Neutral,Black,0.0,0.0,0.0,—,,5.72,0.0,0.0,0.0,0.0,0.0,0.0,,,,,,,,,,,,,💤 **Breakout Sleeper (+38 ADP Delta)**,—,Consensus Alignment,—,—,99.0,,,1.0,0.0,0.0,0.0,0.0,0.0,0.0,0.0,0.0,0.0,0.0,0.0,—,—,,5.0,,consensus,,,0.0,0.0,,,,,,,0.0,Neutral,TB,0.028,0.11,820.0,0.078,27.5,-0.03,0.14,TB,26.0,4.0,80.0,80.0,False,Zac Robinson,89.8,18.0,27.9,2.0,30.4,24.0,0.75,High 12P,13.0,Zone,2.0,Condensed,20.0,Slugfests (Low Scoring Offense + Elite Defense -> Low Over/Unders / Grinding Games),TB,5,26.78,73.22,23.0,-6.6,Z.Robinson,16,63.5,63.6,,-0.3987,,,-0.2444,,,,,,,,,,0,,,,,,,,,,,,,,,,,,,,,,,,,,,TE22,22.0,237.3,97.3,5.72,5.0,$1,192.0,7.8,—,0,0,99,,—,22,TE22,124.0,-15.38,175,0.785,0.0,22.8,20.7,14.2,18.5,18.5,221.8,213.2,8.6,8.6,221.8,213.2,ESPN,SLEEPER,Screaming Steal (Huge Value),104.1,3.44,-0.006,103.48,-15.38,-15.38,179,21,TE21,T8,1.0,38.5,True,False,0.0,0.0,104.1,0.0,0.0,-0.6,0.0,0.0,0.0,0.0,0.0,0.0,0.0,0.0,Tier 12,199.0,22.0,41.0,19.0,⚡ High Variance (Boom/Bust Ceiling),26.0,Tier 7,22.0,41.0,19.0
AJ Barner,TE,SEA,167.0,192.0,TE22,14.0,31.0,2.85,4,11,e96127b4-d381-43d4-b0ae-8790c706756f,6.7,18.0,aj barner,TE,SEA,TE_aj_barner_SEA,93.7,124.38,67.99799999999999,48.57,469.89,4.88,0.0,0.0,0.0,0.0,0.0,0.0,228.0,TE24,118.74,29.0,195.8,126.0,188.2,192.0,192.0,Healthy,0,,Neutral,Black,0.0,0.0,0.0,—,,5.51,0.0,0.0,0.0,0.0,0.0,0.0,,,,,,,,,,,,,💤 **Breakout Sleeper (+12 ADP Delta)**,—,Consensus Alignment,—,—,99.0,,,1.0,0.0,0.0,0.0,0.0,0.0,0.0,0.0,0.0,0.0,0.0,0.0,—,—,,5.0,,consensus,,,0.0,0.0,,,,,,,0.0,Neutral,SEA,0.0,0.17,1340.0,0.058,28.0,0.02,0.08,SEA,10.0,3.5,70.0,70.0,False,Brian Fleury,96.6,11.0,26.4,4.0,32.9,17.0,0.774,—,16.0,Zone,4.0,Even,14.0,Chew the Clock (High Scoring Offense + Elite Defense -> Run-Heavy Second Halves),SEA,14,46.7,53.3,4.0,0.0,Unknown,16,79.1,62.7,,0.5597,,,0.1228,,,,,,,,,,0,,,,,,,,,,,,,,,108.2,18.0,23.0,5.0,0.985,12.9,7.64,97.3,102.3,72.4,126.0,16.0,TE23,23.0,185.4,93.7,5.51,6.0,$1,151.0,8.7,—,0,0,99,,—,23,TE23,124.0,-15.83,178,0.756,0.0,28.8,-41.0,21.2,25.0,25.0,195.8,126.0,69.8,69.8,195.8,126.0,ESPN,YAHOO,Screaming Steal (Huge Value),103.58,1.9,-0.006,102.96,-15.83,-15.83,180,22,TE22,T8,1.0,12.0,True,False,0.0,2.0,103.58,0.0,0.0,-0.6,0.0,0.0,0.0,0.0,0.0,0.0,0.0,0.0,Tier 12,167.0,14.0,31.0,17.0,⚡ High Variance (Boom/Bust Ceiling),22.0,Tier 6,14.0,31.0,17.0
Wan'Dale Robinson,WR,TEN,98.0,93.0,WR42,29.0,54.0,5.37,5,9,582dfe0e-98f3-48a5-8a2d-a52baa926b05,80.6,61.0,wandale robinson,WR,TEN,WR_wandale_robinson_TEN,105.6,179.08,111.916,79.94,805.6,2.98,2.02,9.5,0.05,0.0,0.0,0.0,94.0,WR41,170.71,14.0,94.9,130.9,91.1,93.0,93.0,Healthy,0,124.0,Avoid (Red),Red,0.0,0.0,1.0,—,12.2,6.21,0.0,0.0,5.71,2.62,0.0,1.0,98.0,-26.0,Full PPR Favored (Targets),,,,,,,,,,—,—,Consensus Alignment,—,—,99.0,,,1.0,0.0,0.0,0.0,0.0,0.0,0.0,0.0,0.0,0.0,0.0,0.0,—,—,,6.0,91.0,consensus,2.5,Medium,0.0,0.0,,,,2.0,,,0.0,Neutral,TEN,-0.02,0.33,2550.0,0.01,29.0,0.03,-0.01,TEN,25.0,2.0,40.0,40.0,False,Brian Daboll,74.1,29.0,19.9,23.0,32.6,21.0,0.588,High 12P,12.0,Balanced,28.0,Very Spread,13.0,Slugfests (Low Scoring Offense + Elite Defense -> Low Over/Unders / Grinding Games),TEN,31,20.11,79.89,29.0,-1.4,B.Daboll,16,74.4,90.5,0.9294,-0.0502,-0.2078,0.8886,0.31,0.8455,,,,,,,,,0,,,,,,,,,,,,,,,133.6,26.0,43.0,17.0,0.991,14.9,9.89,145.7,141.4,115.9,130.9,57.0,WR60,60.0,115.0,105.6,6.21,11.0,$1,118.0,11.3,—,0,0,99,,—,59,WR59,158.5,-16.22,212,0.666,0.0,-3.1,32.9,-6.9,-5.0,-5.0,130.9,91.1,39.8,39.8,130.9,91.1,YAHOO,SLEEPER,Overpriced Fade,128.88,-8.8,-0.049,122.56,-16.22,-16.22,181,49,WR49,T8,1.0,-88.0,False,True,0.0,6.0,128.88,0.0,0.0,-4.9,0.0,0.0,0.0,0.0,0.0,0.0,-15.0,0.0,Tier 10,98.0,29.0,54.0,25.0,⚡ High Variance (Boom/Bust Ceiling),42.0,Tier 7,29.0,54.0,25.0
Chig Okonkwo,TE,WAS,149.0,169.5,TE19,13.0,28.0,2.92,4,7,14e11f9b-58c8-437f-abc0-a4e4df9a7c47,8.6,47.0,chigoziem okonkwo,TE,WAS,TE_chigoziem_okonkwo_WAS,89.9,126.15,73.86399999999999,52.76,569.47,2.78,0.0,0.0,0.0,0.0,0.0,0.0,150.0,TE20,128.6,23.0,172.9,126.3,166.1,169.5,169.5,Healthy,0,,Neutral,Black,0.0,0.0,0.0,—,,5.29,0.0,0.0,0.0,0.0,0.0,0.0,,,,,,,,,,,,,—,—,Consensus Alignment,—,—,99.0,,,1.0,0.0,0.0,0.0,0.0,0.0,0.0,0.0,0.0,0.0,0.0,0.0,—,—,,7.0,113.0,dragon,3.8,High (Elite Ceiling),0.0,0.0,,,,,,,0.0,Neutral,WAS,0.012,0.23,1780.0,0.088,25.1,0.07,0.1,WAS,24.0,2.0,40.0,40.0,True,David Blough,80.9,26.0,22.0,18.0,36.0,10.0,0.65,More 12P,5.0,Gap,12.0,Even,12.0,Shootouts (High Scoring Offense + Vulnerable Defense -> Max Fantasy Ceiling),WAS,25,30.3,69.7,21.0,0.0,Unknown,16,76.7,72.9,,0.403,,,0.1793,,,,,,,,,,0,,,,,,,,,,,,,,,94.1,23.0,22.0,-1.0,0.967,14.1,5.14,70.1,78.8,67.2,126.3,17.0,TE24,24.0,187.0,89.9,5.29,6.0,$1,188.0,8.6,—,0,0,99,,—,24,TE24,124.0,-17.31,182,0.725,0.0,23.9,-22.7,17.1,20.5,20.5,172.9,126.3,46.6,46.6,172.9,126.3,ESPN,YAHOO,Screaming Steal (Huge Value),100.62,-3.84,0.006,101.22,-17.31,-17.31,182,23,TE23,T8,1.0,-12.5,False,False,0.0,-0.4,100.62,0.0,0.0,0.6,0.0,0.0,0.0,0.0,0.0,0.0,0.0,0.0,Tier 12,149.0,13.0,28.0,15.0,⚡ High Variance (Boom/Bust Ceiling),19.0,Tier 5,13.0,28.0,15.0
Kyler Murray,QB,MIN,118.0,144.0,QB17,11.0,22.0,2.41,4,6,dd5a6b6e-ffae-45a5-b8e6-718a9251f374,57.2,78.0,kyler murray,QB,MIN,QB_kyler_murray_MIN,259.6,280.26,0.0,0.0,0.0,0.0,79.64,476.59,3.36,3499.09,23.49,13.98,114.0,QB13,282.47,17.0,129.6,111.8,152.6,144.0,144.0,Healthy,0,110.0,Target (Green),Green,1.0,0.0,0.0,—,14.7,15.27,0.0,0.0,0.0,0.0,0.0,0.0,,,,,,,,,,,Best Friend QB (High Checkdowns / No GL Vultures),,💥 **Expanded Exodia / Sleeper ($1)**,🤝 **Consensus High**,Consensus Alignment,Tier 14,Round 11/12,11.5,19.4 career FPG (4th among active QBs); 36.7 rush YPG; Kevin O'Connell pass-heavy offense; $1 auction staple.,https://www.fantasypoints.com/nfl/articles/2026/mr-relevant-late-round-sleepers,1.0,1.0,1.0,0.0,0.0,0.0,0.0,0.0,0.0,0.0,0.0,1.0,QB13,T6,,7.0,109.0,consensus,2.5,Medium,0.0,0.0,,,,,62.0,0.2,10.5,Neutral,MIN,0.035,0.19,1580.0,0.085,27.1,-0.02,0.15,MIN,9.0,4.0,80.0,80.0,True,Kevin O'Connell,76.2,28.0,18.9,26.0,37.4,5.0,0.691,—,25.0,Balanced,23.0,Condensed,5.0,Shootouts (High Scoring Offense + Vulnerable Defense -> Max Fantasy Ceiling),MIN,12,31.97,68.03,18.0,1.4,K.O'Connell,16,78.1,99.0,,,,,,,,,,,0.3197,,,,0,,,,,,,,,,,,,,,177.6,22.0,21.0,-1.0,0.551,10.2,13.35,75.3,121.0,128.1,111.8,16.0,QB19,19.0,159.7,259.6,15.27,5.0,$1,124.0,17.7,—,0,0,99,,—,19,QB19,272.9,-17.48,150,0.951,0.0,11.6,-6.2,34.6,26.0,26.0,152.6,111.8,40.8,40.8,152.6,111.8,SLEEPER,YAHOO,Screaming Steal (Huge Value),244.82,1.65,0.0245,250.82,-17.48,-17.48,183,18,QB18,T8,1.0,-39.0,False,False,0.0,-0.4,244.82,0.0,10.5,2.4,22.0,0.0,0.0,0.0,0.0,0.0,12.0,0.0,Tier 11,118.0,11.0,22.0,11.0,⚡ High Variance (Boom/Bust Ceiling),17.0,Tier 5,11.0,22.0,11.0
Deebo Samuel Sr.,WR,SF,135.0,137.5,WR56,35.0,86.0,10.07,6,8,628a6a0a-4fde-4024-8d7c-28674953d5af,70.4,48.0,deebo samuel,WR,SF,WR_deebo_samuel_SF,121.5,162.92,78.82,56.3,635.88,4.36,29.06,112.18,1.07,0.0,0.0,0.0,125.0,WR53,139.41,20.0,140.2,127.5,134.8,137.5,137.5,Healthy,0,147.0,Neutral,Black,0.0,0.0,0.0,—,11.1,7.15,0.0,0.0,0.0,0.0,0.0,0.0,,,,,,,,,,,,,—,—,Consensus Alignment,—,—,99.0,⭐ #7 49ers Offense Most Undervalued Asset,,1.0,0.0,0.0,0.0,0.0,0.0,0.0,0.0,0.0,0.0,0.0,0.0,—,—,,7.0,126.0,consensus,2.5,Medium,0.0,0.0,,,,,,,0.0,Neutral,SF,-0.012,0.11,890.0,0.175,28.8,0.14,0.2,SF,6.0,4.0,80.0,80.0,False,Kyle Shanahan,100.9,6.0,26.4,4.0,32.9,17.0,0.774,High 21P,8.0,Zone,3.0,Most Condensed,14.0,Shootouts (High Scoring Offense + Vulnerable Defense -> Max Fantasy Ceiling),SF,6,48.24,51.76,3.0,-1.9,K.Shanahan,16,86.0,85.3,1.0999,0.0226,1.5136,2.222,0.5573,1.3558,,,,,,,,,0,,,,,,,,,,,,,,,97.0,50.0,60.0,10.0,0.98,13.0,7.13,90.6,98.3,76.3,127.5,49.0,WR45,45.0,137.4,121.5,7.15,10.0,$1,129.0,10.3,—,0,1,7,49ers,#7 49ers Offense - Most Undervalued Asset,45,WR45,158.5,-17.49,186,0.767,0.0,5.2,-7.5,-0.2,2.5,2.5,140.2,127.5,12.7,12.7,140.2,127.5,ESPN,YAHOO,Fair Market Value,119.85,2.24,0.012,121.29,-17.49,-17.49,184,50,WR50,T8,1.0,-46.5,False,False,3.0,4.0,119.85,0.0,0.0,1.2,0.0,0.0,0.0,0.0,0.0,4.0,0.0,0.0,Tier 12,135.0,35.0,86.0,51.0,⚡ High Variance (Boom/Bust Ceiling),56.0,Tier 8,35.0,86.0,51.0
Ben Sauls,K,NYG,447.0,308.0,K29,8.0,34.0,4.3,5,8,f8a149d0-2570-11f0-944c-8734ea1b6f77,0.3,0.0,ben sauls,K,NYG,K_ben_sauls_NYG,58.5,58.5,0.0,0.0,0.0,0.0,0.0,0.0,0.0,0.0,0.0,0.0,,,,,314.2,311.1,301.8,308.0,308.0,Healthy,0,,Neutral,Black,0.0,0.0,0.0,—,,3.4,0.0,0.0,0.0,0.0,0.0,0.0,,,,,,,,,,,,,—,—,Consensus Alignment,—,—,99.0,,,1.0,0.0,0.0,0.0,0.0,0.0,0.0,0.0,0.0,0.0,0.0,0.0,—,—,,5.0,,consensus,,,0.0,0.0,,,,,,,0.0,Neutral,NYG,-0.01,0.31,2350.0,-0.01,27.7,0.0,-0.02,NYG,18.0,3.0,60.0,60.0,True,Matt Nagy,89.6,19.0,24.1,12.0,32.6,21.0,0.558,—,21.0,Zone,17.0,Even,16.0,Shootouts (High Scoring Offense + Vulnerable Defense -> Max Fantasy Ceiling),NYG,18,38.25,61.75,12.0,1.3,M.Nagy,16,,,,,,,,,,,,,,,,,0,,,,,,,,,,,,,,,,,,,,,,,,,,,,,,,,,,,,—,0,0,99,,—,30,K30,130.0,-17.64,241,0.45,0.0,-132.8,-135.9,-145.2,-139.0,-139.0,314.2,301.8,12.4,12.4,314.2,301.8,ESPN,SLEEPER,Severe Reach (Overpriced),58.5,0.0,-0.006,58.15,-17.64,-17.64,185,30,K30,T8,1.0,123.0,False,False,0.0,0.0,58.5,0.0,0.0,-0.6,0.0,0.0,0.0,0.0,0.0,0.0,0.0,0.0,Tier 12,447.0,8.0,34.0,26.0,⚡ High Variance (Boom/Bust Ceiling),29.0,Tier 4,8.0,34.0,26.0
Tyler Shough,QB,NO,127.0,150.5,QB20,12.0,24.0,2.27,4,8,94b8f9e1-3109-4429-8f71-4f79d7588237,41.5,41.0,tyler shough,QB,NO,QB_tyler_shough_NO,264.9,285.38,0.0,0.0,0.0,0.0,78.23,330.19,4.1,3950.01,22.18,11.69,170.0,QB21,265.86,27.0,135.5,130.0,159.5,150.5,150.5,Healthy,0,121.0,Neutral,Black,0.0,0.0,0.0,—,16.2,15.58,0.0,0.0,0.0,0.0,0.0,0.0,,,,,,,High Volume Value (Above Line),High Designed Runs,,,,,🎯 **Late Sleeper QB ($1)**,🤝 **Consensus Sleeper**,Consensus Alignment,Tier 14,Round 13 (13.07),13.07,10.94 Adjusted Net YPA (led NFL outside 1st reads); Kellen Moore fastest NFL pace (26.6s/play); 18.8 FPG in starts. | 🔥 Catalyst: Weapon Upgrades + O/S Top 100,https://www.fantasypoints.com/nfl/articles/2026/mr-relevant-late-round-sleepers,1.0,0.0,1.0,0.0,0.0,0.0,0.0,0.0,0.0,0.0,0.0,0.0,,,,7.0,107.0,dragon,3.8,High (Elite Ceiling),0.0,0.0,,,,,,,0.0,Neutral,NO,0.005,0.15,1150.0,0.035,28.2,-0.03,0.08,NO,30.0,3.0,60.0,60.0,True,Kellen Moore,85.7,23.0,22.1,18.0,35.8,10.0,0.663,High 11P,1.0,Zone,5.0,Even,27.0,Passing / Garbage Time (Low Scoring Offense + Bad Defense -> Trailing Game Scripts / Air Volume),NO,22,25.49,74.51,25.0,-2.3,K.Moore,16,72.7,74.1,,,,,,,,,,,0.3175,,,,0,,,,,,,,,,,,,,,198.0,21.0,20.0,-1.0,0.695,12.0,16.49,137.0,180.2,123.7,130.0,24.0,QB17,17.0,170.9,264.9,15.58,5.0,$1,139.0,17.5,Weapon Upgrades + O/S Top 100,1,0,99,,—,17,QB17,272.9,-17.8,132,0.971,0.0,8.5,3.0,32.5,23.5,23.5,159.5,130.0,29.5,29.5,159.5,130.0,SLEEPER,YAHOO,Screaming Steal (Huge Value),248.41,-1.65,0.008,250.4,-17.8,-17.8,186,19,QB19,T8,1.0,-35.5,False,False,0.0,-0.4,248.41,0.0,0.0,0.8,0.0,0.0,0.0,0.0,6.0,0.0,0.0,0.0,Tier 11,127.0,12.0,24.0,12.0,⚡ High Variance (Boom/Bust Ceiling),20.0,Tier 5,12.0,24.0,12.0
RJ Harvey,RB,DEN,101.0,73.5,RB36,25.0,50.0,4.45,5,10,fc6dbb83-b2b1-4962-b793-e79b2378b525,73.3,84.0,rj harvey,RB,DEN,RB_rj_harvey_DEN,127.2,162.13,64.27399999999999,45.91,341.62,3.19,107.6,406.31,3.95,0.0,0.0,0.0,100.0,RB35,153.52,15.0,75.0,103.9,72.0,73.5,73.5,Healthy,0,77.0,Pass (Yellow),Yellow,0.0,1.0,0.0,Silver Lining,9.2,7.48,0.0,0.0,18.28,9.07,0.0,1.0,,,,32.0,28.0,Med,,,,,,,🎯 **Target / Contingent Value**,⚔️ **FP: High XFP/RR Target  vs  Guru: Dirty 30 (Coleman threat)**,FP: High XFP/RR Target  vs  Guru: Dirty 30 (Coleman threat),Tier 13,Round 8/9,8.5,16.6 FPG post-bye in 2025; led all NFL RBs in XFP/RR (0.50); 4.6 expected receiving TDs (2nd only to CMC); Sean Payton red-zone weapon.,https://www.fantasypoints.com/nfl/articles/2026/ryan-heaths-2026-fantasy-football-rankings-and-targets,10.0,0.0,1.0,0.0,1.0,0.0,1.0,0.0,0.0,0.0,0.0,0.0,RB37,T9,,6.0,94.0,fade,4.2,High (Overpriced Bust Risk),0.0,0.0,,,,,,,0.0,Neutral,DEN,-0.018,0.27,2100.0,0.02,28.9,0.01,0.03,DEN,4.0,5.0,100.0,100.0,True,Sean Payton/Webb,94.5,13.0,24.2,9.0,32.6,21.0,0.563,—,7.0,Gap,26.0,Most Spread,2.0,Balanced Environment,DEN,1,17.22,82.78,31.0,1.7,S.Payton,16,71.9,88.7,,,,,,,-0.0129,,,,,,,,0,,,,,,,,,,,,,,,140.9,27.0,35.0,8.0,0.97,14.8,8.28,118.7,132.6,135.4,103.9,35.0,RB37,37.0,79.5,127.2,7.48,9.0,$1,106.0,9.7,—,0,0,99,,—,37,RB37,181.3,-18.04,214,0.702,0.0,-26.0,2.9,-29.0,-27.5,-27.5,103.9,72.0,31.9,31.9,103.9,72.0,YAHOO,SLEEPER,Severe Reach (Overpriced),137.21,7.02,-0.065,128.29,-18.04,-18.04,187,34,RB34,T8,10.0,-113.5,False,True,0.0,3.2,137.21,0.0,0.0,-6.5,0.0,0.0,0.0,0.0,0.0,0.0,-5.0,0.0,Tier 10,101.0,25.0,50.0,25.0,⚡ High Variance (Boom/Bust Ceiling),36.0,Tier 9,25.0,50.0,25.0
Jordan Love,QB,GB,120.0,142.5,QB18,12.0,22.0,2.13,4,11,e5094779-e94f-4052-8597-bdbee3719f6b,32.0,62.0,jordan love,QB,GB,QB_jordan_love_GB,255.3,267.68,0.0,0.0,0.0,0.0,46.46,194.88,0.64,3846.17,26.67,10.23,149.0,QB20,271.46,23.0,128.2,124.3,151.1,142.5,142.5,Healthy,0,134.0,Pass (Yellow),Yellow,0.0,1.0,0.0,—,16.5,15.02,0.0,0.0,0.0,0.0,0.0,0.0,,,,,,,,,,,,,—,—,Consensus Alignment,—,—,99.0,,,1.0,0.0,0.0,0.0,0.0,0.0,0.0,0.0,0.0,0.0,0.0,0.0,—,—,,7.0,140.0,consensus,2.5,Medium,0.0,0.0,,,,,42.0,0.1,5.0,Neutral,GB,0.02,0.16,1300.0,0.112,27.8,0.04,0.16,GB,20.0,2.0,40.0,40.0,False,Matt LaFleur,90.5,16.0,23.0,13.0,36.3,9.0,0.667,High 12P,19.0,Balanced,8.0,Very Condensed,17.0,Chew the Clock (High Scoring Offense + Elite Defense -> Run-Heavy Second Halves),GB,27,38.22,61.78,13.0,-1.0,M.LaFleur,16,76.4,60.6,,,,,,,,,,,1.139,,,,0,,,,,,,,,,,,,,,231.3,16.0,16.0,0.0,0.941,13.6,15.86,203.1,201.2,195.0,124.3,20.0,QB20,20.0,147.5,255.3,15.02,5.0,$1,138.0,17.5,—,0,0,99,,—,20,QB20,272.9,-18.35,160,0.936,0.0,8.2,4.3,31.1,22.5,22.5,151.1,124.3,26.8,26.8,151.1,124.3,SLEEPER,YAHOO,Screaming Steal (Huge Value),253.34,-5.6,-0.0145,249.67,-18.35,-18.35,188,20,QB20,T8,1.0,-45.5,False,False,0.0,0.0,253.34,0.0,5.0,-1.5,0.0,0.0,0.0,0.0,0.0,0.0,-5.0,0.0,Tier 11,120.0,12.0,22.0,10.0,⚡ High Variance (Boom/Bust Ceiling),18.0,Tier 5,12.0,22.0,10.0
Daniel Jones,QB,IND,155.0,186.5,QB23,17.0,29.0,2.11,4,13,0042266b-cb28-4012-bfd2-06650badad97,33.5,25.0,daniel jones,QB,IND,QB_daniel_jones_IND,240.4,274.58,0.0,0.0,0.0,0.0,65.99,250.72,3.97,3761.48,23.53,11.38,146.0,QB19,265.58,21.0,167.8,188.4,197.7,186.5,186.5,Healthy,0,,Neutral,Black,0.0,0.0,0.0,—,,14.14,0.0,0.0,0.0,0.0,0.0,0.0,,,,,,,,,,,,,—,—,Consensus Alignment,—,—,99.0,,,1.0,0.0,0.0,0.0,0.0,0.0,0.0,0.0,0.0,0.0,0.0,0.0,—,—,,5.0,,consensus,,,0.0,0.0,,,,,,,0.0,Neutral,IND,0.005,0.13,980.0,0.068,27.3,0.06,0.07,IND,5.0,4.5,90.0,90.0,False,Shane Steichen,97.4,10.0,22.2,17.0,32.7,19.0,0.691,—,20.0,Gap,10.0,Even,25.0,Balanced Environment,IND,10,36.05,63.95,14.0,-3.5,S.Steichen,16,72.3,65.0,,,,,,,,,,,-0.2359,,,,0,,,,,,,,,,,,,,,,,,,,,,,,,,,QB24,24.0,205.8,240.4,14.14,6.0,$1,160.0,16.9,—,0,0,99,,—,24,QB24,272.9,-19.57,180,0.881,0.0,12.8,33.4,42.7,31.5,31.5,197.7,167.8,29.9,29.9,197.7,167.8,SLEEPER,ESPN,Screaming Steal (Huge Value),248.79,1.95,-0.003,248.04,-19.57,-19.57,189,21,QB21,T8,1.0,-2.5,False,False,0.0,0.0,248.79,0.0,0.0,-0.3,0.0,0.0,0.0,0.0,0.0,0.0,0.0,0.0,Tier 12,155.0,17.0,29.0,12.0,⚡ High Variance (Boom/Bust Ceiling),23.0,Tier 6,17.0,29.0,12.0
Blake Corum,RB,LAR,93.0,91.0,RB34,26.0,46.0,3.43,5,11,93ba1da2-3679-4ddc-9687-0802349f9ee2,73.0,86.0,blake corum,RB,LAR,RB_blake_corum_LAR,133.7,138.56,16.646,11.89,80.37,0.2,167.65,801.5,6.44,0.0,0.0,0.0,112.0,RB40,136.71,17.0,92.8,99.6,89.2,91.0,91.0,Healthy,0,89.0,Neutral,Black,0.0,0.0,0.0,Fool's Gold,8.1,7.86,0.0,0.0,0.0,0.0,0.0,0.0,,,,40.0,36.0,Handcuff,,,,,,🏆 RB's Dream QB (High Checkdowns / No GL Vultures),—,—,Consensus Alignment,—,—,99.0,⭐ #1 Rams Offense Most Undervalued Asset,,1.0,0.0,0.0,0.0,0.0,0.0,0.0,0.0,0.0,0.0,0.0,0.0,—,—,,7.0,110.0,consensus,2.5,Medium,0.0,0.0,,,,,,,0.0,Neutral,LAR,0.008,0.14,1120.0,0.095,27.4,0.04,0.13,LAR,1.0,4.5,90.0,90.0,False,Sean McVay,113.3,1.0,19.8,24.0,42.8,2.0,0.759,High 13P,6.0,Gap,4.0,Very Condensed,21.0,Chew the Clock (High Scoring Offense + Elite Defense -> Run-Heavy Second Halves),LAR,3,40.06,59.94,9.0,0.3,S.McVay,16,61.3,72.6,,,,,,,-0.4385,,,,,,,,0,,,,,,,,,,,,,,,106.4,42.0,34.0,-8.0,0.974,14.9,7.08,102.7,99.7,53.2,99.6,34.0,RB34,34.0,103.0,133.7,7.86,9.0,$1,83.0,10.0,—,0,1,1,Rams,#1 Rams Offense - Most Undervalued Asset,34,RB34,181.3,-19.72,198,0.737,0.0,-0.2,6.6,-3.8,-2.0,-2.0,99.6,89.2,10.4,10.4,99.6,89.2,YAHOO,SLEEPER,Fair Market Value,127.63,5.13,-0.008,126.61,-19.72,-19.72,190,35,RB35,T8,1.0,-99.0,False,True,0.0,-3.2,127.63,0.0,0.0,-0.8,0.0,0.0,0.0,0.0,0.0,4.0,0.0,-5.0,Tier 10,93.0,26.0,46.0,20.0,⚡ High Variance (Boom/Bust Ceiling),34.0,Tier 9,26.0,46.0,20.0
Jake Moody,K,FA,442.0,328.0,K35,17.0,39.0,4.79,6,0,e7a7eaea-0f77-42ab-b6a2-12ebcf51227c,0.4,0.0,jake moody,K,FA,K_jake_moody_FA,0.0,0.0,0.0,0.0,0.0,0.0,0.0,0.0,0.0,0.0,0.0,0.0,,,,,334.6,331.3,321.4,328.0,328.0,Healthy,0,,Neutral,Black,0.0,0.0,0.0,—,,0.0,0.0,0.0,0.0,0.0,0.0,0.0,,,,,,,,,,,,,—,—,Consensus Alignment,—,—,99.0,,,1.0,0.0,0.0,0.0,0.0,0.0,0.0,0.0,0.0,0.0,0.0,0.0,—,—,,5.0,,consensus,,,0.0,0.0,,,,,,,0.0,Neutral,,0.0,0.15,,,,,,,,,80.0,80.0,,,,,,,,,0.5,,,,,,,,,16,35.0,65.0,,0.0,—,16,,,,,,,,,,,,,,,,,0,,,,,,,,,,,,,,,,,,,,,,,,,,,,,,,,,,,,—,0,0,99,,—,31,K31,130.0,-19.75,380,0.0,0.0,-107.4,-110.7,-120.6,-114.0,-114.0,334.6,321.4,13.2,13.2,334.6,321.4,ESPN,SLEEPER,Severe Reach (Overpriced),50.0,0.0,-0.006,49.7,-19.75,-19.75,191,31,K31,T8,1.0,137.0,False,False,0.0,0.0,50.0,0.0,0.0,-0.6,0.0,0.0,0.0,0.0,0.0,0.0,0.0,0.0,Tier 12,442.0,17.0,39.0,22.0,⚡ High Variance (Boom/Bust Ceiling),32.0,Tier 4,17.0,39.0,22.0
Brandon McManus,K,FA,440.0,387.0,K33,4.0,39.0,8.52,6,0,6444feb1-f5a4-4b45-9a45-79308a4445fd,0.1,0.0,brandon mcmanus,K,FA,K_brandon_mcmanus_FA,0.0,0.0,0.0,0.0,0.0,0.0,0.0,0.0,0.0,0.0,0.0,0.0,,,,,394.7,390.9,379.3,387.0,387.0,Healthy,0,,Neutral,Black,0.0,0.0,0.0,—,,0.0,0.0,0.0,0.0,0.0,0.0,0.0,,,,,,,,,,,,,—,—,Consensus Alignment,—,—,99.0,,,1.0,0.0,0.0,0.0,0.0,0.0,0.0,0.0,0.0,0.0,0.0,0.0,—,—,,5.0,,consensus,,,0.0,0.0,,,,,,,0.0,Neutral,,0.0,0.15,,,,,,,,,80.0,80.0,,,,,,,,,0.5,,,,,,,,,16,35.0,65.0,,0.0,—,16,,,,,,,,,,,,,,,,,0,,,,,,,,,,,,,,,,,,,,,,,,,,,,,,,,,,,,—,0,0,99,,—,31,K31,130.0,-19.75,380,0.0,0.0,-45.3,-49.1,-60.7,-53.0,-53.0,394.7,379.3,15.4,15.4,394.7,379.3,ESPN,SLEEPER,Severe Reach (Overpriced),50.0,0.0,-0.006,49.7,-19.75,-19.75,191,31,K31,T8,1.0,196.0,False,False,0.0,0.0,50.0,0.0,0.0,-0.6,0.0,0.0,0.0,0.0,0.0,0.0,0.0,0.0,Tier 12,440.0,4.0,39.0,35.0,⚡ High Variance (Boom/Bust Ceiling),31.0,Tier 4,4.0,39.0,35.0
Zane Gonzalez,K,FA,390.0,522.0,K28,8.0,36.0,5.22,5,0,cd0f4ef0-9914-4125-be4d-804a72350ceb,0.2,0.0,zane gonzalez,K,FA,K_zane_gonzalez_FA,0.0,0.0,0.0,0.0,0.0,0.0,0.0,0.0,0.0,0.0,0.0,0.0,,,,,532.4,527.2,511.6,522.0,522.0,Healthy,0,,Neutral,Black,0.0,0.0,0.0,—,,0.0,0.0,0.0,0.0,0.0,0.0,0.0,,,,,,,,,,,,,—,—,Consensus Alignment,—,—,99.0,,,1.0,0.0,0.0,0.0,0.0,0.0,0.0,0.0,0.0,0.0,0.0,0.0,—,—,,5.0,,consensus,,,0.0,0.0,,,,,,,0.0,Neutral,,0.0,0.15,,,,,,,,,80.0,80.0,,,,,,,,,0.5,,,,,,,,,16,35.0,65.0,,0.0,—,16,,,,,,,,,,,,,,,,,0,,,,,,,,,,,,,,,,,,,,,,,,,,,,,,,,,,,,—,0,0,99,,—,31,K31,130.0,-19.75,380,0.0,0.0,142.4,137.2,121.6,132.0,132.0,532.4,511.6,20.8,20.8,532.4,511.6,ESPN,SLEEPER,Screaming Steal (Huge Value),50.0,0.0,-0.006,49.7,-19.75,-19.75,191,31,K31,T8,1.0,331.0,False,False,0.0,0.0,50.0,0.0,0.0,-0.6,0.0,0.0,0.0,0.0,0.0,0.0,0.0,0.0,Tier 12,390.0,8.0,36.0,28.0,⚡ High Variance (Boom/Bust Ceiling),28.0,Tier 4,8.0,36.0,28.0
Tre Tucker,WR,LV,161.0,197.0,WR59,49.0,91.0,7.73,6,13,9beb72c5-5a81-413c-ada3-ff4854c95cf4,21.5,14.0,tre tucker,WR,LV,WR_tre_tucker_LV,108.9,142.06,70.294,50.21,631.64,3.76,11.2,54.65,0.16,0.0,0.0,0.0,127.0,WR55,138.82,20.0,200.9,199.0,193.1,197.0,197.0,Healthy,0,,Neutral,Black,0.0,0.0,0.0,—,,6.41,0.0,0.0,0.0,0.0,0.0,0.0,,,,,,,,,,,,,—,—,Consensus Alignment,—,—,99.0,,,1.0,0.0,0.0,0.0,0.0,0.0,0.0,0.0,0.0,0.0,0.0,0.0,—,—,,5.0,,consensus,,,0.0,0.0,,,,,,,0.0,Neutral,LV,-0.005,0.29,2250.0,0.015,28.5,-0.04,0.05,LV,28.0,2.5,50.0,50.0,False,Klint Kubiak,70.9,31.0,22.8,14.0,34.5,14.0,0.696,—,27.0,Zone,13.0,Even,19.0,Passing / Garbage Time (Low Scoring Offense + Bad Defense -> Trailing Game Scripts / Air Volume),LV,24,40.2,59.8,8.0,-4.3,K.Kubiak,16,64.9,70.7,0.8372,-0.0861,-0.463,0.2641,-0.5544,0.1304,,,,,,,,,0,,,,,,,,,,,,,,,,,,,,,,,,,,,WR53,53.0,203.7,108.9,6.41,11.0,$1,147.0,10.0,—,0,0,99,,—,53,WR53,158.5,-20.62,200,0.687,0.0,39.9,38.0,32.1,36.0,36.0,200.9,193.1,7.8,7.8,200.9,193.1,ESPN,SLEEPER,Screaming Steal (Huge Value),118.87,-3.15,-0.006,118.16,-20.62,-20.62,194,51,WR51,T8,1.0,3.0,False,False,0.0,0.0,118.87,0.0,0.0,-0.6,0.0,0.0,0.0,0.0,0.0,0.0,0.0,0.0,Tier 12,161.0,49.0,91.0,42.0,⚡ High Variance (Boom/Bust Ceiling),59.0,Tier 9,49.0,91.0,42.0
Malik Willis,QB,MIA,136.0,157.0,QB21,13.0,30.0,3.02,4,6,55aefcf9-4dfb-4994-883f-4d537a6f1ddb,18.4,43.0,malik willis,QB,MIA,QB_malik_willis_MIA,265.7,270.18,0.0,0.0,0.0,0.0,124.87,642.77,4.14,3370.36,17.74,12.46,216.0,QB23,257.33,29.0,141.3,124.8,166.4,157.0,157.0,Healthy,0,120.0,Target (Green),Green,1.0,0.0,0.0,—,,15.63,0.0,0.0,0.0,0.0,0.0,0.0,,,,,,,,High Designed Runs,,,,,💥 **#1 Sleeper QB / Exodia ($1)**,🤝 **Consensus #1 Sleeper QB**,Consensus Alignment,Tier 14,Round 14+,14.0,"**#1 Sleeper QB of 2026**: 1.11 FP/DB (led NFL), 94.3% catchable throw rate; Slowik/Hafley Shanahan run scheme; $1 auction steal.",https://www.fantasypoints.com/nfl/articles/2026/mr-relevant-late-round-sleepers,1.0,1.0,1.0,0.0,0.0,0.0,0.0,0.0,0.0,0.0,0.0,1.0,QB12,T6,,7.0,142.0,consensus,2.5,Medium,0.0,0.0,,,,,,,0.0,Neutral,MIA,0.04,0.12,950.0,0.118,24.2,0.06,0.16,MIA,31.0,2.5,50.0,50.0,True,Bobby Slowik,81.6,25.0,20.3,22.0,37.3,6.0,0.732,—,24.0,Balanced,15.0,Condensed,7.0,Passing / Garbage Time (Low Scoring Offense + Bad Defense -> Trailing Game Scripts / Air Volume),MIA,30,35.51,64.49,15.0,0.3,B.Slowik,16,,,,,,,,,,,,,,,,,0,,,,,,,,,,,,,,,171.1,23.0,18.0,-5.0,0.746,11.0,12.53,103.2,135.6,62.8,124.8,21.0,QB16,16.0,194.2,265.7,15.63,4.0,$1,137.0,17.6,—,0,0,99,,—,16,QB16,272.9,-21.22,129,0.974,0.0,5.3,-11.2,30.4,21.0,21.0,166.4,124.8,41.6,41.6,166.4,124.8,SLEEPER,YAHOO,Screaming Steal (Huge Value),239.96,-3.8,0.0245,245.84,-21.22,-21.22,195,22,QB22,T8,1.0,-38.0,False,False,0.0,-2.0,239.96,0.0,0.0,2.4,22.0,0.0,0.0,0.0,0.0,0.0,12.0,0.0,Tier 12,136.0,13.0,30.0,17.0,⚡ High Variance (Boom/Bust Ceiling),21.0,Tier 5,13.0,30.0,17.0
Khalil Shakir,WR,BUF,131.0,137.0,WR53,39.0,65.0,4.79,6,7,0ce9ddce-bdf6-469c-8a32-9cf0ed3714a4,73.0,39.0,khalil shakir,WR,BUF,WR_khalil_shakir_BUF,108.9,164.91,97.56599999999999,69.69,726.29,3.9,1.1,5.5,0.04,0.0,0.0,0.0,121.0,WR50,144.55,18.0,139.7,131.4,134.3,137.0,137.0,Healthy,0,148.0,Avoid (Red),Red,0.0,0.0,1.0,—,10.1,6.41,0.0,0.0,0.0,0.0,0.0,0.0,,,,,,,,,,,,,—,—,Consensus Alignment,—,—,99.0,,,1.0,0.0,0.0,0.0,0.0,0.0,0.0,0.0,0.0,0.0,0.0,0.0,—,—,,7.0,128.0,consensus,2.5,Medium,0.0,0.0,,,,,,,0.0,Neutral,BUF,0.03,0.32,2450.0,0.155,26.9,0.08,0.2,BUF,2.0,4.5,90.0,90.0,True,Joe Brady,101.1,5.0,24.4,8.0,30.1,25.0,0.655,—,32.0,Gap,11.0,Very Spread,22.0,Shootouts (High Scoring Offense + Vulnerable Defense -> Max Fantasy Ceiling),BUF,7,23.56,76.44,28.0,-1.6,J.Brady,16,91.5,88.8,1.9224,-0.0665,1.5992,1.758,0.8496,0.9751,,,,,,,,,0,,,,,,,,,,,,,,,114.5,43.0,47.0,4.0,0.963,13.7,8.81,115.9,104.4,93.4,131.4,59.0,WR54,54.0,139.5,108.9,6.41,10.0,$1,153.0,9.7,—,0,0,99,,—,53,WR53,158.5,-22.67,200,0.687,0.0,8.7,0.4,3.3,6.0,6.0,139.7,131.4,8.3,8.3,139.7,131.4,ESPN,YAHOO,Screaming Steal (Huge Value),119.21,4.7,-0.026,116.11,-22.67,-22.67,196,52,WR52,T8,1.0,-59.0,False,False,6.0,1.6,119.21,0.0,0.0,-2.6,0.0,0.0,0.0,0.0,0.0,0.0,-15.0,0.0,Tier 12,131.0,39.0,65.0,26.0,⚡ High Variance (Boom/Bust Ceiling),53.0,Tier 8,39.0,65.0,26.0
Kyle Monangai,RB,CHI,109.0,88.5,RB39,30.0,52.0,3.91,6,10,6edec23b-f938-40f7-a151-1db5374880dd,76.0,81.0,kyle monangai,RB,CHI,RB_kyle_monangai_CHI,129.7,156.24,32.032,22.88,194.99,0.43,191.3,817.95,5.16,0.0,0.0,0.0,116.0,RB41,129.94,17.0,90.3,104.3,86.7,88.5,88.5,Healthy,0,91.0,Neutral,Black,0.0,0.0,0.0,Fool's Gold,8.7,7.63,0.0,0.0,0.0,0.0,0.0,0.0,,,,37.0,33.0,Rookie,,,,,,,—,—,Consensus Alignment,—,—,99.0,,,1.0,0.0,0.0,0.0,0.0,0.0,0.0,0.0,0.0,0.0,0.0,0.0,—,—,,7.0,111.0,consensus,2.5,Medium,0.0,0.0,,,,,,,0.0,Neutral,CHI,0.01,0.26,2020.0,0.048,27.6,0.01,0.07,CHI,3.0,4.0,80.0,80.0,False,Ben Johnson,98.3,8.0,29.3,1.0,37.2,7.0,0.63,High 12P,4.0,Zone,6.0,Even,11.0,Balanced Environment,CHI,4,41.16,58.84,7.0,-2.7,B.Johnson,16,60.0,65.5,,,,,,,-0.6055,,,,,,,,0,,,,,,,,,,,,,,,116.4,35.0,30.0,-5.0,0.975,13.6,7.38,98.0,113.5,66.2,104.3,36.0,RB35,35.0,99.1,129.7,7.63,9.0,$1,97.0,9.3,—,0,0,99,,—,35,RB35,181.3,-23.18,210,0.715,0.0,-18.7,-4.7,-22.3,-20.5,-20.5,104.3,86.7,17.6,17.6,104.3,86.7,YAHOO,SLEEPER,Severe Reach (Overpriced),126.44,3.6,-0.026,123.15,-23.18,-23.18,197,36,RB36,T8,1.0,-108.5,False,True,0.0,-2.0,126.44,0.0,0.0,-2.6,0.0,0.0,0.0,0.0,0.0,0.0,0.0,-5.0,Tier 11,109.0,30.0,52.0,22.0,⚡ High Variance (Boom/Bust Ceiling),39.0,Tier 9,30.0,52.0,22.0
Jonathon Brooks,RB,CAR,83.0,99.0,RB31,21.0,48.0,4.93,5,5,5c842941-844b-4f6a-bce4-26b377146674,78.1,88.0,jonathon brooks,RB,CAR,RB_jonathon_brooks_CAR,129.1,164.11,41.397999999999996,29.57,225.21,1.08,188.32,777.86,5.11,0.0,0.0,0.0,86.0,RB32,157.74,14.0,101.0,97.2,97.0,99.0,99.0,Healthy,0,82.0,Target (Green),Green,1.0,0.0,0.0,—,,7.59,0.0,0.0,0.0,0.0,0.0,0.0,,,,38.0,99.0,Injury Return,,,,,,,💥 **Core Exodia / League-Winner**,🤝 **Consensus High**,Consensus Alignment,Tier 12,Round 8/9,8.5,Core Exodia target ($11); more productive college receiver than Bijan; Dave Canales backfield meritocracy; Chuba Hubbard hamstring injury opens door.,https://www.fantasypoints.com/nfl/articles/2026/anatomy-of-a-league-winner,11.0,1.0,0.0,0.0,0.0,0.0,0.0,0.0,0.0,0.0,0.0,0.0,RB25,T7,,7.0,102.0,guy,1.6,Low (High Floor Alpha),0.0,0.0,,,,,60.0,0.28,15.0,Neutral,CAR,-0.015,0.25,1900.0,-0.03,28.6,-0.01,-0.04,CAR,16.0,3.0,60.0,60.0,False,Dave Canales/Idzik,78.7,27.0,19.8,24.0,33.6,15.0,0.794,High 11P,22.0,Balanced,19.0,Spread,23.0,Passing / Garbage Time (Low Scoring Offense + Bad Defense -> Trailing Game Scripts / Air Volume),CAR,8,29.48,70.52,22.0,-2.0,D.Canales,16,,86.2,,,,,,,,,,,,,,,0,,,,,,,,,,,,,,,50.8,59.0,39.0,-20.0,0.774,10.8,6.57,54.7,55.1,41.7,97.2,33.0,RB36,36.0,110.6,129.1,7.59,9.0,$1-3,82.0,10.7,—,0,0,99,,—,36,RB36,181.3,-23.22,211,0.712,0.0,18.0,14.2,14.0,16.0,16.0,101.0,97.0,4.0,4.0,101.0,97.0,ESPN,SLEEPER,Screaming Steal (Huge Value),116.69,-2.02,0.055,123.11,-23.22,-23.22,198,37,RB37,T8,11.0,-99.0,False,True,4.0,-6.0,116.69,0.0,15.0,5.5,22.0,0.0,0.0,0.0,0.0,0.0,12.0,0.0,Tier 9,83.0,21.0,48.0,27.0,⚡ High Variance (Boom/Bust Ceiling),31.0,Tier 8,21.0,48.0,27.0
Pat Freiermuth,TE,PIT,202.0,256.5,TE27,18.0,43.0,4.01,4,9,04f0fefe-9d9d-44f5-94ea-6df2a42df3c6,12.9,7.0,pat freiermuth,TE,PIT,TE_pat_freiermuth_PIT,86.6,134.13,74.172,52.98,560.0,4.27,0.0,0.0,0.0,0.0,0.0,0.0,238.0,TE26,110.99,29.0,261.6,259.1,251.4,256.5,256.5,Healthy,0,,Neutral,Black,0.0,0.0,0.0,—,,5.09,0.0,0.0,0.0,0.0,0.0,0.0,,,,,,,,,,,,,—,—,Consensus Alignment,—,—,99.0,,,1.0,0.0,0.0,0.0,0.0,0.0,0.0,0.0,0.0,0.0,0.0,0.0,—,—,,5.0,,consensus,,,0.0,0.0,,,,,,,0.0,Neutral,PIT,-0.05,0.28,2150.0,0.03,29.6,0.04,0.02,PIT,12.0,3.5,70.0,70.0,False,Mike McCarthy,90.1,17.0,18.0,27.0,46.2,1.0,0.691,—,1.0,Zone,25.0,Spread,9.0,Slugfests (Low Scoring Offense + Elite Defense -> Low Over/Unders / Grinding Games),PIT,19,41.2,58.8,6.0,4.6,M.McCarthy,16,78.8,76.7,,0.3968,,,0.375,,,,,,,,,,0,,,,,,,,,,,,,,,,,,,,,,,,,,,TE25,25.0,239.9,86.6,5.09,6.0,$1,190.0,8.0,—,0,0,99,,—,25,TE25,124.0,-23.31,187,0.698,0.0,59.6,57.1,49.4,54.5,54.5,261.6,251.4,10.2,10.2,261.6,251.4,ESPN,SLEEPER,Screaming Steal (Huge Value),94.73,-2.1,-0.006,94.16,-23.31,-23.31,199,24,TE24,T8,1.0,57.5,False,False,0.0,0.0,94.73,0.0,0.0,-0.6,0.0,0.0,0.0,0.0,0.0,0.0,0.0,0.0,Tier 12,202.0,18.0,43.0,25.0,⚡ High Variance (Boom/Bust Ceiling),27.0,Tier 7,18.0,43.0,25.0
Jalen Coker,WR,CAR,125.0,144.5,WR52,37.0,68.0,5.71,6,5,67977ab0-070b-11ef-978d-05d80704d329,39.1,48.0,jalen coker,WR,CAR,WR_jalen_coker_CAR,111.1,157.75,84.98,60.7,717.98,4.48,0.0,0.0,0.0,0.0,0.0,0.0,124.0,WR52,141.58,19.0,147.4,133.3,141.6,144.5,144.5,Healthy,0,135.0,Neutral,Black,0.0,0.0,0.0,—,,6.54,0.0,0.0,0.0,0.0,0.0,0.0,,,,,,,,,,,,,🎯 **Target / Breakout**,🤝 **Consensus High**,Consensus Alignment,Tier 14,Round 12 (12.07),12.07,7th in EPA/route in NFL; 9/134/1 in playoff game; Chris Brazzell ACL out $\to$ clear #2 WR behind Legette.,https://www.fantasypoints.com/nfl/articles/2026/the-gurus-2026-fantasy-football-draft-plan,2.0,0.0,1.0,0.0,0.0,0.0,0.0,0.0,0.0,0.0,0.0,0.0,,,,7.0,121.0,consensus,2.5,Medium,0.0,0.0,,,,,,,0.0,Neutral,CAR,-0.015,0.25,1900.0,-0.03,28.6,-0.01,-0.04,CAR,16.0,3.0,60.0,60.0,False,Dave Canales/Idzik,78.7,27.0,19.8,24.0,33.6,15.0,0.794,High 11P,22.0,Balanced,19.0,Spread,23.0,Passing / Garbage Time (Low Scoring Offense + Bad Defense -> Trailing Game Scripts / Air Volume),CAR,8,29.48,70.52,22.0,-2.0,D.Canales,16,81.2,,-0.5674,1.7204,1.831,-0.468,0.403,2.165,,,,,,,,,0,,,,,,,,,,,,,,,95.3,52.0,50.0,-2.0,0.943,14.0,6.55,86.5,75.1,65.2,133.3,62.0,WR51,51.0,143.3,111.1,6.54,10.0,$1,119.0,10.8,—,0,0,99,,—,51,WR51,158.5,-23.78,197,0.701,0.0,22.4,8.3,16.6,19.5,19.5,147.4,133.3,14.1,14.1,147.4,133.3,ESPN,YAHOO,Screaming Steal (Huge Value),114.77,-0.25,0.002,115.0,-23.78,-23.78,200,53,WR53,T8,2.0,-55.5,False,False,3.0,-0.8,114.77,0.0,0.0,0.2,0.0,0.0,0.0,0.0,0.0,0.0,0.0,0.0,Tier 11,125.0,37.0,68.0,31.0,⚡ High Variance (Boom/Bust Ceiling),52.0,Tier 8,37.0,68.0,31.0
C.J. Stroud,QB,HOU,147.0,173.5,QB24,17.0,27.0,1.58,4,8,7e91086f-9ca4-4bd9-a099-b88b2f37e6c6,20.4,27.0,cj stroud,QB,HOU,QB_cj_stroud_HOU,246.8,260.84,0.0,0.0,0.0,0.0,54.36,238.77,1.02,3877.67,23.5,11.35,211.0,QB22,264.13,29.0,156.2,125.6,183.9,173.5,173.5,Healthy,0,,Neutral,Black,0.0,0.0,0.0,—,,14.52,0.0,0.0,0.0,0.0,0.0,0.0,,,,,,,,,,,,,—,—,Consensus Alignment,—,—,99.0,,,1.0,0.0,0.0,0.0,0.0,0.0,0.0,0.0,0.0,0.0,0.0,0.0,—,—,,6.0,150.0,consensus,2.5,Medium,1.0,0.0,,,,,45.0,0.05,2.5,Neutral,HOU,0.042,0.24,1950.0,0.108,25.8,-0.01,0.18,HOU,29.0,3.0,60.0,60.0,False,Nick Caley,94.1,14.0,17.9,28.0,35.3,12.0,0.523,High 11P,16.0,Gap,14.0,Even,26.0,Slugfests (Low Scoring Offense + Elite Defense -> Low Over/Unders / Grinding Games),HOU,29,13.79,86.21,32.0,-0.5,N.Caley,16,70.9,74.4,,,,,,,,,,,0.0448,,,,0,,,,,,,,,,,,,,,211.7,20.0,22.0,2.0,0.968,13.0,12.96,162.9,187.3,190.9,125.6,22.0,QB23,23.0,203.9,246.8,14.52,6.0,$1,161.0,16.8,—,0,0,99,,—,23,QB23,272.9,-23.92,173,0.904,0.0,9.2,-21.4,36.9,26.5,26.5,183.9,125.6,58.3,58.3,183.9,125.6,SLEEPER,YAHOO,Screaming Steal (Huge Value),242.36,-2.54,-0.0005,242.24,-23.92,-23.92,201,23,QB23,T8,1.0,-27.5,False,False,0.0,0.8,242.36,0.0,2.5,-0.0,0.0,0.0,0.0,5.0,0.0,0.0,0.0,0.0,Tier 12,147.0,17.0,27.0,10.0,⚡ High Variance (Boom/Bust Ceiling),24.0,Tier 6,17.0,27.0,10.0
Cooper Kupp,WR,SEA,216.0,248.0,WR78,60.0,104.0,8.6,7,11,2806e915-c46f-492f-8a29-71d3a85e5620,11.0,10.0,cooper kupp,WR,SEA,WR_cooper_kupp_SEA,121.6,125.19,66.402,47.43,584.84,3.41,0.5,1.5,0.0,0.0,0.0,0.0,203.0,WR77,98.09,29.0,253.0,250.5,243.0,248.0,248.0,Healthy,0,,Neutral,Black,0.0,0.0,0.0,—,,7.15,0.0,0.0,0.0,0.0,0.0,0.0,,,,,,,,,,,,,—,—,Consensus Alignment,—,—,99.0,,,1.0,0.0,0.0,0.0,0.0,0.0,0.0,0.0,0.0,0.0,0.0,0.0,—,—,,5.0,,consensus,,,0.0,0.0,,,,,,,0.0,Neutral,SEA,0.0,0.17,1340.0,0.058,28.0,0.02,0.08,SEA,10.0,3.5,70.0,70.0,False,Brian Fleury,96.6,11.0,26.4,4.0,32.9,17.0,0.774,—,16.0,Zone,4.0,Even,14.0,Chew the Clock (High Scoring Offense + Elite Defense -> Run-Heavy Second Halves),SEA,14,46.7,53.3,4.0,0.0,Unknown,16,78.0,,0.4961,0.0143,1.0061,0.5107,0.3804,0.5851,,,,,,,,,0,,,,,,,,,,,,,,,,,,,,,,,,,,,WR44,44.0,223.9,121.6,7.15,10.0,$1,165.0,9.1,—,0,0,99,,—,44,WR44,158.5,-25.7,185,0.767,0.0,37.0,34.5,27.0,32.0,32.0,253.0,243.0,10.0,10.0,253.0,243.0,ESPN,SLEEPER,Screaming Steal (Huge Value),113.76,-0.6,-0.006,113.08,-25.7,-25.7,202,54,WR54,T8,1.0,46.0,False,False,0.0,0.0,113.76,0.0,0.0,-0.6,0.0,0.0,0.0,0.0,0.0,0.0,0.0,0.0,Tier 12,216.0,60.0,104.0,44.0,⚡ High Variance (Boom/Bust Ceiling),78.0,Tier 9,60.0,104.0,44.0
Jalen Nailor,WR,LV,175.0,193.5,WR68,49.0,111.0,10.37,7,13,3f9e3634-54d7-46a4-bf26-67274500c907,11.8,21.0,jalen nailor,WR,LV,WR_jalen_nailor_LV,105.6,127.17,61.138,43.67,587.69,4.01,2.04,9.0,0.04,0.0,0.0,0.0,138.0,WR59,130.4,21.0,197.4,195.4,189.6,193.5,193.5,Healthy,0,,Neutral,Black,0.0,0.0,0.0,—,,6.21,0.0,0.0,0.0,0.0,0.0,0.0,,,,,,,,,,,,,🎯 **Sleeper / Value**,🤝 **Consensus High**,Consensus Alignment,Tier 14,Round 15 (15.08),15.08,$23M deal; Kirk Cousins chemistry; 3rd-best separator on perimeter in NFL; #2 target behind Bowers.,https://www.fantasypoints.com/nfl/articles/2026/the-gurus-2026-fantasy-football-draft-plan,1.0,0.0,1.0,0.0,0.0,0.0,0.0,0.0,0.0,0.0,0.0,0.0,,,,7.0,122.0,guy,1.6,Low (High Floor Alpha),0.0,0.0,,,,2.0,,,0.0,Neutral,LV,-0.005,0.29,2250.0,0.015,28.5,-0.04,0.05,LV,28.0,2.5,50.0,50.0,False,Klint Kubiak,70.9,31.0,22.8,14.0,34.5,14.0,0.696,—,27.0,Zone,13.0,Even,19.0,Passing / Garbage Time (Low Scoring Offense + Bad Defense -> Trailing Game Scripts / Air Volume),LV,24,40.2,59.8,8.0,-4.3,K.Kubiak,16,65.9,70.8,-0.8053,1.295,1.1692,-0.5521,-0.6213,0.8729,,,,,,,,,0,,,,,,,,,,,,,,,,,,,,,,,,,,,WR59,59.0,184.9,105.6,6.21,11.0,$1,146.0,9.9,—,0,0,99,,—,59,WR59,158.5,-25.82,212,0.666,0.0,22.4,20.4,14.6,18.5,18.5,197.4,189.6,7.8,7.8,197.4,189.6,ESPN,SLEEPER,Screaming Steal (Huge Value),113.87,-5.15,-0.008,112.96,-25.82,-25.82,203,55,WR55,T8,1.0,-9.5,False,False,0.0,0.0,113.87,0.0,0.0,-0.8,0.0,0.0,0.0,0.0,0.0,0.0,0.0,0.0,Tier 12,175.0,49.0,111.0,62.0,⚡ High Variance (Boom/Bust Ceiling),68.0,Tier 9,49.0,111.0,62.0
Sam Darnold,QB,SEA,141.0,176.5,QB22,17.0,27.0,1.85,4,11,13d826c5-9b22-4e0a-a877-02d8c84c546b,22.5,37.0,sam darnold,QB,SEA,QB_sam_darnold_SEA,247.2,266.58,0.0,0.0,0.0,0.0,44.02,131.86,0.62,4091.37,27.35,12.78,226.0,QB25,241.46,29.0,158.8,122.7,187.1,176.5,176.5,Healthy,0,145.0,Neutral,Black,0.0,0.0,0.0,—,13.5,14.54,0.0,0.0,0.0,0.0,0.0,0.0,,,,,,,,,,,,,—,—,Consensus Alignment,—,—,99.0,,,1.0,0.0,0.0,0.0,0.0,0.0,0.0,0.0,0.0,0.0,0.0,0.0,—,—,,5.0,,consensus,,,0.0,0.0,,,,,,,0.0,Neutral,SEA,0.0,0.17,1340.0,0.058,28.0,0.02,0.08,SEA,10.0,3.5,70.0,70.0,False,Brian Fleury,96.6,11.0,26.4,4.0,32.9,17.0,0.774,—,16.0,Zone,4.0,Even,14.0,Chew the Clock (High Scoring Offense + Elite Defense -> Run-Heavy Second Halves),SEA,14,46.7,53.3,4.0,0.0,Unknown,16,78.5,71.7,,,,,,,,,,,0.7677,,,,0,,,,,,,,,,,,,,,225.5,19.0,23.0,4.0,0.989,14.0,16.01,222.2,225.7,139.7,122.7,19.0,QB22,22.0,177.1,247.2,14.54,6.0,$1,162.0,16.5,—,0,0,99,,—,22,QB22,272.9,-25.88,172,0.906,0.0,17.8,-18.3,46.1,35.5,35.5,187.1,122.7,64.4,64.4,187.1,122.7,SLEEPER,YAHOO,Screaming Steal (Huge Value),240.34,-0.6,-0.003,239.62,-25.88,-25.88,204,24,QB24,T8,1.0,-27.5,False,False,0.0,1.6,240.34,0.0,0.0,-0.3,0.0,0.0,0.0,0.0,0.0,0.0,0.0,0.0,Tier 12,141.0,17.0,27.0,10.0,⚡ High Variance (Boom/Bust Ceiling),22.0,Tier 6,17.0,27.0,10.0
J.K. Dobbins,RB,DEN,86.0,84.0,RB32,25.0,41.0,3.54,5,10,a57b9914-4315-4295-98b4-9b348c52d6a1,80.6,87.0,jk dobbins,RB,DEN,RB_jk_dobbins_DEN,107.9,176.09,27.229999999999997,19.45,104.46,0.61,219.92,1027.8,6.87,0.0,0.0,0.0,102.0,RB36,147.66,15.0,85.7,96.6,82.3,84.0,84.0,Healthy,0,96.0,Pass (Yellow),Yellow,0.0,1.0,0.0,Fool's Gold,10.7,6.35,0.0,0.0,0.0,0.0,0.0,0.0,,,,33.0,29.0,Low,,,,,,,🚫 **Overvalue / Committee**,🤝 **Consensus Avoid (Dirty 30)**,Consensus Alignment,Tier 13,Round 9,9.0,Jonah Coleman pushing for early carries; TD-or-bust with 11 catches; 8 games/yr average.,https://www.fantasypoints.com/nfl/articles/2026/players-to-avoid-and-overvalues,4.0,0.0,0.0,1.0,0.0,0.0,1.0,0.0,0.0,0.0,0.0,0.0,RB31,T8,,6.0,90.0,consensus,2.5,Medium,0.0,0.0,3.0,1.0,,,,,0.0,Neutral,DEN,-0.018,0.27,2100.0,0.02,28.9,0.01,0.03,DEN,4.0,5.0,100.0,100.0,True,Sean Payton/Webb,94.5,13.0,24.2,9.0,32.6,21.0,0.563,—,7.0,Gap,26.0,Most Spread,2.0,Balanced Environment,DEN,1,17.22,82.78,31.0,1.7,S.Payton,16,62.0,76.1,,,,,,,0.2621,,,,,,,,0,,,,,,,,,,,,,,,146.4,23.0,29.0,6.0,0.951,14.1,10.45,140.5,122.3,122.9,96.6,32.0,RB41,41.0,94.5,107.9,6.35,10.0,$1-3,105.0,9.3,—,0,0,99,,—,41,RB41,181.3,-26.25,246,0.595,0.0,-0.3,10.6,-3.7,-2.0,-2.0,96.6,82.3,14.3,14.3,96.6,82.3,YAHOO,SLEEPER,Fair Market Value,127.47,7.02,-0.058,120.08,-26.25,-26.25,205,38,RB38,T8,4.0,-121.0,False,True,0.0,2.4,127.47,0.0,0.0,-5.8,0.0,0.0,0.0,0.0,0.0,0.0,-5.0,-5.0,Tier 9,86.0,25.0,41.0,16.0,⚡ High Variance (Boom/Bust Ceiling),32.0,Tier 8,25.0,41.0,16.0
Keenan Allen,WR,IND,182.0,195.5,WR73,47.0,112.0,18.69,7,13,5f424505-f29f-433c-b3f2-1a143a04a010,19.5,21.0,keenan allen,WR,IND,WR_keenan_allen_IND,107.3,141.74,81.96999999999998,58.55,607.24,3.84,0.0,0.0,0.0,0.0,0.0,0.0,147.0,WR63,123.23,22.0,199.4,197.5,191.6,195.5,195.5,Healthy,0,,Neutral,Black,0.0,0.0,0.0,—,,6.31,0.0,0.0,0.0,0.0,0.0,0.0,,,,,,,,,,,,,—,—,Consensus Alignment,—,—,99.0,,,1.0,0.0,0.0,0.0,0.0,0.0,0.0,0.0,0.0,0.0,0.0,0.0,—,—,,5.0,,consensus,,,0.0,0.0,,,,,,,0.0,Neutral,IND,0.005,0.13,980.0,0.068,27.3,0.06,0.07,IND,5.0,4.5,90.0,90.0,False,Shane Steichen,97.4,10.0,22.2,17.0,32.7,19.0,0.691,—,20.0,Gap,10.0,Even,25.0,Balanced Environment,IND,10,36.05,63.95,14.0,-3.5,S.Steichen,16,72.5,,-0.2081,0.3664,-0.4496,-0.2033,0.408,-0.0191,,,,,,,,,0,,,,,,,,,,,,,,,,,,,,,,,,,,,WR58,58.0,197.3,107.3,6.31,10.0,$1,172.0,8.6,—,0,0,99,,—,58,WR58,158.5,-26.85,208,0.677,0.0,17.4,15.5,9.6,13.5,13.5,199.4,191.6,7.8,7.8,199.4,191.6,ESPN,SLEEPER,Screaming Steal (Huge Value),112.61,1.95,-0.006,111.93,-26.85,-26.85,206,56,WR56,T8,1.0,-10.5,False,False,0.0,0.0,112.61,0.0,0.0,-0.6,0.0,0.0,0.0,0.0,0.0,0.0,0.0,0.0,Tier 12,182.0,47.0,112.0,65.0,⚡ High Variance (Boom/Bust Ceiling),73.0,Tier 9,47.0,112.0,65.0
Kenyon Sadiq,TE,NYJ,186.0,151.0,TE28,16.0,55.0,4.86,4,13,554e5567-f992-4071-8366-5fa5c316b07c,64.4,21.0,kenyon sadiq,TE,NYJ,TE_kenyon_sadiq_NYJ,73.4,125.27,68.586,48.99,537.62,3.99,0.0,0.0,0.0,0.0,0.0,0.0,151.0,TE21,124.82,23.0,166.1,130.0,132.9,151.0,151.0,Healthy,0,,Neutral,Black,0.0,0.0,0.0,—,,4.32,0.0,0.0,0.0,0.0,0.0,0.0,,,,,,,,,,,,,—,—,Consensus Alignment,—,—,99.0,🔥 Catalyst: New Situation (Rookie) + O/S Top 100,,1.0,0.0,0.0,0.0,0.0,0.0,0.0,0.0,0.0,0.0,0.0,0.0,—,—,,7.0,130.0,consensus,2.5,Medium,0.0,0.0,,,,,,,0.0,Neutral,NYJ,0.015,0.21,1650.0,0.065,26.8,0.03,0.09,NYJ,17.0,3.0,60.0,60.0,False,Frank Reich,71.1,30.0,24.9,6.0,29.8,26.0,0.613,High 11P,10.0,Balanced,27.0,Spread,8.0,Balanced Environment,NYJ,17,23.57,76.43,27.0,-1.3,F.Reich,16,,74.3,,,,,,,,,,,,,Kenyon Sadiq,NYJ,1,1.0,16.0,48.8,56.0,33.3,129.8,4.39,43.5,133.0,241.0,2.3,23.1,100.0,17.0,86.5,24.0,20.0,-4.0,0.819,12.2,6.63,66.3,63.1,33.7,130.0,24.0,TE31,31.0,149.4,73.4,4.32,7.0,$1,189.0,8.3,New Situation (Rookie) + O/S Top 100,1,0,99,,—,30,TE30,124.0,-26.94,204,0.592,0.0,-19.9,-56.0,-53.1,-35.0,-35.0,166.1,130.0,36.1,36.1,166.1,130.0,ESPN,YAHOO,Severe Reach (Overpriced),89.53,-1.35,0.004,89.89,-26.94,-26.94,207,25,TE25,T8,1.0,-56.0,False,False,0.0,-1.6,89.53,0.0,0.0,0.4,0.0,0.0,0.0,0.0,6.0,0.0,0.0,0.0,Tier 12,186.0,16.0,55.0,39.0,⚡ High Variance (Boom/Bust Ceiling),28.0,Tier 7,16.0,55.0,39.0
Evan Engram,TE,DEN,236.0,322.5,TE29,24.0,40.0,3.49,4,10,e21365af-8d66-416e-b0a5-8816d18fcfd9,3.2,2.0,evan engram,TE,DEN,TE_evan_engram_DEN,82.8,117.11,74.788,53.42,475.92,2.73,0.0,0.0,0.0,0.0,0.0,0.0,247.0,TE27,104.31,29.0,328.9,325.7,316.1,322.5,322.5,Healthy,0,,Neutral,Black,0.0,0.0,0.0,—,,4.87,0.0,0.0,0.0,0.0,0.0,0.0,,,,,,,,,,,,,—,—,Consensus Alignment,—,—,99.0,,,1.0,0.0,0.0,0.0,0.0,0.0,0.0,0.0,0.0,0.0,0.0,0.0,—,—,,5.0,,consensus,,,0.0,0.0,,,,,34.0,-0.05,-2.5,Neutral,DEN,-0.018,0.27,2100.0,0.02,28.9,0.01,0.03,DEN,4.0,5.0,100.0,100.0,True,Sean Payton/Webb,94.5,13.0,24.2,9.0,32.6,21.0,0.563,—,7.0,Gap,26.0,Most Spread,2.0,Balanced Environment,DEN,1,17.22,82.78,31.0,1.7,S.Payton,16,69.5,83.2,,-0.0406,,,0.2982,,,,,,,,,,0,,,,,,,,,,,,,,,,,,,,,,,,,,,TE28,28.0,999.0,82.8,4.87,6.0,$1,,,—,0,0,99,,—,27,TE27,124.0,-27.33,192,0.668,0.0,92.9,89.7,80.1,86.5,86.5,328.9,316.1,12.8,12.8,328.9,316.1,ESPN,SLEEPER,Screaming Steal (Huge Value),89.97,4.46,-0.006,89.43,-27.33,-27.33,208,26,TE26,T8,1.0,114.5,False,False,0.0,0.0,89.97,0.0,-2.5,-0.6,0.0,0.0,0.0,0.0,0.0,0.0,0.0,0.0,Tier 12,236.0,24.0,40.0,16.0,⚡ High Variance (Boom/Bust Ceiling),29.0,Tier 7,24.0,40.0,16.0
Rachaad White,RB,WAS,114.0,117.5,RB40,29.0,54.0,4.07,6,7,4d3f2f57-215c-4cb4-bf75-a7ecdcdded70,72.1,69.0,rachaad white,RB,WAS,RB_rachaad_white_WAS,121.7,161.27,50.092,35.78,247.93,1.6,136.99,605.64,5.36,0.0,0.0,0.0,104.0,RB38,144.41,16.0,119.9,122.3,115.1,117.5,117.5,Healthy,0,109.0,Avoid (Red),Red,0.0,0.0,1.0,Silver Lining,10.7,7.16,0.0,0.0,0.0,0.0,0.0,0.0,,,,34.0,21.0,Low,,,,,,,🎯 **Target / Value**,🤝 **Consensus Target**,Consensus Alignment,Tier 13,Round 10/11,10.5,175+ touches with college teammate Jayden Daniels; David Blough play-action scheme; Jerome Ford on IR.,https://www.fantasypoints.com/nfl/articles/2026/the-gurus-2026-fantasy-football-draft-plan,4.0,0.0,1.0,0.0,0.0,0.0,0.0,0.0,0.0,0.0,0.0,0.0,RB38,T9,,7.0,124.0,consensus,2.5,Medium,0.0,0.0,3.0,1.0,,,,,0.0,Neutral,WAS,0.012,0.23,1780.0,0.088,25.1,0.07,0.1,WAS,24.0,2.0,40.0,40.0,True,David Blough,80.9,26.0,22.0,18.0,36.0,10.0,0.65,More 12P,5.0,Gap,12.0,Even,12.0,Shootouts (High Scoring Offense + Vulnerable Defense -> Max Fantasy Ceiling),WAS,25,30.3,69.7,21.0,0.0,Unknown,16,69.0,85.5,,,,,,,-0.2657,,,,,,,,0,,,,,,,,,,,,,,,110.4,39.0,43.0,4.0,0.978,15.3,7.74,115.8,96.3,79.6,122.3,42.0,RB38,38.0,131.6,121.7,7.16,9.0,$1,116.0,9.2,—,0,0,99,,—,38,RB38,181.3,-27.88,223,0.671,0.0,5.9,8.3,1.1,3.5,3.5,122.3,115.1,7.2,7.2,122.3,115.1,YAHOO,SLEEPER,Value Target (Discounted),124.55,-5.43,-0.049,118.45,-27.88,-27.88,209,39,RB39,T8,4.0,-91.5,False,True,0.0,1.6,124.55,0.0,0.0,-4.9,0.0,0.0,0.0,0.0,0.0,0.0,-15.0,0.0,Tier 11,114.0,29.0,54.0,25.0,⚡ High Variance (Boom/Bust Ceiling),40.0,Tier 9,29.0,54.0,25.0
Gunnar Helm,TE,TEN,187.0,239.5,TE25,18.0,49.0,4.03,4,9,beb69cba-f240-43ed-88d3-50d066cf55d4,5.1,3.0,gunnar helm,TE,TEN,TE_gunnar_helm_TEN,83.6,111.57,68.47399999999999,48.91,444.07,3.11,0.0,0.0,0.0,0.0,0.0,0.0,254.0,TE28,101.72,29.0,244.3,241.9,234.7,239.5,239.5,Healthy,0,,Neutral,Black,0.0,0.0,0.0,—,,4.92,0.0,0.0,0.0,0.0,0.0,0.0,,,,,,,,,,,,,—,—,Consensus Alignment,—,—,99.0,,,1.0,0.0,0.0,0.0,0.0,0.0,0.0,0.0,0.0,0.0,0.0,0.0,—,—,,5.0,,consensus,,,0.0,0.0,,,,,,,0.0,Neutral,TEN,-0.02,0.33,2550.0,0.01,29.0,0.03,-0.01,TEN,25.0,2.0,40.0,40.0,False,Brian Daboll,74.1,29.0,19.9,23.0,32.6,21.0,0.588,High 12P,12.0,Balanced,28.0,Very Spread,13.0,Slugfests (Low Scoring Offense + Elite Defense -> Low Over/Unders / Grinding Games),TEN,31,20.11,79.89,29.0,-1.4,B.Daboll,16,71.3,75.2,,0.4358,,,0.3921,,,,,,,,,,0,,,,,,,,,,,,,,,,,,,,,,,,,,,TE27,27.0,233.4,83.6,4.92,6.0,$1,191.0,7.8,—,0,0,99,,—,26,TE26,124.0,-28.21,190,0.674,0.0,57.3,54.9,47.7,52.5,52.5,244.3,234.7,9.6,9.6,244.3,234.7,ESPN,SLEEPER,Screaming Steal (Huge Value),89.64,-6.8,-0.014,88.39,-28.21,-28.21,210,27,TE27,T8,1.0,29.5,False,False,0.0,0.0,89.64,0.0,0.0,-1.4,0.0,0.0,0.0,0.0,0.0,0.0,0.0,0.0,Tier 12,187.0,18.0,49.0,31.0,⚡ High Variance (Boom/Bust Ceiling),25.0,Tier 6,18.0,49.0,31.0
Ryan Flournoy,WR,DAL,177.0,263.5,WR70,55.0,120.0,9.78,7,14,ebf6bc25-5e74-4588-86d6-5dadba3f9bcd,4.1,8.0,ryan flournoy,WR,DAL,WR_ryan_flournoy_DAL,107.7,89.17,47.306,33.79,383.14,2.66,2.23,12.45,0.1,0.0,0.0,0.0,175.0,WR68,113.94,28.0,268.8,266.1,258.2,263.5,263.5,Healthy,0,,Neutral,Black,0.0,0.0,0.0,—,,6.34,0.0,0.0,0.0,0.0,0.0,0.0,,,,,,,,,,,,,—,—,Consensus Alignment,—,—,99.0,,,1.0,0.0,0.0,0.0,0.0,0.0,0.0,0.0,0.0,0.0,0.0,0.0,—,—,,5.0,,consensus,,,0.0,0.0,,,,,,,0.0,Neutral,DAL,0.055,0.22,1680.0,0.115,24.8,-0.04,0.2,DAL,8.0,4.0,80.0,80.0,False,Brian Schottenheimer,109.1,2.0,24.1,10.0,39.9,4.0,0.666,High 11P,2.0,Gap,12.0,Very Condensed,24.0,Shootouts (High Scoring Offense + Vulnerable Defense -> Max Fantasy Ceiling),DAL,15,26.43,73.57,24.0,-3.4,B.Schottenheimer,16,81.0,,0.3167,-0.2803,0.2181,0.8284,0.6287,0.9606,,,,,,,,,0,,,,,,,,,,,,,,,,,,,,,,,,,,,WR57,57.0,233.0,107.7,6.34,11.0,$1,170.0,8.3,—,0,0,99,,—,57,WR57,158.5,-28.78,207,0.679,0.0,91.8,89.1,81.2,86.5,86.5,268.8,258.2,10.6,10.6,268.8,258.2,ESPN,SLEEPER,Screaming Steal (Huge Value),109.78,2.25,0.002,110.0,-28.78,-28.78,211,57,WR57,T8,1.0,52.5,False,False,3.0,0.0,109.78,0.0,0.0,0.2,0.0,0.0,0.0,0.0,0.0,0.0,0.0,0.0,Tier 12,177.0,55.0,120.0,65.0,⚡ High Variance (Boom/Bust Ceiling),70.0,Tier 9,55.0,120.0,65.0
Makai Lemon,WR,PHI,112.0,157.5,WR47,34.0,60.0,5.94,6,10,a6a64214-6f1d-4682-9559-287fb4fe7461,73.4,75.0,makai lemon,WR,PHI,WR_makai_lemon_PHI,109.2,150.84,73.85,52.75,738.19,4.36,1.5,6.5,0.0,0.0,0.0,0.0,134.0,WR57,134.18,20.0,173.2,112.2,138.6,157.5,157.5,Healthy,0,118.0,Neutral,Black,0.0,0.0,0.0,—,,6.42,0.0,0.0,0.0,0.0,0.0,0.0,,,,,,,,,,,,,🚫 **Overvalue / Hamstring**,🤝 **Consensus Avoid**,Consensus Alignment,Tier 13,Round 8/9,8.5,Hamstring injury; Jalen Hurts 35th in throws over middle (16.3%); Goedert & Wicks target competition.,https://www.fantasypoints.com/nfl/articles/2026/players-to-avoid-and-overvalues,4.0,0.0,0.0,1.0,0.0,0.0,1.0,0.0,0.0,0.0,0.0,0.0,,,,6.0,88.0,consensus,2.5,Medium,0.0,0.0,,,,,,,0.0,Neutral,PHI,0.025,0.08,640.0,0.138,27.2,0.12,0.15,PHI,14.0,4.0,80.0,80.0,True,Sean Mannion,85.2,24.0,23.0,13.0,36.3,9.0,0.667,—,16.0,Balanced,5.0,Condensed,15.0,Chew the Clock (High Scoring Offense + Elite Defense -> Run-Heavy Second Halves),PHI,2,35.05,64.95,16.0,0.0,Unknown,16,,96.1,,,,,,,,,,,,,Makai Lemon,PHI,1,1.0,20.0,47.9,39.8,22.9,,,,,192.0,6.3,68.2,,17.0,94.0,53.0,39.0,-14.0,0.904,13.4,7.83,95.2,63.7,57.5,112.2,43.0,WR52,52.0,87.3,109.2,6.42,10.0,$1,102.0,11.5,—,0,0,99,,—,52,WR52,158.5,-30.6,199,0.689,0.0,61.2,0.2,26.6,45.5,45.5,173.2,112.2,61.0,61.0,173.2,112.2,ESPN,YAHOO,Screaming Steal (Huge Value),111.64,3.35,-0.031,108.18,-30.6,-30.6,212,58,WR58,T8,4.0,-54.5,False,False,4.0,-5.6,111.64,0.0,0.0,-3.1,0.0,0.0,0.0,0.0,0.0,0.0,0.0,0.0,Tier 11,112.0,34.0,60.0,26.0,⚡ High Variance (Boom/Bust Ceiling),47.0,Tier 7,34.0,60.0,26.0
Charlie Kolar,TE,LAC,328.0,432.0,TE45,22.0,74.0,9.94,6,7,3c048ac9-2c0f-4bf0-9ddc-ce99c9387ac8,0.1,0.0,charlie kolar,TE,LAC,TE_charlie_kolar_LAC,101.0,55.41,28.307999999999996,20.22,230.28,2.04,0.0,0.0,0.0,0.0,0.0,0.0,335.0,TE45,55.73,29.0,440.6,436.3,423.4,432.0,432.0,Healthy,0,,Neutral,Black,0.0,0.0,0.0,—,,5.94,0.0,0.0,0.0,0.0,0.0,0.0,,,,,,,,,,,,,—,—,Consensus Alignment,—,—,99.0,,,1.0,0.0,0.0,0.0,0.0,0.0,0.0,0.0,0.0,0.0,0.0,0.0,—,—,,5.0,,consensus,,,0.0,0.0,,,,,,,0.0,Neutral,LAC,-0.035,0.38,2900.0,0.06,29.2,0.05,0.07,LAC,32.0,3.0,60.0,60.0,False,Mike McDaniel,91.9,15.0,26.7,3.0,35.4,11.0,0.663,High 21P,31.0,Zone,1.0,Very Condensed,28.0,Chew the Clock (High Scoring Offense + Elite Defense -> Run-Heavy Second Halves),LAC,9,18.72,81.28,30.0,-1.4,M.McDaniel,16,,85.4,,,,,,,,,,,,,,,0,,,,,,,,,,,,,,,,,,,,,,,,,,,TE20,20.0,999.0,101.0,5.94,5.0,$1,,,—,0,0,99,,—,20,TE20,124.0,-30.76,165,0.815,0.0,112.6,108.3,95.4,104.0,104.0,440.6,423.4,17.2,17.2,440.6,423.4,ESPN,SLEEPER,Screaming Steal (Huge Value),85.91,-2.85,-0.006,85.39,-30.76,-30.76,213,28,TE28,T8,1.0,219.0,False,False,4.0,0.0,85.91,0.0,0.0,-0.6,0.0,0.0,0.0,0.0,0.0,0.0,0.0,0.0,Tier 12,328.0,22.0,74.0,52.0,⚡ High Variance (Boom/Bust Ceiling),45.0,Tier 8,22.0,74.0,52.0
KC Concepcion,WR,CLE,132.0,129.0,WR48,34.0,104.0,9.32,6,11,395b5873-4054-4190-913c-60b664d11e61,64.3,62.0,kc concepcion,WR,CLE,WR_kc_concepcion_CLE,95.7,161.47,85.876,61.34,784.47,3.58,4.19,22.48,0.11,0.0,0.0,0.0,106.0,WR46,155.84,16.0,141.9,127.7,113.5,129.0,129.0,Healthy,0,105.0,Neutral,Black,0.0,0.0,0.0,—,,5.63,0.0,0.0,0.0,0.0,0.0,0.0,,,,,,,,,,,,,—,—,Consensus Alignment,—,—,99.0,,,1.0,0.0,0.0,0.0,0.0,0.0,0.0,0.0,0.0,0.0,0.0,0.0,—,—,,7.0,112.0,consensus,2.5,Medium,0.0,0.0,,,,,,,0.0,Neutral,CLE,0.0,0.16,1280.0,0.022,29.1,0.01,0.03,CLE,27.0,2.0,40.0,40.0,False,Todd Monken,70.9,32.0,24.1,10.0,32.8,18.0,0.579,"High 12P, 21P",30.0,Zone,16.0,Even,18.0,Slugfests (Low Scoring Offense + Elite Defense -> Low Over/Unders / Grinding Games),CLE,32,46.6,53.4,5.0,-3.2,T.Monken,16,,73.4,,,,,,,,,,,,,KC Concepcion,CLE,1,1.0,24.0,21.0,58.0,18.3,,,,,,,,,,85.9,58.0,49.0,-9.0,0.864,13.7,7.12,84.2,60.0,52.6,127.7,50.0,WR64,64.0,122.2,95.7,5.63,11.0,$1,121.0,10.7,—,0,0,99,,—,63,WR63,158.5,-32.02,226,0.604,0.0,9.9,-4.3,-18.5,-3.0,-3.0,141.9,113.5,28.4,28.4,141.9,113.5,ESPN,SLEEPER,Overpriced Fade,108.28,-102.2,-0.014,106.76,-32.02,-32.02,214,59,WR59,T8,1.0,-85.0,False,False,0.0,-3.6,108.28,0.0,0.0,-1.4,0.0,0.0,0.0,0.0,0.0,0.0,0.0,0.0,Tier 12,132.0,34.0,104.0,70.0,⚡ High Variance (Boom/Bust Ceiling),48.0,Tier 7,34.0,104.0,70.0
Rashid Shaheed,WR,SEA,145.0,152.0,WR55,49.0,72.0,4.54,6,11,e1ecc660-cc9f-11ec-952e-a10f2c98fc4d,43.3,42.0,rashid shaheed,WR,SEA,WR_rashid_shaheed_SEA,102.1,156.8,69.88799999999999,49.92,755.77,3.75,13.4,88.86,0.26,0.0,0.0,0.0,145.0,WR62,127.29,21.0,155.0,128.3,149.0,152.0,152.0,Healthy,0,146.0,Neutral,Black,0.0,0.0,0.0,—,,6.01,0.0,0.0,0.0,0.0,0.0,0.0,,,,,,,,,,,,,—,—,Consensus Alignment,—,—,99.0,,,1.0,0.0,0.0,0.0,0.0,0.0,0.0,0.0,0.0,0.0,0.0,0.0,—,—,,7.0,144.0,consensus,2.5,Medium,0.0,0.0,,,,,,,0.0,Neutral,SEA,0.0,0.17,1340.0,0.058,28.0,0.02,0.08,SEA,10.0,3.5,70.0,70.0,False,Brian Fleury,96.6,11.0,26.4,4.0,32.9,17.0,0.774,—,16.0,Zone,4.0,Even,14.0,Chew the Clock (High Scoring Offense + Elite Defense -> Run-Heavy Second Halves),SEA,14,46.7,53.3,4.0,0.0,Unknown,16,64.4,,-0.1777,-0.6326,-1.0214,-0.8898,0.1553,-0.0331,,,,,,,,,0,,,,,,,,,,,,,,,97.8,49.0,63.0,14.0,0.962,13.3,6.57,83.8,98.4,78.3,128.3,52.0,WR61,61.0,146.7,102.1,6.01,11.0,$1,194.0,7.7,—,0,0,99,,—,61,WR61,158.5,-32.1,217,0.644,0.0,10.0,-16.7,4.0,7.0,7.0,155.0,128.3,26.7,26.7,155.0,128.3,ESPN,YAHOO,Screaming Steal (Huge Value),107.32,-0.6,-0.006,106.68,-32.1,-32.1,215,60,WR60,T8,1.0,-63.0,False,False,0.0,5.6,107.32,0.0,0.0,-0.6,0.0,0.0,0.0,0.0,0.0,0.0,0.0,0.0,Tier 12,145.0,49.0,72.0,23.0,⚡ High Variance (Boom/Bust Ceiling),55.0,Tier 8,49.0,72.0,23.0
Greg Dulcich,TE,MIA,265.0,236.0,TE35,15.0,39.0,5.27,5,6,b9e4a022-d15c-4cef-9879-170277f17207,3.5,11.0,greg dulcich,TE,MIA,TE_greg_dulcich_MIA,78.1,133.52,76.398,54.57,619.99,3.22,0.0,0.0,0.0,0.0,0.0,0.0,260.0,TE29,95.07,29.0,240.7,238.4,231.3,236.0,236.0,Healthy,0,,Neutral,Black,0.0,0.0,0.0,—,,4.59,0.0,0.0,0.0,0.0,0.0,0.0,,,,,,,,,,,,,🎯 **Guru's Sleeper TE ($1)**,🤝 **Consensus Sleeper**,Consensus Alignment,Tier 14,Round 18 (18.01),18.01,"Guru's ""Sleeper TE of 2026""; 2.64 YPRR (2nd in NFL); Malik Willis top target.",https://www.fantasypoints.com/nfl/articles/2026/mr-relevant-late-round-sleepers,1.0,0.0,1.0,0.0,0.0,0.0,0.0,0.0,0.0,0.0,0.0,0.0,,,,7.0,147.0,guy,1.6,Low (High Floor Alpha),0.0,0.0,,,,,,,0.0,Neutral,MIA,0.04,0.12,950.0,0.118,24.2,0.06,0.16,MIA,31.0,2.5,50.0,50.0,True,Bobby Slowik,81.6,25.0,20.3,22.0,37.3,6.0,0.732,—,24.0,Balanced,15.0,Condensed,7.0,Passing / Garbage Time (Low Scoring Offense + Bad Defense -> Trailing Game Scripts / Air Volume),MIA,30,35.51,64.49,15.0,0.3,B.Slowik,16,79.5,79.8,,0.7718,,,1.0534,,,,,,,,,,0,,,,,,,,,,,,,,,,,,,,,,,,,,,TE29,29.0,229.7,78.1,4.59,7.0,$1,152.0,8.6,—,0,0,99,,—,28,TE28,124.0,-32.15,195,0.63,0.0,-24.3,-26.6,-33.7,-29.0,-29.0,240.7,231.3,9.4,9.4,240.7,231.3,ESPN,SLEEPER,Severe Reach (Overpriced),83.76,-3.8,0.0,83.76,-32.15,-32.15,216,29,TE29,T8,1.0,20.0,False,False,0.0,0.0,83.76,0.0,0.0,0.0,0.0,0.0,0.0,0.0,0.0,0.0,0.0,0.0,Tier 12,265.0,15.0,39.0,24.0,⚡ High Variance (Boom/Bust Ceiling),35.0,Tier 8,15.0,39.0,24.0
Dontayvion Wicks,WR,PHI,169.0,253.0,WR63,46.0,104.0,10.68,7,10,ea3d1393-8c3b-4e81-a519-f636d28d692e,7.6,9.0,dontayvion wicks,WR,PHI,WR_dontayvion_wicks_PHI,107.8,102.16,54.263999999999996,38.76,458.37,2.96,0.5,2.5,0.0,0.0,0.0,0.0,198.0,WR74,102.28,29.0,258.1,255.5,247.9,253.0,253.0,Healthy,0,,Neutral,Black,0.0,0.0,0.0,—,,6.34,0.0,0.0,0.0,0.0,0.0,0.0,,,,,,,,,,,,,—,—,Consensus Alignment,—,—,99.0,,,1.0,0.0,0.0,0.0,0.0,0.0,0.0,0.0,0.0,0.0,0.0,0.0,—,—,,5.0,,consensus,,,0.0,0.0,,,,,,,0.0,Neutral,PHI,0.025,0.08,640.0,0.138,27.2,0.12,0.15,PHI,14.0,4.0,80.0,80.0,True,Sean Mannion,85.2,24.0,23.0,13.0,36.3,9.0,0.667,—,16.0,Balanced,5.0,Condensed,15.0,Chew the Clock (High Scoring Offense + Elite Defense -> Run-Heavy Second Halves),PHI,2,35.05,64.95,16.0,0.0,Unknown,16,67.9,61.4,-0.421,0.0597,0.4425,0.4861,0.1252,-0.3923,,,,,,,,,0,,,,,,,,,,,,,,,,,,,,,,,,,,,WR56,56.0,999.0,107.8,6.34,11.0,$1,166.0,8.8,—,0,0,99,,—,56,WR56,158.5,-33.46,206,0.68,0.0,89.1,86.5,78.9,84.0,84.0,258.1,247.9,10.2,10.2,258.1,247.9,ESPN,SLEEPER,Screaming Steal (Huge Value),105.96,3.35,-0.006,105.32,-33.46,-33.46,217,61,WR61,T8,1.0,36.0,False,False,0.0,0.0,105.96,0.0,0.0,-0.6,0.0,0.0,0.0,0.0,0.0,0.0,0.0,0.0,Tier 12,169.0,46.0,104.0,58.0,⚡ High Variance (Boom/Bust Ceiling),63.0,Tier 9,46.0,104.0,58.0
Jacory Croskey-Merritt,RB,WAS,97.0,100.0,RB35,27.0,48.0,3.79,5,7,202b8be6-40d2-49ed-b256-312ac45ec70f,70.4,82.0,jacory croskey merritt,RB,WAS,RB_jacory_croskey_merritt_WAS,105.3,147.39,17.29,12.35,91.34,0.22,185.11,831.68,7.48,0.0,0.0,0.0,108.0,RB39,139.7,17.0,102.0,111.0,98.0,100.0,100.0,Healthy,0,97.0,Pass (Yellow),Yellow,0.0,1.0,0.0,Fool's Gold,,6.19,0.0,0.0,0.0,0.0,0.0,0.0,,,,39.0,37.0,Low,,,,,,,🎯 **Sleeper / Value**,🤝 **Consensus Target**,Consensus Alignment,Tier 13,Round 11/12,11.5,4.9 YPC in Daniels starts; 13.5% explosive run rate; Commanders 23.5 implied PPG (highest of late backfields).,https://www.fantasypoints.com/nfl/articles/2026/ryan-heaths-2026-fantasy-football-rankings-and-targets,3.0,0.0,1.0,0.0,0.0,0.0,0.0,0.0,0.0,0.0,0.0,0.0,RB30,T8,,5.0,,consensus,,,0.0,0.0,,,,,,,0.0,Neutral,WAS,0.012,0.23,1780.0,0.088,25.1,0.07,0.1,WAS,24.0,2.0,40.0,40.0,True,David Blough,80.9,26.0,22.0,18.0,36.0,10.0,0.65,More 12P,5.0,Gap,12.0,Even,12.0,Shootouts (High Scoring Offense + Vulnerable Defense -> Max Fantasy Ceiling),WAS,25,30.3,69.7,21.0,0.0,Unknown,16,70.9,84.4,,,,,,,0.1137,,,,,,,,0,,,,,,,,,,,,,,,121.5,31.0,42.0,11.0,0.937,14.6,8.05,109.9,136.4,75.1,111.0,37.0,RB42,42.0,113.1,105.3,6.19,11.0,$1,95.0,10.0,—,0,0,99,,—,42,RB42,181.3,-34.16,252,0.581,0.0,5.0,14.0,1.0,3.0,3.0,111.0,98.0,13.0,13.0,111.0,98.0,YAHOO,SLEEPER,Value Target (Discounted),117.95,-5.43,-0.049,112.17,-34.16,-34.16,218,40,RB40,T8,3.0,-118.0,False,True,0.0,4.4,117.95,0.0,0.0,-4.9,0.0,0.0,0.0,0.0,0.0,0.0,-5.0,-5.0,Tier 10,97.0,27.0,48.0,21.0,⚡ High Variance (Boom/Bust Ceiling),35.0,Tier 9,27.0,48.0,21.0
Caleb Douglas,WR,MIA,277.0,229.0,WR101,48.0,123.0,18.83,8,6,9e86188e-bdd6-4ba4-af4b-9cfe7f38e159,12.4,6.0,caleb douglas,WR,MIA,WR_caleb_douglas_MIA,91.6,104.85,55.230000000000004,39.45,508.78,2.57,1.0,5.5,0.0,0.0,0.0,0.0,140.0,WR60,128.69,21.0,251.9,231.3,201.5,229.0,229.0,Healthy,0,,Neutral,Black,0.0,0.0,0.0,—,,5.39,0.0,0.0,0.0,0.0,0.0,0.0,,,,,,,,,,,,,—,—,Consensus Alignment,—,—,99.0,,,1.0,0.0,0.0,0.0,0.0,0.0,0.0,0.0,0.0,0.0,0.0,0.0,—,—,,5.0,,consensus,,,0.0,0.0,,,,,,,0.0,Neutral,MIA,0.04,0.12,950.0,0.118,24.2,0.06,0.16,MIA,31.0,2.5,50.0,50.0,True,Bobby Slowik,81.6,25.0,20.3,22.0,37.3,6.0,0.732,—,24.0,Balanced,15.0,Condensed,7.0,Passing / Garbage Time (Low Scoring Offense + Bad Defense -> Trailing Game Scripts / Air Volume),MIA,30,35.51,64.49,15.0,0.3,B.Slowik,16,,64.5,,,,,,,,,,,,,Caleb Douglas,MIA,1,3.0,75.0,20.1,22.2,10.7,110.9,4.39,31.5,126.0,206.0,7.1,66.6,85.0,23.0,,,,,,,,,,,,,WR67,67.0,218.6,91.6,5.39,12.0,$1,184.0,8.1,—,0,0,99,,—,67,WR67,158.5,-35.44,231,0.578,0.0,-25.1,-45.7,-75.5,-48.0,-48.0,251.9,201.5,50.4,50.4,251.9,201.5,ESPN,SLEEPER,Severe Reach (Overpriced),103.96,-3.8,-0.006,103.34,-35.44,-35.44,219,62,WR62,T8,1.0,10.0,False,False,0.0,0.0,103.96,0.0,0.0,-0.6,0.0,0.0,0.0,0.0,0.0,0.0,0.0,0.0,Tier 12,277.0,48.0,123.0,75.0,⚡ High Variance (Boom/Bust Ceiling),101.0,Tier 9,48.0,123.0,75.0
Jerry Jeudy,WR,CLE,163.0,177.0,WR61,50.0,94.0,8.97,6,11,eaaa4a61-c2a7-4926-8e9b-3ec71be2f991,28.6,13.0,jerry jeudy,WR,CLE,WR_jerry_jeudy_CLE,101.5,147.22,78.35799999999999,55.97,752.8,2.88,0.5,2.0,0.0,0.0,0.0,0.0,155.0,WR65,119.67,23.0,180.5,178.8,173.5,177.0,177.0,Healthy,0,,Neutral,Black,0.0,0.0,0.0,—,,5.97,0.0,0.0,0.0,0.0,0.0,0.0,,,,,,,,,,,,,🎯 **Late Value**,🤝 **Consensus High**,Consensus Alignment,Tier 14,Round 16 (16.04),16.04,Slot role with Boston at X; Shedeur Sanders chemistry; 16th round steal.,https://www.fantasypoints.com/nfl/articles/2026/the-gurus-2026-fantasy-football-draft-plan,1.0,0.0,1.0,0.0,0.0,0.0,0.0,0.0,0.0,0.0,0.0,0.0,,,,5.0,,consensus,,,0.0,0.0,,,,,,,0.0,Neutral,CLE,0.0,0.16,1280.0,0.022,29.1,0.01,0.03,CLE,27.0,2.0,40.0,40.0,False,Todd Monken,70.9,32.0,24.1,10.0,32.8,18.0,0.579,"High 12P, 21P",30.0,Zone,16.0,Even,18.0,Slugfests (Low Scoring Offense + Elite Defense -> Low Over/Unders / Grinding Games),CLE,32,46.6,53.4,5.0,-3.2,T.Monken,16,58.2,90.8,-0.321,-0.5794,-0.5624,-0.1013,-0.1438,-0.4297,,,,,,,,,0,,,,,,,,,,,,,,,91.6,55.0,62.0,7.0,0.923,13.3,6.53,79.9,80.4,86.0,,,WR62,62.0,191.2,101.5,5.97,11.0,$1,148.0,9.6,—,0,0,99,,—,62,WR62,158.5,-36.66,219,0.64,0.0,17.5,15.8,10.5,14.0,14.0,180.5,173.5,7.0,7.0,180.5,173.5,ESPN,SLEEPER,Screaming Steal (Huge Value),103.57,-102.2,-0.014,102.12,-36.66,-36.66,220,63,WR63,T8,1.0,-43.0,False,False,0.0,2.8,103.57,0.0,0.0,-1.4,0.0,0.0,0.0,0.0,0.0,0.0,0.0,0.0,Tier 12,163.0,50.0,94.0,44.0,⚡ High Variance (Boom/Bust Ceiling),61.0,Tier 9,50.0,94.0,44.0
Jalen McMillan,WR,TB,166.0,194.5,WR64,54.0,106.0,8.12,7,10,c2b25795-8c63-425a-8790-f6d626dbf0d3,19.7,18.0,jalen mcmillan,WR,TB,WR_jalen_mcmillan_TB,107.9,133.83,65.29599999999999,46.64,607.31,3.93,4.68,26.79,0.11,0.0,0.0,0.0,160.0,WR67,110.61,25.0,198.4,129.3,190.6,194.5,194.5,Healthy,0,,Neutral,Black,0.0,0.0,0.0,—,,6.35,0.0,0.0,0.0,0.0,0.0,0.0,,,,,,,,,,,,,🎯 **Sleeper / Red Zone**,🤝 **Consensus High**,Consensus Alignment,Tier 14,Round 16+,16.0,2.41 YPRR post-injury; Mike Evans gone; Baker Mayfield red-zone favorite; Egbuka toe injury.,https://www.fantasypoints.com/nfl/articles/2026/the-gurus-2026-fantasy-football-draft-plan,1.0,0.0,1.0,0.0,0.0,0.0,0.0,0.0,0.0,0.0,0.0,0.0,,,,5.0,,consensus,,,0.0,0.0,,,,,,,0.0,Neutral,TB,0.028,0.11,820.0,0.078,27.5,-0.03,0.14,TB,26.0,4.0,80.0,80.0,False,Zac Robinson,89.8,18.0,27.9,2.0,30.4,24.0,0.75,High 12P,13.0,Zone,2.0,Condensed,20.0,Slugfests (Low Scoring Offense + Elite Defense -> Low Over/Unders / Grinding Games),TB,5,26.78,73.22,23.0,-6.6,Z.Robinson,16,62.8,70.7,0.5828,-1.1702,-0.93,-1.0622,-0.4314,0.4035,,,,,,,,,0,,,,,,,,,,,,,,,80.8,62.0,66.0,4.0,0.9,12.8,5.33,61.5,62.5,74.1,129.3,55.0,WR55,55.0,209.7,107.9,6.35,11.0,$1,155.0,9.2,—,0,0,99,,—,55,WR55,158.5,-37.59,204,0.681,0.0,32.4,-36.7,24.6,28.5,28.5,198.4,129.3,69.1,69.1,198.4,129.3,ESPN,YAHOO,Screaming Steal (Huge Value),101.8,3.44,-0.006,101.19,-37.59,-37.59,221,64,WR64,T8,1.0,-26.5,False,False,0.0,1.6,101.8,0.0,0.0,-0.6,0.0,0.0,0.0,0.0,0.0,0.0,0.0,0.0,Tier 12,166.0,54.0,106.0,52.0,⚡ High Variance (Boom/Bust Ceiling),64.0,Tier 9,54.0,106.0,52.0
Jacoby Brissett,QB,ARI,181.0,226.5,QB27,21.0,31.0,2.01,4,14,ad2258ab-67f0-41c2-bcf3-f3ba145187dc,4.1,8.0,jacoby brissett,QB,ARI,QB_jacoby_brissett_ARI,230.3,230.83,0.0,0.0,0.0,0.0,48.73,214.31,1.43,3590.83,19.3,10.39,243.0,QB28,210.21,29.0,203.8,228.8,240.1,226.5,226.5,Healthy,0,,Neutral,Black,0.0,0.0,0.0,—,,13.55,0.0,0.0,0.0,0.0,0.0,0.0,,,,,,,,,,,,,—,—,Consensus Alignment,—,—,99.0,,,1.0,0.0,0.0,0.0,0.0,0.0,0.0,0.0,0.0,0.0,0.0,0.0,—,—,,5.0,,consensus,,,0.0,0.0,,,,,,,0.0,Neutral,ARI,0.005,0.22,1750.0,0.072,25.5,0.05,0.08,ARI,23.0,3.0,60.0,60.0,False,Mike LaFleur,95.6,12.0,20.8,21.0,32.7,19.0,0.596,—,5.0,Gap,9.0,Condensed,10.0,Passing / Garbage Time (Low Scoring Offense + Bad Defense -> Trailing Game Scripts / Air Volume),ARI,20,39.57,60.43,10.0,-1.1,M.LaFleur,16,67.7,68.7,,,,,,,,,,,-0.1969,,,,0,,,,,,,,,,,,,,,,,,,,,,,,,,,QB25,25.0,243.0,230.3,13.55,7.0,$1,,,—,0,0,99,,—,25,QB25,272.9,-38.4,193,0.844,0.0,22.8,47.8,59.1,45.5,45.5,240.1,203.8,36.3,36.3,240.1,203.8,SLEEPER,ESPN,Screaming Steal (Huge Value),223.6,-1.65,-0.003,222.93,-38.4,-38.4,222,25,QB25,T8,1.0,4.5,False,False,0.0,0.0,223.6,0.0,0.0,-0.3,0.0,0.0,0.0,0.0,0.0,0.0,0.0,0.0,Tier 12,181.0,21.0,31.0,10.0,⚡ High Variance (Boom/Bust Ceiling),27.0,Tier 7,21.0,31.0,10.0
Bryce Young,QB,CAR,171.0,213.0,QB26,22.0,30.0,1.35,4,5,38475bfa-9773-4c3b-9157-a0dbd576fa22,9.2,15.0,bryce young,QB,CAR,QB_bryce_young_CAR,213.2,255.83,0.0,0.0,0.0,0.0,57.93,261.43,3.05,3459.25,22.76,12.04,223.0,QB24,242.16,29.0,191.7,215.1,225.8,213.0,213.0,Healthy,0,,Neutral,Black,0.0,0.0,0.0,—,,12.54,0.0,0.0,0.0,0.0,0.0,0.0,,,,,,,,,,,,,—,—,Consensus Alignment,—,—,99.0,,,1.0,0.0,0.0,0.0,0.0,0.0,0.0,0.0,0.0,0.0,0.0,0.0,—,—,,6.0,150.0,consensus,2.5,Medium,1.0,0.0,,,,,,,0.0,Neutral,CAR,-0.015,0.25,1900.0,-0.03,28.6,-0.01,-0.04,CAR,16.0,3.0,60.0,60.0,False,Dave Canales/Idzik,78.7,27.0,19.8,24.0,33.6,15.0,0.794,High 11P,22.0,Balanced,19.0,Spread,23.0,Passing / Garbage Time (Low Scoring Offense + Bad Defense -> Trailing Game Scripts / Air Volume),CAR,8,29.48,70.52,22.0,-2.0,D.Canales,16,73.9,82.6,,,,,,,,,,,-0.1957,,,,0,,,,,,,,,,,,,,,,,,,,,,,,,,,QB27,27.0,227.1,213.2,12.54,8.0,WW,173.0,15.9,—,0,0,99,,—,27,QB27,272.9,-38.54,224,0.781,0.0,20.7,44.1,54.8,42.0,42.0,225.8,191.7,34.1,34.1,225.8,191.7,SLEEPER,ESPN,Screaming Steal (Huge Value),222.85,-0.25,-0.0005,222.74,-38.54,-38.54,223,26,QB26,T8,1.0,-10.0,False,False,0.0,0.0,222.85,0.0,0.0,-0.0,0.0,0.0,0.0,5.0,0.0,0.0,0.0,0.0,Tier 12,171.0,22.0,30.0,8.0,⚡ High Variance (Boom/Bust Ceiling),26.0,Tier 7,22.0,30.0,8.0
Tyjae Spears,RB,TEN,134.0,135.0,RB45,38.0,64.0,5.51,6,9,af71f149-7758-40b7-973a-9fe6320cf4f5,38.0,32.0,tyjae spears,RB,TEN,RB_tyjae_spears_TEN,110.2,138.09,64.19,45.85,306.12,1.2,94.84,379.57,2.99,0.0,0.0,0.0,128.0,RB43,120.74,20.0,137.7,133.4,132.3,135.0,135.0,Healthy,0,137.0,Neutral,Black,0.0,0.0,0.0,—,8.5,6.48,0.0,0.0,0.0,0.0,0.0,0.0,,,,,,,,,,,,🏆 RB's Dream QB (High Checkdowns / No GL Vultures),—,—,Consensus Alignment,—,—,99.0,,,1.0,0.0,0.0,0.0,0.0,0.0,0.0,0.0,0.0,0.0,0.0,0.0,—,—,,5.0,,consensus,,,0.0,0.0,,,,,,,0.0,Neutral,TEN,-0.02,0.33,2550.0,0.01,29.0,0.03,-0.01,TEN,25.0,2.0,40.0,40.0,False,Brian Daboll,74.1,29.0,19.9,23.0,32.6,21.0,0.588,High 12P,12.0,Balanced,28.0,Very Spread,13.0,Slugfests (Low Scoring Offense + Elite Defense -> Low Over/Unders / Grinding Games),TEN,31,20.11,79.89,29.0,-1.4,B.Daboll,16,77.0,87.3,,,,,,,0.473,,,,,,,,0,,,,,,,,,,,,,,,94.7,44.0,52.0,8.0,0.963,14.6,5.5,77.3,86.1,79.4,133.4,55.0,RB40,40.0,167.2,110.2,6.48,10.0,$1,157.0,6.8,—,0,0,99,,—,40,RB40,181.3,-38.9,240,0.608,0.0,3.7,-0.6,-1.7,1.0,1.0,137.7,132.3,5.4,5.4,137.7,132.3,ESPN,SLEEPER,Fair Market Value,108.96,-7.95,-0.014,107.43,-38.9,-38.9,224,41,RB41,T8,1.0,-89.0,False,False,0.0,3.2,108.96,0.0,0.0,-1.4,0.0,0.0,0.0,0.0,0.0,0.0,0.0,0.0,Tier 12,134.0,38.0,64.0,26.0,⚡ High Variance (Boom/Bust Ceiling),45.0,Tier 10,38.0,64.0,26.0
DeMario Douglas,WR,NE,325.0,556.0,WR111,66.0,134.0,19.44,9,11,962496d4-9ffa-471b-8dd2-fc5e60fee84b,0.6,1.0,demario douglas,WR,NE,WR_demario_douglas_NE,81.56799999999998,81.22,42.294,30.21,365.3,2.03,4.14,21.41,0.15,0.0,0.0,0.0,158.0,WR66,117.66,24.0,567.1,561.6,544.9,556.0,556.0,Healthy,0,,Neutral,Black,0.0,0.0,0.0,—,,4.8,0.0,0.0,0.0,0.0,0.0,0.0,,,,,,,,,,,,,—,—,Consensus Alignment,—,—,99.0,,,1.0,0.0,0.0,0.0,0.0,0.0,0.0,0.0,0.0,0.0,0.0,0.0,—,—,,5.0,,consensus,,,0.0,0.0,,,,,,,0.0,Neutral,NE,-0.03,0.3,2300.0,-0.055,29.4,-0.02,-0.07,NE,13.0,3.0,60.0,60.0,False,Josh McDaniels,104.9,4.0,24.9,6.0,34.6,13.0,0.605,—,24.0,Gap,21.0,Spread,4.0,Slugfests (Low Scoring Offense + Elite Defense -> Low Over/Unders / Grinding Games),NE,13,34.68,65.32,17.0,1.4,J.McDaniels,16,80.8,,1.6851,0.2205,-0.0594,0.6073,0.3782,0.4532,,,,,,,,,0,,,,,,,,,,,,,,,,,,,,,,,,,,,,,,,,,,,,—,0,0,99,,—,76,WR76,158.5,-38.97,253,0.515,0.0,242.1,236.6,219.9,231.0,231.0,567.1,544.9,22.2,22.2,567.1,544.9,ESPN,SLEEPER,Screaming Steal (Huge Value),99.61,-2.7,0.002,99.81,-38.97,-38.97,225,65,WR65,T8,1.0,331.0,False,False,3.0,0.0,99.61,0.0,0.0,0.2,0.0,0.0,0.0,0.0,0.0,0.0,0.0,0.0,Tier 12,325.0,66.0,134.0,68.0,⚡ High Variance (Boom/Bust Ceiling),111.0,Tier 9,66.0,134.0,68.0
Terrance Ferguson,TE,LAR,172.0,187.0,TE23,13.0,59.0,6.37,4,11,fdfc7b8e-a202-4459-91f8-be6e053e5d29,23.1,12.0,terrance ferguson,TE,LAR,TE_terrance_ferguson_LAR,53.9,122.76,54.55799999999999,38.97,533.41,5.13,0.0,0.0,0.0,0.0,0.0,0.0,176.0,TE23,120.6,28.0,190.7,188.9,183.3,187.0,187.0,Healthy,0,,Neutral,Black,0.0,0.0,0.0,—,,3.17,0.0,0.0,0.0,0.0,0.0,0.0,,,,,,,,,,,,,🎯 **#1 High-Ceiling TE Stash**,🤝 **Consensus #1 TE Stash**,Consensus Alignment,Tier 14,Round 16+,16.0,"21.0 YPR, 70% explosive catch rate; Sean McVay using at F, Y, X, Z roles; Stafford kingmaker.",https://www.fantasypoints.com/nfl/articles/2026/mr-relevant-late-round-sleepers,1.0,0.0,1.0,0.0,0.0,0.0,0.0,0.0,0.0,0.0,0.0,0.0,TE15,T6,,5.0,,consensus,,,0.0,0.0,,,,,,,0.0,Neutral,LAR,0.008,0.14,1120.0,0.095,27.4,0.04,0.13,LAR,1.0,4.5,90.0,90.0,False,Sean McVay,113.3,1.0,19.8,24.0,42.8,2.0,0.759,High 13P,6.0,Gap,4.0,Very Condensed,21.0,Chew the Clock (High Scoring Offense + Elite Defense -> Run-Heavy Second Halves),LAR,3,40.06,59.94,9.0,0.3,S.McVay,16,64.5,78.6,,-1.5532,,,-0.0893,,,,,,,,,,0,,,,,,,,,,,,,,,,,,,,,,,,,,,TE40,40.0,207.1,53.9,3.17,9.0,WW,150.0,8.6,—,0,0,99,,—,40,TE40,124.0,-39.02,238,0.435,0.0,18.7,16.9,11.3,15.0,15.0,190.7,183.3,7.4,7.4,190.7,183.3,ESPN,SLEEPER,Screaming Steal (Huge Value),76.13,4.04,-0.006,75.67,-39.02,-39.02,226,30,TE30,T8,1.0,-39.0,False,False,0.0,0.0,76.13,0.0,0.0,-0.6,0.0,0.0,0.0,0.0,0.0,0.0,0.0,0.0,Tier 12,172.0,13.0,59.0,46.0,⚡ High Variance (Boom/Bust Ceiling),23.0,Tier 6,13.0,59.0,46.0
Colby Parkinson,TE,LAR,246.0,239.0,TE31,24.0,45.0,3.52,4,11,1ea7affb-e5e7-491a-aaa3-55e200b2eb48,1.5,2.0,colby parkinson,TE,LAR,TE_colby_parkinson_LAR,72.7,90.51,46.66199999999999,33.33,342.51,4.04,0.0,0.0,0.0,0.0,0.0,0.0,278.0,TE31,82.72,29.0,243.8,241.4,234.2,239.0,239.0,Healthy,0,,Neutral,Black,0.0,0.0,0.0,—,,4.28,0.0,0.0,0.0,0.0,0.0,0.0,,,,,,,,,,,,,—,—,Consensus Alignment,—,—,99.0,,,1.0,0.0,0.0,0.0,0.0,0.0,0.0,0.0,0.0,0.0,0.0,0.0,—,—,,5.0,,consensus,,,0.0,0.0,,,,,,,0.0,Neutral,LAR,0.008,0.14,1120.0,0.095,27.4,0.04,0.13,LAR,1.0,4.5,90.0,90.0,False,Sean McVay,113.3,1.0,19.8,24.0,42.8,2.0,0.759,High 13P,6.0,Gap,4.0,Very Condensed,21.0,Chew the Clock (High Scoring Offense + Elite Defense -> Run-Heavy Second Halves),LAR,3,40.06,59.94,9.0,0.3,S.McVay,16,71.9,69.1,,-0.5763,,,0.5297,,,,,,,,,,0,,,,,,,,,,,,,,,,,,,,,,,,,,,TE32,32.0,251.4,72.7,4.28,7.0,$1,,,—,0,0,99,,—,31,TE31,124.0,-39.1,209,0.586,0.0,-2.2,-4.6,-11.8,-7.0,-7.0,243.8,234.2,9.6,9.6,243.8,234.2,ESPN,SLEEPER,Severe Reach (Overpriced),76.04,4.04,-0.006,75.58,-39.1,-39.1,227,31,TE31,T8,1.0,12.0,False,False,0.0,0.0,76.04,0.0,0.0,-0.6,0.0,0.0,0.0,0.0,0.0,0.0,0.0,0.0,Tier 12,246.0,24.0,45.0,21.0,⚡ High Variance (Boom/Bust Ceiling),31.0,Tier 8,24.0,45.0,21.0
Mike Gesicki,TE,CIN,304.0,319.0,TE36,25.0,48.0,4.37,5,6,1012cbe0-7eba-4169-bfca-183a0204e1a7,1.9,1.0,mike gesicki,TE,CIN,TE_mike_gesicki_CIN,68.8,106.08,57.946,41.39,434.28,3.57,0.0,0.0,0.0,0.0,0.0,0.0,274.0,TE30,87.51,29.0,325.4,322.2,312.6,319.0,319.0,Healthy,0,,Neutral,Black,0.0,0.0,0.0,—,,4.05,0.0,0.0,0.0,0.0,0.0,0.0,,,,,,,,,,,,,—,—,Consensus Alignment,—,—,99.0,,,1.0,0.0,0.0,0.0,0.0,0.0,0.0,0.0,0.0,0.0,0.0,0.0,—,—,,5.0,,consensus,,,0.0,0.0,,,,,,,0.0,Neutral,CIN,0.05,0.18,1420.0,0.125,25.2,0.01,0.21,CIN,19.0,3.0,60.0,60.0,False,Zac Taylor,98.6,7.0,22.5,15.0,42.5,3.0,0.751,—,11.0,Gap,20.0,Very Spread,15.0,Shootouts (High Scoring Offense + Vulnerable Defense -> Max Fantasy Ceiling),CIN,28,31.69,68.31,19.0,3.6,Z.Taylor,16,66.6,77.9,,0.0576,,,0.111,,,,,,,,,,0,,,,,,,,,,,,,,,,,,,,,,,,,,,TE34,34.0,999.0,68.8,4.05,7.0,$1,,,—,0,0,99,,—,33,TE33,124.0,-39.94,216,0.555,0.0,21.4,18.2,8.6,15.0,15.0,325.4,312.6,12.8,12.8,325.4,312.6,ESPN,SLEEPER,Screaming Steal (Huge Value),75.04,-2.3,-0.006,74.59,-39.94,-39.94,228,32,TE32,T8,1.0,91.0,False,False,0.0,0.0,75.04,0.0,0.0,-0.6,0.0,0.0,0.0,0.0,0.0,0.0,0.0,0.0,Tier 12,304.0,25.0,48.0,23.0,⚡ High Variance (Boom/Bust Ceiling),36.0,Tier 8,25.0,48.0,23.0
Rashod Bateman,WR,BAL,205.0,286.5,WR76,60.0,121.0,10.16,7,13,d9f8b92b-69d4-4d83-9bf2-106ee523efed,8.3,3.0,rashod bateman,WR,BAL,WR_rashod_bateman_BAL,93.6,134.27,54.376000000000005,38.84,598.61,5.98,0.0,0.0,0.0,0.0,0.0,0.0,193.0,WR69,110.35,29.0,292.2,289.4,280.8,286.5,286.5,Healthy,0,,Neutral,Black,0.0,0.0,0.0,—,,5.51,0.0,0.0,0.0,0.0,0.0,0.0,,,,,,,,,,,,,—,—,Consensus Alignment,—,—,99.0,,,1.0,0.0,0.0,0.0,0.0,0.0,0.0,0.0,0.0,0.0,0.0,0.0,—,—,,5.0,,consensus,,,0.0,0.0,,,,,,,0.0,Neutral,BAL,-0.045,0.15,1150.0,0.165,28.4,0.15,0.18,BAL,11.0,3.0,60.0,60.0,True,Declan Doyle,86.1,22.0,29.3,1.0,37.2,7.0,0.63,High 12P,8.0,Zone,6.0,Even,11.0,Chew the Clock (High Scoring Offense + Elite Defense -> Run-Heavy Second Halves),BAL,26,59.85,40.15,1.0,0.0,Unknown,16,63.2,86.4,0.5889,-0.1278,-0.5416,0.3511,-0.4774,-0.0726,,,,,,,,,0,,,,,,,,,,,,,,,,,,,,,,,,,,,WR65,65.0,232.7,93.6,5.51,12.0,$1,187.0,7.5,—,0,0,99,,—,65,WR65,158.5,-40.99,229,0.591,0.0,87.2,84.4,75.8,81.5,81.5,292.2,280.8,11.4,11.4,292.2,280.8,ESPN,SLEEPER,Screaming Steal (Huge Value),99.18,-7.15,-0.014,97.79,-40.99,-40.99,229,66,WR66,T8,1.0,57.5,False,False,0.0,0.0,99.18,0.0,0.0,-1.4,0.0,0.0,0.0,0.0,0.0,0.0,0.0,0.0,Tier 12,205.0,60.0,121.0,61.0,⚡ High Variance (Boom/Bust Ceiling),76.0,Tier 9,60.0,121.0,61.0
Geno Smith,QB,NYJ,196.0,300.0,QB29,24.0,32.0,1.48,4,13,cfc93f5e-105e-4a5e-88d3-f4279893cfa8,3.4,5.0,geno smith,QB,NYJ,QB_geno_smith_NYJ,222.9,234.85,0.0,0.0,0.0,0.0,57.35,210.71,1.01,3459.41,22.14,14.78,251.0,QB29,213.65,29.0,270.0,303.0,318.0,300.0,300.0,Healthy,0,,Neutral,Black,0.0,0.0,0.0,—,,13.11,0.0,0.0,0.0,0.0,0.0,0.0,,,,,,,,,,,,,—,—,Consensus Alignment,—,—,99.0,,,1.0,0.0,0.0,0.0,0.0,0.0,0.0,0.0,0.0,0.0,0.0,0.0,—,—,,5.0,,consensus,,,0.0,0.0,,,,,,,0.0,Neutral,NYJ,0.015,0.21,1650.0,0.065,26.8,0.03,0.09,NYJ,17.0,3.0,60.0,60.0,False,Frank Reich,71.1,30.0,24.9,6.0,29.8,26.0,0.613,High 11P,10.0,Balanced,27.0,Spread,8.0,Balanced Environment,NYJ,17,23.57,76.43,27.0,-1.3,F.Reich,16,69.8,,,,,,,,,,,,0.054,,,,0,,,,,,,,,,,,,,,,,,,,,,,,,,,QB26,26.0,999.0,222.9,13.11,7.0,$1,199.0,15.1,—,0,0,99,,—,26,QB26,272.9,-41.23,202,0.817,0.0,74.0,107.0,122.0,104.0,104.0,318.0,270.0,48.0,48.0,318.0,270.0,SLEEPER,ESPN,Screaming Steal (Huge Value),219.82,-1.35,-0.003,219.16,-41.23,-41.23,230,27,QB27,T8,1.0,70.0,False,False,0.0,0.0,219.82,0.0,0.0,-0.3,0.0,0.0,0.0,0.0,0.0,0.0,0.0,0.0,Tier 12,196.0,24.0,32.0,8.0,⚡ High Variance (Boom/Bust Ceiling),29.0,Tier 7,24.0,32.0,8.0
Aaron Rodgers,QB,PIT,197.0,233.0,QB28,24.0,33.0,1.66,4,9,0ce48193-e2fa-466e-a986-33f751add206,6.2,10.0,aaron rodgers,QB,PIT,QB_aaron_rodgers_PIT,212.3,223.51,0.0,0.0,0.0,0.0,26.04,82.58,0.63,3485.43,21.73,9.37,231.0,QB26,233.76,29.0,209.7,235.3,247.0,233.0,233.0,Healthy,0,,Neutral,Black,0.0,0.0,0.0,—,,12.49,0.0,0.0,0.0,0.0,0.0,0.0,,,,,,,,,,,,,—,—,Consensus Alignment,—,—,99.0,,,1.0,0.0,0.0,0.0,0.0,0.0,0.0,0.0,0.0,0.0,0.0,0.0,—,—,,7.0,148.0,consensus,2.5,Medium,0.0,0.0,,,,,,,0.0,Neutral,PIT,-0.05,0.28,2150.0,0.03,29.6,0.04,0.02,PIT,12.0,3.5,70.0,70.0,False,Mike McCarthy,90.1,17.0,18.0,27.0,46.2,1.0,0.691,—,1.0,Zone,25.0,Spread,9.0,Slugfests (Low Scoring Offense + Elite Defense -> Low Over/Unders / Grinding Games),PIT,19,41.2,58.8,6.0,4.6,M.McCarthy,16,61.6,,,,,,,,,,,,0.1491,,,,0,,,,,,,,,,,,,,,,,,,,,,,,,,,QB28,28.0,228.8,212.3,12.49,8.0,WW,198.0,15.5,—,0,0,99,,—,28,QB28,272.9,-41.51,225,0.778,0.0,12.7,38.3,50.0,36.0,36.0,247.0,209.7,37.3,37.3,247.0,209.7,SLEEPER,ESPN,Screaming Steal (Huge Value),219.45,-2.1,-0.003,218.79,-41.51,-41.51,231,28,QB28,T8,1.0,2.0,False,False,0.0,0.0,219.45,0.0,0.0,-0.3,0.0,0.0,0.0,0.0,0.0,0.0,0.0,0.0,Tier 12,197.0,24.0,33.0,9.0,⚡ High Variance (Boom/Bust Ceiling),28.0,Tier 7,24.0,33.0,9.0
Malik Washington,WR,MIA,180.0,231.5,WR71,53.0,104.0,10.25,7,6,d7f4fd2c-ba4f-49ca-bd92-443a506e9eb4,7.0,12.0,malik washington,WR,MIA,WR_malik_washington_MIA,80.7,111.61,63.57399999999999,45.41,411.89,2.37,13.45,80.84,0.72,0.0,0.0,0.0,133.0,WR56,134.28,20.0,236.1,233.8,226.9,231.5,231.5,Healthy,0,,Neutral,Black,0.0,0.0,0.0,—,,4.75,0.0,0.0,0.0,0.0,0.0,0.0,,,,,,,,,,,,,—,—,Consensus Alignment,—,—,99.0,,,1.0,0.0,0.0,0.0,0.0,0.0,0.0,0.0,0.0,0.0,0.0,0.0,—,—,,7.0,135.0,consensus,2.5,Medium,0.0,0.0,,,,6.0,,,0.0,Neutral,MIA,0.04,0.12,950.0,0.118,24.2,0.06,0.16,MIA,31.0,2.5,50.0,50.0,True,Bobby Slowik,81.6,25.0,20.3,22.0,37.3,6.0,0.732,—,24.0,Balanced,15.0,Condensed,7.0,Passing / Garbage Time (Low Scoring Offense + Bad Defense -> Trailing Game Scripts / Air Volume),MIA,30,35.51,64.49,15.0,0.3,B.Slowik,16,68.8,91.1,1.4409,0.3578,0.5387,1.5541,-0.9521,-1.3454,,,,,,,,,0,,,,,,,,,,,,,,,,,,,,,,,,,,,WR76,76.0,200.5,80.7,4.75,12.0,$1,,,—,0,0,99,,—,78,WR78,158.5,-41.6,255,0.509,0.0,56.1,53.8,46.9,51.5,51.5,236.1,226.9,9.2,9.2,236.1,226.9,ESPN,SLEEPER,Screaming Steal (Huge Value),98.56,-5.8,-0.014,97.18,-41.6,-41.6,232,67,WR67,T8,1.0,-0.5,False,False,0.0,0.0,98.56,0.0,0.0,-1.4,0.0,0.0,0.0,0.0,0.0,0.0,0.0,0.0,Tier 12,180.0,53.0,104.0,51.0,⚡ High Variance (Boom/Bust Ceiling),71.0,Tier 9,53.0,104.0,51.0
Oronde Gadsden II,TE,LAC,179.0,171.0,TE24,13.0,37.0,5.07,4,7,6af50530-145a-4b34-946d-ce1a7f7d3166,5.2,24.0,oronde gadsden,TE,LAC,TE_oronde_gadsden_LAC,48.6,101.07,52.849999999999994,37.75,474.9,2.84,0.0,0.0,0.0,0.0,0.0,0.0,285.0,TE33,79.45,29.0,174.4,126.6,167.6,171.0,171.0,Healthy,0,,Neutral,Black,0.0,0.0,0.0,—,,2.86,0.0,0.0,0.0,0.0,0.0,0.0,,,,,,,,,,,,,—,—,Consensus Alignment,—,—,99.0,,,1.0,0.0,0.0,0.0,0.0,0.0,0.0,0.0,0.0,0.0,0.0,0.0,—,—,,7.0,123.0,guy,1.6,Low (High Floor Alpha),0.0,0.0,,,,,,,0.0,Neutral,LAC,-0.035,0.38,2900.0,0.06,29.2,0.05,0.07,LAC,32.0,3.0,60.0,60.0,False,Mike McDaniel,91.9,15.0,26.7,3.0,35.4,11.0,0.663,High 21P,31.0,Zone,1.0,Very Condensed,28.0,Chew the Clock (High Scoring Offense + Elite Defense -> Run-Heavy Second Halves),LAC,9,18.72,81.28,30.0,-1.4,M.McDaniel,16,78.3,83.9,,0.5279,,,0.8297,,,,,,,,,,0,,,,,,,,,,,,,,,111.0,13.0,11.0,-2.0,0.875,13.1,7.3,83.6,95.9,98.1,126.6,18.0,TE44,44.0,125.1,48.6,2.86,9.0,WW,131.0,9.1,—,0,0,99,,—,44,TE44,124.0,-42.22,250,0.392,0.0,-4.6,-52.4,-11.4,-8.0,-8.0,174.4,126.6,47.8,47.8,174.4,126.6,ESPN,YAHOO,Severe Reach (Overpriced),71.91,-2.85,0.0,71.91,-42.22,-42.22,233,33,TE33,T8,1.0,-62.0,False,False,0.0,-0.8,71.91,0.0,0.0,0.0,0.0,0.0,0.0,0.0,0.0,0.0,0.0,0.0,Tier 12,179.0,13.0,37.0,24.0,⚡ High Variance (Boom/Bust Ceiling),24.0,Tier 6,13.0,37.0,24.0
Cam Ward,QB,TEN,154.0,197.5,QB25,21.0,30.0,1.58,4,9,3c76cab3-3df2-43dd-acaa-57e055bd32d0,9.8,16.0,cam ward,QB,TEN,QB_cam_ward_TEN,209.8,232.41,0.0,0.0,0.0,0.0,44.19,185.28,2.01,3587.56,19.87,10.42,233.0,QB27,234.54,29.0,177.8,199.5,209.4,197.5,197.5,Healthy,0,144.0,Neutral,Black,0.0,0.0,0.0,—,10.5,12.34,0.0,0.0,0.0,0.0,0.0,0.0,,,,,,,,,,,,,—,—,Consensus Alignment,—,—,99.0,🔥 Catalyst: Weapon Upgrades + O/S Top 100,,1.0,0.0,0.0,0.0,0.0,0.0,0.0,0.0,0.0,0.0,0.0,0.0,—,—,,5.0,,consensus,,,0.0,0.0,,,,,,,0.0,Neutral,TEN,-0.02,0.33,2550.0,0.01,29.0,0.03,-0.01,TEN,25.0,2.0,40.0,40.0,False,Brian Daboll,74.1,29.0,19.9,23.0,32.6,21.0,0.588,High 12P,12.0,Balanced,28.0,Very Spread,13.0,Slugfests (Low Scoring Offense + Elite Defense -> Low Over/Unders / Grinding Games),TEN,31,20.11,79.89,29.0,-1.4,B.Daboll,16,60.5,81.1,,,,,,,,,,,-1.0568,,,,0,,,,,,,,,,,,,,,,,,,,,,,,,,,QB29,29.0,213.7,209.8,12.34,8.0,WW,174.0,15.8,Weapon Upgrades + O/S Top 100,1,0,99,,—,29,QB29,272.9,-42.39,228,0.769,0.0,23.8,45.5,55.4,43.5,43.5,209.4,177.8,31.6,31.6,209.4,177.8,SLEEPER,ESPN,Screaming Steal (Huge Value),218.05,-6.8,-0.002,217.61,-42.39,-42.39,234,29,QB29,T8,1.0,-36.5,False,False,0.0,0.0,218.05,0.0,0.0,-0.2,0.0,0.0,0.0,0.0,6.0,0.0,0.0,0.0,Tier 12,154.0,21.0,30.0,9.0,⚡ High Variance (Boom/Bust Ceiling),25.0,Tier 6,21.0,30.0,9.0
Denzel Boston,WR,CLE,159.0,168.0,WR57,45.0,105.0,9.53,6,11,a17e4b32-20bb-4552-855e-0aa3cf0bafab,23.1,27.0,denzel boston,WR,CLE,WR_denzel_boston_CLE,86.5,152.2,82.194,58.71,746.53,3.49,1.0,5.0,0.0,0.0,0.0,0.0,126.0,WR54,139.0,20.0,184.8,131.4,147.8,168.0,168.0,Healthy,0,,Neutral,Black,0.0,0.0,0.0,—,,5.09,0.0,0.0,0.0,0.0,0.0,0.0,,,,,,,,,,,,,🎯 **Rookie Sleeper**,🤝 **Consensus High**,Consensus Alignment,Tier 14,Round 14+,14.0,39th pick promoted to 1st team; Puka Nacua play-style comp; Todd Monken starting X-receiver.,https://www.fantasypoints.com/nfl/articles/2026/mr-relevant-late-round-sleepers,1.0,0.0,1.0,0.0,0.0,0.0,0.0,0.0,0.0,0.0,0.0,0.0,,,,7.0,127.0,consensus,2.5,Medium,0.0,0.0,,,,,,,0.0,Neutral,CLE,0.0,0.16,1280.0,0.022,29.1,0.01,0.03,CLE,27.0,2.0,40.0,40.0,False,Todd Monken,70.9,32.0,24.1,10.0,32.8,18.0,0.579,"High 12P, 21P",30.0,Zone,16.0,Even,18.0,Slugfests (Low Scoring Offense + Elite Defense -> Low Over/Unders / Grinding Games),CLE,32,46.6,53.4,5.0,-3.2,T.Monken,16,,81.3,,,,,,,,,,,,,Denzel Boston,CLE,1,2.0,39.0,24.7,32.0,14.6,,,35.0,,212.0,7.3,58.3,,24.0,76.2,64.0,57.0,-7.0,0.822,13.0,5.56,59.3,57.7,39.7,131.4,59.0,WR71,71.0,165.2,86.5,5.09,12.0,$1,144.0,9.7,—,0,0,99,,—,72,WR72,158.5,-43.09,243,0.546,0.0,25.8,-27.6,-11.2,9.0,9.0,184.8,131.4,53.4,53.4,184.8,131.4,ESPN,YAHOO,Screaming Steal (Huge Value),97.05,-102.2,-0.014,95.69,-43.09,-43.09,235,68,WR68,T8,1.0,-67.0,False,False,4.0,-2.8,97.05,0.0,0.0,-1.4,0.0,0.0,0.0,0.0,0.0,0.0,0.0,0.0,Tier 12,159.0,45.0,105.0,60.0,⚡ High Variance (Boom/Bust Ceiling),57.0,Tier 8,45.0,105.0,60.0
Mason Taylor,TE,NYJ,281.0,252.0,TE32,25.0,48.0,4.34,5,13,07d2be51-73c2-4f26-81d5-bc6e9b88bff2,0.5,1.0,mason taylor,TE,NYJ,TE_mason_taylor_NYJ,69.6,101.26,64.61,46.15,405.91,2.46,0.0,0.0,0.0,0.0,0.0,0.0,298.0,TE35,71.61,29.0,257.0,254.5,247.0,252.0,252.0,Healthy,0,,Neutral,Black,0.0,0.0,0.0,—,,4.09,0.0,0.0,0.0,0.0,0.0,0.0,,,,,,,,,,,,,—,—,Consensus Alignment,—,—,99.0,,,1.0,0.0,0.0,0.0,0.0,0.0,0.0,0.0,0.0,0.0,0.0,0.0,—,—,,5.0,,consensus,,,0.0,0.0,,,,,,,0.0,Neutral,NYJ,0.015,0.21,1650.0,0.065,26.8,0.03,0.09,NYJ,17.0,3.0,60.0,60.0,False,Frank Reich,71.1,30.0,24.9,6.0,29.8,26.0,0.613,High 11P,10.0,Balanced,27.0,Spread,8.0,Balanced Environment,NYJ,17,23.57,76.43,27.0,-1.3,F.Reich,16,58.9,65.9,,0.9848,,,-0.4831,,,,,,,,,,0,,,,,,,,,,,,,,,,,,,,,,,,,,,TE33,33.0,224.3,69.6,4.09,7.0,$1,,,—,0,0,99,,—,32,TE32,124.0,-43.97,215,0.561,0.0,-24.0,-26.5,-34.0,-29.0,-29.0,257.0,247.0,10.0,10.0,257.0,247.0,ESPN,SLEEPER,Severe Reach (Overpriced),70.27,-1.35,-0.006,69.85,-43.97,-43.97,236,34,TE34,T8,1.0,16.0,False,False,0.0,0.0,70.27,0.0,0.0,-0.6,0.0,0.0,0.0,0.0,0.0,0.0,0.0,0.0,Tier 12,281.0,25.0,48.0,23.0,⚡ High Variance (Boom/Bust Ceiling),32.0,Tier 8,25.0,48.0,23.0
Michael Mayer,TE,LV,322.0,373.0,TE40,29.0,52.0,5.17,6,13,31f4645a-7ccb-4633-8580-2fca361beb4f,1.1,1.0,michael mayer,TE,LV,TE_michael_mayer_LV,73.9,90.01,56.013999999999996,40.01,376.31,2.1,0.0,0.0,0.0,0.0,0.0,0.0,327.0,TE44,59.02,29.0,380.5,376.7,365.5,373.0,373.0,Healthy,0,,Neutral,Black,0.0,0.0,0.0,—,,4.35,0.0,0.0,0.0,0.0,0.0,0.0,,,,,,,,,,,,,—,—,Consensus Alignment,—,—,99.0,,,1.0,0.0,0.0,0.0,0.0,0.0,0.0,0.0,0.0,0.0,0.0,0.0,—,—,,5.0,,consensus,,,0.0,0.0,,,,,,,0.0,Neutral,LV,-0.005,0.29,2250.0,0.015,28.5,-0.04,0.05,LV,28.0,2.5,50.0,50.0,False,Klint Kubiak,70.9,31.0,22.8,14.0,34.5,14.0,0.696,—,27.0,Zone,13.0,Even,19.0,Passing / Garbage Time (Low Scoring Offense + Bad Defense -> Trailing Game Scripts / Air Volume),LV,24,40.2,59.8,8.0,-4.3,K.Kubiak,16,68.1,89.6,,-0.8924,,,-0.088,,,,,,,,,,0,,,,,,,,,,,,,,,,,,,,,,,,,,,TE30,30.0,999.0,73.9,4.35,7.0,$1,,,—,0,0,99,,—,29,TE29,124.0,-45.09,203,0.596,0.0,58.5,54.7,43.5,51.0,51.0,380.5,365.5,15.0,15.0,380.5,365.5,ESPN,SLEEPER,Screaming Steal (Huge Value),68.94,-3.15,-0.006,68.53,-45.09,-45.09,237,35,TE35,T8,1.0,136.0,False,False,0.0,0.0,68.94,0.0,0.0,-0.6,0.0,0.0,0.0,0.0,0.0,0.0,0.0,0.0,Tier 12,322.0,29.0,52.0,23.0,⚡ High Variance (Boom/Bust Ceiling),40.0,Tier 8,29.0,52.0,23.0
Jauan Jennings,WR,MIN,162.0,184.5,WR62,46.0,88.0,9.15,6,6,3ae9f0fa-c711-4663-80cf-4707856c07aa,8.9,12.0,jauan jennings,WR,MIN,WR_jauan_jennings_MIN,92.6,134.07,68.236,48.74,557.66,5.17,0.0,0.0,0.0,0.0,0.0,0.0,197.0,WR73,104.26,29.0,188.2,126.9,180.8,184.5,184.5,Healthy,0,,Neutral,Black,0.0,0.0,0.0,—,,5.45,0.0,0.0,0.0,0.0,0.0,0.0,,,,,,,,,,,,,—,—,Consensus Alignment,—,—,99.0,,,1.0,0.0,0.0,0.0,0.0,0.0,0.0,0.0,0.0,0.0,0.0,0.0,—,—,,7.0,151.0,fade,4.2,High (Overpriced Bust Risk),0.0,0.0,,,,,,,0.0,Neutral,MIN,0.035,0.19,1580.0,0.085,27.1,-0.02,0.15,MIN,9.0,4.0,80.0,80.0,True,Kevin O'Connell,76.2,28.0,18.9,26.0,37.4,5.0,0.691,—,25.0,Balanced,23.0,Condensed,5.0,Shootouts (High Scoring Offense + Vulnerable Defense -> Max Fantasy Ceiling),MIN,12,31.97,68.03,18.0,1.4,K.O'Connell,16,72.7,89.4,-1.0901,0.6383,0.1129,0.8702,0.3038,-0.1575,,,,,,,,,0,,,,,,,,,,,,,,,92.0,54.0,56.0,2.0,0.948,13.9,6.89,90.5,82.1,65.5,126.9,48.0,WR66,66.0,196.2,92.6,5.45,12.0,$1,164.0,9.2,—,0,0,99,,—,66,WR66,158.5,-45.41,230,0.584,0.0,26.2,-35.1,18.8,22.5,22.5,188.2,126.9,61.3,61.3,188.2,126.9,ESPN,YAHOO,Screaming Steal (Huge Value),95.37,1.65,-0.021,93.37,-45.41,-45.41,238,69,WR69,T8,1.0,-53.5,False,False,0.0,0.8,95.37,0.0,0.0,-2.1,0.0,0.0,0.0,0.0,0.0,0.0,0.0,0.0,Tier 12,162.0,46.0,88.0,42.0,⚡ High Variance (Boom/Bust Ceiling),62.0,Tier 9,46.0,88.0,42.0
Zach Charbonnet,RB,SEA,143.0,132.0,RB47,36.0,77.0,7.03,6,11,7d7f1628-85a7-4633-9ffe-d82fc2761b00,53.7,55.0,zach charbonnet,RB,SEA,RB_zach_charbonnet_SEA,81.7,123.08,27.677999999999997,19.77,147.01,0.48,130.54,533.05,5.62,0.0,0.0,0.0,117.0,RB42,118.75,17.0,134.6,129.5,129.4,132.0,132.0,Healthy,0,128.0,Neutral,Black,0.0,0.0,0.0,—,10.4,4.81,0.0,0.0,0.0,0.0,0.0,0.0,,,,,,,,,,,,,—,—,Consensus Alignment,—,—,99.0,⭐ #9 Seahawks Offense Most Undervalued Asset,,1.0,0.0,0.0,0.0,0.0,0.0,0.0,0.0,0.0,0.0,0.0,0.0,—,—,,5.0,,consensus,,,0.0,0.0,,,,,,,0.0,Neutral,SEA,0.0,0.17,1340.0,0.058,28.0,0.02,0.08,SEA,10.0,3.5,70.0,70.0,False,Brian Fleury,96.6,11.0,26.4,4.0,32.9,17.0,0.774,—,16.0,Zone,4.0,Even,14.0,Chew the Clock (High Scoring Offense + Elite Defense -> Run-Heavy Second Halves),SEA,14,46.7,53.3,4.0,0.0,Unknown,16,75.4,87.8,,,,,,,0.8393,,,,,,,,0,,,,,,,,,,,,,,,118.4,33.0,44.0,11.0,0.947,15.6,9.03,133.6,115.0,110.8,129.5,47.0,RB50,50.0,143.3,81.7,4.81,12.0,$1,142.0,6.6,—,0,1,9,Seahawks,#9 Seahawks Offense - Most Undervalued Asset,50,RB50,181.3,-45.79,314,0.451,0.0,-8.4,-13.5,-13.6,-11.0,-11.0,134.6,129.4,5.2,5.2,134.6,129.4,ESPN,SLEEPER,Severe Reach (Overpriced),100.14,1.75,0.004,100.54,-45.79,-45.79,239,42,RB42,T8,1.0,-107.0,False,False,0.0,4.4,100.14,0.0,0.0,0.4,0.0,0.0,0.0,0.0,0.0,4.0,0.0,0.0,Tier 12,143.0,36.0,77.0,41.0,⚡ High Variance (Boom/Bust Ceiling),47.0,Tier 10,36.0,77.0,41.0
Tre' Harris,WR,LAC,168.0,210.0,WR65,49.0,99.0,9.12,7,7,a45328a1-7d0e-451a-8176-ea30f0e1c86f,4.3,6.0,tre harris,WR,LAC,WR_tre_harris_LAC,81.3,89.75,48.328,34.52,410.53,2.48,0.0,0.0,0.0,0.0,0.0,0.0,152.0,WR64,121.28,23.0,214.2,212.1,205.8,210.0,210.0,Healthy,0,,Neutral,Black,0.0,0.0,0.0,—,,4.78,0.0,0.0,0.0,0.0,0.0,0.0,,,,,,,,,,,,,—,—,Consensus Alignment,—,—,99.0,,,1.0,0.0,0.0,0.0,0.0,0.0,0.0,0.0,0.0,0.0,0.0,0.0,—,—,,5.0,,consensus,,,0.0,0.0,,,,,,,0.0,Neutral,LAC,-0.035,0.38,2900.0,0.06,29.2,0.05,0.07,LAC,32.0,3.0,60.0,60.0,False,Mike McDaniel,91.9,15.0,26.7,3.0,35.4,11.0,0.663,High 21P,31.0,Zone,1.0,Very Condensed,28.0,Chew the Clock (High Scoring Offense + Elite Defense -> Run-Heavy Second Halves),LAC,9,18.72,81.28,30.0,-1.4,M.McDaniel,16,75.0,94.6,,1.6704,,0.5958,-0.5324,-0.2342,,,,,,,,,0,,,,,,,,,,,,,,,85.4,59.0,71.0,12.0,0.904,14.3,6.19,79.9,83.4,59.9,,,WR75,75.0,230.6,81.3,4.78,13.0,$1,,,—,0,0,99,,—,77,WR77,158.5,-47.01,254,0.513,0.0,46.2,44.1,37.8,42.0,42.0,214.2,205.8,8.4,8.4,214.2,205.8,ESPN,SLEEPER,Screaming Steal (Huge Value),92.32,-2.85,-0.006,91.77,-47.01,-47.01,240,70,WR70,T8,1.0,-30.0,False,False,0.0,4.8,92.32,0.0,0.0,-0.6,0.0,0.0,0.0,0.0,0.0,0.0,0.0,0.0,Tier 12,168.0,49.0,99.0,50.0,⚡ High Variance (Boom/Bust Ceiling),65.0,Tier 9,49.0,99.0,50.0
Theo Johnson,TE,NYG,289.0,272.0,TE33,23.0,46.0,4.74,5,8,a5d4bb1d-c130-47c2-808a-2dd1f85005fb,0.8,1.0,theo johnson,TE,NYG,TE_theo_johnson_NYG,67.4,76.2,38.934,27.81,313.69,2.86,0.0,0.0,0.0,0.0,0.0,0.0,316.0,TE39,65.18,29.0,277.4,274.7,266.6,272.0,272.0,Healthy,0,,Neutral,Black,0.0,0.0,0.0,—,,3.96,0.0,0.0,0.0,0.0,0.0,0.0,,,,,,,,,,,,,—,—,Consensus Alignment,—,—,99.0,,,1.0,0.0,0.0,0.0,0.0,0.0,0.0,0.0,0.0,0.0,0.0,0.0,—,—,,5.0,,consensus,,,0.0,0.0,,,,,,,0.0,Neutral,NYG,-0.01,0.31,2350.0,-0.01,27.7,0.0,-0.02,NYG,18.0,3.0,60.0,60.0,True,Matt Nagy,89.6,19.0,24.1,12.0,32.6,21.0,0.558,—,21.0,Zone,17.0,Even,16.0,Shootouts (High Scoring Offense + Vulnerable Defense -> Max Fantasy Ceiling),NYG,18,38.25,61.75,12.0,1.3,M.Nagy,16,58.5,67.6,,0.3656,,,-0.232,,,,,,,,,,0,,,,,,,,,,,,,,,,,,,,,,,,,,,TE35,35.0,232.2,67.4,3.96,7.0,$1,,,—,0,0,99,,—,34,TE34,124.0,-47.02,218,0.544,0.0,-11.6,-14.3,-22.4,-17.0,-17.0,277.4,266.6,10.8,10.8,277.4,266.6,ESPN,SLEEPER,Severe Reach (Overpriced),66.66,-2.1,-0.006,66.26,-47.02,-47.02,241,36,TE36,T8,1.0,31.0,False,False,0.0,0.0,66.66,0.0,0.0,-0.6,0.0,0.0,0.0,0.0,0.0,0.0,0.0,0.0,Tier 12,289.0,23.0,46.0,23.0,⚡ High Variance (Boom/Bust Ceiling),33.0,Tier 8,23.0,46.0,23.0
Kayshon Boutte,WR,HOU,173.0,198.5,WR66,50.0,101.0,9.6,7,8,9c054866-5e6c-460b-9af3-ebf91e7d0a3e,7.7,8.0,kayshon boutte,WR,HOU,WR_kayshon_boutte_HOU,86.4,121.71,55.85999999999999,39.9,555.86,4.43,0.0,0.0,0.0,0.0,0.0,0.0,136.0,WR58,131.55,21.0,202.5,200.5,194.5,198.5,198.5,Healthy,0,,Neutral,Black,0.0,0.0,0.0,—,,5.08,0.0,0.0,0.0,0.0,0.0,0.0,,,,,,,,,,,,,—,—,Consensus Alignment,—,—,99.0,,,1.0,0.0,0.0,0.0,0.0,0.0,0.0,0.0,0.0,0.0,0.0,0.0,—,—,,5.0,,consensus,,,0.0,0.0,,,,,,,0.0,Neutral,HOU,0.042,0.24,1950.0,0.108,25.8,-0.01,0.18,HOU,29.0,3.0,60.0,60.0,False,Nick Caley,94.1,14.0,17.9,28.0,35.3,12.0,0.523,High 11P,16.0,Gap,14.0,Even,26.0,Slugfests (Low Scoring Offense + Elite Defense -> Low Over/Unders / Grinding Games),HOU,29,13.79,86.21,32.0,-0.5,N.Caley,16,68.9,63.0,-1.0231,0.6969,-0.6287,-0.2568,-0.0457,0.957,,,,,,,,,0,,,,,,,,,,,,,,,62.1,70.0,65.0,-5.0,0.765,11.6,4.72,41.9,45.4,47.2,,,WR72,72.0,239.8,86.4,5.08,12.0,$1,185.0,7.8,—,0,0,99,,—,73,WR73,158.5,-47.72,244,0.545,0.0,29.5,27.5,21.5,25.5,25.5,202.5,194.5,8.0,8.0,202.5,194.5,ESPN,SLEEPER,Screaming Steal (Huge Value),91.61,-2.54,-0.006,91.06,-47.72,-47.72,242,71,WR71,T8,1.0,-43.5,False,False,0.0,-2.0,91.61,0.0,0.0,-0.6,0.0,0.0,0.0,0.0,0.0,0.0,0.0,0.0,Tier 12,173.0,50.0,101.0,51.0,⚡ High Variance (Boom/Bust Ceiling),66.0,Tier 9,50.0,101.0,51.0
Darnell Washington,TE,PIT,320.0,286.0,TE39,27.0,49.0,5.08,6,9,1984b8b5-d206-4d6a-8204-c5dd0160e9f5,1.7,1.0,darnell washington,TE,PIT,TE_darnell_washington_PIT,64.5,74.1,42.924,30.66,329.1,1.97,0.0,0.0,0.0,0.0,0.0,0.0,314.0,TE38,65.78,29.0,291.7,288.9,280.3,286.0,286.0,Healthy,0,,Neutral,Black,0.0,0.0,0.0,—,,3.79,0.0,0.0,0.0,0.0,0.0,0.0,,,,,,,,,,,,,—,—,Consensus Alignment,—,—,99.0,,,1.0,0.0,0.0,0.0,0.0,0.0,0.0,0.0,0.0,0.0,0.0,0.0,—,—,,5.0,,consensus,,,0.0,0.0,,,,,,,0.0,Neutral,PIT,-0.05,0.28,2150.0,0.03,29.6,0.04,0.02,PIT,12.0,3.5,70.0,70.0,False,Mike McCarthy,90.1,17.0,18.0,27.0,46.2,1.0,0.691,—,1.0,Zone,25.0,Spread,9.0,Slugfests (Low Scoring Offense + Elite Defense -> Low Over/Unders / Grinding Games),PIT,19,41.2,58.8,6.0,4.6,M.McCarthy,16,75.1,78.8,,-0.1959,,,0.434,,,,,,,,,,0,,,,,,,,,,,,,,,,,,,,,,,,,,,TE38,38.0,999.0,64.5,3.79,8.0,WW,,,—,0,0,99,,—,37,TE37,124.0,-48.48,222,0.52,0.0,-28.3,-31.1,-39.7,-34.0,-34.0,291.7,280.3,11.4,11.4,291.7,280.3,ESPN,SLEEPER,Severe Reach (Overpriced),64.93,-2.1,-0.006,64.54,-48.48,-48.48,243,37,TE37,T8,1.0,43.0,False,False,0.0,0.0,64.93,0.0,0.0,-0.6,0.0,0.0,0.0,0.0,0.0,0.0,0.0,0.0,Tier 12,320.0,27.0,49.0,22.0,⚡ High Variance (Boom/Bust Ceiling),39.0,Tier 8,27.0,49.0,22.0
Cole Kmet,TE,CHI,333.0,290.0,TE44,32.0,56.0,4.64,6,10,036feeb6-9a22-43c5-a8e3-7ac611d8ff49,0.8,1.0,cole kmet,TE,CHI,TE_cole_kmet_CHI,65.0,66.84,36.722,26.23,274.05,2.22,0.0,0.0,0.0,0.0,0.0,0.0,320.0,TE40,61.1,29.0,295.8,292.9,284.2,290.0,290.0,Healthy,0,,Neutral,Black,0.0,0.0,0.0,—,,3.82,0.0,0.0,0.0,0.0,0.0,0.0,,,,,,,,,,,,,—,—,Consensus Alignment,—,—,99.0,,,1.0,0.0,0.0,0.0,0.0,0.0,0.0,0.0,0.0,0.0,0.0,0.0,—,—,,5.0,,consensus,,,0.0,0.0,,,,,,,0.0,Neutral,CHI,0.01,0.26,2020.0,0.048,27.6,0.01,0.07,CHI,3.0,4.0,80.0,80.0,False,Ben Johnson,98.3,8.0,29.3,1.0,37.2,7.0,0.63,High 12P,4.0,Zone,6.0,Even,11.0,Balanced Environment,CHI,4,41.16,58.84,7.0,-2.7,B.Johnson,16,65.9,72.3,,-0.2713,,,-0.3171,,,,,,,,,,0,,,,,,,,,,,,,,,,,,,,,,,,,,,TE37,37.0,999.0,65.0,3.82,7.0,WW,,,—,0,0,99,,—,36,TE36,124.0,-49.52,221,0.524,0.0,-37.2,-40.1,-48.8,-43.0,-43.0,295.8,284.2,11.6,11.6,295.8,284.2,ESPN,SLEEPER,Severe Reach (Overpriced),63.7,2.9,-0.006,63.32,-49.52,-49.52,244,38,TE38,T8,1.0,46.0,False,False,0.0,0.0,63.7,0.0,0.0,-0.6,0.0,0.0,0.0,0.0,0.0,0.0,0.0,0.0,Tier 12,333.0,32.0,56.0,24.0,⚡ High Variance (Boom/Bust Ceiling),44.0,Tier 8,32.0,56.0,24.0
Dawson Knox,TE,BUF,337.0,303.0,TE49,35.0,58.0,6.12,6,7,5fb525c5-4e70-4ede-8c49-94ad0cf66b7d,0.9,1.0,dawson knox,TE,BUF,TE_dawson_knox_BUF,65.2,79.21,40.10999999999999,28.65,331.67,2.92,0.0,0.0,0.0,0.0,0.0,0.0,322.0,TE41,60.39,29.0,309.1,306.0,296.9,303.0,303.0,Healthy,0,,Neutral,Black,0.0,0.0,0.0,—,,3.84,0.0,0.0,0.0,0.0,0.0,0.0,,,,,,,,,,,,,—,—,Consensus Alignment,—,—,99.0,,,1.0,0.0,0.0,0.0,0.0,0.0,0.0,0.0,0.0,0.0,0.0,0.0,—,—,,5.0,,consensus,,,0.0,0.0,,,,,,,0.0,Neutral,BUF,0.03,0.32,2450.0,0.155,26.9,0.08,0.2,BUF,2.0,4.5,90.0,90.0,True,Joe Brady,101.1,5.0,24.4,8.0,30.1,25.0,0.655,—,32.0,Gap,11.0,Very Spread,22.0,Shootouts (High Scoring Offense + Vulnerable Defense -> Max Fantasy Ceiling),BUF,7,23.56,76.44,28.0,-1.6,J.Brady,16,63.8,64.8,,-0.4917,,,-0.1102,,,,,,,,,,0,,,,,,,,,,,,,,,,,,,,,,,,,,,TE36,36.0,999.0,65.2,3.84,8.0,WW,,,—,0,0,99,,—,35,TE35,124.0,-49.61,220,0.526,0.0,-27.9,-31.0,-40.1,-34.0,-34.0,309.1,296.9,12.2,12.2,309.1,296.9,ESPN,SLEEPER,Severe Reach (Overpriced),63.6,4.7,-0.006,63.22,-49.61,-49.61,245,39,TE39,T8,1.0,58.0,False,False,0.0,0.0,63.6,0.0,0.0,-0.6,0.0,0.0,0.0,0.0,0.0,0.0,0.0,0.0,Tier 12,337.0,35.0,58.0,23.0,⚡ High Variance (Boom/Bust Ceiling),49.0,Tier 8,35.0,58.0,23.0
Justice Hill,RB,BAL,239.0,239.5,RB71,48.0,97.0,9.6,8,13,528e71ec-8fb3-4928-ace5-fc5ffbf26eb3,8.9,3.0,justice hill,RB,BAL,RB_justice_hill_BAL,96.7,112.1,45.80799999999999,32.72,283.43,1.84,56.4,273.71,2.18,0.0,0.0,0.0,156.0,RB50,95.89,23.0,244.3,229.9,234.7,239.5,239.5,Healthy,0,,Neutral,Black,0.0,0.0,0.0,—,,5.69,0.0,0.0,0.0,0.0,0.0,0.0,,,,,,,,,,,,,—,—,Consensus Alignment,—,—,99.0,,,1.0,0.0,0.0,0.0,0.0,0.0,0.0,0.0,0.0,0.0,0.0,0.0,—,—,,5.0,,consensus,,,0.0,0.0,,,,,,,0.0,Neutral,BAL,-0.045,0.15,1150.0,0.165,28.4,0.15,0.18,BAL,11.0,3.0,60.0,60.0,True,Declan Doyle,86.1,22.0,29.3,1.0,37.2,7.0,0.63,High 12P,8.0,Zone,6.0,Even,11.0,Chew the Clock (High Scoring Offense + Elite Defense -> Run-Heavy Second Halves),BAL,26,59.85,40.15,1.0,0.0,Unknown,16,82.3,70.2,,,,,,,0.8276,,,,,,,,0,,,,,,,,,,,,,,,,,,,,,,,,,,,RB44,44.0,999.0,96.7,5.69,10.0,$1,196.0,6.0,—,0,0,99,,—,44,RB44,181.3,-49.71,273,0.533,0.0,5.3,-9.1,-4.3,0.5,0.5,244.3,229.9,14.4,14.4,244.3,229.9,ESPN,YAHOO,Fair Market Value,96.43,0.92,0.002,96.62,-49.71,-49.71,246,43,RB43,T8,1.0,-6.5,False,False,3.0,0.0,96.43,0.0,0.0,0.2,0.0,0.0,0.0,0.0,0.0,0.0,0.0,0.0,Tier 12,239.0,48.0,97.0,49.0,⚡ High Variance (Boom/Bust Ceiling),71.0,Tier 10,48.0,97.0,49.0
Adonai Mitchell,WR,NYJ,158.0,202.5,WR60,47.0,86.0,7.89,6,13,190dbc97-2b7c-4023-b6b0-5729b854b60b,13.4,13.0,adonai mitchell,WR,NYJ,WR_adonai_mitchell_NYJ,95.7,114.2,55.916,39.94,550.53,3.31,2.09,5.09,0.06,0.0,0.0,0.0,200.0,WR75,100.83,29.0,206.6,204.5,198.4,202.5,202.5,Healthy,0,,Neutral,Black,0.0,0.0,0.0,—,,5.63,0.0,0.0,0.0,0.0,0.0,0.0,,,,,,,,,,,,,—,—,Consensus Alignment,—,—,99.0,,,1.0,0.0,0.0,0.0,0.0,0.0,0.0,0.0,0.0,0.0,0.0,0.0,—,—,,5.0,,consensus,,,0.0,0.0,,,,,,,0.0,Neutral,NYJ,0.015,0.21,1650.0,0.065,26.8,0.03,0.09,NYJ,17.0,3.0,60.0,60.0,False,Frank Reich,71.1,30.0,24.9,6.0,29.8,26.0,0.613,High 11P,10.0,Balanced,27.0,Spread,8.0,Balanced Environment,NYJ,17,23.57,76.43,27.0,-1.3,F.Reich,16,57.9,65.4,-0.333,-0.3325,0.0064,-0.6582,0.1148,-0.8838,,,,,,,,,0,,,,,,,,,,,,,,,65.8,68.0,64.0,-4.0,0.935,13.0,4.51,55.0,75.3,47.7,,,WR63,63.0,235.5,95.7,5.63,12.0,$1,169.0,8.6,—,0,0,99,,—,63,WR63,158.5,-49.81,226,0.604,0.0,48.6,46.5,40.4,44.5,44.5,206.6,198.4,8.2,8.2,206.6,198.4,ESPN,SLEEPER,Screaming Steal (Huge Value),89.51,-1.35,-0.006,88.97,-49.81,-49.81,247,72,WR72,T8,1.0,-44.5,False,False,0.0,-1.6,89.51,0.0,0.0,-0.6,0.0,0.0,0.0,0.0,0.0,0.0,0.0,0.0,Tier 12,158.0,47.0,86.0,39.0,⚡ High Variance (Boom/Bust Ceiling),60.0,Tier 9,47.0,86.0,39.0
Jordyn Tyson,WR,NO,133.0,117.0,WR54,33.0,88.0,10.11,6,8,5368ab1c-5463-4326-86c0-17c06bf51c9d,54.0,65.0,jordyn tyson,WR,NO,WR_jordyn_tyson_NO,84.0,106.78,52.906,37.79,529.1,2.85,1.0,3.5,0.0,0.0,0.0,0.0,144.0,WR61,107.97,21.0,128.7,94.4,103.0,117.0,117.0,Healthy,0,119.0,Neutral,Black,0.0,0.0,0.0,—,,4.94,0.0,0.0,0.0,0.0,0.0,0.0,,,,,,,,,,,,,🚫 **Overvalue / IR Stash**,🤝 **Consensus Overvalue (Injury)**,Consensus Alignment,Tier 14,Round 10/11,10.5,4th hamstring injury since Oct 2025; out 2 months until October; stash in IR spot only.,https://www.fantasypoints.com/nfl/articles/2026/players-to-avoid-and-overvalues,3.0,0.0,0.0,1.0,0.0,0.0,1.0,0.0,0.0,0.0,0.0,0.0,,,,5.0,70.0,guy,1.6,Low (High Floor Alpha),0.0,0.0,,,,,45.0,-0.25,-12.5,Cooling,NO,0.005,0.15,1150.0,0.035,28.2,-0.03,0.08,NO,30.0,3.0,60.0,60.0,True,Kellen Moore,85.7,23.0,22.1,18.0,35.8,10.0,0.663,High 11P,1.0,Zone,5.0,Even,27.0,Passing / Garbage Time (Low Scoring Offense + Bad Defense -> Trailing Game Scripts / Air Volume),NO,22,25.49,74.51,25.0,-2.3,K.Moore,16,,82.4,,,,,,,,,,,,,Jordyn Tyson,NOR,1,1.0,8.0,60.0,60.2,16.5,,,,,203.0,16.8,86.2,,79.0,87.8,57.0,30.0,-27.0,0.861,13.7,6.12,72.4,61.8,47.4,94.4,36.0,WR73,73.0,86.8,84.0,4.94,13.0,$1,123.0,10.4,—,0,0,99,,—,74,WR74,158.5,-50.11,247,0.53,0.0,-4.3,-38.6,-30.0,-16.0,-16.0,128.7,94.4,34.3,34.3,128.7,94.4,ESPN,YAHOO,Severe Reach (Overpriced),90.94,-1.65,-0.025,88.67,-50.11,-50.11,248,73,WR73,T8,3.0,-131.0,False,True,4.0,-6.0,90.94,0.0,-12.5,-2.5,0.0,0.0,0.0,0.0,0.0,0.0,0.0,0.0,Tier 12,133.0,33.0,88.0,55.0,⚡ High Variance (Boom/Bust Ceiling),54.0,Tier 8,33.0,88.0,55.0
Devaughn Vele,WR,NO,238.0,252.5,WR84,61.0,113.0,12.25,8,8,2a638f35-a80a-46db-9722-12b49d45ab52,6.5,2.0,devaughn vele,WR,NO,WR_devaughn_vele_NO,89.9,125.77,66.16399999999999,47.26,567.7,3.69,0.0,0.0,0.0,0.0,0.0,0.0,207.0,WR80,87.54,29.0,257.6,255.0,247.4,252.5,252.5,Healthy,0,,Neutral,Black,0.0,0.0,0.0,—,,5.29,0.0,0.0,0.0,0.0,0.0,0.0,,,,,,,,,,,,,—,—,Consensus Alignment,—,—,99.0,,,1.0,0.0,0.0,0.0,0.0,0.0,0.0,0.0,0.0,0.0,0.0,0.0,—,—,,5.0,,consensus,,,0.0,0.0,,,,,,,0.0,Neutral,NO,0.005,0.15,1150.0,0.035,28.2,-0.03,0.08,NO,30.0,3.0,60.0,60.0,True,Kellen Moore,85.7,23.0,22.1,18.0,35.8,10.0,0.663,High 11P,1.0,Zone,5.0,Even,27.0,Passing / Garbage Time (Low Scoring Offense + Bad Defense -> Trailing Game Scripts / Air Volume),NO,22,25.49,74.51,25.0,-2.3,K.Moore,16,70.5,59.6,0.2666,1.4969,-0.8924,-1.0692,-0.2065,0.0688,,,,,,,,,0,,,,,,,,,,,,,,,,,,,,,,,,,,,WR69,69.0,239.8,89.9,5.29,12.0,$1,171.0,8.5,—,0,0,99,,—,69,WR69,158.5,-50.2,236,0.567,0.0,19.6,17.0,9.4,14.5,14.5,257.6,247.4,10.2,10.2,257.6,247.4,ESPN,SLEEPER,Screaming Steal (Huge Value),89.11,-1.65,-0.006,88.58,-50.2,-50.2,249,74,WR74,T8,1.0,3.5,False,False,0.0,0.0,89.11,0.0,0.0,-0.6,0.0,0.0,0.0,0.0,0.0,0.0,0.0,0.0,Tier 12,238.0,61.0,113.0,52.0,⚡ High Variance (Boom/Bust Ceiling),84.0,Tier 9,61.0,113.0,52.0
Isiah Pacheco,RB,DET,150.0,158.5,RB52,41.0,69.0,5.83,6,6,3a25c037-fa30-4740-b742-ec8e4f1a2a25,39.1,26.0,isiah pacheco,RB,DET,RB_isiah_pacheco_DET,113.7,124.36,30.226,21.59,135.12,0.9,148.25,628.67,3.76,0.0,0.0,0.0,154.0,RB49,96.49,23.0,161.7,126.2,155.3,158.5,158.5,Healthy,0,136.0,Neutral,Black,0.0,0.0,0.0,—,6.2,6.69,0.0,0.0,0.0,0.0,0.0,0.0,,,,,,,,,,,,,🎯 **Contingent Stash**,🤝 **Consensus Stash**,Consensus Alignment,Tier 14,Round 15+,15.0,Handcuff for Jahmyr Gibbs on Vegas #3 scoring offense (David Montgomery gone).,https://www.fantasypoints.com/nfl/articles/2026/mr-relevant-late-round-sleepers,1.0,0.0,1.0,0.0,0.0,0.0,0.0,0.0,0.0,0.0,0.0,0.0,,,,7.0,149.0,consensus,2.5,Medium,0.0,0.0,,,,,36.0,-0.12,-6.0,Neutral,DET,0.018,0.09,720.0,0.16,26.4,0.11,0.19,DET,15.0,3.5,70.0,70.0,False,Drew Petzing,107.7,3.0,21.4,20.0,26.1,27.0,0.62,—,3.0,Gap,24.0,Even,11.0,Balanced Environment,DET,16,30.85,69.15,20.0,-1.1,D.Petzing,16,50.0,50.8,,,,,,,-1.1998,,,,,,,,0,,,,,,,,,,,,,,,62.5,54.0,60.0,6.0,0.915,11.5,5.15,54.0,61.6,55.3,126.2,46.0,RB39,39.0,185.1,113.7,6.69,10.0,$1,178.0,5.9,—,0,0,99,,—,39,RB39,181.3,-50.31,233,0.627,0.0,11.7,-23.8,5.3,8.5,8.5,161.7,126.2,35.5,35.5,161.7,126.2,ESPN,YAHOO,Screaming Steal (Huge Value),96.6,-1.02,-0.006,96.02,-50.31,-50.31,250,44,RB44,T8,1.0,-91.5,False,False,-3.0,2.4,96.6,0.0,-6.0,-0.6,0.0,0.0,0.0,0.0,0.0,0.0,0.0,0.0,Tier 12,150.0,41.0,69.0,28.0,⚡ High Variance (Boom/Bust Ceiling),52.0,Tier 10,41.0,69.0,28.0
Keaton Mitchell,RB,LAC,137.0,153.5,RB46,34.0,85.0,6.99,6,7,16341d80-f01f-11ed-97df-a94b89ac5704,15.4,37.0,keaton mitchell,RB,LAC,RB_keaton_mitchell_LAC,101.6,84.39,21.741999999999997,15.53,114.48,0.39,95.64,432.78,2.21,0.0,0.0,0.0,137.0,RB45,110.94,21.0,156.6,131.8,150.4,153.5,153.5,Healthy,0,131.0,Target (Green),Green,1.0,0.0,0.0,—,,5.98,0.0,0.0,0.0,0.0,0.0,0.0,,,,,,,,,,,,⚠️ Touch Vulture QB (Steals 30%+ GL Carries),—,—,Consensus Alignment,—,—,99.0,,,1.0,0.0,0.0,0.0,0.0,0.0,0.0,0.0,0.0,0.0,0.0,0.0,—,—,,5.0,,consensus,,,0.0,0.0,,,,,,,0.0,Neutral,LAC,-0.035,0.38,2900.0,0.06,29.2,0.05,0.07,LAC,32.0,3.0,60.0,60.0,False,Mike McDaniel,91.9,15.0,26.7,3.0,35.4,11.0,0.663,High 21P,31.0,Zone,1.0,Very Condensed,28.0,Chew the Clock (High Scoring Offense + Elite Defense -> Run-Heavy Second Halves),LAC,9,18.72,81.28,30.0,-1.4,M.McDaniel,16,77.8,80.0,,,,,,,0.1184,,,,,,,,0,,,,,,,,,,,,,,,62.7,53.0,59.0,6.0,0.871,11.7,5.15,52.4,43.6,36.2,131.8,53.0,RB43,43.0,182.0,101.6,5.98,10.0,$1,163.0,6.1,—,0,0,99,,—,43,RB43,181.3,-50.33,262,0.56,0.0,19.6,-5.2,13.4,16.5,16.5,156.6,131.8,24.8,24.8,156.6,131.8,ESPN,YAHOO,Screaming Steal (Huge Value),94.21,-1.73,0.019,96.0,-50.33,-50.33,251,45,RB45,T8,1.0,-97.5,False,False,0.0,2.4,94.21,0.0,0.0,1.9,0.0,0.0,0.0,0.0,0.0,0.0,12.0,0.0,Tier 12,137.0,34.0,85.0,51.0,⚡ High Variance (Boom/Bust Ceiling),46.0,Tier 10,34.0,85.0,51.0
Calvin Ridley,WR,TEN,184.0,185.5,WR72,52.0,112.0,10.38,7,9,926e2674-52d6-4cec-9991-46ee85cc8cfd,21.9,5.0,calvin ridley,WR,TEN,WR_calvin_ridley_TEN,90.9,148.13,65.35199999999999,46.68,762.41,3.19,4.55,27.55,0.63,0.0,0.0,0.0,194.0,WR70,105.26,29.0,189.2,187.4,181.8,185.5,185.5,Healthy,0,,Neutral,Black,0.0,0.0,0.0,—,,5.35,0.0,0.0,0.0,0.0,0.0,0.0,,,,,,,,,,,,,—,—,Consensus Alignment,—,—,99.0,,,1.0,0.0,0.0,0.0,0.0,0.0,0.0,0.0,0.0,0.0,0.0,0.0,—,—,,5.0,,consensus,,,0.0,0.0,,,,,,,0.0,Neutral,TEN,-0.02,0.33,2550.0,0.01,29.0,0.03,-0.01,TEN,25.0,2.0,40.0,40.0,False,Brian Daboll,74.1,29.0,19.9,23.0,32.6,21.0,0.588,High 12P,12.0,Balanced,28.0,Very Spread,13.0,Slugfests (Low Scoring Offense + Elite Defense -> Low Over/Unders / Grinding Games),TEN,31,20.11,79.89,29.0,-1.4,B.Daboll,16,69.2,73.4,-0.7177,-0.5234,-0.6649,-0.1787,0.5925,0.6252,,,,,,,,,0,,,,,,,,,,,,,,,69.7,67.0,72.0,5.0,0.835,11.3,6.36,59.9,69.9,53.7,,,WR68,68.0,253.2,90.9,5.35,12.0,$1,167.0,8.5,—,0,0,99,,—,68,WR68,158.5,-50.84,232,0.574,0.0,5.2,3.4,-2.2,1.5,1.5,189.2,181.8,7.4,7.4,189.2,181.8,ESPN,SLEEPER,Fair Market Value,89.19,-6.8,-0.014,87.94,-50.84,-50.84,252,75,WR75,T8,1.0,-66.5,False,False,0.0,2.0,89.19,0.0,0.0,-1.4,0.0,0.0,0.0,0.0,0.0,0.0,0.0,0.0,Tier 12,184.0,52.0,112.0,60.0,⚡ High Variance (Boom/Bust Ceiling),72.0,Tier 9,52.0,112.0,60.0
Woody Marks,RB,HOU,129.0,117.5,RB44,33.0,56.0,4.36,6,8,b900661b-b5df-47c8-819d-bb13b106a60b,59.6,38.0,woody marks,RB,HOU,RB_woody_marks_HOU,79.9,124.31,33.67,24.05,196.99,1.78,142.69,555.84,2.66,0.0,0.0,0.0,129.0,RB44,120.04,20.0,119.9,131.4,115.1,117.5,117.5,Healthy,0,126.0,Neutral,Black,0.0,0.0,0.0,—,9.8,4.7,0.0,0.0,0.0,0.0,0.0,0.0,,,,,,,,,,,,,—,—,Consensus Alignment,—,—,99.0,,,1.0,0.0,0.0,0.0,0.0,0.0,0.0,0.0,0.0,0.0,0.0,0.0,—,—,,7.0,143.0,consensus,2.5,Medium,0.0,0.0,,,,,,,0.0,Neutral,HOU,0.042,0.24,1950.0,0.108,25.8,-0.01,0.18,HOU,29.0,3.0,60.0,60.0,False,Nick Caley,94.1,14.0,17.9,28.0,35.3,12.0,0.523,High 11P,16.0,Gap,14.0,Even,26.0,Slugfests (Low Scoring Offense + Elite Defense -> Low Over/Unders / Grinding Games),HOU,29,13.79,86.21,32.0,-0.5,N.Caley,16,56.1,69.8,,,,,,,-1.137,,,,,,,,0,,,,,,,,,,,,,,,106.6,41.0,46.0,5.0,0.97,14.1,9.07,124.4,104.6,80.9,131.4,52.0,RB52,52.0,163.1,79.9,4.7,12.0,$1,136.0,7.4,—,0,0,99,,—,52,RB52,181.3,-51.07,320,0.441,0.0,-9.1,2.4,-13.9,-11.5,-11.5,131.4,115.1,16.3,16.3,131.4,115.1,YAHOO,SLEEPER,Severe Reach (Overpriced),96.61,-5.88,-0.014,95.26,-51.07,-51.07,253,46,RB46,T8,1.0,-135.5,False,True,0.0,2.0,96.61,0.0,0.0,-1.4,0.0,0.0,0.0,0.0,0.0,0.0,0.0,0.0,Tier 11,129.0,33.0,56.0,23.0,⚡ High Variance (Boom/Bust Ceiling),44.0,Tier 10,33.0,56.0,23.0
De'Zhaun Stribling,WR,SF,144.0,149.5,WR58,33.0,99.0,13.06,6,8,ca6fa516-adeb-4fd2-9408-17c9c2e38798,43.5,60.0,dezhaun stribling,WR,SF,WR_dezhaun_stribling_SF,79.3,160.46,75.55799999999999,53.97,798.99,4.74,1.5,6.5,0.0,0.0,0.0,0.0,202.0,WR76,98.66,29.0,164.5,151.0,131.6,149.5,149.5,Healthy,0,99.0,Target (Green),Green,1.0,0.0,0.0,—,,4.66,0.0,0.0,0.0,0.0,0.0,0.0,,,,,,,,,,,,,🎯 **#1 Rookie Sleeper WR**,🤝 **Consensus High**,Consensus Alignment,Tier 14,Round 12+,12.0,"6'2"" 207 4.36 speed; Ricky Pearsall season-ending surgery; 7/63 & 4/46 in preseason; Brock Purdy favorite.",https://www.fantasypoints.com/nfl/articles/2026/mr-relevant-late-round-sleepers,2.0,0.0,1.0,0.0,0.0,0.0,0.0,0.0,0.0,0.0,0.0,0.0,WR39,T11,,5.0,,consensus,,,0.0,0.0,,,,,,,0.0,Neutral,SF,-0.012,0.11,890.0,0.175,28.8,0.14,0.2,SF,6.0,4.0,80.0,80.0,False,Kyle Shanahan,100.9,6.0,26.4,4.0,32.9,17.0,0.774,High 21P,8.0,Zone,3.0,Most Condensed,14.0,Shootouts (High Scoring Offense + Vulnerable Defense -> Max Fantasy Ceiling),SF,6,48.24,51.76,3.0,-1.9,K.Shanahan,16,,76.1,,,,,,,,,,,,,De'Zhaun Stribling,SFO,1,2.0,33.0,15.1,35.8,11.2,,,,,,,,,,,,,,,,,,,,,,WR78,78.0,155.0,79.3,4.66,13.0,$1,87.0,11.9,—,0,0,99,,—,81,WR81,158.5,-51.4,259,0.5,0.0,20.5,7.0,-12.4,5.5,5.5,164.5,131.6,32.9,32.9,164.5,131.6,ESPN,SLEEPER,Value Target (Discounted),85.75,2.24,0.019,87.38,-51.4,-51.4,254,76,WR76,T8,2.0,-104.5,False,False,0.0,0.0,85.75,0.0,0.0,1.9,0.0,0.0,0.0,0.0,0.0,0.0,12.0,0.0,Tier 12,144.0,33.0,99.0,66.0,⚡ High Variance (Boom/Bust Ceiling),58.0,Tier 8,33.0,99.0,66.0
David Njoku,TE,LAC,229.0,184.0,TE30,17.0,49.0,5.33,4,7,8f86fcea-90e8-49ea-bc78-5c7659313e57,5.0,5.0,david njoku,TE,LAC,TE_david_njoku_LAC,55.6,107.41,59.205999999999996,42.29,396.58,4.29,0.0,0.0,0.0,0.0,0.0,0.0,305.0,TE36,69.55,29.0,187.7,185.8,180.3,184.0,184.0,Healthy,0,,Neutral,Black,0.0,0.0,0.0,—,,3.27,0.0,0.0,0.0,0.0,0.0,0.0,,,,,,,,,,,,,—,—,Consensus Alignment,—,—,99.0,,,1.0,0.0,0.0,0.0,0.0,0.0,0.0,0.0,0.0,0.0,0.0,0.0,—,—,,5.0,,consensus,,,0.0,0.0,,,,,28.0,-0.1,-5.0,Neutral,LAC,-0.035,0.38,2900.0,0.06,29.2,0.05,0.07,LAC,32.0,3.0,60.0,60.0,False,Mike McDaniel,91.9,15.0,26.7,3.0,35.4,11.0,0.663,High 21P,31.0,Zone,1.0,Very Condensed,28.0,Chew the Clock (High Scoring Offense + Elite Defense -> Run-Heavy Second Halves),LAC,9,18.72,81.28,30.0,-1.4,M.McDaniel,16,69.1,83.9,,0.2884,,,0.2699,,,,,,,,,,0,,,,,,,,,,,,,,,,,,,,,,,,,,,TE39,39.0,206.9,55.6,3.27,8.0,WW,,,—,0,0,99,,—,38,TE38,124.0,-52.44,234,0.448,0.0,-41.3,-43.2,-48.7,-45.0,-45.0,187.7,180.3,7.4,7.4,187.7,180.3,ESPN,SLEEPER,Severe Reach (Overpriced),60.25,-2.85,-0.006,59.89,-52.44,-52.44,255,40,TE40,T8,1.0,-71.0,False,False,0.0,0.0,60.25,0.0,-5.0,-0.6,0.0,0.0,0.0,0.0,0.0,0.0,0.0,0.0,Tier 12,229.0,17.0,49.0,32.0,⚡ High Variance (Boom/Bust Ceiling),30.0,Tier 7,17.0,49.0,32.0
Darren Waller,TE,CAR,317.0,345.0,TE41,22.0,50.0,6.8,6,5,14c97c9f-26e8-4944-9299-f90de6aeada3,2.5,2.0,darren waller,TE,CAR,TE_darren_waller_CAR,51.6,115.83,60.70399999999999,43.36,446.47,4.67,0.0,0.0,0.0,0.0,0.0,0.0,282.0,TE32,73.36,29.0,351.9,348.4,338.1,345.0,345.0,Healthy,0,,Neutral,Black,0.0,0.0,0.0,—,,3.04,0.0,0.0,0.0,0.0,0.0,0.0,,,,,,,,,,,,,—,—,Consensus Alignment,—,—,99.0,,,1.0,0.0,0.0,0.0,0.0,0.0,0.0,0.0,0.0,0.0,0.0,0.0,—,—,,5.0,,consensus,,,0.0,0.0,,,,,,,0.0,Neutral,CAR,-0.015,0.25,1900.0,-0.03,28.6,-0.01,-0.04,CAR,16.0,3.0,60.0,60.0,False,Dave Canales/Idzik,78.7,27.0,19.8,24.0,33.6,15.0,0.794,High 11P,22.0,Balanced,19.0,Spread,23.0,Passing / Garbage Time (Low Scoring Offense + Bad Defense -> Trailing Game Scripts / Air Volume),CAR,8,29.48,70.52,22.0,-2.0,D.Canales,16,81.1,79.8,,0.1917,,,0.9904,,,,,,,,,,0,,,,,,,,,,,,,,,,,,,,,,,,,,,TE42,42.0,999.0,51.6,3.04,9.0,WW,,,—,0,0,99,,—,42,TE42,124.0,-53.22,245,0.416,0.0,34.9,31.4,21.1,28.0,28.0,351.9,338.1,13.8,13.8,351.9,338.1,ESPN,SLEEPER,Screaming Steal (Huge Value),58.85,-0.25,0.002,58.97,-53.22,-53.22,256,41,TE41,T8,1.0,89.0,False,False,3.0,0.0,58.85,0.0,0.0,0.2,0.0,0.0,0.0,0.0,0.0,0.0,0.0,0.0,Tier 12,317.0,22.0,50.0,28.0,⚡ High Variance (Boom/Bust Ceiling),41.0,Tier 8,22.0,50.0,28.0
Erick All Jr.,TE,CIN,329.0,500.0,TE47,27.0,62.0,7.45,6,6,5523779b-db60-4158-b232-8391bc7db65b,0.2,0.0,erick all,TE,CIN,TE_erick_all_CIN,55.57599999999999,68.71,42.657999999999994,30.47,268.12,1.94,0.0,0.0,0.0,0.0,0.0,0.0,324.0,TE43,60.42,29.0,335.6,332.3,322.4,329.0,329.0,Healthy,0,,Neutral,Black,0.0,0.0,0.0,—,,3.3,0.0,0.0,0.0,0.0,0.0,0.0,,,,,,,,,,,,,—,—,Consensus Alignment,—,—,99.0,,,1.0,0.0,0.0,0.0,0.0,0.0,0.0,0.0,0.0,0.0,0.0,0.0,—,—,,5.0,,consensus,,,0.0,0.0,,,,,,,0.0,Neutral,CIN,0.05,0.18,1420.0,0.125,25.2,0.01,0.21,CIN,19.0,3.0,60.0,60.0,False,Zac Taylor,98.6,7.0,22.5,15.0,42.5,3.0,0.751,—,11.0,Gap,20.0,Very Spread,15.0,Shootouts (High Scoring Offense + Vulnerable Defense -> Max Fantasy Ceiling),CIN,28,31.69,68.31,19.0,3.6,Z.Taylor,16,,77.0,,,,,,,,,,,,,,,0,,,,,,,,,,,,,,,,,,,,,,,,,,,,,,,,,,,,—,0,0,99,,—,39,TE39,124.0,-54.34,235,0.448,0.0,6.6,3.3,-6.6,0.0,171.0,335.6,322.4,13.2,13.2,335.6,322.4,ESPN,SLEEPER,Screaming Steal (Huge Value),58.0,-2.3,-0.006,57.65,-54.34,-54.34,257,42,TE42,T8,1.0,243.0,False,False,0.0,0.0,58.0,0.0,0.0,-0.6,0.0,0.0,0.0,0.0,0.0,0.0,0.0,0.0,Tier 12,329.0,27.0,62.0,35.0,⚡ High Variance (Boom/Bust Ceiling),47.0,Tier 8,27.0,62.0,35.0
Noah Gray,TE,KC,346.0,352.0,TE50,36.0,61.0,5.43,6,5,c97dfcb6-b999-476f-8487-f3848e92df17,0.3,0.0,noah gray,TE,KC,TE_noah_gray_KC,48.3,51.0,29.483999999999995,21.06,211.97,1.48,0.0,0.0,0.0,0.0,0.0,0.0,288.0,TE34,75.88,29.0,359.0,355.5,345.0,352.0,352.0,Healthy,0,,Neutral,Black,0.0,0.0,0.0,—,,2.84,0.0,0.0,0.0,0.0,0.0,0.0,,,,,,,,,,,,,—,—,Consensus Alignment,—,—,99.0,,,1.0,0.0,0.0,0.0,0.0,0.0,0.0,0.0,0.0,0.0,0.0,0.0,—,—,,5.0,,consensus,,,0.0,0.0,,,,,,,0.0,Neutral,KC,0.068,0.145,1250.0,0.142,26.5,0.02,0.22,KC,22.0,3.0,60.0,60.0,False,Andy Reid,89.6,19.0,22.0,19.0,33.2,16.0,0.546,—,9.0,Zone,22.0,Condensed,6.0,Chew the Clock (High Scoring Offense + Elite Defense -> Run-Heavy Second Halves),KC,21,38.45,61.55,11.0,6.4,A.Reid,16,65.1,65.0,,1.0496,,,-0.5607,,,,,,,,,,0,,,,,,,,,,,,,,,,,,,,,,,,,,,TE45,45.0,999.0,48.3,2.84,9.0,WW,,,—,0,0,99,,—,45,TE45,124.0,-54.77,251,0.39,0.0,13.0,9.5,-1.0,6.0,6.0,359.0,345.0,14.0,14.0,359.0,345.0,ESPN,SLEEPER,Screaming Steal (Huge Value),57.49,0.24,-0.006,57.15,-54.77,-54.77,258,43,TE43,T8,1.0,94.0,False,False,0.0,0.0,57.49,0.0,0.0,-0.6,0.0,0.0,0.0,0.0,0.0,0.0,0.0,0.0,Tier 12,346.0,36.0,61.0,25.0,⚡ High Variance (Boom/Bust Ceiling),50.0,Tier 8,36.0,61.0,25.0
Malachi Fields,WR,NYG,241.0,223.5,WR91,56.0,165.0,13.61,8,8,ed9f9d96-d1e5-43bd-ac69-cbd29bb0b9bb,2.3,4.0,malachi fields,WR,NYG,WR_malachi_fields_NYG,76.0,68.38,36.806,26.29,321.26,1.75,0.0,0.0,0.0,0.0,0.0,0.0,204.0,WR78,97.55,29.0,245.9,225.7,196.7,223.5,223.5,Healthy,0,,Neutral,Black,0.0,0.0,0.0,—,,4.47,0.0,0.0,0.0,0.0,0.0,0.0,,,,,,,,,,,,,—,—,Consensus Alignment,—,—,99.0,,,1.0,0.0,0.0,0.0,0.0,0.0,0.0,0.0,0.0,0.0,0.0,0.0,—,—,,5.0,,consensus,,,0.0,0.0,,,,,,,0.0,Neutral,NYG,-0.01,0.31,2350.0,-0.01,27.7,0.0,-0.02,NYG,18.0,3.0,60.0,60.0,True,Matt Nagy,89.6,19.0,24.1,12.0,32.6,21.0,0.558,—,21.0,Zone,17.0,Even,16.0,Shootouts (High Scoring Offense + Vulnerable Defense -> Max Fantasy Ceiling),NYG,18,38.25,61.75,12.0,1.3,M.Nagy,16,,72.9,,,,,,,,,,,,,Malachi Fields,NYG,1,3.0,74.0,25.9,22.2,16.2,96.5,4.61,38.0,124.0,218.0,13.0,53.4,33.0,63.0,,,,,,,,,,,,,WR80,80.0,226.4,76.0,4.47,13.0,WW,186.0,7.6,—,0,0,99,,—,84,WR84,158.5,-56.1,268,0.479,0.0,4.9,-15.3,-44.3,-17.5,-17.5,245.9,196.7,49.2,49.2,245.9,196.7,ESPN,SLEEPER,Severe Reach (Overpriced),83.18,-2.1,-0.006,82.68,-56.1,-56.1,259,77,WR77,T8,1.0,-35.5,False,False,0.0,0.0,83.18,0.0,0.0,-0.6,0.0,0.0,0.0,0.0,0.0,0.0,0.0,0.0,Tier 12,241.0,56.0,165.0,109.0,⚡ High Variance (Boom/Bust Ceiling),91.0,Tier 9,56.0,165.0,109.0
Tyler Higbee,TE,LAR,343.0,335.0,TE43,32.0,67.0,6.46,6,11,0df7912d-9e81-47ea-b4f7-d04986df4ee8,0.4,1.0,tyler higbee,TE,LAR,TE_tyler_higbee_LAR,53.7,69.16,35.126,25.09,296.47,2.42,0.0,0.0,0.0,0.0,0.0,0.0,323.0,TE42,59.91,29.0,341.7,338.4,328.3,335.0,335.0,Healthy,0,,Neutral,Black,0.0,0.0,0.0,—,,3.16,0.0,0.0,0.0,0.0,0.0,0.0,,,,,,,,,,,,,—,—,Consensus Alignment,—,—,99.0,,,1.0,0.0,0.0,0.0,0.0,0.0,0.0,0.0,0.0,0.0,0.0,0.0,—,—,,5.0,,consensus,,,0.0,0.0,,,,,,,0.0,Neutral,LAR,0.008,0.14,1120.0,0.095,27.4,0.04,0.13,LAR,1.0,4.5,90.0,90.0,False,Sean McVay,113.3,1.0,19.8,24.0,42.8,2.0,0.759,High 13P,6.0,Gap,4.0,Very Condensed,21.0,Chew the Clock (High Scoring Offense + Elite Defense -> Run-Heavy Second Halves),LAR,3,40.06,59.94,9.0,0.3,S.McVay,16,66.2,88.1,,-0.344,,,0.3526,,,,,,,,,,0,,,,,,,,,,,,,,,,,,,,,,,,,,,TE41,41.0,999.0,53.7,3.16,8.0,WW,,,—,0,0,99,,—,41,TE41,124.0,-56.22,239,0.433,0.0,-1.3,-4.6,-14.7,-8.0,-8.0,341.7,328.3,13.4,13.4,341.7,328.3,ESPN,SLEEPER,Severe Reach (Overpriced),55.77,4.04,-0.006,55.44,-56.22,-56.22,260,44,TE44,T8,1.0,75.0,False,False,0.0,0.0,55.77,0.0,0.0,-0.6,0.0,0.0,0.0,0.0,0.0,0.0,0.0,0.0,Tier 12,343.0,32.0,67.0,35.0,⚡ High Variance (Boom/Bust Ceiling),43.0,Tier 8,32.0,67.0,35.0
Jordan Mason,RB,MIN,103.0,98.5,RB37,26.0,47.0,4.32,5,6,af9f7390-ca80-11ec-97ae-e1573849d1a6,61.3,80.0,jordan mason,RB,MIN,RB_jordan_mason_MIN,68.4,145.22,20.258,14.47,75.79,0.11,192.78,878.7,6.13,0.0,0.0,0.0,103.0,RB37,145.18,16.0,100.5,115.9,96.5,98.5,98.5,Healthy,0,94.0,Neutral,Black,0.0,0.0,0.0,Fool's Gold,5.8,4.02,0.0,0.0,0.0,0.0,0.0,0.0,,,,35.0,38.0,Handcuff,,,,,,🏆 RB's Dream QB (High Checkdowns / No GL Vultures),🎯 **Target / Value**,🤝 **Consensus Target**,Consensus Alignment,Tier 14,Round 11 (11.01),11.01,"4.77 YPC (15th), 13th in explosive run rate (higher than Bijan Robinson); healthy Minnesota OL; 200+ touches.",https://www.fantasypoints.com/nfl/articles/2026/the-gurus-2026-fantasy-football-draft-plan,2.0,0.0,1.0,0.0,0.0,0.0,0.0,0.0,0.0,0.0,0.0,0.0,,,,7.0,119.0,consensus,2.5,Medium,0.0,0.0,,,,,,,0.0,Neutral,MIN,0.035,0.19,1580.0,0.085,27.1,-0.02,0.15,MIN,9.0,4.0,80.0,80.0,True,Kevin O'Connell,76.2,28.0,18.9,26.0,37.4,5.0,0.691,—,25.0,Balanced,23.0,Condensed,5.0,Shootouts (High Scoring Offense + Vulnerable Defense -> Max Fantasy Ceiling),MIN,12,31.97,68.03,18.0,1.4,K.O'Connell,16,67.7,62.5,,,,,,,0.3481,,,,,,,,0,,,,,,,,,,,,,,,86.8,45.0,48.0,3.0,0.936,13.8,5.97,76.8,81.7,33.6,115.9,38.0,RB56,56.0,117.4,68.4,4.02,13.0,$1,94.0,10.0,—,0,0,99,,—,56,RB56,181.3,-56.53,342,0.377,0.0,-2.5,12.9,-6.5,-4.5,-4.5,115.9,96.5,19.4,19.4,115.9,96.5,YAHOO,SLEEPER,Overpriced Fade,92.2,0.22,-0.026,89.8,-56.53,-56.53,261,47,RB47,T8,2.0,-162.5,False,True,0.0,1.2,92.2,0.0,0.0,-2.6,0.0,0.0,0.0,0.0,0.0,0.0,0.0,-5.0,Tier 10,103.0,26.0,47.0,21.0,⚡ High Variance (Boom/Bust Ceiling),37.0,Tier 9,26.0,47.0,21.0
Chris Rodriguez Jr.,RB,JAC,121.0,140.0,RB42,32.0,62.0,4.49,6,7,ae5c4758-cb53-4f17-8763-b91381036af3,22.0,52.0,chris rodriguez,RB,JAX,RB_chris_rodriguez_JAX,72.4,95.59,7.518,5.37,42.83,0.05,135.5,560.76,5.14,0.0,0.0,0.0,139.0,RB46,110.28,21.0,142.8,131.8,137.2,140.0,140.0,Healthy,0,117.0,Neutral,Black,0.0,0.0,0.0,—,,4.26,0.0,0.0,0.0,0.0,0.0,0.0,,,,,,,,,,,,,🎯 **Goal-Line Stash**,🤝 **Consensus Stash**,Consensus Alignment,Tier 14,Round 14 (14.05),14.05,"Liam Coen college connection; 1st in YAC/att, 2nd in success rate, 3rd in EPA/run of 67 qualifying RBs; goal-line vulture.",https://www.fantasypoints.com/nfl/articles/2026/the-gurus-2026-fantasy-football-draft-plan,1.0,0.0,1.0,0.0,0.0,0.0,0.0,0.0,0.0,0.0,0.0,0.0,,,,7.0,125.0,consensus,2.5,Medium,0.0,0.0,,,,,,,0.0,Neutral,JAX,0.015,0.28,2100.0,0.052,27.9,-0.02,0.1,JAX,7.0,4.0,80.0,80.0,True,Liam Coen,97.4,9.0,26.0,5.0,37.0,8.0,0.616,High 11P,21.0,Balanced,7.0,Condensed,1.0,Shootouts (High Scoring Offense + Vulnerable Defense -> Max Fantasy Ceiling),JAX,23,24.71,75.29,26.0,0.9,L.Coen,16,69.8,78.1,,,,,,,0.4184,,,,,,,,0,,,,,,,,,,,,,,,106.2,43.0,57.0,14.0,0.964,14.3,8.75,120.5,78.6,58.6,131.8,53.0,RB54,54.0,142.1,72.4,4.26,13.0,WW,126.0,8.0,—,0,0,99,,—,54,RB54,181.3,-56.55,333,0.399,0.0,21.8,10.8,16.2,19.0,19.0,142.8,131.8,11.0,11.0,142.8,131.8,ESPN,YAHOO,Screaming Steal (Huge Value),90.32,0.53,-0.006,89.78,-56.55,-56.55,262,48,RB48,T8,1.0,-122.0,False,False,0.0,5.6,90.32,0.0,0.0,-0.6,0.0,0.0,0.0,0.0,0.0,0.0,0.0,0.0,Tier 11,121.0,32.0,62.0,30.0,⚡ High Variance (Boom/Bust Ceiling),42.0,Tier 10,32.0,62.0,30.0
Dylan Sampson,RB,CLE,146.0,174.5,RB49,39.0,65.0,5.07,6,11,6ea71d26-623a-4178-a93a-215678244902,9.4,15.0,dylan sampson,RB,CLE,RB_dylan_sampson_CLE,93.4,108.73,50.792,36.28,285.14,2.07,74.2,257.2,1.36,0.0,0.0,0.0,174.0,RB55,89.24,28.0,178.0,167.5,171.0,174.5,174.5,Healthy,0,,Neutral,Black,0.0,0.0,0.0,—,,5.49,0.0,0.0,0.0,0.0,0.0,0.0,,,,,,,,,,,,,🎯 **PPR Sleeper**,🤝 **Consensus Sleeper**,Consensus Alignment,Tier 14,Round 15+,15.0,33/271/2 rec at age 21; Todd Monken Justice Hill role; Quinshon Judkins leg recovery.,https://www.fantasypoints.com/nfl/articles/2026/mr-relevant-late-round-sleepers,1.0,0.0,1.0,0.0,0.0,0.0,0.0,0.0,0.0,0.0,0.0,0.0,,,,5.0,,consensus,,,0.0,0.0,,,,,,,0.0,Neutral,CLE,0.0,0.16,1280.0,0.022,29.1,0.01,0.03,CLE,27.0,2.0,40.0,40.0,False,Todd Monken,70.9,32.0,24.1,10.0,32.8,18.0,0.579,"High 12P, 21P",30.0,Zone,16.0,Even,18.0,Slugfests (Low Scoring Offense + Elite Defense -> Low Over/Unders / Grinding Games),CLE,32,46.6,53.4,5.0,-3.2,T.Monken,16,,84.0,,,,,,,,,,,,,,,0,,,,,,,,,,,,,,,80.8,47.0,53.0,6.0,0.85,12.8,8.03,87.6,66.6,56.7,,,RB45,45.0,190.3,93.4,5.49,10.0,$1,182.0,6.1,—,0,0,99,,—,45,RB45,181.3,-56.94,282,0.515,0.0,32.0,21.5,25.0,28.5,28.5,178.0,167.5,10.5,10.5,178.0,167.5,ESPN,YAHOO,Screaming Steal (Huge Value),89.21,42.25,0.002,89.39,-56.94,-56.94,263,49,RB49,T8,1.0,-88.5,False,False,4.0,2.4,89.21,0.0,0.0,0.2,0.0,0.0,0.0,0.0,0.0,0.0,0.0,0.0,Tier 12,146.0,39.0,65.0,26.0,⚡ High Variance (Boom/Bust Ceiling),49.0,Tier 10,39.0,65.0,26.0
Tyquan Thornton,WR,KC,268.0,413.0,WR92,61.0,132.0,11.06,8,5,74cda487-2026-42e0-ae32-77f3502cfb11,1.0,1.0,tyquan thornton,WR,KC,WR_tyquan_thornton_KC,69.2,92.96,35.616,25.44,467.54,3.5,0.0,0.0,0.0,0.0,0.0,0.0,196.0,WR72,104.4,29.0,421.3,417.1,404.7,413.0,413.0,Healthy,0,,Neutral,Black,0.0,0.0,0.0,—,,4.07,0.0,0.0,0.0,0.0,0.0,0.0,,,,,,,,,,,,,—,—,Consensus Alignment,—,—,99.0,,,1.0,0.0,0.0,0.0,0.0,0.0,0.0,0.0,0.0,0.0,0.0,0.0,—,—,,5.0,,consensus,,,0.0,0.0,,,,,,,0.0,Neutral,KC,0.068,0.145,1250.0,0.142,26.5,0.02,0.22,KC,22.0,3.0,60.0,60.0,False,Andy Reid,89.6,19.0,22.0,19.0,33.2,16.0,0.546,—,9.0,Zone,22.0,Condensed,6.0,Chew the Clock (High Scoring Offense + Elite Defense -> Run-Heavy Second Halves),KC,21,38.45,61.55,11.0,6.4,A.Reid,16,73.7,68.2,,-0.2803,,-1.3427,0.5583,0.3907,,,,,,,,,0,,,,,,,,,,,,,,,,,,,,,,,,,,,WR86,86.0,999.0,69.2,4.07,14.0,WW,,,—,0,0,99,,—,94,WR94,158.5,-58.34,285,0.437,0.0,153.3,149.1,136.7,145.0,145.0,421.3,404.7,16.6,16.6,421.3,404.7,ESPN,SLEEPER,Screaming Steal (Huge Value),80.93,0.24,-0.006,80.44,-58.34,-58.34,264,78,WR78,T8,1.0,149.0,False,False,0.0,0.0,80.93,0.0,0.0,-0.6,0.0,0.0,0.0,0.0,0.0,0.0,0.0,0.0,Tier 12,268.0,61.0,132.0,71.0,⚡ High Variance (Boom/Bust Ceiling),92.0,Tier 9,61.0,132.0,71.0
Pat Bryant,WR,DEN,176.0,250.0,WR69,51.0,107.0,9.54,7,10,2858209e-4aa7-4539-9901-99a4d881229c,2.2,5.0,pat bryant,WR,DEN,WR_pat_bryant_DEN,73.1,72.58,39.745999999999995,28.39,320.49,2.12,0.0,0.0,0.0,0.0,0.0,0.0,195.0,WR71,105.01,29.0,255.0,252.5,245.0,250.0,250.0,Healthy,0,,Neutral,Black,0.0,0.0,0.0,—,,4.3,0.0,0.0,0.0,0.0,0.0,0.0,,,,,,,,,,,,,—,—,Consensus Alignment,—,—,99.0,,,1.0,0.0,0.0,0.0,0.0,0.0,0.0,0.0,0.0,0.0,0.0,0.0,—,—,,5.0,,consensus,,,0.0,0.0,,,,,,,0.0,Neutral,DEN,-0.018,0.27,2100.0,0.02,28.9,0.01,0.03,DEN,4.0,5.0,100.0,100.0,True,Sean Payton/Webb,94.5,13.0,24.2,9.0,32.6,21.0,0.563,—,7.0,Gap,26.0,Most Spread,2.0,Balanced Environment,DEN,1,17.22,82.78,31.0,1.7,S.Payton,16,74.1,80.7,-0.8547,0.8344,0.4568,1.493,-0.1454,1.414,,,,,,,,,0,,,,,,,,,,,,,,,71.2,66.0,68.0,2.0,0.931,11.7,5.31,57.8,67.7,49.4,,,WR83,83.0,1180.0,73.1,4.3,13.0,WW,,,—,0,0,99,,—,89,WR89,158.5,-58.66,276,0.461,0.0,79.0,76.5,69.0,74.0,74.0,255.0,245.0,10.0,10.0,255.0,245.0,ESPN,SLEEPER,Screaming Steal (Huge Value),80.6,4.46,-0.006,80.12,-58.66,-58.66,265,79,WR79,T8,1.0,-15.0,False,False,0.0,0.8,80.6,0.0,0.0,-0.6,0.0,0.0,0.0,0.0,0.0,0.0,0.0,0.0,Tier 12,176.0,51.0,107.0,56.0,⚡ High Variance (Boom/Bust Ceiling),69.0,Tier 9,51.0,107.0,56.0
Tyler Allgeier,RB,ARI,128.0,124.0,RB43,35.0,57.0,3.65,6,14,f4529909-1a02-4f4b-a1f3-315cad100683,26.7,42.0,tyler allgeier,RB,ARI,RB_tyler_allgeier_ARI,85.1,98.53,23.87,17.05,110.88,0.2,111.68,425.33,4.66,0.0,0.0,0.0,143.0,RB47,106.59,21.0,126.5,129.9,121.5,124.0,124.0,Healthy,0,129.0,Neutral,Black,0.0,0.0,0.0,—,6.6,5.01,0.0,0.0,0.0,0.0,0.0,0.0,,,,,,,,,,,,,—,—,Consensus Alignment,—,—,99.0,,,1.0,0.0,0.0,0.0,0.0,0.0,0.0,0.0,0.0,0.0,0.0,0.0,—,—,,5.0,,consensus,,,0.0,0.0,,,,,,,0.0,Neutral,ARI,0.005,0.22,1750.0,0.072,25.5,0.05,0.08,ARI,23.0,3.0,60.0,60.0,False,Mike LaFleur,95.6,12.0,20.8,21.0,32.7,19.0,0.596,—,5.0,Gap,9.0,Condensed,10.0,Passing / Garbage Time (Low Scoring Offense + Bad Defense -> Trailing Game Scripts / Air Volume),ARI,20,39.57,60.43,10.0,-1.1,M.LaFleur,16,70.2,,,,,,,,0.4098,,,,,,,,0,,,,,,,,,,,,,,,75.4,49.0,38.0,-11.0,0.93,14.6,6.18,84.0,77.6,38.4,129.9,48.0,RB47,47.0,145.7,85.1,5.01,12.0,$1,127.0,7.3,—,0,0,99,,—,47,RB47,181.3,-58.81,305,0.469,0.0,-1.5,1.9,-6.5,-4.0,-4.0,129.9,121.5,8.4,8.4,129.9,121.5,YAHOO,SLEEPER,Overpriced Fade,88.05,-2.33,-0.006,87.52,-58.81,-58.81,266,50,RB50,T8,1.0,-142.0,False,False,0.0,-4.4,88.05,0.0,0.0,-0.6,0.0,0.0,0.0,0.0,0.0,0.0,0.0,0.0,Tier 11,128.0,35.0,57.0,22.0,⚡ High Variance (Boom/Bust Ceiling),43.0,Tier 10,35.0,57.0,22.0
Omar Cooper Jr.,WR,NYJ,178.0,201.0,WR67,53.0,115.0,11.55,7,13,72594204-b4a9-4f08-907d-029d8a425ddb,9.5,10.0,omar cooper,WR,NYJ,WR_omar_cooper_NYJ,79.3,103.12,53.815999999999995,38.44,458.0,3.11,2.09,12.49,0.06,0.0,0.0,0.0,217.0,WR87,81.16,29.0,221.1,130.0,176.9,201.0,201.0,Healthy,0,,Neutral,Black,0.0,0.0,0.0,—,,4.66,0.0,0.0,0.0,0.0,0.0,0.0,,,,,,,,,,,,,—,—,Consensus Alignment,—,—,99.0,,,1.0,0.0,0.0,0.0,0.0,0.0,0.0,0.0,0.0,0.0,0.0,0.0,—,—,,5.0,,consensus,,,0.0,0.0,,,,,,,0.0,Neutral,NYJ,0.015,0.21,1650.0,0.065,26.8,0.03,0.09,NYJ,17.0,3.0,60.0,60.0,False,Frank Reich,71.1,30.0,24.9,6.0,29.8,26.0,0.613,High 11P,10.0,Balanced,27.0,Spread,8.0,Balanced Environment,NYJ,17,23.57,76.43,27.0,-1.3,F.Reich,16,,88.0,,,,,,,,,,,,,Omar Cooper Jr.,NYJ,1,1.0,30.0,39.1,31.3,42.7,104.3,4.42,37.0,,199.0,7.5,47.9,67.0,25.0,81.6,61.0,58.0,-3.0,0.89,12.1,7.06,76.0,54.6,45.4,130.0,56.0,WR79,79.0,188.8,79.3,4.66,13.0,$1,156.0,9.3,—,0,0,99,,—,81,WR81,158.5,-58.92,259,0.5,0.0,43.1,-48.0,-1.1,23.0,23.0,221.1,130.0,91.1,91.1,221.1,130.0,ESPN,YAHOO,Screaming Steal (Huge Value),80.34,-1.35,-0.006,79.86,-58.92,-58.92,267,80,WR80,T8,1.0,-66.0,False,False,4.0,-1.2,80.34,0.0,0.0,-0.6,0.0,0.0,0.0,0.0,0.0,0.0,0.0,0.0,Tier 12,178.0,53.0,115.0,62.0,⚡ High Variance (Boom/Bust Ceiling),67.0,Tier 9,53.0,115.0,62.0
KaVontae Turpin,WR,DAL,371.0,343.0,WR136,85.0,162.0,19.26,10,14,2dfd63d0-0e8a-11ed-a8f4-191ad3c6932a,1.3,3.0,kavontae turpin,WR,DAL,WR_kavontae_turpin_DAL,86.7,63.55,25.354,18.11,229.54,1.72,17.82,103.23,0.43,0.0,0.0,0.0,239.0,WR97,67.35,29.0,349.9,346.4,336.1,343.0,343.0,Healthy,0,,Neutral,Black,0.0,0.0,0.0,—,,5.1,0.0,0.0,0.0,0.0,0.0,0.0,,,,,,,,,,,,,—,—,Consensus Alignment,—,—,99.0,,,1.0,0.0,0.0,0.0,0.0,0.0,0.0,0.0,0.0,0.0,0.0,0.0,—,—,,5.0,,consensus,,,0.0,0.0,,,,,,,0.0,Neutral,DAL,0.055,0.22,1680.0,0.115,24.8,-0.04,0.2,DAL,8.0,4.0,80.0,80.0,False,Brian Schottenheimer,109.1,2.0,24.1,10.0,39.9,4.0,0.666,High 11P,2.0,Gap,12.0,Very Condensed,24.0,Shootouts (High Scoring Offense + Vulnerable Defense -> Max Fantasy Ceiling),DAL,15,26.43,73.57,24.0,-3.4,B.Schottenheimer,16,73.8,76.0,0.766,-0.9091,0.8,1.0216,0.6331,0.9652,,,,,,,,,0,,,,,,,,,,,,,,,,,,,,,,,,,,,WR70,70.0,999.0,86.7,5.1,13.0,$1,,,—,0,0,99,,—,71,WR71,158.5,-59.01,242,0.547,0.0,-21.1,-24.6,-34.9,-28.0,-28.0,349.9,336.1,13.8,13.8,349.9,336.1,ESPN,SLEEPER,Severe Reach (Overpriced),80.25,2.25,-0.006,79.77,-59.01,-59.01,268,81,WR81,T8,1.0,75.0,False,False,0.0,0.0,80.25,0.0,0.0,-0.6,0.0,0.0,0.0,0.0,0.0,0.0,0.0,0.0,Tier 12,371.0,85.0,162.0,77.0,⚡ High Variance (Boom/Bust Ceiling),136.0,Tier 9,85.0,162.0,77.0
Chris Bell,WR,MIA,262.0,248.5,WR95,60.0,117.0,11.84,8,6,e1d2a5a1-71a9-4053-b475-8e5075cb1860,2.5,3.0,chris bell,WR,MIA,WR_chris_bell_MIA,80.488,99.4,52.065999999999995,37.19,469.5,2.67,1.0,5.5,0.0,0.0,0.0,0.0,215.0,WR86,79.76,29.0,273.4,251.0,218.7,248.5,248.5,Healthy,0,,Neutral,Black,0.0,0.0,0.0,—,,4.7,0.0,0.0,0.0,0.0,0.0,0.0,,,,,,,,,,,,,—,—,Consensus Alignment,—,—,99.0,,,1.0,0.0,0.0,0.0,0.0,0.0,0.0,0.0,0.0,0.0,0.0,0.0,—,—,,5.0,,consensus,,,0.0,0.0,,,,,,,0.0,Neutral,MIA,0.04,0.12,950.0,0.118,24.2,0.06,0.16,MIA,31.0,2.5,50.0,50.0,True,Bobby Slowik,81.6,25.0,20.3,22.0,37.3,6.0,0.732,—,24.0,Balanced,15.0,Condensed,7.0,Passing / Garbage Time (Low Scoring Offense + Bad Defense -> Trailing Game Scripts / Air Volume),MIA,30,35.51,64.49,15.0,0.3,B.Slowik,16,,75.4,,,,,,,,,,,,,Chris Bell,MIA,1,3.0,94.0,17.4,17.8,17.5,,,,,222.0,6.5,60.0,,19.0,,,,,,,,,,,,,,,,,,,,,,—,0,0,99,,—,80,WR80,158.5,-59.14,257,0.508,0.0,11.4,-11.0,-43.3,-13.5,-13.5,273.4,218.7,54.7,54.7,273.4,218.7,ESPN,SLEEPER,Severe Reach (Overpriced),80.12,-3.8,-0.006,79.64,-59.14,-59.14,269,82,WR82,T8,1.0,-20.5,False,False,0.0,0.0,80.12,0.0,0.0,-0.6,0.0,0.0,0.0,0.0,0.0,0.0,0.0,0.0,Tier 12,262.0,60.0,117.0,57.0,⚡ High Variance (Boom/Bust Ceiling),95.0,Tier 9,60.0,117.0,57.0
Elijah Arroyo,TE,SEA,326.0,327.0,TE42,25.0,53.0,5.72,6,11,98bc7c8c-e6e4-4694-a0ef-d3f25274223e,0.6,1.0,elijah arroyo,TE,SEA,TE_elijah_arroyo_SEA,44.8,58.38,32.97,23.55,240.11,1.86,0.0,0.0,0.0,0.0,0.0,0.0,311.0,TE37,67.01,29.0,333.5,330.3,320.5,327.0,327.0,Healthy,0,,Neutral,Black,0.0,0.0,0.0,—,,2.64,0.0,0.0,0.0,0.0,0.0,0.0,,,,,,,,,,,,,—,—,Consensus Alignment,—,—,99.0,,,1.0,0.0,0.0,0.0,0.0,0.0,0.0,0.0,0.0,0.0,0.0,0.0,—,—,,5.0,,consensus,,,0.0,0.0,,,,,,,0.0,Neutral,SEA,0.0,0.17,1340.0,0.058,28.0,0.02,0.08,SEA,10.0,3.5,70.0,70.0,False,Brian Fleury,96.6,11.0,26.4,4.0,32.9,17.0,0.774,—,16.0,Zone,4.0,Even,14.0,Chew the Clock (High Scoring Offense + Elite Defense -> Run-Heavy Second Halves),SEA,14,46.7,53.3,4.0,0.0,Unknown,16,61.5,77.9,,0.1593,,,-0.4393,,,,,,,,,,0,,,,,,,,,,,,,,,,,,,,,,,,,,,TE46,46.0,999.0,44.8,2.64,9.0,WW,,,—,0,0,99,,—,46,TE46,124.0,-59.24,259,0.361,0.0,7.5,4.3,-5.5,1.0,1.0,333.5,320.5,13.0,13.0,333.5,320.5,ESPN,SLEEPER,Fair Market Value,52.2,1.9,-0.006,51.89,-59.24,-59.24,270,45,TE45,T8,1.0,57.0,False,False,0.0,0.0,52.2,0.0,0.0,-0.6,0.0,0.0,0.0,0.0,0.0,0.0,0.0,0.0,Tier 12,326.0,25.0,53.0,28.0,⚡ High Variance (Boom/Bust Ceiling),42.0,Tier 8,25.0,53.0,28.0
Andrei Iosivas,WR,CIN,319.0,406.0,WR109,71.0,142.0,13.32,9,6,30c0df5e-bb77-4eee-8390-8fc13844e1c3,0.7,1.0,andrei iosivas,WR,CIN,WR_andrei_iosivas_CIN,72.062,79.52,38.864,27.76,352.42,2.56,2.51,11.04,0.05,0.0,0.0,0.0,208.0,WR81,87.14,29.0,414.1,410.1,397.9,406.0,406.0,Healthy,0,,Neutral,Black,0.0,0.0,0.0,—,,4.2,0.0,0.0,0.0,0.0,0.0,0.0,,,,,,,,,,,,,—,—,Consensus Alignment,—,—,99.0,,,1.0,0.0,0.0,0.0,0.0,0.0,0.0,0.0,0.0,0.0,0.0,0.0,—,—,,5.0,,consensus,,,0.0,0.0,,,,,,,0.0,Neutral,CIN,0.05,0.18,1420.0,0.125,25.2,0.01,0.21,CIN,19.0,3.0,60.0,60.0,False,Zac Taylor,98.6,7.0,22.5,15.0,42.5,3.0,0.751,—,11.0,Gap,20.0,Very Spread,15.0,Shootouts (High Scoring Offense + Vulnerable Defense -> Max Fantasy Ceiling),CIN,28,31.69,68.31,19.0,3.6,Z.Taylor,16,50.3,,-0.6217,-0.719,-0.6262,-0.9261,-1.05,0.5968,,,,,,,,,0,,,,,,,,,,,,,,,,,,,,,,,,,,,,,,,,,,,,—,0,0,99,,—,91,WR91,158.5,-59.66,278,0.455,0.0,95.1,91.1,78.9,87.0,87.0,414.1,397.9,16.2,16.2,414.1,397.9,ESPN,SLEEPER,Screaming Steal (Huge Value),79.6,-2.3,-0.006,79.12,-59.66,-59.66,271,83,WR83,T8,1.0,135.0,False,False,-3.0,0.0,79.6,0.0,0.0,-0.6,0.0,0.0,0.0,0.0,0.0,0.0,0.0,0.0,Tier 12,319.0,71.0,142.0,71.0,⚡ High Variance (Boom/Bust Ceiling),109.0,Tier 9,71.0,142.0,71.0
Noah Fant,TE,NO,376.0,401.0,TE53,42.0,64.0,5.96,6,8,cdc98acc-9eb6-4b44-81bb-61d7b8a3b55f,0.2,0.0,noah fant,TE,NO,TE_noah_fant_NO,48.7,63.22,41.019999999999996,29.3,274.44,1.6,0.0,0.0,0.0,0.0,0.0,0.0,337.0,TE46,53.54,29.0,409.0,405.0,393.0,401.0,401.0,Healthy,0,,Neutral,Black,0.0,0.0,0.0,—,,2.86,0.0,0.0,0.0,0.0,0.0,0.0,,,,,,,,,,,,,—,—,Consensus Alignment,—,—,99.0,,,1.0,0.0,0.0,0.0,0.0,0.0,0.0,0.0,0.0,0.0,0.0,0.0,—,—,,5.0,,consensus,,,0.0,0.0,,,,,,,0.0,Neutral,NO,0.005,0.15,1150.0,0.035,28.2,-0.03,0.08,NO,30.0,3.0,60.0,60.0,True,Kellen Moore,85.7,23.0,22.1,18.0,35.8,10.0,0.663,High 11P,1.0,Zone,5.0,Even,27.0,Passing / Garbage Time (Low Scoring Offense + Bad Defense -> Trailing Game Scripts / Air Volume),NO,22,25.49,74.51,25.0,-2.3,K.Moore,16,71.4,78.4,,0.6248,,,0.2338,,,,,,,,,,0,,,,,,,,,,,,,,,,,,,,,,,,,,,TE43,43.0,999.0,48.7,2.86,9.0,WW,,,—,0,0,99,,—,43,TE43,124.0,-60.83,249,0.393,0.0,33.0,29.0,17.0,25.0,25.0,409.0,393.0,16.0,16.0,409.0,393.0,ESPN,SLEEPER,Screaming Steal (Huge Value),50.31,-1.65,-0.006,50.01,-60.83,-60.83,272,46,TE46,T8,1.0,129.0,False,False,0.0,0.0,50.31,0.0,0.0,-0.6,0.0,0.0,0.0,0.0,0.0,0.0,0.0,0.0,Tier 12,376.0,42.0,64.0,22.0,⚡ High Variance (Boom/Bust Ceiling),53.0,Tier 8,42.0,64.0,22.0
Travis Hunter,WR,JAC,191.0,228.0,WR74,44.0,113.0,13.68,7,7,4a975d4c-d7cd-45ef-b258-db45187140eb,72.3,24.0,travis hunter,WR,JAX,WR_travis_hunter_JAX,88.47399999999999,111.79,58.226,41.59,496.6,3.32,2.01,10.8,0.07,0.0,0.0,0.0,214.0,WR85,82.58,29.0,232.6,126.4,223.4,228.0,228.0,Healthy,0,,Neutral,Black,0.0,0.0,0.0,—,,5.2,0.0,0.0,0.0,0.0,0.0,0.0,,,,,,,,,,,,,—,—,Consensus Alignment,—,—,99.0,,,1.0,0.0,0.0,0.0,0.0,0.0,0.0,0.0,0.0,0.0,0.0,0.0,—,—,,5.0,,consensus,,,0.0,0.0,,,,,,,0.0,Neutral,JAX,0.015,0.28,2100.0,0.052,27.9,-0.02,0.1,JAX,7.0,4.0,80.0,80.0,True,Liam Coen,97.4,9.0,26.0,5.0,37.0,8.0,0.616,High 11P,21.0,Balanced,7.0,Condensed,1.0,Shootouts (High Scoring Offense + Vulnerable Defense -> Max Fantasy Ceiling),JAX,23,24.71,75.29,26.0,0.9,L.Coen,16,,,,,,,,,,,,,,,,,0,,,,,,,,,,,,,,,63.5,69.0,48.0,-21.0,0.419,11.3,7.46,35.4,32.7,68.8,126.4,47.0,,,,,,,,,,—,0,0,99,,—,70,WR70,158.5,-61.07,237,0.558,0.0,41.6,-64.6,32.4,37.0,37.0,232.6,126.4,106.2,106.2,232.6,126.4,ESPN,YAHOO,Screaming Steal (Huge Value),78.18,1.05,-0.006,77.71,-61.07,-61.07,273,84,WR84,T8,1.0,-45.0,False,False,0.0,-6.0,78.18,0.0,0.0,-0.6,0.0,0.0,0.0,0.0,0.0,0.0,0.0,0.0,Tier 12,191.0,44.0,113.0,69.0,⚡ High Variance (Boom/Bust Ceiling),74.0,Tier 9,44.0,113.0,69.0
Jaylin Noel,WR,HOU,192.0,267.0,WR77,56.0,122.0,10.07,7,8,c4bab22e-a89a-41f6-b03a-07073a72f41b,4.2,3.0,jaylin noel,WR,HOU,WR_jaylin_noel_HOU,83.5,105.95,55.71999999999999,39.8,450.02,3.24,5.11,17.6,0.07,0.0,0.0,0.0,245.0,WR100,64.72,29.0,272.3,269.7,261.7,267.0,267.0,Healthy,0,,Neutral,Black,0.0,0.0,0.0,—,,4.91,0.0,0.0,0.0,0.0,0.0,0.0,,,,,,,,,,,,,—,—,Consensus Alignment,—,—,99.0,,,1.0,0.0,0.0,0.0,0.0,0.0,0.0,0.0,0.0,0.0,0.0,0.0,—,—,,5.0,,consensus,,,0.0,0.0,,,,,,,0.0,Neutral,HOU,0.042,0.24,1950.0,0.108,25.8,-0.01,0.18,HOU,29.0,3.0,60.0,60.0,False,Nick Caley,94.1,14.0,17.9,28.0,35.3,12.0,0.523,High 11P,16.0,Gap,14.0,Even,26.0,Slugfests (Low Scoring Offense + Elite Defense -> Low Over/Unders / Grinding Games),HOU,29,13.79,86.21,32.0,-0.5,N.Caley,16,,75.6,,,,,,,,,,,,,,,0,,,,,,,,,,,,,,,,,,,,,,,,,,,WR74,74.0,213.7,83.5,4.91,13.0,$1,154.0,9.4,—,0,0,99,,—,75,WR75,158.5,-62.0,248,0.527,0.0,80.3,77.7,69.7,75.0,75.0,272.3,261.7,10.6,10.6,272.3,261.7,ESPN,SLEEPER,Screaming Steal (Huge Value),77.24,-2.54,-0.006,76.78,-62.0,-62.0,274,85,WR85,T8,1.0,-7.0,False,False,0.0,0.0,77.24,0.0,0.0,-0.6,0.0,0.0,0.0,0.0,0.0,0.0,0.0,0.0,Tier 12,192.0,56.0,122.0,66.0,⚡ High Variance (Boom/Bust Ceiling),77.0,Tier 9,56.0,122.0,66.0
Tank Dell,WR,HOU,189.0,186.0,WR75,54.0,127.0,11.98,7,8,25e7b423-f716-4d1a-9623-cee3e7d822ab,35.6,11.0,tank dell,WR,HOU,WR_tank_dell_HOU,73.3,119.32,59.15,42.25,527.08,3.21,10.21,48.84,0.1,0.0,0.0,0.0,210.0,WR83,82.33,29.0,189.7,187.9,182.3,186.0,186.0,Healthy,0,,Neutral,Black,0.0,0.0,0.0,—,,4.31,0.0,0.0,0.0,0.0,0.0,0.0,,,,,,,,,,,,,—,—,Consensus Alignment,—,—,99.0,,,1.0,0.0,0.0,0.0,0.0,0.0,0.0,0.0,0.0,0.0,0.0,0.0,—,—,,6.0,150.0,consensus,2.5,Medium,1.0,0.0,,,,,38.0,0.0,0.0,Neutral,HOU,0.042,0.24,1950.0,0.108,25.8,-0.01,0.18,HOU,29.0,3.0,60.0,60.0,False,Nick Caley,94.1,14.0,17.9,28.0,35.3,12.0,0.523,High 11P,16.0,Gap,14.0,Even,26.0,Slugfests (Low Scoring Offense + Elite Defense -> Low Over/Unders / Grinding Games),HOU,29,13.79,86.21,32.0,-0.5,N.Caley,16,72.6,84.8,-0.3224,0.4116,-0.824,-0.4403,0.382,-0.0426,,,,,,,,,0,,,,,,,,,,,,,,,,,,,,,,,,,,,WR82,82.0,176.1,73.3,4.31,13.0,WW,,,—,0,0,99,,—,88,WR88,158.5,-62.55,275,0.462,0.0,0.7,-1.1,-6.7,-3.0,-3.0,189.7,182.3,7.4,7.4,189.7,182.3,ESPN,SLEEPER,Overpriced Fade,76.31,-2.54,-0.001,76.23,-62.55,-62.55,275,86,WR86,T8,1.0,-89.0,False,False,0.0,0.0,76.31,0.0,0.0,-0.1,0.0,0.0,0.0,5.0,0.0,0.0,0.0,0.0,Tier 12,189.0,54.0,127.0,73.0,⚡ High Variance (Boom/Bust Ceiling),75.0,Tier 9,54.0,127.0,73.0
Ja'Kobi Lane,WR,BAL,255.0,171.5,WR86,57.0,122.0,16.59,8,13,ea285842-4fdf-4b27-bd73-6bfd916c6bc5,16.9,13.0,jakobi lane,WR,BAL,WR_jakobi_lane_BAL,70.8,125.67,52.878,37.77,569.31,5.24,1.5,8.5,0.0,0.0,0.0,0.0,206.0,WR79,89.93,29.0,188.7,173.2,150.9,171.5,171.5,Healthy,0,,Neutral,Black,0.0,0.0,0.0,—,,4.16,0.0,0.0,0.0,0.0,0.0,0.0,,,,,,,,,,,,,—,—,Consensus Alignment,—,—,99.0,,,1.0,0.0,0.0,0.0,0.0,0.0,0.0,0.0,0.0,0.0,0.0,0.0,—,—,,5.0,,consensus,,,0.0,0.0,,,,,,,0.0,Neutral,BAL,-0.045,0.15,1150.0,0.165,28.4,0.15,0.18,BAL,11.0,3.0,60.0,60.0,True,Declan Doyle,86.1,22.0,29.3,1.0,37.2,7.0,0.63,High 12P,8.0,Zone,6.0,Even,11.0,Chew the Clock (High Scoring Offense + Elite Defense -> Run-Heavy Second Halves),BAL,26,59.85,40.15,1.0,0.0,Unknown,16,,74.7,,,,,,,,,,,,,Ja'Kobi Lane,BAL,1,3.0,80.0,16.1,20.9,11.7,100.2,4.47,40.0,129.0,200.0,4.1,41.1,51.0,5.0,,,,,,,,,,,,,WR84,84.0,157.9,70.8,4.16,14.0,WW,183.0,8.0,—,0,0,99,,—,92,WR92,158.5,-62.68,280,0.447,0.0,-66.3,-81.8,-104.1,-83.5,-83.5,188.7,150.9,37.8,37.8,188.7,150.9,ESPN,SLEEPER,Severe Reach (Overpriced),77.18,-7.15,-0.014,76.1,-62.68,-62.68,276,87,WR87,T8,1.0,-104.5,False,False,0.0,0.0,77.18,0.0,0.0,-1.4,0.0,0.0,0.0,0.0,0.0,0.0,0.0,0.0,Tier 12,255.0,57.0,122.0,65.0,⚡ High Variance (Boom/Bust Ceiling),86.0,Tier 9,57.0,122.0,65.0
Samaje Perine,RB,CIN,253.0,333.0,RB72,49.0,98.0,10.31,8,6,e601812f-ce24-4e99-bee0-e33c1e9014e4,3.7,3.0,samaje perine,RB,CIN,RB_samaje_perine_CIN,84.4,96.13,25.059999999999995,17.9,135.68,0.37,98.53,441.81,3.68,0.0,0.0,0.0,199.0,RB57,84.51,29.0,339.7,319.7,326.3,333.0,333.0,Healthy,0,,Neutral,Black,0.0,0.0,0.0,—,,4.96,0.0,0.0,0.0,0.0,0.0,0.0,,,,,,,,,,,,,—,—,Consensus Alignment,—,—,99.0,,,1.0,0.0,0.0,0.0,0.0,0.0,0.0,0.0,0.0,0.0,0.0,0.0,—,—,,5.0,,consensus,,,0.0,0.0,,,,,,,0.0,Neutral,CIN,0.05,0.18,1420.0,0.125,25.2,0.01,0.21,CIN,19.0,3.0,60.0,60.0,False,Zac Taylor,98.6,7.0,22.5,15.0,42.5,3.0,0.751,—,11.0,Gap,20.0,Very Spread,15.0,Shootouts (High Scoring Offense + Vulnerable Defense -> Max Fantasy Ceiling),CIN,28,31.69,68.31,19.0,3.6,Z.Taylor,16,67.8,74.8,,,,,,,0.0436,,,,,,,,0,,,,,,,,,,,,,,,,,,,,,,,,,,,RB48,48.0,999.0,84.4,4.96,12.0,$1,,,—,0,0,99,,—,48,RB48,181.3,-63.07,308,0.466,0.0,86.7,66.7,73.3,80.0,80.0,339.7,319.7,20.0,20.0,339.7,319.7,ESPN,YAHOO,Screaming Steal (Huge Value),84.44,-6.0,-0.014,83.26,-63.07,-63.07,277,51,RB51,T8,1.0,56.0,False,False,0.0,0.0,84.44,0.0,0.0,-1.4,0.0,0.0,0.0,0.0,0.0,0.0,0.0,0.0,Tier 12,253.0,49.0,98.0,49.0,⚡ High Variance (Boom/Bust Ceiling),72.0,Tier 10,49.0,98.0,49.0
Kendrick Bourne,WR,ARI,351.0,608.0,WR123,73.0,132.0,16.78,9,14,5aba3610-ab55-4922-ac46-806ded5eb8bf,0.2,0.0,kendrick bourne,WR,ARI,WR_kendrick_bourne_ARI,75.6,50.24,31.864,22.76,239.21,0.67,0.0,0.0,0.0,0.0,0.0,0.0,221.0,WR90,75.51,29.0,620.2,614.1,595.8,608.0,608.0,Healthy,0,,Neutral,Black,0.0,0.0,0.0,—,,4.45,0.0,0.0,0.0,0.0,0.0,0.0,,,,,,,,,,,,,—,—,Consensus Alignment,—,—,99.0,,,1.0,0.0,0.0,0.0,0.0,0.0,0.0,0.0,0.0,0.0,0.0,0.0,—,—,,5.0,,consensus,,,0.0,0.0,,,,,,,0.0,Neutral,ARI,0.005,0.22,1750.0,0.072,25.5,0.05,0.08,ARI,23.0,3.0,60.0,60.0,False,Mike LaFleur,95.6,12.0,20.8,21.0,32.7,19.0,0.596,—,5.0,Gap,9.0,Condensed,10.0,Passing / Garbage Time (Low Scoring Offense + Bad Defense -> Trailing Game Scripts / Air Volume),ARI,20,39.57,60.43,10.0,-1.1,M.LaFleur,16,66.9,,-0.0468,0.1119,1.4355,0.2492,-0.0999,-0.6461,,,,,,,,,0,,,,,,,,,,,,,,,,,,,,,,,,,,,WR81,81.0,999.0,75.6,4.45,13.0,WW,,,—,0,0,99,,—,85,WR85,158.5,-63.66,269,0.477,0.0,269.2,263.1,244.8,257.0,257.0,620.2,595.8,24.4,24.4,620.2,595.8,ESPN,SLEEPER,Screaming Steal (Huge Value),75.57,-1.65,-0.006,75.12,-63.66,-63.66,278,88,WR88,T8,1.0,330.0,False,False,0.0,0.0,75.57,0.0,0.0,-0.6,0.0,0.0,0.0,0.0,0.0,0.0,0.0,0.0,Tier 12,351.0,73.0,132.0,59.0,⚡ High Variance (Boom/Bust Ceiling),123.0,Tier 9,73.0,132.0,59.0
Brian Robinson Jr.,RB,ATL,157.0,139.5,RB53,43.0,68.0,4.75,6,11,795f636e-6f7f-4bc7-a346-2862272abead,23.0,22.0,brian robinson,RB,ATL,RB_brian_robinson_ATL,83.5,86.08,10.149999999999999,7.25,46.7,0.1,120.19,517.14,3.89,0.0,0.0,0.0,181.0,RB56,88.84,28.0,142.3,121.6,136.7,139.5,139.5,Healthy,0,,Neutral,Black,0.0,0.0,0.0,—,,4.91,0.0,0.0,0.0,0.0,0.0,0.0,,,,,,,,,,,,,—,—,Consensus Alignment,—,—,99.0,,,1.0,0.0,0.0,0.0,0.0,0.0,0.0,0.0,0.0,0.0,0.0,0.0,—,—,,7.0,150.0,consensus,2.5,Medium,0.0,0.0,,,,,,,0.0,Neutral,ATL,0.032,0.15,1100.0,0.092,26.0,0.05,0.12,ATL,21.0,4.0,80.0,80.0,False,Kevin Stefanski/Rees,86.4,21.0,22.4,16.0,25.7,28.0,0.592,High 12P,10.0,Gap,18.0,Even,3.0,Passing / Garbage Time (Low Scoring Offense + Bad Defense -> Trailing Game Scripts / Air Volume),ATL,11,54.01,45.99,2.0,-4.2,K.Stefanski,16,65.9,77.4,,,,,,,0.1525,,,,,,,,0,,,,,,,,,,,,,,,75.4,48.0,45.0,-3.0,0.953,13.0,6.85,84.8,63.2,56.4,121.6,40.0,RB49,49.0,153.4,83.5,4.91,12.0,$2-4,175.0,6.0,—,0,0,99,,—,49,RB49,181.3,-64.02,309,0.461,0.0,-14.7,-35.4,-20.3,-17.5,-17.5,142.3,121.6,20.7,20.7,142.3,121.6,ESPN,YAHOO,Severe Reach (Overpriced),82.81,2.77,-0.006,82.31,-64.02,-64.02,279,52,RB52,T8,1.0,-139.5,False,False,0.0,-1.2,82.81,0.0,0.0,-0.6,0.0,0.0,0.0,0.0,0.0,0.0,0.0,0.0,Tier 12,157.0,43.0,68.0,25.0,⚡ High Variance (Boom/Bust Ceiling),53.0,Tier 10,43.0,68.0,25.0
Troy Franklin,WR,DEN,226.0,267.5,WR83,59.0,113.0,12.29,7,10,765dffd8-8112-4078-86a1-924ccebf1069,1.5,2.0,troy franklin,WR,DEN,WR_troy_franklin_DEN,74.716,100.25,51.086,36.49,402.7,3.89,3.03,10.8,0.04,0.0,0.0,0.0,257.0,WR106,57.72,29.0,272.9,270.2,262.1,267.5,267.5,Healthy,0,,Neutral,Black,0.0,0.0,0.0,—,,4.4,0.0,0.0,0.0,0.0,0.0,0.0,,,,,,,,,,,,,—,—,Consensus Alignment,—,—,99.0,,,1.0,0.0,0.0,0.0,0.0,0.0,0.0,0.0,0.0,0.0,0.0,0.0,—,—,,5.0,,consensus,,,0.0,0.0,,,,,,,0.0,Neutral,DEN,-0.018,0.27,2100.0,0.02,28.9,0.01,0.03,DEN,4.0,5.0,100.0,100.0,True,Sean Payton/Webb,94.5,13.0,24.2,9.0,32.6,21.0,0.563,—,7.0,Gap,26.0,Most Spread,2.0,Balanced Environment,DEN,1,17.22,82.78,31.0,1.7,S.Payton,16,64.9,86.4,0.5476,0.1027,-0.2403,0.2768,-0.083,-0.4748,,,,,,,,,0,,,,,,,,,,,,,,,88.2,56.0,67.0,11.0,0.957,14.8,7.04,99.9,99.1,59.4,,,,,,,,,,,,—,0,0,99,,—,87,WR87,158.5,-65.67,271,0.471,0.0,46.9,44.2,36.1,41.5,41.5,272.9,262.1,10.8,10.8,272.9,262.1,ESPN,SLEEPER,Screaming Steal (Huge Value),73.55,4.46,-0.006,73.11,-65.67,-65.67,280,89,WR89,T8,1.0,-12.5,False,False,0.0,4.4,73.55,0.0,0.0,-0.6,0.0,0.0,0.0,0.0,0.0,0.0,0.0,0.0,Tier 12,226.0,59.0,113.0,54.0,⚡ High Variance (Boom/Bust Ceiling),83.0,Tier 9,59.0,113.0,54.0
Xavier Legette,WR,CAR,280.0,437.0,WR99,74.0,126.0,10.35,8,5,0bb0c37c-e76b-4529-92b0-b026be4f7d6c,2.4,1.0,xavier legette,WR,CAR,WR_xavier_legette_CAR,70.8,93.76,50.19,35.85,417.51,2.57,2.05,10.75,0.06,0.0,0.0,0.0,218.0,WR88,79.0,29.0,445.7,441.4,428.3,437.0,437.0,Healthy,0,,Neutral,Black,0.0,0.0,0.0,—,,4.16,0.0,0.0,0.0,0.0,0.0,0.0,,,,,,,,,,,,,—,—,Consensus Alignment,—,—,99.0,,,1.0,0.0,0.0,0.0,0.0,0.0,0.0,0.0,0.0,0.0,0.0,0.0,—,—,,5.0,,consensus,,,0.0,0.0,,,,,,,0.0,Neutral,CAR,-0.015,0.25,1900.0,-0.03,28.6,-0.01,-0.04,CAR,16.0,3.0,60.0,60.0,False,Dave Canales/Idzik,78.7,27.0,19.8,24.0,33.6,15.0,0.794,High 11P,22.0,Balanced,19.0,Spread,23.0,Passing / Garbage Time (Low Scoring Offense + Bad Defense -> Trailing Game Scripts / Air Volume),CAR,8,29.48,70.52,22.0,-2.0,D.Canales,16,57.4,87.1,-0.5651,0.0943,-1.0759,0.6022,-0.743,-0.0617,,,,,,,,,0,,,,,,,,,,,,,,,,,,,,,,,,,,,WR85,85.0,1200.0,70.8,4.16,13.0,WW,,,—,0,0,99,,—,92,WR92,158.5,-65.69,280,0.447,0.0,165.7,161.4,148.3,157.0,157.0,445.7,428.3,17.4,17.4,445.7,428.3,ESPN,SLEEPER,Screaming Steal (Huge Value),73.53,-0.25,-0.006,73.09,-65.69,-65.69,281,90,WR90,T8,1.0,156.0,False,False,0.0,0.0,73.53,0.0,0.0,-0.6,0.0,0.0,0.0,0.0,0.0,0.0,0.0,0.0,Tier 12,280.0,74.0,126.0,52.0,⚡ High Variance (Boom/Bust Ceiling),99.0,Tier 9,74.0,126.0,52.0
Darius Slayton,WR,NYG,273.0,439.0,WR96,72.0,111.0,8.13,8,8,82ed30a5-54a8-4ed0-b040-99c3a78fb055,1.4,1.0,darius slayton,WR,NYG,WR_darius_slayton_NYG,78.23499999999999,100.13,50.05,35.75,526.2,2.01,1.61,8.62,0.04,0.0,0.0,0.0,236.0,WR96,68.75,29.0,447.8,443.4,430.2,439.0,439.0,Healthy,0,,Neutral,Black,0.0,0.0,0.0,—,,4.6,0.0,0.0,0.0,0.0,0.0,0.0,,,,,,,,,,,,,—,—,Consensus Alignment,—,—,99.0,,,1.0,0.0,0.0,0.0,0.0,0.0,0.0,0.0,0.0,0.0,0.0,0.0,—,—,,5.0,,consensus,,,0.0,0.0,,,,,,,0.0,Neutral,NYG,-0.01,0.31,2350.0,-0.01,27.7,0.0,-0.02,NYG,18.0,3.0,60.0,60.0,True,Matt Nagy,89.6,19.0,24.1,12.0,32.6,21.0,0.558,—,21.0,Zone,17.0,Even,16.0,Shootouts (High Scoring Offense + Vulnerable Defense -> Max Fantasy Ceiling),NYG,18,38.25,61.75,12.0,1.3,M.Nagy,16,62.2,61.2,-0.4773,-0.2697,0.5784,0.7913,-0.3457,-0.1737,,,,,,,,,0,,,,,,,,,,,,,,,,,,,,,,,,,,,,,,,,,,,,—,0,0,99,,—,83,WR83,158.5,-65.73,263,0.494,0.0,174.8,170.4,157.2,166.0,166.0,447.8,430.2,17.6,17.6,447.8,430.2,ESPN,SLEEPER,Screaming Steal (Huge Value),73.49,-2.1,-0.006,73.05,-65.73,-65.73,282,91,WR91,T8,1.0,157.0,False,False,0.0,0.0,73.49,0.0,0.0,-0.6,0.0,0.0,0.0,0.0,0.0,0.0,0.0,0.0,Tier 12,273.0,72.0,111.0,39.0,⚡ High Variance (Boom/Bust Ceiling),96.0,Tier 9,72.0,111.0,39.0
Marvin Mims Jr.,WR,DEN,286.0,285.0,WR100,78.0,133.0,8.98,8,10,fcd780e6-6d43-4c2e-b740-59ae09911345,0.9,1.0,marvin mims,WR,DEN,WR_marvin_mims_DEN,80.6,66.83,33.768,24.12,273.11,1.61,8.19,45.17,0.32,0.0,0.0,0.0,258.0,WR107,56.8,29.0,290.7,287.9,279.3,285.0,285.0,Healthy,0,,Neutral,Black,0.0,0.0,0.0,—,,4.74,0.0,0.0,0.0,0.0,0.0,0.0,,,,,,,,,,,,,—,—,Consensus Alignment,—,—,99.0,,,1.0,0.0,0.0,0.0,0.0,0.0,0.0,0.0,0.0,0.0,0.0,0.0,—,—,,5.0,,consensus,,,0.0,0.0,,,,,,,0.0,Neutral,DEN,-0.018,0.27,2100.0,0.02,28.9,0.01,0.03,DEN,4.0,5.0,100.0,100.0,True,Sean Payton/Webb,94.5,13.0,24.2,9.0,32.6,21.0,0.563,—,7.0,Gap,26.0,Most Spread,2.0,Balanced Environment,DEN,1,17.22,82.78,31.0,1.7,S.Payton,16,81.9,80.3,3.4287,0.3135,0.7835,0.1005,0.398,0.2695,,,,,,,,,0,,,,,,,,,,,,,,,,,,,,,,,,,,,WR77,77.0,219.5,80.6,4.74,13.0,$1,,,—,0,0,99,,—,79,WR79,158.5,-65.96,256,0.509,0.0,4.7,1.9,-6.7,-1.0,-1.0,290.7,279.3,11.4,11.4,290.7,279.3,ESPN,SLEEPER,Fair Market Value,72.67,4.46,0.002,72.82,-65.96,-65.96,283,92,WR92,T8,1.0,2.0,False,False,3.0,0.0,72.67,0.0,0.0,0.2,0.0,0.0,0.0,0.0,0.0,0.0,0.0,0.0,Tier 12,286.0,78.0,133.0,55.0,⚡ High Variance (Boom/Bust Ceiling),100.0,Tier 9,78.0,133.0,55.0
Ty Johnson,RB,BUF,263.0,383.5,RB78,57.0,98.0,7.95,8,7,96e6687b-2b89-4dd9-98df-6e7507cd82cf,1.4,1.0,ty johnson,RB,BUF,RB_ty_johnson_BUF,90.9,94.32,31.947999999999997,22.82,243.98,2.15,51.89,222.22,2.07,0.0,0.0,0.0,227.0,RB63,60.23,29.0,391.2,368.2,375.8,383.5,383.5,Healthy,0,,Neutral,Black,0.0,0.0,0.0,—,,5.35,0.0,0.0,0.0,0.0,0.0,0.0,,,,,,,,,,,,,—,—,Consensus Alignment,—,—,99.0,,,1.0,0.0,0.0,0.0,0.0,0.0,0.0,0.0,0.0,0.0,0.0,0.0,—,—,,5.0,,consensus,,,0.0,0.0,,,,,,,0.0,Neutral,BUF,0.03,0.32,2450.0,0.155,26.9,0.08,0.2,BUF,2.0,4.5,90.0,90.0,True,Joe Brady,101.1,5.0,24.4,8.0,30.1,25.0,0.655,—,32.0,Gap,11.0,Very Spread,22.0,Shootouts (High Scoring Offense + Vulnerable Defense -> Max Fantasy Ceiling),BUF,7,23.56,76.44,28.0,-1.6,J.Brady,16,78.1,68.4,,,,,,,-0.6519,,,,,,,,0,,,,,,,,,,,,,,,,,,,,,,,,,,,RB46,46.0,999.0,90.9,5.35,11.0,$1,,,—,0,0,99,,—,46,RB46,181.3,-66.13,291,0.501,0.0,128.2,105.2,112.8,120.5,120.5,391.2,368.2,23.0,23.0,391.2,368.2,ESPN,YAHOO,Screaming Steal (Huge Value),80.68,1.8,-0.006,80.2,-66.13,-66.13,284,53,RB53,T8,1.0,99.5,False,False,0.0,0.0,80.68,0.0,0.0,-0.6,0.0,0.0,0.0,0.0,0.0,0.0,0.0,0.0,Tier 12,263.0,57.0,98.0,41.0,⚡ High Variance (Boom/Bust Ceiling),78.0,Tier 10,57.0,98.0,41.0
Mike Washington Jr.,RB,LV,164.0,137.5,RB57,38.0,92.0,9.22,7,13,b783f45a-16ea-4145-9f3a-fafaa1bb0058,40.3,48.0,mike washington,RB,LV,RB_mike_washington_LV,80.0,100.86,24.766000000000002,17.69,143.49,0.64,126.0,487.11,3.12,0.0,0.0,0.0,153.0,RB48,97.63,23.0,151.2,121.8,121.0,137.5,137.5,Healthy,0,140.0,Neutral,Black,0.0,0.0,0.0,—,,4.71,0.0,0.0,0.0,0.0,0.0,0.0,,,,,,,,,,,,,🎯 **Sleeper / Handcuff**,🤝 **Consensus Sleeper**,Consensus Alignment,Tier 14,Round 14+,14.0,4.33 40-yd dash at 223 lbs (2nd-fastest speed score since 2014); Ashton Jeanty ankle opening.,https://www.fantasypoints.com/nfl/articles/2026/mr-relevant-late-round-sleepers,1.0,0.0,1.0,0.0,0.0,0.0,0.0,0.0,0.0,0.0,0.0,0.0,,,,5.0,,consensus,,,0.0,0.0,,,,,,,0.0,Neutral,LV,-0.005,0.29,2250.0,0.015,28.5,-0.04,0.05,LV,28.0,2.5,50.0,50.0,False,Klint Kubiak,70.9,31.0,22.8,14.0,34.5,14.0,0.696,—,27.0,Zone,13.0,Even,19.0,Passing / Garbage Time (Low Scoring Offense + Bad Defense -> Trailing Game Scripts / Air Volume),LV,24,40.2,59.8,8.0,-4.3,K.Kubiak,16,,57.3,,,,,,,,,,,,,Mike Washington Jr.,LVR,1,4.0,122.0,42.8,15.2,43.0,126.9,4.33,39.0,128.0,223.0,,,99.0,,63.5,52.0,55.0,3.0,0.873,11.7,4.91,50.2,66.2,49.3,121.8,41.0,RB51,51.0,173.7,80.0,4.71,12.0,$1,135.0,7.4,—,0,0,99,,—,51,RB51,181.3,-66.53,319,0.441,0.0,-12.8,-42.2,-43.0,-26.5,-26.5,151.2,121.0,30.2,30.2,151.2,121.0,ESPN,SLEEPER,Severe Reach (Overpriced),80.28,-3.67,-0.006,79.8,-66.53,-66.53,285,54,RB54,T8,1.0,-147.5,False,False,0.0,1.2,80.28,0.0,0.0,-0.6,0.0,0.0,0.0,0.0,0.0,0.0,0.0,0.0,Tier 12,164.0,38.0,92.0,54.0,⚡ High Variance (Boom/Bust Ceiling),57.0,Tier 10,38.0,92.0,54.0
Isaac TeSlaa,WR,DET,212.0,254.5,WR79,62.0,109.0,7.74,7,6,41e5e4a9-f04c-462e-a1d1-e35a8115b974,3.9,8.0,isaac teslaa,WR,DET,WR_isaac_teslaa_DET,67.0,85.07,35.532,25.38,352.36,4.12,0.0,0.0,0.0,0.0,0.0,0.0,213.0,WR84,83.71,29.0,259.6,257.0,249.4,254.5,254.5,Healthy,0,,Neutral,Black,0.0,0.0,0.0,—,,3.94,0.0,0.0,0.0,0.0,0.0,0.0,,,,,,,,,,,,,—,—,Consensus Alignment,—,—,99.0,,,1.0,0.0,0.0,0.0,0.0,0.0,0.0,0.0,0.0,0.0,0.0,0.0,—,—,,5.0,,consensus,,,0.0,0.0,,,,,,,0.0,Neutral,DET,0.018,0.09,720.0,0.16,26.4,0.11,0.19,DET,15.0,3.5,70.0,70.0,False,Drew Petzing,107.7,3.0,21.4,20.0,26.1,27.0,0.62,—,3.0,Gap,24.0,Even,11.0,Balanced Environment,DET,16,30.85,69.15,20.0,-1.1,D.Petzing,16,64.7,62.7,,0.5891,,-0.5673,-1.0074,0.006,,,,,,,,,0,,,,,,,,,,,,,,,,,,,,,,,,,,,WR88,88.0,212.3,67.0,3.94,14.0,WW,,,—,0,0,99,,—,97,WR97,158.5,-66.65,296,0.423,0.0,47.6,45.0,37.4,42.5,42.5,259.6,249.4,10.2,10.2,259.6,249.4,ESPN,SLEEPER,Screaming Steal (Huge Value),72.57,-0.06,-0.006,72.13,-66.65,-66.65,286,93,WR93,T8,1.0,-31.5,False,False,0.0,0.0,72.57,0.0,0.0,-0.6,0.0,0.0,0.0,0.0,0.0,0.0,0.0,0.0,Tier 12,212.0,62.0,109.0,47.0,⚡ High Variance (Boom/Bust Ceiling),79.0,Tier 9,62.0,109.0,47.0
Elijah Higgins,TE,ARI,420.0,372.0,TE61,48.0,67.0,5.9,7,14,a01b7698-d67f-4b60-b2fb-4c667336b718,0.1,0.0,elijah higgins,TE,ARI,TE_elijah_higgins_ARI,43.1,45.99,30.729999999999997,21.95,201.53,0.84,0.0,0.0,0.0,0.0,0.0,0.0,,,,,379.4,375.7,364.6,372.0,372.0,Healthy,0,,Neutral,Black,0.0,0.0,0.0,—,,2.54,0.0,0.0,0.0,0.0,0.0,0.0,,,,,,,,,,,,,—,—,Consensus Alignment,—,—,99.0,,,1.0,0.0,0.0,0.0,0.0,0.0,0.0,0.0,0.0,0.0,0.0,0.0,—,—,,5.0,,consensus,,,0.0,0.0,,,,,,,0.0,Neutral,ARI,0.005,0.22,1750.0,0.072,25.5,0.05,0.08,ARI,23.0,3.0,60.0,60.0,False,Mike LaFleur,95.6,12.0,20.8,21.0,32.7,19.0,0.596,—,5.0,Gap,9.0,Condensed,10.0,Passing / Garbage Time (Low Scoring Offense + Bad Defense -> Trailing Game Scripts / Air Volume),ARI,20,39.57,60.43,10.0,-1.1,M.LaFleur,16,74.9,63.4,,-0.763,,,-0.5247,,,,,,,,,,0,,,,,,,,,,,,,,,,,,,,,,,,,,,TE48,48.0,999.0,43.1,2.54,9.0,WW,,,—,0,0,99,,—,48,TE48,124.0,-66.93,265,0.348,0.0,-40.6,-44.3,-55.4,-48.0,-48.0,379.4,364.6,14.8,14.8,379.4,364.6,ESPN,SLEEPER,Severe Reach (Overpriced),43.1,-1.65,-0.006,42.84,-66.93,-66.93,287,47,TE47,T8,1.0,85.0,False,False,0.0,0.0,43.1,0.0,0.0,-0.6,0.0,0.0,0.0,0.0,0.0,0.0,0.0,0.0,Tier 12,420.0,48.0,67.0,19.0,⚡ High Variance (Boom/Bust Ceiling),61.0,Tier 8,48.0,67.0,19.0
Jahan Dotson,WR,ATL,324.0,426.5,WR112,62.0,143.0,18.05,9,11,d4a7917d-f327-431b-9b87-83af341c3e21,0.9,1.0,jahan dotson,WR,ATL,WR_jahan_dotson_ATL,65.8,92.48,49.209999999999994,35.15,443.29,2.25,0.0,0.0,0.0,0.0,0.0,0.0,209.0,WR82,84.71,29.0,435.0,430.8,418.0,426.5,426.5,Healthy,0,,Neutral,Black,0.0,0.0,0.0,—,,3.87,0.0,0.0,0.0,0.0,0.0,0.0,,,,,,,,,,,,,—,—,Consensus Alignment,—,—,99.0,,,1.0,0.0,0.0,0.0,0.0,0.0,0.0,0.0,0.0,0.0,0.0,0.0,—,—,,5.0,,consensus,,,0.0,0.0,,,,,,,0.0,Neutral,ATL,0.032,0.15,1100.0,0.092,26.0,0.05,0.12,ATL,21.0,4.0,80.0,80.0,False,Kevin Stefanski/Rees,86.4,21.0,22.4,16.0,25.7,28.0,0.592,High 12P,10.0,Gap,18.0,Even,3.0,Passing / Garbage Time (Low Scoring Offense + Bad Defense -> Trailing Game Scripts / Air Volume),ATL,11,54.01,45.99,2.0,-4.2,K.Stefanski,16,50.0,80.0,-0.5686,-0.3163,-1.2245,-0.6438,-1.3331,0.099,,,,,,,,,0,,,,,,,,,,,,,,,,,,,,,,,,,,,WR89,89.0,999.0,65.8,3.87,14.0,WW,,,—,0,0,99,,—,99,WR99,158.5,-67.11,298,0.415,0.0,111.0,106.8,94.0,102.5,102.5,435.0,418.0,17.0,17.0,435.0,418.0,ESPN,SLEEPER,Screaming Steal (Huge Value),72.1,-0.44,-0.006,71.67,-67.11,-67.11,288,94,WR94,T8,1.0,138.5,False,False,-3.0,0.0,72.1,0.0,0.0,-0.6,0.0,0.0,0.0,0.0,0.0,0.0,0.0,0.0,Tier 12,324.0,62.0,143.0,81.0,⚡ High Variance (Boom/Bust Ceiling),112.0,Tier 9,62.0,143.0,81.0
Daniel Bellinger,TE,TEN,411.0,563.0,TE58,47.0,71.0,7.06,7,9,42a1c03e-790e-46ba-b0d5-d304e44c02c7,0.1,0.0,daniel bellinger,TE,TEN,TE_daniel_bellinger_TEN,42.5,51.97,27.061999999999998,19.33,222.28,1.75,0.0,0.0,0.0,0.0,0.0,0.0,,,,,574.3,568.6,551.7,563.0,563.0,Healthy,0,,Neutral,Black,0.0,0.0,0.0,—,,2.5,0.0,0.0,0.0,0.0,0.0,0.0,,,,,,,,,,,,,—,—,Consensus Alignment,—,—,99.0,,,1.0,0.0,0.0,0.0,0.0,0.0,0.0,0.0,0.0,0.0,0.0,0.0,—,—,,5.0,,consensus,,,0.0,0.0,,,,,,,0.0,Neutral,TEN,-0.02,0.33,2550.0,0.01,29.0,0.03,-0.01,TEN,25.0,2.0,40.0,40.0,False,Brian Daboll,74.1,29.0,19.9,23.0,32.6,21.0,0.588,High 12P,12.0,Balanced,28.0,Very Spread,13.0,Slugfests (Low Scoring Offense + Elite Defense -> Low Over/Unders / Grinding Games),TEN,31,20.11,79.89,29.0,-1.4,B.Daboll,16,65.8,66.9,,-0.3769,,,-0.272,,,,,,,,,,0,,,,,,,,,,,,,,,,,,,,,,,,,,,TE50,50.0,999.0,42.5,2.5,9.0,WW,,,—,0,0,99,,—,50,TE50,124.0,-67.73,267,0.343,0.0,163.3,157.6,140.7,152.0,152.0,574.3,551.7,22.6,22.6,574.3,551.7,ESPN,SLEEPER,Screaming Steal (Huge Value),42.5,-6.8,-0.014,41.9,-67.73,-67.73,289,48,TE48,T8,1.0,274.0,False,False,0.0,0.0,42.5,0.0,0.0,-1.4,0.0,0.0,0.0,0.0,0.0,0.0,0.0,0.0,Tier 12,411.0,47.0,71.0,24.0,⚡ High Variance (Boom/Bust Ceiling),58.0,Tier 8,47.0,71.0,24.0
Jake Tonges,TE,SF,316.0,279.0,TE37,19.0,53.0,5.39,5,8,8d9236c0-ce09-11ec-9598-03840dd5f387,3.1,2.0,jake tonges,TE,SF,TE_jake_tonges_SF,42.6,44.24,24.794,17.71,184.2,1.38,0.0,0.0,0.0,0.0,0.0,0.0,374.0,TE49,40.54,29.0,284.6,281.8,273.4,279.0,279.0,Healthy,0,,Neutral,Black,0.0,0.0,0.0,—,,2.51,0.0,0.0,0.0,0.0,0.0,0.0,,,,,,,,,,,,,—,—,Consensus Alignment,—,—,99.0,,,1.0,0.0,0.0,0.0,0.0,0.0,0.0,0.0,0.0,0.0,0.0,0.0,—,—,,5.0,,consensus,,,0.0,0.0,,,,,,,0.0,Neutral,SF,-0.012,0.11,890.0,0.175,28.8,0.14,0.2,SF,6.0,4.0,80.0,80.0,False,Kyle Shanahan,100.9,6.0,26.4,4.0,32.9,17.0,0.774,High 21P,8.0,Zone,3.0,Most Condensed,14.0,Shootouts (High Scoring Offense + Vulnerable Defense -> Max Fantasy Ceiling),SF,6,48.24,51.76,3.0,-1.9,K.Shanahan,16,71.3,60.2,,-1.1807,,,0.1514,,,,,,,,,,0,,,,,,,,,,,,,,,,,,,,,,,,,,,TE49,49.0,241.4,42.6,2.51,9.0,WW,,,—,0,0,99,,—,49,TE49,124.0,-67.93,266,0.344,0.0,-31.4,-34.2,-42.6,-37.0,-37.0,284.6,273.4,11.2,11.2,284.6,273.4,ESPN,SLEEPER,Severe Reach (Overpriced),41.91,4.74,-0.006,41.66,-67.93,-67.93,290,49,TE49,T8,1.0,-11.0,False,False,0.0,0.0,41.91,0.0,0.0,-0.6,0.0,0.0,0.0,0.0,0.0,0.0,0.0,0.0,Tier 12,316.0,19.0,53.0,34.0,⚡ High Variance (Boom/Bust Ceiling),37.0,Tier 8,19.0,53.0,34.0
Germie Bernard,WR,PIT,228.0,268.0,WR80,64.0,122.0,10.87,7,9,d37b698e-7a10-4363-a859-6937c7d3e6f6,7.7,2.0,germie bernard,WR,PIT,WR_germie_bernard_PIT,68.6,109.24,57.70799999999999,41.22,508.18,2.89,2.08,10.84,0.04,0.0,0.0,0.0,224.0,WR92,74.22,29.0,294.8,270.7,235.8,268.0,268.0,Healthy,0,,Neutral,Black,0.0,0.0,0.0,—,,4.04,0.0,0.0,0.0,0.0,0.0,0.0,,,,,,,,,,,,,—,—,Consensus Alignment,—,—,99.0,,,1.0,0.0,0.0,0.0,0.0,0.0,0.0,0.0,0.0,0.0,0.0,0.0,—,—,,5.0,,consensus,,,0.0,0.0,,,,,,,0.0,Neutral,PIT,-0.05,0.28,2150.0,0.03,29.6,0.04,0.02,PIT,12.0,3.5,70.0,70.0,False,Mike McCarthy,90.1,17.0,18.0,27.0,46.2,1.0,0.691,—,1.0,Zone,25.0,Spread,9.0,Slugfests (Low Scoring Offense + Elite Defense -> Low Over/Unders / Grinding Games),PIT,19,41.2,58.8,6.0,4.6,M.McCarthy,16,,72.1,,,,,,,,,,,,,Germie Bernard,PIT,1,2.0,47.0,19.3,29.7,10.1,102.3,4.48,32.5,125.0,206.0,7.7,57.3,59.0,27.0,,,,,,,,,,,,,WR87,87.0,232.3,68.6,4.04,14.0,WW,,,—,0,0,99,,—,95,WR95,158.5,-68.73,288,0.433,0.0,66.8,42.7,7.8,40.0,40.0,294.8,235.8,59.0,59.0,294.8,235.8,ESPN,SLEEPER,Screaming Steal (Huge Value),70.47,-2.1,-0.006,70.05,-68.73,-68.73,291,95,WR95,T8,1.0,-23.0,False,False,0.0,0.0,70.47,0.0,0.0,-0.6,0.0,0.0,0.0,0.0,0.0,0.0,0.0,0.0,Tier 12,228.0,64.0,122.0,58.0,⚡ High Variance (Boom/Bust Ceiling),80.0,Tier 9,64.0,122.0,58.0
Austin Hooper,TE,ATL,399.0,574.0,TE60,44.0,70.0,8.62,7,11,90c2a93f-d837-4e1b-b57c-56648903a8db,0.1,0.0,austin hooper,TE,ATL,TE_austin_hooper_ATL,39.5,51.89,30.59,21.85,225.39,1.27,0.0,0.0,0.0,0.0,0.0,0.0,366.0,TE48,43.44,29.0,585.5,579.7,562.5,574.0,574.0,Healthy,0,,Neutral,Black,0.0,0.0,0.0,—,,2.32,0.0,0.0,0.0,0.0,0.0,0.0,,,,,,,,,,,,,—,—,Consensus Alignment,—,—,99.0,,,1.0,0.0,0.0,0.0,0.0,0.0,0.0,0.0,0.0,0.0,0.0,0.0,—,—,,5.0,,consensus,,,0.0,0.0,,,,,,,0.0,Neutral,ATL,0.032,0.15,1100.0,0.092,26.0,0.05,0.12,ATL,21.0,4.0,80.0,80.0,False,Kevin Stefanski/Rees,86.4,21.0,22.4,16.0,25.7,28.0,0.592,High 12P,10.0,Gap,18.0,Even,3.0,Passing / Garbage Time (Low Scoring Offense + Bad Defense -> Trailing Game Scripts / Air Volume),ATL,11,54.01,45.99,2.0,-4.2,K.Stefanski,16,74.6,73.3,,0.3825,,,0.1153,,,,,,,,,,0,,,,,,,,,,,,,,,,,,,,,,,,,,,TE51,51.0,430.0,39.5,2.32,10.0,WW,,,—,0,0,99,,—,51,TE51,124.0,-68.86,272,0.319,0.0,186.5,180.7,163.5,175.0,175.0,585.5,562.5,23.0,23.0,585.5,562.5,ESPN,SLEEPER,Screaming Steal (Huge Value),40.81,4.06,-0.006,40.57,-68.86,-68.86,292,50,TE50,T8,1.0,282.0,False,False,0.0,0.0,40.81,0.0,0.0,-0.6,0.0,0.0,0.0,0.0,0.0,0.0,0.0,0.0,Tier 12,399.0,44.0,70.0,26.0,⚡ High Variance (Boom/Bust Ceiling),60.0,Tier 8,44.0,70.0,26.0
Oscar Delp,TE,NO,323.0,603.0,TE38,28.0,74.0,7.77,6,8,e30ac2bf-f359-4913-8e92-0a97a7ebf289,0.2,0.0,oscar delp,TE,NO,TE_oscar_delp_NO,43.5,23.29,13.16,9.4,95.06,0.74,0.0,0.0,0.0,0.0,0.0,0.0,418.0,TE57,31.41,29.0,663.3,609.0,530.6,603.0,603.0,Healthy,0,,Neutral,Black,0.0,0.0,0.0,—,,2.56,0.0,0.0,0.0,0.0,0.0,0.0,,,,,,,,,,,,,—,—,Consensus Alignment,—,—,99.0,,,1.0,0.0,0.0,0.0,0.0,0.0,0.0,0.0,0.0,0.0,0.0,0.0,—,—,,5.0,,consensus,,,0.0,0.0,,,,,,,0.0,Neutral,NO,0.005,0.15,1150.0,0.035,28.2,-0.03,0.08,NO,30.0,3.0,60.0,60.0,True,Kellen Moore,85.7,23.0,22.1,18.0,35.8,10.0,0.663,High 11P,1.0,Zone,5.0,Even,27.0,Passing / Garbage Time (Low Scoring Offense + Bad Defense -> Trailing Game Scripts / Air Volume),NO,22,25.49,74.51,25.0,-2.3,K.Moore,16,,63.8,,,,,,,,,,,,,Oscar Delp,NOR,1,3.0,73.0,8.5,21.2,10.0,,,,,,,,,,,,,,,,,,,,,,TE47,47.0,999.0,43.5,2.56,9.0,WW,,,—,0,0,99,,—,47,TE47,124.0,-70.0,264,0.351,0.0,340.3,286.0,207.6,280.0,280.0,663.3,530.6,132.7,132.7,663.3,530.6,ESPN,SLEEPER,Screaming Steal (Huge Value),39.47,-1.65,-0.006,39.23,-70.0,-70.0,293,51,TE51,T8,1.0,310.0,False,False,0.0,0.0,39.47,0.0,0.0,-0.6,0.0,0.0,0.0,0.0,0.0,0.0,0.0,0.0,Tier 12,323.0,28.0,74.0,46.0,⚡ High Variance (Boom/Bust Ceiling),38.0,Tier 8,28.0,74.0,46.0
Tanner Hudson,TE,CIN,486.0,606.0,TE81,58.0,112.0,19.58,8,6,2fa75e05-cac4-4b40-8924-dbc9ae0c959c,0.0,0.0,tanner hudson,TE,CIN,TE_tanner_hudson_CIN,39.0,29.34,18.325999999999997,13.09,110.28,0.9,0.0,0.0,0.0,0.0,0.0,0.0,,,,,618.1,612.1,593.9,606.0,606.0,Healthy,0,,Neutral,Black,0.0,0.0,0.0,—,,2.29,0.0,0.0,0.0,0.0,0.0,0.0,,,,,,,,,,,,,—,—,Consensus Alignment,—,—,99.0,,,1.0,0.0,0.0,0.0,0.0,0.0,0.0,0.0,0.0,0.0,0.0,0.0,—,—,,5.0,,consensus,,,0.0,0.0,,,,,,,0.0,Neutral,CIN,0.05,0.18,1420.0,0.125,25.2,0.01,0.21,CIN,19.0,3.0,60.0,60.0,False,Zac Taylor,98.6,7.0,22.5,15.0,42.5,3.0,0.751,—,11.0,Gap,20.0,Very Spread,15.0,Shootouts (High Scoring Offense + Vulnerable Defense -> Max Fantasy Ceiling),CIN,28,31.69,68.31,19.0,3.6,Z.Taylor,16,76.3,,,-0.3258,,,0.662,,,,,,,,,,0,,,,,,,,,,,,,,,,,,,,,,,,,,,TE52,52.0,999.0,39.0,2.29,10.0,WW,,,—,0,0,99,,—,52,TE52,124.0,-70.39,274,0.315,0.0,132.1,126.1,107.9,120.0,120.0,618.1,593.9,24.2,24.2,618.1,593.9,ESPN,SLEEPER,Screaming Steal (Huge Value),39.0,-2.3,-0.006,38.77,-70.39,-70.39,294,52,TE52,T8,1.0,312.0,False,False,0.0,0.0,39.0,0.0,0.0,-0.6,0.0,0.0,0.0,0.0,0.0,0.0,0.0,0.0,Tier 12,486.0,58.0,112.0,54.0,⚡ High Variance (Boom/Bust Ceiling),75.0,Tier 8,58.0,112.0,54.0
Ted Hurst III,WR,TB,261.0,279.0,WR93,60.0,140.0,12.63,8,10,8e9964c2-b74c-4eb1-967b-2f82cc8f9767,1.0,2.0,ted hurst,WR,TB,WR_ted_hurst_TB,68.41,82.69,40.459999999999994,28.9,389.85,2.57,1.0,6.5,0.0,0.0,0.0,0.0,235.0,WR95,68.9,29.0,306.9,281.8,245.5,279.0,279.0,Healthy,0,,Neutral,Black,0.0,0.0,0.0,—,,4.0,0.0,0.0,0.0,0.0,0.0,0.0,,,,,,,,,,,,,—,—,Consensus Alignment,—,—,99.0,,,1.0,0.0,0.0,0.0,0.0,0.0,0.0,0.0,0.0,0.0,0.0,0.0,—,—,,5.0,,consensus,,,0.0,0.0,,,,,,,0.0,Neutral,TB,0.028,0.11,820.0,0.078,27.5,-0.03,0.14,TB,26.0,4.0,80.0,80.0,False,Zac Robinson,89.8,18.0,27.9,2.0,30.4,24.0,0.75,High 12P,13.0,Zone,2.0,Condensed,20.0,Slugfests (Low Scoring Offense + Elite Defense -> Low Over/Unders / Grinding Games),TB,5,26.78,73.22,23.0,-6.6,Z.Robinson,16,,78.7,,,,,,,,,,,,,Ted Hurst,TAM,1,3.0,84.0,16.5,24.0,18.4,,,,,,9.5,76.7,,40.0,,,,,,,,,,,,,,,,,,,,,,—,0,0,99,,—,96,WR96,158.5,-70.53,289,0.432,0.0,45.9,20.8,-15.5,18.0,18.0,306.9,245.5,61.4,61.4,306.9,245.5,ESPN,SLEEPER,Screaming Steal (Huge Value),68.66,3.44,-0.006,68.25,-70.53,-70.53,295,96,WR96,T8,1.0,-16.0,False,False,0.0,0.0,68.66,0.0,0.0,-0.6,0.0,0.0,0.0,0.0,0.0,0.0,0.0,0.0,Tier 12,261.0,60.0,140.0,80.0,⚡ High Variance (Boom/Bust Ceiling),93.0,Tier 9,60.0,140.0,80.0
Keon Coleman,WR,BUF,247.0,293.0,WR85,59.0,120.0,10.86,8,7,6752915f-efe5-473d-a520-78cadfab6dda,2.6,2.0,keon coleman,WR,BUF,WR_keon_coleman_BUF,63.9,74.63,34.188,24.42,337.72,2.82,0.0,0.0,0.0,0.0,0.0,0.0,222.0,WR91,75.05,29.0,298.9,295.9,287.1,293.0,293.0,Healthy,0,,Neutral,Black,0.0,0.0,0.0,—,,3.76,0.0,0.0,0.0,0.0,0.0,0.0,,,,,,,,,,,,,—,—,Consensus Alignment,—,—,99.0,,,1.0,0.0,0.0,0.0,0.0,0.0,0.0,0.0,0.0,0.0,0.0,0.0,—,—,,5.0,,consensus,,,0.0,0.0,,,,,,,0.0,Neutral,BUF,0.03,0.32,2450.0,0.155,26.9,0.08,0.2,BUF,2.0,4.5,90.0,90.0,True,Joe Brady,101.1,5.0,24.4,8.0,30.1,25.0,0.655,—,32.0,Gap,11.0,Very Spread,22.0,Shootouts (High Scoring Offense + Vulnerable Defense -> Max Fantasy Ceiling),BUF,7,23.56,76.44,28.0,-1.6,J.Brady,16,63.2,68.9,-0.7501,-0.5197,0.2346,-0.4376,-0.0917,-0.2741,,,,,,,,,0,,,,,,,,,,,,,,,,,,,,,,,,,,,WR90,90.0,234.8,63.9,3.76,14.0,WW,,,—,0,0,99,,—,103,WR103,158.5,-71.57,302,0.403,0.0,51.9,48.9,40.1,46.0,46.0,298.9,287.1,11.8,11.8,298.9,287.1,ESPN,SLEEPER,Screaming Steal (Huge Value),67.62,4.7,-0.006,67.21,-71.57,-71.57,296,97,WR97,T8,1.0,-3.0,False,False,0.0,0.0,67.62,0.0,0.0,-0.6,0.0,0.0,0.0,0.0,0.0,0.0,0.0,0.0,Tier 12,247.0,59.0,120.0,61.0,⚡ High Variance (Boom/Bust Ceiling),85.0,Tier 9,59.0,120.0,61.0
Alvin Kamara,RB,NO,152.0,148.0,RB55,41.0,80.0,8.18,6,8,d9c857b2-97da-4fb8-a527-afbbb2a67413,41.6,30.0,alvin kamara,RB,NO,RB_alvin_kamara_NO,66.9,117.88,45.682,32.63,228.28,0.97,113.98,440.08,2.37,0.0,0.0,0.0,168.0,RB52,82.06,27.0,151.0,126.1,145.0,148.0,148.0,Healthy,0,150.0,Neutral,Black,0.0,0.0,0.0,—,8.9,3.94,0.0,0.0,0.0,0.0,0.0,0.0,,,,,,,,,,,,,—,—,Consensus Alignment,—,—,99.0,,,1.0,0.0,0.0,0.0,0.0,0.0,0.0,0.0,0.0,0.0,0.0,0.0,—,—,,5.0,,consensus,,,0.0,0.0,,,,,,,0.0,Neutral,NO,0.005,0.15,1150.0,0.035,28.2,-0.03,0.08,NO,30.0,3.0,60.0,60.0,True,Kellen Moore,85.7,23.0,22.1,18.0,35.8,10.0,0.663,High 11P,1.0,Zone,5.0,Even,27.0,Passing / Garbage Time (Low Scoring Offense + Bad Defense -> Trailing Game Scripts / Air Volume),NO,22,25.49,74.51,25.0,-2.3,K.Moore,16,50.3,85.7,,,,,,,-0.5541,,,,,,,,0,,,,,,,,,,,,,,,82.3,46.0,51.0,5.0,0.934,14.2,8.05,106.7,83.7,62.2,126.1,45.0,RB58,58.0,160.7,66.9,3.94,13.0,WW,180.0,6.0,—,0,0,99,,—,58,RB58,181.3,-72.24,344,0.369,0.0,-1.0,-25.9,-7.0,-4.0,-4.0,151.0,126.1,24.9,24.9,151.0,126.1,ESPN,YAHOO,Overpriced Fade,74.54,-2.33,-0.006,74.09,-72.24,-72.24,297,55,RB55,T8,1.0,-149.0,False,False,-3.0,2.0,74.54,0.0,0.0,-0.6,0.0,0.0,0.0,0.0,0.0,0.0,0.0,0.0,Tier 12,152.0,41.0,80.0,39.0,⚡ High Variance (Boom/Bust Ceiling),55.0,Tier 10,41.0,80.0,39.0
Tommy Tremble,TE,CAR,388.0,357.0,TE57,37.0,71.0,8.75,7,5,cbee2fd3-e5f2-4316-bffd-531f1873f032,0.2,0.0,tommy tremble,TE,CAR,TE_tommy_tremble_CAR,33.0,51.35,29.609999999999996,21.15,197.84,1.76,0.0,0.0,0.0,0.0,0.0,0.0,365.0,TE47,43.66,29.0,364.1,360.6,349.9,357.0,357.0,Healthy,0,,Neutral,Black,0.0,0.0,0.0,—,,1.94,0.0,0.0,0.0,0.0,0.0,0.0,,,,,,,,,,,,,—,—,Consensus Alignment,—,—,99.0,,,1.0,0.0,0.0,0.0,0.0,0.0,0.0,0.0,0.0,0.0,0.0,0.0,—,—,,5.0,,consensus,,,0.0,0.0,,,,,,,0.0,Neutral,CAR,-0.015,0.25,1900.0,-0.03,28.6,-0.01,-0.04,CAR,16.0,3.0,60.0,60.0,False,Dave Canales/Idzik,78.7,27.0,19.8,24.0,33.6,15.0,0.794,High 11P,22.0,Balanced,19.0,Spread,23.0,Passing / Garbage Time (Low Scoring Offense + Bad Defense -> Trailing Game Scripts / Air Volume),CAR,8,29.48,70.52,22.0,-2.0,D.Canales,16,60.1,63.0,,1.0773,,,-0.7796,,,,,,,,,,0,,,,,,,,,,,,,,,,,,,,,,,,,,,TE57,57.0,999.0,33.0,1.94,10.0,WW,,,—,0,0,99,,—,61,TE61,124.0,-72.46,294,0.266,0.0,-23.9,-27.4,-38.1,-31.0,-31.0,364.1,349.9,14.2,14.2,364.1,349.9,ESPN,SLEEPER,Severe Reach (Overpriced),36.55,-0.25,-0.006,36.33,-72.46,-72.46,298,53,TE53,T8,1.0,59.0,False,False,0.0,0.0,36.55,0.0,0.0,-0.6,0.0,0.0,0.0,0.0,0.0,0.0,0.0,0.0,Tier 12,388.0,37.0,71.0,34.0,⚡ High Variance (Boom/Bust Ceiling),57.0,Tier 8,37.0,71.0,34.0
Tyrone Tracy Jr.,RB,NYG,151.0,146.0,RB51,38.0,81.0,8.16,6,8,fc6c7973-79a9-4974-855e-bc13400fe641,15.4,33.0,tyrone tracy,RB,NYG,RB_tyrone_tracy_NYG,64.5,94.95,33.096,23.64,180.97,1.14,86.53,366.05,1.83,0.0,0.0,0.0,232.0,RB64,59.2,29.0,148.9,130.9,143.1,146.0,146.0,Healthy,0,,Neutral,Black,0.0,0.0,0.0,—,,3.79,0.0,0.0,0.0,0.0,0.0,0.0,,,,,,,,,,,,,—,—,Consensus Alignment,—,—,99.0,,,1.0,0.0,0.0,0.0,0.0,0.0,0.0,0.0,0.0,0.0,0.0,0.0,—,—,,7.0,137.0,consensus,2.5,Medium,0.0,0.0,,,,,,,0.0,Neutral,NYG,-0.01,0.31,2350.0,-0.01,27.7,0.0,-0.02,NYG,18.0,3.0,60.0,60.0,True,Matt Nagy,89.6,19.0,24.1,12.0,32.6,21.0,0.558,—,21.0,Zone,17.0,Even,16.0,Shootouts (High Scoring Offense + Vulnerable Defense -> Max Fantasy Ceiling),NYG,18,38.25,61.75,12.0,1.3,M.Nagy,16,59.2,50.0,,,,,,,-0.6066,,,,,,,,0,,,,,,,,,,,,,,,108.1,40.0,47.0,7.0,0.966,14.8,7.63,108.9,104.4,75.8,130.9,51.0,RB59,59.0,161.3,64.5,3.79,13.0,WW,179.0,6.1,—,0,0,99,,—,59,RB59,181.3,-72.7,346,0.356,0.0,-2.1,-20.1,-7.9,-5.0,-5.0,148.9,130.9,18.0,18.0,148.9,130.9,ESPN,YAHOO,Overpriced Fade,74.07,-2.1,-0.006,73.63,-72.7,-72.7,299,56,RB56,T8,1.0,-153.0,False,False,0.0,2.8,74.07,0.0,0.0,-0.6,0.0,0.0,0.0,0.0,0.0,0.0,0.0,0.0,Tier 12,151.0,38.0,81.0,43.0,⚡ High Variance (Boom/Bust Ceiling),51.0,Tier 10,38.0,81.0,43.0
Zachariah Branch,WR,ATL,233.0,225.0,WR81,58.0,116.0,11.22,7,11,41f192cd-cc4a-44bc-9c21-43a19ecfc86c,5.6,4.0,zachariah branch,WR,ATL,WR_zachariah_branch_ATL,65.21499999999999,80.28,43.974,31.41,381.69,1.89,0.0,0.0,0.0,0.0,0.0,0.0,242.0,WR98,66.65,29.0,247.5,227.2,198.0,225.0,225.0,Healthy,0,,Neutral,Black,0.0,0.0,0.0,—,,3.8,0.0,0.0,0.0,0.0,0.0,0.0,,,,,,,,,,,,,—,—,Consensus Alignment,—,—,99.0,,,1.0,0.0,0.0,0.0,0.0,0.0,0.0,0.0,0.0,0.0,0.0,0.0,—,—,,7.0,136.0,guy,1.6,Low (High Floor Alpha),0.0,0.0,,,,,,,0.0,Neutral,ATL,0.032,0.15,1100.0,0.092,26.0,0.05,0.12,ATL,21.0,4.0,80.0,80.0,False,Kevin Stefanski/Rees,86.4,21.0,22.4,16.0,25.7,28.0,0.592,High 12P,10.0,Gap,18.0,Even,3.0,Passing / Garbage Time (Low Scoring Offense + Bad Defense -> Trailing Game Scripts / Air Volume),ATL,11,54.01,45.99,2.0,-4.2,K.Stefanski,16,,78.4,,,,,,,,,,,,,Zachariah Branch,ATL,1,3.0,79.0,29.7,20.9,30.8,98.9,4.35,38.0,125.0,177.0,4.4,43.9,43.0,7.0,,,,,,,,,,,,,,,,,,,,,,—,0,0,99,,—,102,WR102,158.5,-72.85,301,0.411,0.0,14.5,-5.8,-35.0,-8.0,-8.0,247.5,198.0,49.5,49.5,247.5,198.0,ESPN,SLEEPER,Severe Reach (Overpriced),65.93,-0.44,0.0,65.93,-72.85,-72.85,300,98,WR98,T8,1.0,-75.0,False,False,0.0,0.0,65.93,0.0,0.0,0.0,0.0,0.0,0.0,0.0,0.0,0.0,0.0,0.0,Tier 12,233.0,58.0,116.0,58.0,⚡ High Variance (Boom/Bust Ceiling),81.0,Tier 9,58.0,116.0,58.0
Deshaun Watson,QB,CLE,275.0,315.0,QB35,29.0,36.0,1.81,5,11,eec5265c-7731-4bb6-8af2-4f98a67f9ab7,1.9,3.0,deshaun watson,QB,CLE,QB_deshaun_watson_CLE,193.9,135.23,0.0,0.0,0.0,0.0,44.3,191.78,1.2,1993.74,10.8,7.46,271.0,QB31,146.7,29.0,283.5,318.1,333.9,315.0,315.0,Healthy,0,,Neutral,Black,0.0,0.0,0.0,—,,11.41,0.0,0.0,0.0,0.0,0.0,0.0,,,,,,,,,,,,,—,—,Consensus Alignment,—,—,99.0,,,1.0,0.0,0.0,0.0,0.0,0.0,0.0,0.0,0.0,0.0,0.0,0.0,—,—,,5.0,,consensus,,,0.0,0.0,,,,,,,0.0,Neutral,CLE,0.0,0.16,1280.0,0.022,29.1,0.01,0.03,CLE,27.0,2.0,40.0,40.0,False,Todd Monken,70.9,32.0,24.1,10.0,32.8,18.0,0.579,"High 12P, 21P",30.0,Zone,16.0,Even,18.0,Slugfests (Low Scoring Offense + Elite Defense -> Low Over/Unders / Grinding Games),CLE,32,46.6,53.4,5.0,-3.2,T.Monken,16,59.7,85.9,,,,,,,,,,,-0.575,,,,0,,,,,,,,,,,,,,,,,,,,,,,,,,,QB30,30.0,999.0,193.9,11.41,9.0,WW,,,—,0,0,99,,—,30,QB30,272.9,-72.91,258,0.711,0.0,8.5,43.1,58.9,40.0,40.0,333.9,283.5,50.4,50.4,333.9,283.5,SLEEPER,ESPN,Screaming Steal (Huge Value),178.17,-102.2,-0.007,176.92,-72.91,-72.91,301,30,QB30,T8,1.0,14.0,False,False,0.0,0.0,178.17,0.0,0.0,-0.7,0.0,0.0,0.0,0.0,0.0,0.0,0.0,0.0,Tier 12,275.0,29.0,36.0,7.0,⚡ High Variance (Boom/Bust Ceiling),35.0,Tier 7,29.0,36.0,7.0
Drew Sample,TE,CIN,467.0,502.0,TE87,53.0,96.0,16.61,8,6,15a4f552-ecaf-45bd-9006-aa5dda93bee6,0.1,0.0,drew sample,TE,CIN,TE_drew_sample_CIN,35.9,33.86,21.224,15.16,123.16,1.09,0.0,0.0,0.0,0.0,0.0,0.0,,,,,512.0,507.0,492.0,502.0,502.0,Healthy,0,,Neutral,Black,0.0,0.0,0.0,—,,2.11,0.0,0.0,0.0,0.0,0.0,0.0,,,,,,,,,,,,,—,—,Consensus Alignment,—,—,99.0,,,1.0,0.0,0.0,0.0,0.0,0.0,0.0,0.0,0.0,0.0,0.0,0.0,—,—,,5.0,,consensus,,,0.0,0.0,,,,,,,0.0,Neutral,CIN,0.05,0.18,1420.0,0.125,25.2,0.01,0.21,CIN,19.0,3.0,60.0,60.0,False,Zac Taylor,98.6,7.0,22.5,15.0,42.5,3.0,0.751,—,11.0,Gap,20.0,Very Spread,15.0,Shootouts (High Scoring Offense + Vulnerable Defense -> Max Fantasy Ceiling),CIN,28,31.69,68.31,19.0,3.6,Z.Taylor,16,50.0,59.7,,0.0569,,,-1.5082,,,,,,,,,,0,,,,,,,,,,,,,,,,,,,,,,,,,,,TE53,53.0,999.0,35.9,2.11,10.0,WW,,,—,0,0,99,,—,54,TE54,124.0,-73.02,283,0.29,0.0,45.0,40.0,25.0,35.0,35.0,512.0,492.0,20.0,20.0,512.0,492.0,ESPN,SLEEPER,Screaming Steal (Huge Value),35.9,-2.3,-0.006,35.68,-73.02,-73.02,302,54,TE54,T8,1.0,200.0,False,False,-3.0,0.0,35.9,0.0,0.0,-0.6,0.0,0.0,0.0,0.0,0.0,0.0,0.0,0.0,Tier 12,467.0,53.0,96.0,43.0,⚡ High Variance (Boom/Bust Ceiling),77.0,Tier 8,53.0,96.0,43.0
Xavier Hutchinson,WR,HOU,332.0,456.0,WR116,68.0,153.0,22.63,9,8,aed98af2-b228-4b74-a804-2d210bd11122,0.5,0.0,xavier hutchinson,WR,HOU,WR_xavier_hutchinson_HOU,65.99799999999999,81.56,43.20399999999999,30.86,369.38,2.05,2.05,14.21,0.04,0.0,0.0,0.0,244.0,WR99,65.76,29.0,465.1,460.6,446.9,456.0,456.0,Healthy,0,,Neutral,Black,0.0,0.0,0.0,—,,3.9,0.0,0.0,0.0,0.0,0.0,0.0,,,,,,,,,,,,,—,—,Consensus Alignment,—,—,99.0,,,1.0,0.0,0.0,0.0,0.0,0.0,0.0,0.0,0.0,0.0,0.0,0.0,—,—,,5.0,,consensus,,,0.0,0.0,,,,,,,0.0,Neutral,HOU,0.042,0.24,1950.0,0.108,25.8,-0.01,0.18,HOU,29.0,3.0,60.0,60.0,False,Nick Caley,94.1,14.0,17.9,28.0,35.3,12.0,0.523,High 11P,16.0,Gap,14.0,Even,26.0,Slugfests (Low Scoring Offense + Elite Defense -> Low Over/Unders / Grinding Games),HOU,29,13.79,86.21,32.0,-0.5,N.Caley,16,58.1,86.2,0.3249,-1.0564,0.079,-0.1917,-0.8435,-1.0676,,,,,,,,,0,,,,,,,,,,,,,,,,,,,,,,,,,,,,,,,,,,,,—,0,0,99,,—,98,WR98,158.5,-73.3,297,0.416,0.0,133.1,128.6,114.9,124.0,124.0,465.1,446.9,18.2,18.2,465.1,446.9,ESPN,SLEEPER,Screaming Steal (Huge Value),65.88,-2.54,-0.006,65.48,-73.3,-73.3,303,99,WR99,T8,1.0,153.0,False,False,0.0,0.0,65.88,0.0,0.0,-0.6,0.0,0.0,0.0,0.0,0.0,0.0,0.0,0.0,Tier 12,332.0,68.0,153.0,85.0,⚡ High Variance (Boom/Bust Ceiling),116.0,Tier 9,68.0,153.0,85.0
Adam Trautman,TE,DEN,445.0,442.0,TE77,57.0,82.0,8.86,8,10,4e14183b-f974-4745-9d7f-8f5eb2a92a7d,0.1,0.0,adam trautman,TE,DEN,TE_adam_trautman_DEN,36.901,47.89,27.09,19.35,197.15,1.49,0.0,0.0,0.0,0.0,0.0,0.0,409.0,TE54,33.87,29.0,450.8,446.4,433.2,442.0,442.0,Healthy,0,,Neutral,Black,0.0,0.0,0.0,—,,2.2,0.0,0.0,0.0,0.0,0.0,0.0,,,,,,,,,,,,,—,—,Consensus Alignment,—,—,99.0,,,1.0,0.0,0.0,0.0,0.0,0.0,0.0,0.0,0.0,0.0,0.0,0.0,—,—,,5.0,,consensus,,,0.0,0.0,,,,,,,0.0,Neutral,DEN,-0.018,0.27,2100.0,0.02,28.9,0.01,0.03,DEN,4.0,5.0,100.0,100.0,True,Sean Payton/Webb,94.5,13.0,24.2,9.0,32.6,21.0,0.563,—,7.0,Gap,26.0,Most Spread,2.0,Balanced Environment,DEN,1,17.22,82.78,31.0,1.7,S.Payton,16,57.0,,,-0.939,,,-0.9232,,,,,,,,,,0,,,,,,,,,,,,,,,,,,,,,,,,,,,,,,,,,,,,—,0,0,99,,—,53,TE53,124.0,-73.44,279,0.298,0.0,5.8,1.4,-11.8,-3.0,-3.0,450.8,433.2,17.6,17.6,450.8,433.2,ESPN,SLEEPER,Overpriced Fade,35.39,4.46,-0.006,35.18,-73.44,-73.44,304,55,TE55,T8,1.0,138.0,False,False,0.0,0.0,35.39,0.0,0.0,-0.6,0.0,0.0,0.0,0.0,0.0,0.0,0.0,0.0,Tier 12,445.0,57.0,82.0,25.0,⚡ High Variance (Boom/Bust Ceiling),73.0,Tier 8,57.0,82.0,25.0
MarShawn Lloyd,RB,GB,156.0,200.5,RB56,39.0,94.0,11.63,7,11,7b8967bc-a3a5-4aa4-bd1f-2846663ca831,13.0,26.0,marshawn lloyd,RB,GB,RB_marshawn_lloyd_GB,67.0,67.15,15.413999999999998,11.01,80.9,0.25,74.19,313.33,2.61,0.0,0.0,0.0,169.0,RB53,87.24,27.0,204.5,192.5,196.5,200.5,200.5,Healthy,0,143.0,Neutral,Black,0.0,0.0,0.0,—,,3.94,0.0,0.0,0.0,0.0,0.0,0.0,,,,,,,,,,,,,🎯 **Upside Stash**,🤝 **Consensus Stash**,Consensus Alignment,Tier 14,Round 15+,15.0,Played every snap with starters in preseason; Josh Jacobs legal/suspension risk opening.,https://www.fantasypoints.com/nfl/articles/2026/mr-relevant-late-round-sleepers,1.0,0.0,1.0,0.0,0.0,0.0,0.0,0.0,0.0,0.0,0.0,0.0,,,,5.0,,consensus,,,0.0,0.0,,,,,,,0.0,Neutral,GB,0.02,0.16,1300.0,0.112,27.8,0.04,0.16,GB,20.0,2.0,40.0,40.0,False,Matt LaFleur,90.5,16.0,23.0,13.0,36.3,9.0,0.667,High 12P,19.0,Balanced,8.0,Very Condensed,17.0,Chew the Clock (High Scoring Offense + Elite Defense -> Run-Heavy Second Halves),GB,27,38.22,61.78,13.0,-1.0,M.LaFleur,16,,75.8,,,,,,,,,,,,,,,0,,,,,,,,,,,,,,,,,,,,,,,,,,,RB57,57.0,199.3,67.0,3.94,13.0,WW,143.0,6.9,—,0,0,99,,—,57,RB57,181.3,-73.61,343,0.37,0.0,48.5,36.5,40.5,44.5,44.5,204.5,192.5,12.0,12.0,204.5,192.5,ESPN,YAHOO,Screaming Steal (Huge Value),73.75,-5.55,-0.014,72.72,-73.61,-73.61,305,57,RB57,T8,1.0,-104.5,False,False,0.0,0.0,73.75,0.0,0.0,-1.4,0.0,0.0,0.0,0.0,0.0,0.0,0.0,0.0,Tier 12,156.0,39.0,94.0,55.0,⚡ High Variance (Boom/Bust Ceiling),56.0,Tier 10,39.0,94.0,55.0
Marlin Klein,TE,HOU,421.0,497.0,TE62,44.0,85.0,12.12,7,8,bc8c44b4-bda4-43e6-9ed4-6da16263e7f2,0.1,0.0,marlin klein,TE,HOU,TE_marlin_klein_HOU,34.6,44.36,27.272,19.48,192.53,1.11,0.0,0.0,0.0,0.0,0.0,0.0,,,,,546.7,502.0,437.4,497.0,497.0,Healthy,0,,Neutral,Black,0.0,0.0,0.0,—,,2.0,0.0,0.0,0.0,0.0,0.0,0.0,,,,,,,,,,,,,—,—,Consensus Alignment,—,—,99.0,,,1.0,0.0,0.0,0.0,0.0,0.0,0.0,0.0,0.0,0.0,0.0,0.0,—,—,,5.0,,consensus,,,0.0,0.0,,,,,,,0.0,Neutral,HOU,0.042,0.24,1950.0,0.108,25.8,-0.01,0.18,HOU,29.0,3.0,60.0,60.0,False,Nick Caley,94.1,14.0,17.9,28.0,35.3,12.0,0.523,High 11P,16.0,Gap,14.0,Even,26.0,Slugfests (Low Scoring Offense + Elite Defense -> Low Over/Unders / Grinding Games),HOU,29,13.79,86.21,32.0,-0.5,N.Caley,16,,63.3,,,,,,,,,,,,,Marlin Klein,HOU,1,2.0,59.0,16.4,23.4,10.4,109.8,4.61,36.0,117.0,248.0,1.4,12.0,79.0,8.0,,,,,,,,,,,,,,,,,,,,,,—,0,0,99,,—,56,TE56,124.0,-74.11,286,0.279,0.0,125.7,81.0,16.4,76.0,76.0,546.7,437.4,109.3,109.3,546.7,437.4,ESPN,SLEEPER,Screaming Steal (Huge Value),34.6,-2.54,-0.006,34.39,-74.11,-74.11,306,56,TE56,T8,1.0,191.0,False,False,0.0,0.0,34.6,0.0,0.0,-0.6,0.0,0.0,0.0,0.0,0.0,0.0,0.0,0.0,Tier 12,421.0,44.0,85.0,41.0,⚡ High Variance (Boom/Bust Ceiling),62.0,Tier 8,44.0,85.0,41.0
Jonah Coleman,RB,DEN,140.0,144.5,RB50,38.0,83.0,7.46,6,10,0ff54d6c-4d2a-4974-9815-b889e7dc293e,12.2,26.0,jonah coleman,RB,DEN,RB_jonah_coleman_DEN,69.8,49.41,14.308,10.22,74.82,0.4,48.76,203.2,1.56,0.0,0.0,0.0,201.0,RB58,83.53,29.0,159.0,130.1,127.2,144.5,144.5,Healthy,0,141.0,Target (Green),Green,1.0,0.0,0.0,—,,4.11,0.0,0.0,0.0,0.0,0.0,0.0,,,,,,,,,,,,,🎯 **Sleeper / Handcuff**,🤝 **Consensus Sleeper**,Consensus Alignment,Tier 14,Round 14+,14.0,"Sean Payton pulled him after 12 snaps (""no more evidence needed""); 228-lb 3-down vision; Dobbins standalone/handcuff.",https://www.fantasypoints.com/nfl/articles/2026/mr-relevant-late-round-sleepers,1.0,0.0,1.0,0.0,0.0,0.0,0.0,0.0,0.0,0.0,0.0,0.0,,,,5.0,,consensus,,,0.0,0.0,,,,,,,0.0,Neutral,DEN,-0.018,0.27,2100.0,0.02,28.9,0.01,0.03,DEN,4.0,5.0,100.0,100.0,True,Sean Payton/Webb,94.5,13.0,24.2,9.0,32.6,21.0,0.563,—,7.0,Gap,26.0,Most Spread,2.0,Balanced Environment,DEN,1,17.22,82.78,31.0,1.7,S.Payton,16,,82.2,,,,,,,,,,,,,Jonah Coleman,DEN,1,4.0,108.0,18.9,17.8,22.6,,,,,220.0,33.4,93.4,,65.0,56.0,57.0,40.0,-17.0,0.829,12.8,4.07,43.2,54.2,42.9,130.1,49.0,RB55,55.0,167.9,69.8,4.11,12.0,WW,128.0,7.6,—,0,0,99,,—,55,RB55,181.3,-74.67,339,0.385,0.0,19.0,-9.9,-12.8,4.5,4.5,159.0,127.2,31.8,31.8,159.0,127.2,ESPN,SLEEPER,Value Target (Discounted),69.78,7.02,0.027,71.66,-74.67,-74.67,307,58,RB58,T8,1.0,-162.5,False,False,4.0,-6.0,69.78,0.0,0.0,2.7,0.0,0.0,0.0,0.0,0.0,0.0,12.0,0.0,Tier 12,140.0,38.0,83.0,45.0,⚡ High Variance (Boom/Bust Ceiling),50.0,Tier 10,38.0,83.0,45.0
John Bates,TE,WAS,415.0,602.0,TE59,34.0,76.0,12.85,7,7,3208880b-949f-4926-85eb-1940770550ea,0.1,0.0,john bates,TE,WAS,TE_john_bates_WAS,33.9,42.39,23.898,17.07,169.9,1.58,0.0,0.0,0.0,0.0,0.0,0.0,,,,,614.0,608.0,590.0,602.0,602.0,Healthy,0,,Neutral,Black,0.0,0.0,0.0,—,,2.0,0.0,0.0,0.0,0.0,0.0,0.0,,,,,,,,,,,,,—,—,Consensus Alignment,—,—,99.0,,,1.0,0.0,0.0,0.0,0.0,0.0,0.0,0.0,0.0,0.0,0.0,0.0,—,—,,5.0,,consensus,,,0.0,0.0,,,,,,,0.0,Neutral,WAS,0.012,0.23,1780.0,0.088,25.1,0.07,0.1,WAS,24.0,2.0,40.0,40.0,True,David Blough,80.9,26.0,22.0,18.0,36.0,10.0,0.65,More 12P,5.0,Gap,12.0,Even,12.0,Shootouts (High Scoring Offense + Vulnerable Defense -> Max Fantasy Ceiling),WAS,25,30.3,69.7,21.0,0.0,Unknown,16,51.5,59.8,,-0.5905,,,-1.0186,,,,,,,,,,0,,,,,,,,,,,,,,,,,,,,,,,,,,,,,,,,,,,,—,0,0,99,,—,58,TE58,124.0,-74.7,290,0.273,0.0,199.0,193.0,175.0,187.0,187.0,614.0,590.0,24.0,24.0,614.0,590.0,ESPN,SLEEPER,Screaming Steal (Huge Value),33.9,-3.84,-0.006,33.7,-74.7,-74.7,308,57,TE57,T8,1.0,294.0,False,False,-3.0,0.0,33.9,0.0,0.0,-0.6,0.0,0.0,0.0,0.0,0.0,0.0,0.0,0.0,Tier 12,415.0,34.0,76.0,42.0,⚡ High Variance (Boom/Bust Ceiling),59.0,Tier 8,34.0,76.0,42.0
Elic Ayomanor,WR,TEN,260.0,290.0,WR89,69.0,157.0,13.17,8,9,6c773a16-1a93-4845-a519-d56c85e0090f,0.2,1.0,elic ayomanor,WR,TEN,WR_elic_ayomanor_TEN,65.702,79.47,35.588,25.42,342.77,3.31,0.0,0.0,0.0,0.0,0.0,0.0,248.0,WR102,63.14,29.0,295.8,292.9,284.2,290.0,290.0,Healthy,0,,Neutral,Black,0.0,0.0,0.0,—,,3.9,0.0,0.0,0.0,0.0,0.0,0.0,,,,,,,,,,,,,—,—,Consensus Alignment,—,—,99.0,,,1.0,0.0,0.0,0.0,0.0,0.0,0.0,0.0,0.0,0.0,0.0,0.0,—,—,,5.0,,consensus,,,0.0,0.0,,,,,,,0.0,Neutral,TEN,-0.02,0.33,2550.0,0.01,29.0,0.03,-0.01,TEN,25.0,2.0,40.0,40.0,False,Brian Daboll,74.1,29.0,19.9,23.0,32.6,21.0,0.588,High 12P,12.0,Balanced,28.0,Very Spread,13.0,Slugfests (Low Scoring Offense + Elite Defense -> Low Over/Unders / Grinding Games),TEN,31,20.11,79.89,29.0,-1.4,B.Daboll,16,61.2,70.4,-0.3897,0.6393,-0.8101,-0.1323,-0.6379,0.0713,,,,,,,,,0,,,,,,,,,,,,,,,,,,,,,,,,,,,,,,,,,,,,—,0,0,99,,—,100,WR100,158.5,-75.26,299,0.415,0.0,35.8,32.9,24.2,30.0,30.0,295.8,284.2,11.6,11.6,295.8,284.2,ESPN,SLEEPER,Screaming Steal (Huge Value),64.42,-6.8,-0.014,63.52,-75.26,-75.26,309,100,WR100,T8,1.0,-19.0,False,False,0.0,0.0,64.42,0.0,0.0,-1.4,0.0,0.0,0.0,0.0,0.0,0.0,0.0,0.0,Tier 12,260.0,69.0,157.0,88.0,⚡ High Variance (Boom/Bust Ceiling),89.0,Tier 9,69.0,157.0,88.0
Josh Oliver,TE,MIN,426.0,371.0,TE66,51.0,72.0,7.51,7,6,dc83f7af-7b30-4c4a-9c93-f67bd8db954b,0.1,0.0,josh oliver,TE,MIN,TE_josh_oliver_MIN,33.2,52.12,25.97,18.55,194.28,2.38,0.0,0.0,0.0,0.0,0.0,0.0,,,,,378.4,374.7,363.6,371.0,371.0,Healthy,0,,Neutral,Black,0.0,0.0,0.0,—,,1.95,0.0,0.0,0.0,0.0,0.0,0.0,,,,,,,,,,,,,—,—,Consensus Alignment,—,—,99.0,,,1.0,0.0,0.0,0.0,0.0,0.0,0.0,0.0,0.0,0.0,0.0,0.0,—,—,,5.0,,consensus,,,0.0,0.0,,,,,,,0.0,Neutral,MIN,0.035,0.19,1580.0,0.085,27.1,-0.02,0.15,MIN,9.0,4.0,80.0,80.0,True,Kevin O'Connell,76.2,28.0,18.9,26.0,37.4,5.0,0.691,—,25.0,Balanced,23.0,Condensed,5.0,Shootouts (High Scoring Offense + Vulnerable Defense -> Max Fantasy Ceiling),MIN,12,31.97,68.03,18.0,1.4,K.O'Connell,16,75.0,79.2,,0.2316,,,0.3454,,,,,,,,,,0,,,,,,,,,,,,,,,,,,,,,,,,,,,TE56,56.0,999.0,33.2,1.95,10.0,WW,,,—,0,0,99,,—,59,TE59,124.0,-75.29,292,0.268,0.0,-47.6,-51.3,-62.4,-55.0,-55.0,378.4,363.6,14.8,14.8,378.4,363.6,ESPN,SLEEPER,Severe Reach (Overpriced),33.2,1.65,-0.006,33.0,-75.29,-75.29,310,58,TE58,T8,1.0,61.0,False,False,0.0,0.0,33.2,0.0,0.0,-0.6,0.0,0.0,0.0,0.0,0.0,0.0,0.0,0.0,Tier 12,426.0,51.0,72.0,21.0,⚡ High Variance (Boom/Bust Ceiling),66.0,Tier 8,51.0,72.0,21.0
Will Kacmarek,TE,MIA,427.0,354.0,TE67,48.0,73.0,8.23,7,6,8f405d6d-46dd-4f4e-b6cf-52379cd9bb54,0.1,0.0,will kacmarek,TE,MIA,TE_will_kacmarek_MIA,32.9,61.78,37.17,26.55,250.69,1.88,0.0,0.0,0.0,0.0,0.0,0.0,,,,,389.4,357.5,311.5,354.0,354.0,Healthy,0,,Neutral,Black,0.0,0.0,0.0,—,,1.94,0.0,0.0,0.0,0.0,0.0,0.0,,,,,,,,,,,,,—,—,Consensus Alignment,—,—,99.0,,,1.0,0.0,0.0,0.0,0.0,0.0,0.0,0.0,0.0,0.0,0.0,0.0,—,—,,5.0,,consensus,,,0.0,0.0,,,,,,,0.0,Neutral,MIA,0.04,0.12,950.0,0.118,24.2,0.06,0.16,MIA,31.0,2.5,50.0,50.0,True,Bobby Slowik,81.6,25.0,20.3,22.0,37.3,6.0,0.732,—,24.0,Balanced,15.0,Condensed,7.0,Passing / Garbage Time (Low Scoring Offense + Bad Defense -> Trailing Game Scripts / Air Volume),MIA,30,35.51,64.49,15.0,0.3,B.Slowik,16,,67.1,,,,,,,,,,,,,Will Kacmarek,MIA,1,3.0,87.0,16.2,20.7,9.3,,,,,,0.5,16.8,,3.0,,,,,,,,,,,,,TE58,58.0,999.0,32.9,1.94,10.0,WW,,,—,0,0,99,,—,62,TE62,124.0,-75.55,295,0.265,0.0,-37.6,-69.5,-115.5,-73.0,-73.0,389.4,311.5,77.9,77.9,389.4,311.5,ESPN,SLEEPER,Severe Reach (Overpriced),32.9,-3.8,-0.006,32.7,-75.55,-75.55,311,59,TE59,T8,1.0,43.0,False,False,0.0,0.0,32.9,0.0,0.0,-0.6,0.0,0.0,0.0,0.0,0.0,0.0,0.0,0.0,Tier 12,427.0,48.0,73.0,25.0,⚡ High Variance (Boom/Bust Ceiling),67.0,Tier 8,48.0,73.0,25.0
Kalif Raymond,WR,CHI,373.0,500.0,WR131,92.0,157.0,16.03,10,10,e0a31d02-9d1c-4dab-adb4-a5d9bbee8b36,0.2,0.0,kalif raymond,WR,CHI,WR_kalif_raymond_CHI,49.03399999999999,46.39,26.838,19.17,186.86,0.89,4.57,27.16,0.16,0.0,0.0,0.0,219.0,WR89,77.58,29.0,510.0,505.0,490.0,500.0,500.0,Healthy,0,,Neutral,Black,0.0,0.0,0.0,—,,2.9,0.0,0.0,0.0,0.0,0.0,0.0,,,,,,,,,,,,,—,—,Consensus Alignment,—,—,99.0,,,1.0,0.0,0.0,0.0,0.0,0.0,0.0,0.0,0.0,0.0,0.0,0.0,—,—,,5.0,,consensus,,,0.0,0.0,,,,,,,0.0,Neutral,CHI,0.01,0.26,2020.0,0.048,27.6,0.01,0.07,CHI,3.0,4.0,80.0,80.0,False,Ben Johnson,98.3,8.0,29.3,1.0,37.2,7.0,0.63,High 12P,4.0,Zone,6.0,Even,11.0,Balanced Environment,CHI,4,41.16,58.84,7.0,-2.7,B.Johnson,16,75.3,,,1.7022,,-0.2531,0.2109,0.3136,,,,,,,,,0,,,,,,,,,,,,,,,,,,,,,,,,,,,,,,,,,,,,—,0,0,99,,—,115,WR115,158.5,-75.85,337,0.309,0.0,137.0,132.0,117.0,127.0,127.0,510.0,490.0,20.0,20.0,510.0,490.0,ESPN,SLEEPER,Screaming Steal (Huge Value),63.31,2.9,-0.006,62.93,-75.85,-75.85,312,101,WR101,T8,1.0,188.0,False,False,0.0,0.0,63.31,0.0,0.0,-0.6,0.0,0.0,0.0,0.0,0.0,0.0,0.0,0.0,Tier 12,373.0,92.0,157.0,65.0,⚡ High Variance (Boom/Bust Ceiling),131.0,Tier 9,92.0,157.0,65.0
Eli Raridon,TE,NE,336.0,336.0,TE46,25.0,80.0,9.13,6,11,aa71e3dc-07e5-4f99-ad1a-2f95ced64c28,0.3,1.0,eli raridon,TE,NE,TE_eli_raridon_NE,34.2,46.49,26.264,18.76,195.38,1.55,0.0,0.0,0.0,0.0,0.0,0.0,455.0,TE63,27.46,29.0,369.6,339.4,295.7,336.0,336.0,Healthy,0,,Neutral,Black,0.0,0.0,0.0,—,,2.01,0.0,0.0,0.0,0.0,0.0,0.0,,,,,,,,,,,,,—,—,Consensus Alignment,—,—,99.0,,,1.0,0.0,0.0,0.0,0.0,0.0,0.0,0.0,0.0,0.0,0.0,0.0,—,—,,5.0,,consensus,,,0.0,0.0,,,,,,,0.0,Neutral,NE,-0.03,0.3,2300.0,-0.055,29.4,-0.02,-0.07,NE,13.0,3.0,60.0,60.0,False,Josh McDaniels,104.9,4.0,24.9,6.0,34.6,13.0,0.605,—,24.0,Gap,21.0,Spread,4.0,Slugfests (Low Scoring Offense + Elite Defense -> Low Over/Unders / Grinding Games),NE,13,34.68,65.32,17.0,1.4,J.McDaniels,16,,72.1,,,,,,,,,,,,,Eli Raridon,NWE,1,3.0,95.0,27.9,14.7,15.3,107.6,4.62,36.0,123.0,245.0,0.6,11.1,70.0,4.0,,,,,,,,,,,,,TE54,54.0,999.0,34.2,2.01,10.0,WW,,,—,0,0,99,,—,57,TE57,124.0,-76.35,287,0.276,0.0,33.6,3.4,-40.3,0.0,0.0,369.6,295.7,73.9,73.9,369.6,295.7,ESPN,SLEEPER,Fair Market Value,31.95,-2.7,-0.006,31.76,-76.35,-76.35,313,60,TE60,T8,1.0,23.0,False,False,0.0,0.0,31.95,0.0,0.0,-0.6,0.0,0.0,0.0,0.0,0.0,0.0,0.0,0.0,Tier 12,336.0,25.0,80.0,55.0,⚡ High Variance (Boom/Bust Ceiling),46.0,Tier 8,25.0,80.0,55.0
Eli Stowers,TE,PHI,293.0,234.0,TE34,24.0,56.0,6.89,5,10,287b7f15-ebe2-433f-af00-b1755576f8f8,0.9,2.0,eli stowers,TE,PHI,TE_eli_stowers_PHI,35.764,49.57,29.231999999999996,20.88,214.45,1.39,0.0,0.0,0.0,0.0,0.0,0.0,447.0,TE61,27.98,29.0,257.4,236.3,205.9,234.0,234.0,Healthy,0,,Neutral,Black,0.0,0.0,0.0,—,,2.1,0.0,0.0,0.0,0.0,0.0,0.0,,,,,,,,,,,,,—,—,Consensus Alignment,—,—,99.0,,,1.0,0.0,0.0,0.0,0.0,0.0,0.0,0.0,0.0,0.0,0.0,0.0,—,—,,5.0,,consensus,,,0.0,0.0,,,,,,,0.0,Neutral,PHI,0.025,0.08,640.0,0.138,27.2,0.12,0.15,PHI,14.0,4.0,80.0,80.0,True,Sean Mannion,85.2,24.0,23.0,13.0,36.3,9.0,0.667,—,16.0,Balanced,5.0,Condensed,15.0,Chew the Clock (High Scoring Offense + Elite Defense -> Run-Heavy Second Halves),PHI,2,35.05,64.95,16.0,0.0,Unknown,16,,92.0,,,,,,,,,,,,,Eli Stowers,PHI,1,2.0,54.0,15.0,35.0,21.1,115.5,4.51,45.5,135.0,239.0,13.8,47.7,90.0,87.0,,,,,,,,,,,,,,,,,,,,,,—,0,0,99,,—,55,TE55,124.0,-76.42,284,0.288,0.0,-35.6,-56.7,-87.1,-59.0,-59.0,257.4,205.9,51.5,51.5,257.4,205.9,ESPN,SLEEPER,Severe Reach (Overpriced),31.87,3.35,-0.006,31.68,-76.42,-76.42,314,61,TE61,T8,1.0,-80.0,False,False,4.0,0.0,31.87,0.0,0.0,-0.6,0.0,0.0,0.0,0.0,0.0,0.0,0.0,0.0,Tier 12,293.0,24.0,56.0,32.0,⚡ High Variance (Boom/Bust Ceiling),34.0,Tier 8,24.0,56.0,32.0
Luke Musgrave,TE,GB,383.0,389.0,TE54,42.0,69.0,6.53,7,11,77a4fb49-3c6c-4aa1-8a21-20956e2d2240,0.2,0.0,luke musgrave,TE,GB,TE_luke_musgrave_GB,33.125,43.85,26.348,18.82,183.81,1.12,0.0,0.0,0.0,0.0,0.0,0.0,377.0,TE50,30.15,29.0,396.8,392.9,381.2,389.0,389.0,Healthy,0,,Neutral,Black,0.0,0.0,0.0,—,,1.9,0.0,0.0,0.0,0.0,0.0,0.0,,,,,,,,,,,,,—,—,Consensus Alignment,—,—,99.0,,,1.0,0.0,0.0,0.0,0.0,0.0,0.0,0.0,0.0,0.0,0.0,0.0,—,—,,5.0,,consensus,,,0.0,0.0,,,,,,,0.0,Neutral,GB,0.02,0.16,1300.0,0.112,27.8,0.04,0.16,GB,20.0,2.0,40.0,40.0,False,Matt LaFleur,90.5,16.0,23.0,13.0,36.3,9.0,0.667,High 12P,19.0,Balanced,8.0,Very Condensed,17.0,Chew the Clock (High Scoring Offense + Elite Defense -> Run-Heavy Second Halves),GB,27,38.22,61.78,13.0,-1.0,M.LaFleur,16,63.5,62.2,,-1.0287,,,-0.1848,,,,,,,,,,0,,,,,,,,,,,,,,,,,,,,,,,,,,,,,,,,,,,,—,0,0,99,,—,60,TE60,124.0,-76.82,293,0.267,0.0,13.8,9.9,-1.8,6.0,6.0,396.8,381.2,15.6,15.6,396.8,381.2,ESPN,SLEEPER,Screaming Steal (Huge Value),31.64,-5.6,-0.014,31.2,-76.82,-76.82,315,62,TE62,T8,1.0,74.0,False,False,0.0,0.0,31.64,0.0,0.0,-1.4,0.0,0.0,0.0,0.0,0.0,0.0,0.0,0.0,Tier 12,383.0,42.0,69.0,27.0,⚡ High Variance (Boom/Bust Ceiling),54.0,Tier 8,42.0,69.0,27.0
Ja'Tavion Sanders,TE,CAR,354.0,324.0,TE52,35.0,184.0,23.68,6,5,ffd2ff3f-4b56-4232-be8e-bf163c29f406,0.3,0.0,jatavion sanders,TE,CAR,TE_jatavion_sanders_CAR,29.3,46.18,31.177999999999997,22.27,178.15,1.04,0.0,0.0,0.0,0.0,0.0,0.0,396.0,TE53,35.35,29.0,330.5,327.2,317.5,324.0,324.0,Healthy,0,,Neutral,Black,0.0,0.0,0.0,—,,1.72,0.0,0.0,0.0,0.0,0.0,0.0,,,,,,,,,,,,,—,—,Consensus Alignment,—,—,99.0,,,1.0,0.0,0.0,0.0,0.0,0.0,0.0,0.0,0.0,0.0,0.0,0.0,—,—,,5.0,,consensus,,,0.0,0.0,,,,,,,0.0,Neutral,CAR,-0.015,0.25,1900.0,-0.03,28.6,-0.01,-0.04,CAR,16.0,3.0,60.0,60.0,False,Dave Canales/Idzik,78.7,27.0,19.8,24.0,33.6,15.0,0.794,High 11P,22.0,Balanced,19.0,Spread,23.0,Passing / Garbage Time (Low Scoring Offense + Bad Defense -> Trailing Game Scripts / Air Volume),CAR,8,29.48,70.52,22.0,-2.0,D.Canales,16,59.4,83.4,,-0.1435,,,-0.6117,,,,,,,,,,0,,,,,,,,,,,,,,,,,,,,,,,,,,,TE60,60.0,999.0,29.3,1.72,10.0,WW,,,—,0,0,99,,—,63,TE63,124.0,-76.88,303,0.236,0.0,-23.5,-26.8,-36.5,-30.0,-30.0,330.5,317.5,13.0,13.0,330.5,317.5,ESPN,SLEEPER,Severe Reach (Overpriced),31.32,-0.25,-0.006,31.13,-76.88,-76.88,316,63,TE63,T8,1.0,8.0,False,False,0.0,0.0,31.32,0.0,0.0,-0.6,0.0,0.0,0.0,0.0,0.0,0.0,0.0,0.0,Tier 12,354.0,35.0,184.0,149.0,⚡ High Variance (Boom/Bust Ceiling),52.0,Tier 8,35.0,184.0,149.0
Jaydon Blue,RB,DAL,198.0,223.0,RB63,45.0,95.0,9.95,7,14,f5e6eb8e-2c76-4bf9-b47f-57c62659341d,3.3,8.0,jaydon blue,RB,DAL,RB_jaydon_blue_DAL,76.0,54.65,12.208,8.72,61.74,0.39,62.36,263.0,1.95,0.0,0.0,0.0,237.0,RB65,56.84,29.0,227.5,214.1,218.5,223.0,223.0,Healthy,0,,Neutral,Black,0.0,0.0,0.0,—,,4.47,0.0,0.0,0.0,0.0,0.0,0.0,,,,,,,,,,,,,—,—,Consensus Alignment,—,—,99.0,,,1.0,0.0,0.0,0.0,0.0,0.0,0.0,0.0,0.0,0.0,0.0,0.0,—,—,,5.0,,consensus,,,0.0,0.0,,,,,,,0.0,Neutral,DAL,0.055,0.22,1680.0,0.115,24.8,-0.04,0.2,DAL,8.0,4.0,80.0,80.0,False,Brian Schottenheimer,109.1,2.0,24.1,10.0,39.9,4.0,0.666,High 11P,2.0,Gap,12.0,Very Condensed,24.0,Shootouts (High Scoring Offense + Vulnerable Defense -> Max Fantasy Ceiling),DAL,15,26.43,73.57,24.0,-3.4,B.Schottenheimer,16,,63.8,,,,,,,,,,,,,,,0,,,,,,,,,,,,,,,,,,,,,,,,,,,RB53,53.0,231.8,76.0,4.47,12.0,WW,159.0,6.5,—,0,0,99,,—,53,RB53,181.3,-77.14,328,0.419,0.0,29.5,16.1,20.5,25.0,25.0,227.5,214.1,13.4,13.4,227.5,214.1,ESPN,YAHOO,Screaming Steal (Huge Value),69.61,-0.07,-0.006,69.19,-77.14,-77.14,317,59,RB59,T8,1.0,-94.0,False,False,0.0,0.0,69.61,0.0,0.0,-0.6,0.0,0.0,0.0,0.0,0.0,0.0,0.0,0.0,Tier 12,198.0,45.0,95.0,50.0,⚡ High Variance (Boom/Bust Ceiling),63.0,Tier 10,45.0,95.0,50.0
Tory Horton,WR,SEA,259.0,294.5,WR94,74.0,134.0,9.58,8,11,66dd47a3-fb5d-434f-a580-b2069e2904f8,1.2,1.0,tory horton,WR,SEA,WR_tory_horton_SEA,72.76599999999999,97.47,42.434,30.31,401.5,4.66,0.5,3.0,0.0,0.0,0.0,0.0,273.0,WR112,50.52,29.0,300.4,297.4,288.6,294.5,294.5,Healthy,0,,Neutral,Black,0.0,0.0,0.0,—,,4.3,0.0,0.0,0.0,0.0,0.0,0.0,,,,,,,,,,,,,—,—,Consensus Alignment,—,—,99.0,,,1.0,0.0,0.0,0.0,0.0,0.0,0.0,0.0,0.0,0.0,0.0,0.0,—,—,,5.0,,consensus,,,0.0,0.0,,,,,,,0.0,Neutral,SEA,0.0,0.17,1340.0,0.058,28.0,0.02,0.08,SEA,10.0,3.5,70.0,70.0,False,Brian Fleury,96.6,11.0,26.4,4.0,32.9,17.0,0.774,—,16.0,Zone,4.0,Even,14.0,Chew the Clock (High Scoring Offense + Elite Defense -> Run-Heavy Second Halves),SEA,14,46.7,53.3,4.0,0.0,Unknown,16,,85.3,,,,,,,,,,,,,,,0,,,,,,,,,,,,,,,,,,,,,,,,,,,,,,,,,,,,—,0,0,99,,—,90,WR90,158.5,-77.51,277,0.459,0.0,41.4,38.4,29.6,35.5,35.5,300.4,288.6,11.8,11.8,300.4,288.6,ESPN,SLEEPER,Screaming Steal (Huge Value),61.64,-0.6,-0.006,61.27,-77.51,-77.51,318,102,WR102,T8,1.0,-23.5,False,False,4.0,0.0,61.64,0.0,0.0,-0.6,0.0,0.0,0.0,0.0,0.0,0.0,0.0,0.0,Tier 12,259.0,74.0,134.0,60.0,⚡ High Variance (Boom/Bust Ceiling),94.0,Tier 9,74.0,134.0,60.0
Ben Sinnott,TE,WAS,395.0,500.0,TE55,44.0,79.0,8.25,7,7,b5c717af-9116-483c-9ab3-c9db0a988ab8,0.1,0.0,ben sinnott,TE,WAS,TE_ben_sinnott_WAS,27.586,30.85,15.484,11.06,114.36,1.41,0.0,0.0,0.0,0.0,0.0,0.0,411.0,TE55,32.92,29.0,402.9,398.9,387.1,395.0,395.0,Healthy,0,,Neutral,Black,0.0,0.0,0.0,—,,1.6,0.0,0.0,0.0,0.0,0.0,0.0,,,,,,,,,,,,,—,—,Consensus Alignment,—,—,99.0,,,1.0,0.0,0.0,0.0,0.0,0.0,0.0,0.0,0.0,0.0,0.0,0.0,—,—,,5.0,,consensus,,,0.0,0.0,,,,,,,0.0,Neutral,WAS,0.012,0.23,1780.0,0.088,25.1,0.07,0.1,WAS,24.0,2.0,40.0,40.0,True,David Blough,80.9,26.0,22.0,18.0,36.0,10.0,0.65,More 12P,5.0,Gap,12.0,Even,12.0,Shootouts (High Scoring Offense + Vulnerable Defense -> Max Fantasy Ceiling),WAS,25,30.3,69.7,21.0,0.0,Unknown,16,68.8,83.1,,1.8065,,,-0.7795,,,,,,,,,,0,,,,,,,,,,,,,,,,,,,,,,,,,,,,,,,,,,,,—,0,0,99,,—,64,TE64,124.0,-77.78,306,0.222,0.0,7.9,3.9,-7.9,0.0,105.0,402.9,387.1,15.8,15.8,402.9,387.1,ESPN,SLEEPER,Screaming Steal (Huge Value),30.25,-3.84,-0.006,30.07,-77.78,-77.78,319,64,TE64,T8,1.0,181.0,False,False,0.0,0.0,30.25,0.0,0.0,-0.6,0.0,0.0,0.0,0.0,0.0,0.0,0.0,0.0,Tier 12,395.0,44.0,79.0,35.0,⚡ High Variance (Boom/Bust Ceiling),55.0,Tier 8,44.0,79.0,35.0
Jalen Tolbert,WR,MIA,334.0,407.0,WR113,78.0,144.0,16.33,9,6,c6fb9f3a-f8ff-4224-a5f6-4d2d09501c9c,1.0,0.0,jalen tolbert,WR,MIA,WR_jalen_tolbert_MIA,63.535,83.6,46.41,33.15,411.14,1.66,0.0,0.0,0.0,0.0,0.0,0.0,262.0,WR108,55.45,29.0,415.1,411.1,398.9,407.0,407.0,Healthy,0,,Neutral,Black,0.0,0.0,0.0,—,,3.7,0.0,0.0,0.0,0.0,0.0,0.0,,,,,,,,,,,,,—,—,Consensus Alignment,—,—,99.0,,,1.0,0.0,0.0,0.0,0.0,0.0,0.0,0.0,0.0,0.0,0.0,0.0,—,—,,5.0,,consensus,,,0.0,0.0,,,,,,,0.0,Neutral,MIA,0.04,0.12,950.0,0.118,24.2,0.06,0.16,MIA,31.0,2.5,50.0,50.0,True,Bobby Slowik,81.6,25.0,20.3,22.0,37.3,6.0,0.732,—,24.0,Balanced,15.0,Condensed,7.0,Passing / Garbage Time (Low Scoring Offense + Bad Defense -> Trailing Game Scripts / Air Volume),MIA,30,35.51,64.49,15.0,0.3,B.Slowik,16,58.7,83.0,-0.466,0.0986,-0.611,-0.3315,-0.8355,-0.0026,,,,,,,,,0,,,,,,,,,,,,,,,,,,,,,,,,,,,,,,,,,,,,—,0,0,99,,—,104,WR104,158.5,-79.65,304,0.401,0.0,81.1,77.1,64.9,73.0,73.0,415.1,398.9,16.2,16.2,415.1,398.9,ESPN,SLEEPER,Screaming Steal (Huge Value),59.49,-3.8,-0.006,59.13,-79.65,-79.65,320,103,WR103,T8,1.0,87.0,False,False,0.0,0.0,59.49,0.0,0.0,-0.6,0.0,0.0,0.0,0.0,0.0,0.0,0.0,0.0,Tier 12,334.0,78.0,144.0,66.0,⚡ High Variance (Boom/Bust Ceiling),113.0,Tier 9,78.0,144.0,66.0
Jack Bech,WR,LV,243.0,290.0,WR88,58.0,149.0,11.22,8,13,01079767-a3a3-437d-b935-ea0ecb1fe68b,1.6,1.0,jack bech,WR,LV,WR_jack_bech_LV,54.831,65.82,38.836,27.74,315.01,1.19,0.0,0.0,0.0,0.0,0.0,0.0,253.0,WR103,61.67,29.0,295.8,292.9,284.2,290.0,290.0,Healthy,0,,Neutral,Black,0.0,0.0,0.0,—,,3.2,0.0,0.0,0.0,0.0,0.0,0.0,,,,,,,,,,,,,—,—,Consensus Alignment,—,—,99.0,,,1.0,0.0,0.0,0.0,0.0,0.0,0.0,0.0,0.0,0.0,0.0,0.0,—,—,,5.0,,consensus,,,0.0,0.0,,,,,,,0.0,Neutral,LV,-0.005,0.29,2250.0,0.015,28.5,-0.04,0.05,LV,28.0,2.5,50.0,50.0,False,Klint Kubiak,70.9,31.0,22.8,14.0,34.5,14.0,0.696,—,27.0,Zone,13.0,Even,19.0,Passing / Garbage Time (Low Scoring Offense + Bad Defense -> Trailing Game Scripts / Air Volume),LV,24,40.2,59.8,8.0,-4.3,K.Kubiak,16,,82.2,,,,,,,,,,,,,,,0,,,,,,,,,,,,,,,,,,,,,,,,,,,,,,,,,,,,—,0,0,99,,—,109,WR109,158.5,-80.88,324,0.346,0.0,52.8,49.9,41.2,47.0,47.0,295.8,284.2,11.6,11.6,295.8,284.2,ESPN,SLEEPER,Screaming Steal (Huge Value),58.25,-3.15,-0.006,57.9,-80.88,-80.88,321,104,WR104,T8,1.0,-31.0,False,False,4.0,0.0,58.25,0.0,0.0,-0.6,0.0,0.0,0.0,0.0,0.0,0.0,0.0,0.0,Tier 12,243.0,58.0,149.0,91.0,⚡ High Variance (Boom/Bust Ceiling),88.0,Tier 9,58.0,149.0,91.0
Joshua Palmer,WR,BUF,353.0,334.0,WR126,87.0,152.0,14.83,9,7,857fcc59-10e8-4194-bd7d-41bc5f72a47f,0.2,0.0,joshua palmer,WR,BUF,WR_joshua_palmer_BUF,57.295,69.73,36.316,25.94,342.22,1.62,0.0,0.0,0.0,0.0,0.0,0.0,256.0,WR105,58.45,29.0,340.7,337.3,327.3,334.0,334.0,Healthy,0,,Neutral,Black,0.0,0.0,0.0,—,,3.4,0.0,0.0,0.0,0.0,0.0,0.0,,,,,,,,,,,,,—,—,Consensus Alignment,—,—,99.0,,,1.0,0.0,0.0,0.0,0.0,0.0,0.0,0.0,0.0,0.0,0.0,0.0,—,—,,5.0,,consensus,,,0.0,0.0,,,,,,,0.0,Neutral,BUF,0.03,0.32,2450.0,0.155,26.9,0.08,0.2,BUF,2.0,4.5,90.0,90.0,True,Joe Brady,101.1,5.0,24.4,8.0,30.1,25.0,0.655,—,32.0,Gap,11.0,Very Spread,22.0,Shootouts (High Scoring Offense + Vulnerable Defense -> Max Fantasy Ceiling),BUF,7,23.56,76.44,28.0,-1.6,J.Brady,16,64.6,60.3,-0.6921,0.3368,-0.3961,-1.0957,0.0197,0.5628,,,,,,,,,0,,,,,,,,,,,,,,,,,,,,,,,,,,,,,,,,,,,,—,0,0,99,,—,106,WR106,158.5,-81.26,318,0.361,0.0,-12.3,-15.7,-25.7,-19.0,-19.0,340.7,327.3,13.4,13.4,340.7,327.3,ESPN,SLEEPER,Severe Reach (Overpriced),57.87,4.7,-0.006,57.52,-81.26,-81.26,322,105,WR105,T8,1.0,12.0,False,False,0.0,0.0,57.87,0.0,0.0,-0.6,0.0,0.0,0.0,0.0,0.0,0.0,0.0,0.0,Tier 12,353.0,87.0,152.0,65.0,⚡ High Variance (Boom/Bust Ceiling),126.0,Tier 9,87.0,152.0,65.0
Cyrus Allen,WR,KC,294.0,220.0,WR106,53.0,139.0,18.96,8,5,a07ac8bd-3929-4e48-b3c4-3ddeecd09dca,5.2,9.0,cyrus allen,WR,KC,WR_cyrus_allen_KC,49.733999999999995,52.9,27.188000000000002,19.42,245.84,1.55,0.0,0.0,0.0,0.0,0.0,0.0,246.0,WR101,64.98,29.0,242.0,222.2,193.6,220.0,220.0,Healthy,0,,Neutral,Black,0.0,0.0,0.0,—,,2.9,0.0,0.0,0.0,0.0,0.0,0.0,,,,,,,,,,,,,—,—,Consensus Alignment,—,—,99.0,,,1.0,0.0,0.0,0.0,0.0,0.0,0.0,0.0,0.0,0.0,0.0,0.0,—,—,,5.0,,consensus,,,0.0,0.0,,,,,,,0.0,Neutral,KC,0.068,0.145,1250.0,0.142,26.5,0.02,0.22,KC,22.0,3.0,60.0,60.0,False,Andy Reid,89.6,19.0,22.0,19.0,33.2,16.0,0.546,—,9.0,Zone,22.0,Condensed,6.0,Chew the Clock (High Scoring Offense + Elite Defense -> Run-Heavy Second Halves),KC,21,38.45,61.55,11.0,6.4,A.Reid,16,,69.1,,,,,,,,,,,,,Cyrus Allen,KAN,1,5.0,176.0,4.1,9.3,8.8,,,,,,2.5,33.6,,2.0,,,,,,,,,,,,,,,,,,,,,,—,0,0,99,,—,113,WR113,158.5,-81.76,332,0.314,0.0,-52.0,-71.8,-100.4,-74.0,-74.0,242.0,193.6,48.4,48.4,242.0,193.6,ESPN,SLEEPER,Severe Reach (Overpriced),57.36,0.24,-0.006,57.02,-81.76,-81.76,323,106,WR106,T8,1.0,-103.0,False,False,0.0,0.0,57.36,0.0,0.0,-0.6,0.0,0.0,0.0,0.0,0.0,0.0,0.0,0.0,Tier 12,294.0,53.0,139.0,86.0,⚡ High Variance (Boom/Bust Ceiling),106.0,Tier 9,53.0,139.0,86.0
Cade Stover,TE,HOU,474.0,508.0,TE91,50.0,105.0,18.84,8,8,559d5222-0403-4a14-94c7-c7bd5072c939,0.1,0.0,cade stover,TE,HOU,TE_cade_stover_HOU,25.5,33.11,21.349999999999998,15.25,127.7,0.87,0.0,0.0,0.0,0.0,0.0,0.0,,,,,518.2,513.1,497.8,508.0,508.0,Healthy,0,,Neutral,Black,0.0,0.0,0.0,—,,1.5,0.0,0.0,0.0,0.0,0.0,0.0,,,,,,,,,,,,,—,—,Consensus Alignment,—,—,99.0,,,1.0,0.0,0.0,0.0,0.0,0.0,0.0,0.0,0.0,0.0,0.0,0.0,—,—,,5.0,,consensus,,,0.0,0.0,,,,,,,0.0,Neutral,HOU,0.042,0.24,1950.0,0.108,25.8,-0.01,0.18,HOU,29.0,3.0,60.0,60.0,False,Nick Caley,94.1,14.0,17.9,28.0,35.3,12.0,0.523,High 11P,16.0,Gap,14.0,Even,26.0,Slugfests (Low Scoring Offense + Elite Defense -> Low Over/Unders / Grinding Games),HOU,29,13.79,86.21,32.0,-0.5,N.Caley,16,59.8,80.5,,-0.1558,,,-0.6102,,,,,,,,,,0,,,,,,,,,,,,,,,,,,,,,,,,,,,,,,,,,,,,—,0,0,99,,—,66,TE66,124.0,-81.8,310,0.206,0.0,44.2,39.1,23.8,34.0,34.0,518.2,497.8,20.4,20.4,518.2,497.8,ESPN,SLEEPER,Screaming Steal (Huge Value),25.5,-2.54,-0.006,25.35,-81.8,-81.8,324,65,TE65,T8,1.0,184.0,False,False,0.0,0.0,25.5,0.0,0.0,-0.6,0.0,0.0,0.0,0.0,0.0,0.0,0.0,0.0,Tier 12,474.0,50.0,105.0,55.0,⚡ High Variance (Boom/Bust Ceiling),78.0,Tier 8,50.0,105.0,55.0
Jackson Hawes,TE,BUF,429.0,445.0,TE64,51.0,70.0,5.85,7,7,87304bcd-83f1-4e59-b9cb-6474f7e0dc01,0.1,0.0,jackson hawes,TE,BUF,TE_jackson_hawes_BUF,25.4,30.64,14.77,10.55,115.07,1.45,0.0,0.0,0.0,0.0,0.0,0.0,,,,,453.9,449.4,436.1,445.0,445.0,Healthy,0,,Neutral,Black,0.0,0.0,0.0,—,,1.5,0.0,0.0,0.0,0.0,0.0,0.0,,,,,,,,,,,,,—,—,Consensus Alignment,—,—,99.0,,,1.0,0.0,0.0,0.0,0.0,0.0,0.0,0.0,0.0,0.0,0.0,0.0,—,—,,5.0,,consensus,,,0.0,0.0,,,,,,,0.0,Neutral,BUF,0.03,0.32,2450.0,0.155,26.9,0.08,0.2,BUF,2.0,4.5,90.0,90.0,True,Joe Brady,101.1,5.0,24.4,8.0,30.1,25.0,0.655,—,32.0,Gap,11.0,Very Spread,22.0,Shootouts (High Scoring Offense + Vulnerable Defense -> Max Fantasy Ceiling),BUF,7,23.56,76.44,28.0,-1.6,J.Brady,16,,62.9,,,,,,,,,,,,,,,0,,,,,,,,,,,,,,,,,,,,,,,,,,,,,,,,,,,,—,0,0,99,,—,67,TE67,124.0,-81.88,311,0.205,0.0,24.9,20.4,7.1,16.0,16.0,453.9,436.1,17.8,17.8,453.9,436.1,ESPN,SLEEPER,Screaming Steal (Huge Value),25.4,4.7,-0.006,25.25,-81.88,-81.88,325,66,TE66,T8,1.0,120.0,False,False,0.0,0.0,25.4,0.0,0.0,-0.6,0.0,0.0,0.0,0.0,0.0,0.0,0.0,0.0,Tier 12,429.0,51.0,70.0,19.0,⚡ High Variance (Boom/Bust Ceiling),64.0,Tier 8,51.0,70.0,19.0
Luke Schoonmaker,TE,DAL,465.0,363.0,TE70,60.0,75.0,4.81,8,14,143957a7-4649-4a19-b351-e606edc75ebd,0.2,0.0,luke schoonmaker,TE,DAL,TE_luke_schoonmaker_DAL,24.4,30.98,18.465999999999998,13.19,121.53,0.95,0.0,0.0,0.0,0.0,0.0,0.0,,,,,370.3,366.6,355.7,363.0,363.0,Healthy,0,,Neutral,Black,0.0,0.0,0.0,—,,1.4,0.0,0.0,0.0,0.0,0.0,0.0,,,,,,,,,,,,,—,—,Consensus Alignment,—,—,99.0,,,1.0,0.0,0.0,0.0,0.0,0.0,0.0,0.0,0.0,0.0,0.0,0.0,—,—,,5.0,,consensus,,,0.0,0.0,,,,,,,0.0,Neutral,DAL,0.055,0.22,1680.0,0.115,24.8,-0.04,0.2,DAL,8.0,4.0,80.0,80.0,False,Brian Schottenheimer,109.1,2.0,24.1,10.0,39.9,4.0,0.666,High 11P,2.0,Gap,12.0,Very Condensed,24.0,Shootouts (High Scoring Offense + Vulnerable Defense -> Max Fantasy Ceiling),DAL,15,26.43,73.57,24.0,-3.4,B.Schottenheimer,16,63.1,74.4,,0.0335,,,-0.3647,,,,,,,,,,0,,,,,,,,,,,,,,,,,,,,,,,,,,,,,,,,,,,,—,0,0,99,,—,68,TE68,124.0,-82.73,313,0.197,0.0,-94.7,-98.4,-109.3,-102.0,-102.0,370.3,355.7,14.6,14.6,370.3,355.7,ESPN,SLEEPER,Severe Reach (Overpriced),24.4,2.25,-0.006,24.25,-82.73,-82.73,326,67,TE67,T8,1.0,37.0,False,False,0.0,0.0,24.4,0.0,0.0,-0.6,0.0,0.0,0.0,0.0,0.0,0.0,0.0,0.0,Tier 12,465.0,60.0,75.0,15.0,⚡ High Variance (Boom/Bust Ceiling),70.0,Tier 8,60.0,75.0,15.0
Nate Boerkircher,TE,JAC,470.0,605.0,TE68,57.0,83.0,7.57,7,7,69aa9430-b9b0-4cd9-8dd5-3a81963336de,0.1,0.0,nate boerkircher,TE,JAX,TE_nate_boerkircher_JAX,27.195999999999998,37.22,20.874,14.91,156.8,1.28,0.0,0.0,0.0,0.0,0.0,0.0,530.0,TE66,21.12,29.0,665.5,611.0,532.4,605.0,605.0,Healthy,0,,Neutral,Black,0.0,0.0,0.0,—,,1.6,0.0,0.0,0.0,0.0,0.0,0.0,,,,,,,,,,,,,—,—,Consensus Alignment,—,—,99.0,,,1.0,0.0,0.0,0.0,0.0,0.0,0.0,0.0,0.0,0.0,0.0,0.0,—,—,,5.0,,consensus,,,0.0,0.0,,,,,,,0.0,Neutral,JAX,0.015,0.28,2100.0,0.052,27.9,-0.02,0.1,JAX,7.0,4.0,80.0,80.0,True,Liam Coen,97.4,9.0,26.0,5.0,37.0,8.0,0.616,High 11P,21.0,Balanced,7.0,Condensed,1.0,Shootouts (High Scoring Offense + Vulnerable Defense -> Max Fantasy Ceiling),JAX,23,24.71,75.29,26.0,0.9,L.Coen,16,,64.0,,,,,,,,,,,,,Nate Boerkircher,JAX,1,2.0,56.0,23.6,24.9,7.8,,,,,245.0,1.1,25.5,,7.0,,,,,,,,,,,,,,,,,,,,,,—,0,0,99,,—,65,TE65,124.0,-82.93,307,0.219,0.0,195.5,141.0,62.4,135.0,135.0,665.5,532.4,133.1,133.1,665.5,532.4,ESPN,SLEEPER,Screaming Steal (Huge Value),24.16,1.05,-0.006,24.02,-82.93,-82.93,327,68,TE68,T8,1.0,278.0,False,False,0.0,0.0,24.16,0.0,0.0,-0.6,0.0,0.0,0.0,0.0,0.0,0.0,0.0,0.0,Tier 12,470.0,57.0,83.0,26.0,⚡ High Variance (Boom/Bust Ceiling),68.0,Tier 8,57.0,83.0,26.0
Tank Bigsby,RB,PHI,139.0,163.5,RB48,43.0,64.0,4.75,6,10,2034916c-8062-46e3-8d0c-d0dec694e2d1,17.7,30.0,tank bigsby,RB,PHI,RB_tank_bigsby_PHI,48.3,82.17,5.348,3.82,31.84,0.07,104.61,510.9,4.18,0.0,0.0,0.0,173.0,RB54,89.5,28.0,166.8,130.5,160.2,163.5,163.5,Healthy,0,138.0,Neutral,Black,0.0,0.0,0.0,—,,2.84,0.0,0.0,0.0,0.0,0.0,0.0,,,,,,,,,,,,,🎯 **#1 Pure Handcuff**,🤝 **Consensus #1 Handcuff**,Consensus Alignment,Tier 14,Round 14+,14.0,"5.93 YPC, 26% explosive run rate, 3.36 YACO/Att; 5th-ranked OL under Sean Mannion; Scott Barrett & Guru favorite.",https://www.fantasypoints.com/nfl/articles/2026/mr-relevant-late-round-sleepers,1.0,0.0,1.0,0.0,0.0,0.0,0.0,0.0,0.0,0.0,0.0,0.0,,,,5.0,,consensus,,,0.0,0.0,,,,,,,0.0,Neutral,PHI,0.025,0.08,640.0,0.138,27.2,0.12,0.15,PHI,14.0,4.0,80.0,80.0,True,Sean Mannion,85.2,24.0,23.0,13.0,36.3,9.0,0.667,—,16.0,Balanced,5.0,Condensed,15.0,Chew the Clock (High Scoring Offense + Elite Defense -> Run-Heavy Second Halves),PHI,2,35.05,64.95,16.0,0.0,Unknown,16,69.6,75.1,,,,,,,1.5466,,,,,,,,0,,,,,,,,,,,,,,,68.5,51.0,58.0,7.0,0.894,13.5,6.82,82.5,61.9,44.5,130.5,50.0,RB69,69.0,179.3,48.3,2.84,14.0,WW,177.0,5.7,—,0,0,99,,—,72,RB72,181.3,-83.06,387,0.266,0.0,27.8,-8.5,21.2,24.5,24.5,166.8,130.5,36.3,36.3,166.8,130.5,ESPN,YAHOO,Screaming Steal (Huge Value),63.65,3.38,-0.006,63.27,-83.06,-83.06,328,60,RB60,T8,1.0,-164.5,False,False,0.0,2.8,63.65,0.0,0.0,-0.6,0.0,0.0,0.0,0.0,0.0,0.0,0.0,0.0,Tier 12,139.0,43.0,64.0,21.0,⚡ High Variance (Boom/Bust Ceiling),48.0,Tier 10,43.0,64.0,21.0
Tyreek Hill,WR,FA,321.0,206.0,WR110,72.0,141.0,15.07,9,0,01d8aee3-e1c4-4988-970a-8c0c2d08bd83,4.5,5.0,tyreek hill,WR,FA,WR_tyreek_hill_FA,74.95249999999999,74.95249999999999,,,,,,,,,,,234.0,WR94,31.09,29.0,210.1,131.1,201.9,206.0,206.0,Healthy,0,,Neutral,Black,0.0,0.0,0.0,—,,4.4,0.0,0.0,0.0,0.0,0.0,0.0,,,,,,,,,,,,,—,—,Consensus Alignment,—,—,99.0,,,1.0,0.0,0.0,0.0,0.0,0.0,0.0,0.0,0.0,0.0,0.0,0.0,—,—,,5.0,,consensus,,,0.0,0.0,,,,,,,0.0,Neutral,,0.0,0.15,,,,,,,,,80.0,80.0,,,,,,,,,0.5,,,,,,,,,16,35.0,65.0,,0.0,—,16,85.5,74.6,0.5605,-0.4313,-0.5105,0.8978,1.5327,0.5214,,,,,,,,,0,,,,,,,,,,,,,,,60.7,72.0,59.0,-13.0,0.248,10.5,8.39,21.9,36.1,51.4,131.1,58.0,,,,,,,,,,—,0,0,99,,—,86,WR86,158.5,-83.09,270,0.473,0.0,-110.9,-189.9,-119.1,-115.0,-115.0,210.1,131.1,79.0,79.0,210.1,131.1,ESPN,YAHOO,Severe Reach (Overpriced),55.58,0.6,0.002,55.69,-83.09,-83.09,329,107,WR107,T8,1.0,-123.0,False,False,3.0,-5.2,55.58,0.0,0.0,0.2,0.0,0.0,0.0,0.0,0.0,0.0,0.0,0.0,Tier 12,321.0,72.0,141.0,69.0,⚡ High Variance (Boom/Bust Ceiling),110.0,Tier 9,72.0,141.0,69.0
Matt Hibner,TE,BAL,461.0,500.0,TE65,40.0,123.0,20.16,7,13,8f18100f-d967-4cac-b1b7-7af70c4d985a,0.1,0.0,matt hibner,TE,BAL,TE_matt_hibner_BAL,23.299999999999997,23.299999999999997,,,,,,,,,,,,,,,507.1,465.6,405.7,461.0,461.0,Healthy,0,,Neutral,Black,0.0,0.0,0.0,—,,1.4,0.0,0.0,0.0,0.0,0.0,0.0,,,,,,,,,,,,,—,—,Consensus Alignment,—,—,99.0,,,1.0,0.0,0.0,0.0,0.0,0.0,0.0,0.0,0.0,0.0,0.0,0.0,—,—,,5.0,,consensus,,,0.0,0.0,,,,,,,0.0,Neutral,BAL,-0.045,0.15,1150.0,0.165,28.4,0.15,0.18,BAL,11.0,3.0,60.0,60.0,True,Declan Doyle,86.1,22.0,29.3,1.0,37.2,7.0,0.63,High 12P,8.0,Zone,6.0,Even,11.0,Chew the Clock (High Scoring Offense + Elite Defense -> Run-Heavy Second Halves),BAL,26,59.85,40.15,1.0,0.0,Unknown,16,,,,,,,,,,,,,,,,,0,,,,,,,,,,,,,,,,,,,,,,,,,,,,,,,,,,,,—,0,0,99,,—,69,TE69,124.0,-83.66,315,0.188,0.0,46.1,4.6,-55.3,0.0,39.0,507.1,405.7,101.4,101.4,507.1,405.7,ESPN,SLEEPER,Screaming Steal (Huge Value),23.3,-2.65,-0.006,23.16,-83.66,-83.66,330,69,TE69,T8,1.0,170.0,False,False,0.0,0.0,23.3,0.0,0.0,-0.6,0.0,0.0,0.0,0.0,0.0,0.0,0.0,0.0,Tier 12,461.0,40.0,123.0,83.0,⚡ High Variance (Boom/Bust Ceiling),65.0,Tier 8,40.0,123.0,83.0
Brandon Aiyuk,WR,SF,315.0,265.0,WR108,62.0,142.0,18.02,9,8,c90471cc-fa60-4416-9388-5aebb5d877eb,2.2,3.0,brandon aiyuk,WR,SF,WR_brandon_aiyuk_SF,49.126999999999995,49.126999999999995,,,,,,,,,,,229.0,WR93,33.86,29.0,270.3,267.6,259.7,265.0,265.0,Healthy,0,,Neutral,Black,0.0,0.0,0.0,—,,2.9,0.0,0.0,0.0,0.0,0.0,0.0,,,,,,,,,,,,,—,—,Consensus Alignment,—,—,99.0,,,1.0,0.0,0.0,0.0,0.0,0.0,0.0,0.0,0.0,0.0,0.0,0.0,—,—,,7.0,134.0,consensus,2.5,Medium,0.0,0.0,,,,,,,0.0,Neutral,SF,-0.012,0.11,890.0,0.175,28.8,0.14,0.2,SF,6.0,4.0,80.0,80.0,False,Kyle Shanahan,100.9,6.0,26.4,4.0,32.9,17.0,0.774,High 21P,8.0,Zone,3.0,Most Condensed,14.0,Shootouts (High Scoring Offense + Vulnerable Defense -> Max Fantasy Ceiling),SF,6,48.24,51.76,3.0,-1.9,K.Shanahan,16,83.7,81.7,-0.4328,0.546,0.8918,0.1412,1.3469,0.1238,,,,,,,,,0,,,,,,,,,,,,,,,81.8,60.0,70.0,10.0,0.698,13.6,7.27,68.9,64.2,61.5,,,,,,,,,,,,—,0,0,99,,—,114,WR114,158.5,-83.74,336,0.31,0.0,-44.7,-47.4,-55.3,-50.0,-50.0,270.3,259.7,10.6,10.6,270.3,259.7,ESPN,SLEEPER,Severe Reach (Overpriced),54.93,2.24,0.002,55.04,-83.74,-83.74,331,108,WR108,T8,1.0,-66.0,False,False,3.0,4.0,54.93,0.0,0.0,0.2,0.0,0.0,0.0,0.0,0.0,0.0,0.0,0.0,Tier 12,315.0,62.0,142.0,80.0,⚡ High Variance (Boom/Bust Ceiling),108.0,Tier 9,62.0,142.0,80.0
Taysom Hill,TE,FA,726.0,571.0,TE120,56.0,117.0,25.09,10,0,3c8a55dd-20a8-4375-b711-49eb5e6e1d0e,0.1,0.0,taysom hill,TE,FA,TE_taysom_hill_FA,22.8,22.8,,,,,,,,,,,,,,,582.4,576.7,559.6,571.0,571.0,Healthy,0,,Neutral,Black,0.0,0.0,0.0,—,,1.3,0.0,0.0,0.0,0.0,0.0,0.0,,,,,,,,,,,,,—,—,Consensus Alignment,—,—,99.0,,,1.0,0.0,0.0,0.0,0.0,0.0,0.0,0.0,0.0,0.0,0.0,0.0,—,—,,5.0,,consensus,,,0.0,0.0,,,,,,,0.0,Neutral,,0.0,0.15,,,,,,,,,80.0,80.0,,,,,,,,,0.5,,,,,,,,,16,35.0,65.0,,0.0,—,16,74.2,,,-0.2145,,,0.6738,,,,,,,,,,0,,,,,,,,,,,,,,,,,,,,,,,,,,,,,,,,,,,,—,0,0,99,,—,70,TE70,124.0,-84.08,316,0.184,0.0,-143.6,-149.3,-166.4,-155.0,-155.0,582.4,559.6,22.8,22.8,582.4,559.6,ESPN,SLEEPER,Severe Reach (Overpriced),22.8,0.6,-0.006,22.66,-84.08,-84.08,332,70,TE70,T8,1.0,239.0,False,False,0.0,0.0,22.8,0.0,0.0,-0.6,0.0,0.0,0.0,0.0,0.0,0.0,0.0,0.0,Tier 12,726.0,56.0,117.0,61.0,⚡ High Variance (Boom/Bust Ceiling),79.0,Tier 8,56.0,117.0,61.0
Michael Trigg,TE,DAL,513.0,369.5,TE82,60.0,138.0,27.15,8,14,6bff41b0-4191-11f1-9de2-13456d982f5a,0.1,0.0,michael trigg,TE,DAL,TE_michael_trigg_DAL,22.8,22.8,,,,,,,,,,,,,,,406.5,373.2,325.2,369.5,369.5,Healthy,0,,Neutral,Black,0.0,0.0,0.0,—,,1.3,0.0,0.0,0.0,0.0,0.0,0.0,,,,,,,,,,,,,—,—,Consensus Alignment,—,—,99.0,,,1.0,0.0,0.0,0.0,0.0,0.0,0.0,0.0,0.0,0.0,0.0,0.0,—,—,,5.0,,consensus,,,0.0,0.0,,,,,,,0.0,Neutral,DAL,0.055,0.22,1680.0,0.115,24.8,-0.04,0.2,DAL,8.0,4.0,80.0,80.0,False,Brian Schottenheimer,109.1,2.0,24.1,10.0,39.9,4.0,0.666,High 11P,2.0,Gap,12.0,Very Condensed,24.0,Shootouts (High Scoring Offense + Vulnerable Defense -> Max Fantasy Ceiling),DAL,15,26.43,73.57,24.0,-3.4,B.Schottenheimer,16,,81.5,,,,,,,,,,,,,,,0,,,,,,,,,,,,,,,,,,,,,,,,,,,,,,,,,,,,—,0,0,99,,—,70,TE70,124.0,-84.08,316,0.184,0.0,-106.5,-139.8,-187.8,-143.5,-143.5,406.5,325.2,81.3,81.3,406.5,325.2,ESPN,SLEEPER,Severe Reach (Overpriced),22.8,2.25,-0.006,22.66,-84.08,-84.08,332,70,TE70,T8,1.0,37.5,False,False,4.0,0.0,22.8,0.0,0.0,-0.6,0.0,0.0,0.0,0.0,0.0,0.0,0.0,0.0,Tier 12,513.0,60.0,138.0,78.0,⚡ High Variance (Boom/Bust Ceiling),76.0,Tier 8,60.0,138.0,78.0
Najee Harris,RB,NYG,257.0,222.0,RB77,53.0,102.0,12.37,8,8,48ec58c3-ec26-4434-b005-8d34035e6667,3.4,5.0,najee harris,RB,NYG,RB_najee_harris_NYG,57.1,73.89,14.825999999999999,10.59,75.59,0.21,93.37,390.8,2.63,0.0,0.0,0.0,205.0,RB59,70.96,29.0,226.4,213.1,217.6,222.0,222.0,Healthy,0,,Neutral,Black,0.0,0.0,0.0,—,,3.36,0.0,0.0,0.0,0.0,0.0,0.0,,,,,,,,,,,,,—,—,Consensus Alignment,—,—,99.0,,,1.0,0.0,0.0,0.0,0.0,0.0,0.0,0.0,0.0,0.0,0.0,0.0,—,—,,5.0,,consensus,,,0.0,0.0,,,,,58.0,-0.34,-18.0,Cooling,NYG,-0.01,0.31,2350.0,-0.01,27.7,0.0,-0.02,NYG,18.0,3.0,60.0,60.0,True,Matt Nagy,89.6,19.0,24.1,12.0,32.6,21.0,0.558,—,21.0,Zone,17.0,Even,16.0,Shootouts (High Scoring Offense + Vulnerable Defense -> Max Fantasy Ceiling),NYG,18,38.25,61.75,12.0,1.3,M.Nagy,16,69.2,95.2,,,,,,,0.5544,,,,,,,,0,,,,,,,,,,,,,,,,,,,,,,,,,,,RB63,63.0,221.4,57.1,3.36,13.0,WW,,,—,0,0,99,,—,64,RB64,181.3,-84.98,364,0.315,0.0,-30.6,-43.9,-39.4,-35.0,-35.0,226.4,213.1,13.3,13.3,226.4,213.1,ESPN,YAHOO,Severe Reach (Overpriced),61.72,-2.1,-0.006,61.35,-84.98,-84.98,334,61,RB61,T8,1.0,-112.0,False,False,0.0,0.0,61.72,0.0,-18.0,-0.6,0.0,0.0,0.0,0.0,0.0,0.0,0.0,0.0,Tier 12,257.0,53.0,102.0,49.0,⚡ High Variance (Boom/Bust Ceiling),77.0,Tier 10,53.0,102.0,49.0
Tommy Myers,TE,FA,451.0,500.0,TE72,30.0,81.0,17.1,8,0,052cf3ce-7163-4ec3-a2d1-dba33fa06b16,0.0,0.0,tommy myers,TE,FA,TE_tommy_myers_FA,21.1,21.1,,,,,,,,,,,,,,,460.0,455.5,442.0,451.0,451.0,Healthy,0,,Neutral,Black,0.0,0.0,0.0,—,,1.2,0.0,0.0,0.0,0.0,0.0,0.0,,,,,,,,,,,,,—,—,Consensus Alignment,—,—,99.0,,,1.0,0.0,0.0,0.0,0.0,0.0,0.0,0.0,0.0,0.0,0.0,0.0,—,—,,5.0,,consensus,,,0.0,0.0,,,,,,,0.0,Neutral,,0.0,0.15,,,,,,,,,80.0,80.0,,,,,,,,,0.5,,,,,,,,,16,35.0,65.0,,0.0,—,16,,57.9,,,,,,,,,,,,,,,0,,,,,,,,,,,,,,,,,,,,,,,,,,,,,,,,,,,,—,0,0,99,,—,72,TE72,124.0,-85.52,322,0.17,0.0,9.0,4.5,-9.0,0.0,49.0,460.0,442.0,18.0,18.0,460.0,442.0,ESPN,SLEEPER,Screaming Steal (Huge Value),21.1,0.6,-0.006,20.97,-85.52,-85.52,335,72,TE72,T8,1.0,165.0,False,False,0.0,0.0,21.1,0.0,0.0,-0.6,0.0,0.0,0.0,0.0,0.0,0.0,0.0,0.0,Tier 12,451.0,30.0,81.0,51.0,⚡ High Variance (Boom/Bust Ceiling),72.0,Tier 8,30.0,81.0,51.0
Chimere Dike,WR,TEN,271.0,293.5,WR90,63.0,124.0,12.24,8,9,1e95c7fc-ecf7-4fcb-82d8-d77e2b6872d5,1.2,3.0,chimere dike,WR,TEN,WR_chimere_dike_TEN,54.523999999999994,79.19,38.948,27.82,271.61,3.39,10.08,33.67,0.29,0.0,0.0,0.0,332.0,WR136,29.38,29.0,299.4,296.4,287.6,293.5,293.5,Healthy,0,,Neutral,Black,0.0,0.0,0.0,—,,3.2,0.0,0.0,0.0,0.0,0.0,0.0,,,,,,,,,,,,,—,—,Consensus Alignment,—,—,99.0,,,1.0,0.0,0.0,0.0,0.0,0.0,0.0,0.0,0.0,0.0,0.0,0.0,—,—,,5.0,,consensus,,,0.0,0.0,,,,,,,0.0,Neutral,TEN,-0.02,0.33,2550.0,0.01,29.0,0.03,-0.01,TEN,25.0,2.0,40.0,40.0,False,Brian Daboll,74.1,29.0,19.9,23.0,32.6,21.0,0.588,High 12P,12.0,Balanced,28.0,Very Spread,13.0,Slugfests (Low Scoring Offense + Elite Defense -> Low Over/Unders / Grinding Games),TEN,31,20.11,79.89,29.0,-1.4,B.Daboll,16,64.0,64.3,1.7221,-0.6537,-0.9377,-0.8258,-0.6379,-0.4839,,,,,,,,,0,,,,,,,,,,,,,,,77.6,63.0,69.0,6.0,0.921,15.0,5.08,69.9,77.9,64.3,,,,,,,,,,,,—,0,0,99,,—,111,WR111,158.5,-85.7,326,0.344,0.0,28.4,25.4,16.6,22.5,22.5,299.4,287.6,11.8,11.8,299.4,287.6,ESPN,SLEEPER,Screaming Steal (Huge Value),53.83,-6.8,-0.014,53.08,-85.7,-85.7,336,109,WR109,T8,1.0,-42.5,False,False,0.0,2.4,53.83,0.0,0.0,-1.4,0.0,0.0,0.0,0.0,0.0,0.0,0.0,0.0,Tier 12,271.0,63.0,124.0,61.0,⚡ High Variance (Boom/Bust Ceiling),90.0,Tier 9,63.0,124.0,61.0
Zach Ertz,TE,FA,450.0,582.0,TE69,47.0,69.0,6.47,7,0,de3421f7-2147-4835-89a5-724e87bad463,0.1,0.0,zach ertz,TE,FA,TE_zach_ertz_FA,20.0,24.5,12.6,9.0,95.0,1.0,0.0,0.0,0.0,0.0,0.0,0.0,,,,,593.6,587.8,570.4,582.0,582.0,Healthy,0,,Neutral,Black,0.0,0.0,0.0,—,,1.2,0.0,0.0,0.0,0.0,0.0,0.0,,,,,,,,,,,,,—,—,Consensus Alignment,—,—,99.0,,,1.0,0.0,0.0,0.0,0.0,0.0,0.0,0.0,0.0,0.0,0.0,0.0,—,—,,5.0,,consensus,,,0.0,0.0,,,,,,,0.0,Neutral,,0.0,0.15,,,,,,,,,80.0,80.0,,,,,,,,,0.5,,,,,,,,,16,35.0,65.0,,0.0,—,16,62.8,,,0.3472,,,0.2134,,,,,,,,,,0,,,,,,,,,,,,,,,,,,,,,,,,,,,,,,,,,,,,—,0,0,99,,—,73,TE73,124.0,-86.44,327,0.161,0.0,143.6,137.8,120.4,132.0,132.0,593.6,570.4,23.2,23.2,593.6,570.4,ESPN,SLEEPER,Screaming Steal (Huge Value),20.0,0.6,-0.006,19.88,-86.44,-86.44,337,73,TE73,T8,1.0,245.0,False,False,0.0,0.0,20.0,0.0,0.0,-0.6,0.0,0.0,0.0,0.0,0.0,0.0,0.0,0.0,Tier 12,450.0,47.0,69.0,22.0,⚡ High Variance (Boom/Bust Ceiling),69.0,Tier 8,47.0,69.0,22.0
Max Klare,TE,LAR,352.0,323.5,TE48,35.0,89.0,10.92,6,11,680fc10a-4de2-4571-b228-2c2fd79d437f,0.2,0.0,max klare,TE,LAR,TE_max_klare_LAR,17.704,20.32,11.213999999999999,8.01,82.58,0.68,0.0,0.0,0.0,0.0,0.0,0.0,533.0,TE67,20.98,29.0,355.9,326.7,284.7,323.5,323.5,Healthy,0,,Neutral,Black,0.0,0.0,0.0,—,,1.0,0.0,0.0,0.0,0.0,0.0,0.0,,,,,,,,,,,,,—,—,Consensus Alignment,—,—,99.0,,,1.0,0.0,0.0,0.0,0.0,0.0,0.0,0.0,0.0,0.0,0.0,0.0,—,—,,5.0,,consensus,,,0.0,0.0,,,,,,,0.0,Neutral,LAR,0.008,0.14,1120.0,0.095,27.4,0.04,0.13,LAR,1.0,4.5,90.0,90.0,False,Sean McVay,113.3,1.0,19.8,24.0,42.8,2.0,0.759,High 13P,6.0,Gap,4.0,Very Condensed,21.0,Chew the Clock (High Scoring Offense + Elite Defense -> Run-Heavy Second Halves),LAR,3,40.06,59.94,9.0,0.3,S.McVay,16,,76.3,,,,,,,,,,,,,Max Klare,LAR,1,2.0,61.0,34.6,33.8,11.4,,,,,246.0,10.7,48.7,,77.0,,,,,,,,,,,,,,,,,,,,,,—,0,0,99,,—,74,TE74,124.0,-87.01,329,0.143,0.0,3.9,-25.3,-67.3,-28.5,-28.5,355.9,284.7,71.2,71.2,355.9,284.7,ESPN,SLEEPER,Severe Reach (Overpriced),19.34,4.04,-0.006,19.22,-87.01,-87.01,338,74,TE74,T8,1.0,-14.5,False,False,0.0,0.0,19.34,0.0,0.0,-0.6,0.0,0.0,0.0,0.0,0.0,0.0,0.0,0.0,Tier 12,352.0,35.0,89.0,54.0,⚡ High Variance (Boom/Bust Ceiling),48.0,Tier 8,35.0,89.0,54.0
Braelon Allen,RB,NYJ,160.0,180.0,RB54,41.0,79.0,6.9,6,13,d7f72deb-c1e2-47a2-b651-887f0e33dc44,9.1,14.0,braelon allen,RB,NYJ,RB_braelon_allen_NYJ,43.6,96.47,19.403999999999996,13.86,100.61,0.72,111.79,449.03,4.46,0.0,0.0,0.0,163.0,RB51,90.7,26.0,183.6,172.8,176.4,180.0,180.0,Healthy,0,,Neutral,Black,0.0,0.0,0.0,—,,2.56,0.0,0.0,0.0,0.0,0.0,0.0,,,,,,,,,,,,,—,—,Consensus Alignment,—,—,99.0,,,1.0,0.0,0.0,0.0,0.0,0.0,0.0,0.0,0.0,0.0,0.0,0.0,—,—,,5.0,,consensus,,,0.0,0.0,,,,,,,0.0,Neutral,NYJ,0.015,0.21,1650.0,0.065,26.8,0.03,0.09,NYJ,17.0,3.0,60.0,60.0,False,Frank Reich,71.1,30.0,24.9,6.0,29.8,26.0,0.613,High 11P,10.0,Balanced,27.0,Spread,8.0,Balanced Environment,NYJ,17,23.57,76.43,27.0,-1.3,F.Reich,16,,62.9,,,,,,,,,,,,,,,0,,,,,,,,,,,,,,,57.1,55.0,54.0,-1.0,0.804,12.0,6.94,67.2,41.6,41.7,,,RB74,74.0,208.6,43.6,2.56,14.0,WW,,,—,0,0,99,,—,77,RB77,181.3,-87.93,396,0.24,0.0,23.6,12.8,16.4,20.0,20.0,183.6,172.8,10.8,10.8,183.6,172.8,ESPN,YAHOO,Screaming Steal (Huge Value),58.75,-2.48,-0.006,58.4,-87.93,-87.93,339,62,RB62,T8,1.0,-159.0,False,False,0.0,-0.4,58.75,0.0,0.0,-0.6,0.0,0.0,0.0,0.0,0.0,0.0,0.0,0.0,Tier 12,160.0,41.0,79.0,38.0,⚡ High Variance (Boom/Bust Ceiling),54.0,Tier 10,41.0,79.0,38.0
Mitchell Evans,TE,CAR,396.0,500.0,TE56,42.0,72.0,6.24,7,5,788b494d-d624-46ae-a956-81bd10f6a044,0.1,0.0,mitchell evans,TE,CAR,TE_mitchell_evans_CAR,17.1,21.15,11.2,8.0,71.5,1.0,0.0,0.0,0.0,0.0,0.0,0.0,,,,,403.9,400.0,388.1,396.0,396.0,Healthy,0,,Neutral,Black,0.0,0.0,0.0,—,,1.0,0.0,0.0,0.0,0.0,0.0,0.0,,,,,,,,,,,,,—,—,Consensus Alignment,—,—,99.0,,,1.0,0.0,0.0,0.0,0.0,0.0,0.0,0.0,0.0,0.0,0.0,0.0,—,—,,5.0,,consensus,,,0.0,0.0,,,,,,,0.0,Neutral,CAR,-0.015,0.25,1900.0,-0.03,28.6,-0.01,-0.04,CAR,16.0,3.0,60.0,60.0,False,Dave Canales/Idzik,78.7,27.0,19.8,24.0,33.6,15.0,0.794,High 11P,22.0,Balanced,19.0,Spread,23.0,Passing / Garbage Time (Low Scoring Offense + Bad Defense -> Trailing Game Scripts / Air Volume),CAR,8,29.48,70.52,22.0,-2.0,D.Canales,16,,75.9,,,,,,,,,,,,,,,0,,,,,,,,,,,,,,,,,,,,,,,,,,,,,,,,,,,,—,0,0,99,,—,75,TE75,124.0,-88.89,330,0.138,0.0,7.9,4.0,-7.9,0.0,104.0,403.9,388.1,15.8,15.8,403.9,388.1,ESPN,SLEEPER,Screaming Steal (Huge Value),17.1,-0.25,-0.006,17.0,-88.89,-88.89,340,75,TE75,T8,1.0,160.0,False,False,0.0,0.0,17.1,0.0,0.0,-0.6,0.0,0.0,0.0,0.0,0.0,0.0,0.0,0.0,Tier 12,396.0,42.0,72.0,30.0,⚡ High Variance (Boom/Bust Ceiling),56.0,Tier 8,42.0,72.0,30.0
Darnell Mooney,WR,NYG,218.0,282.0,WR82,62.0,128.0,8.81,7,8,bafe8df1-66b5-4200-8fb3-ff188c25a4e2,3.4,2.0,darnell mooney,WR,NYG,WR_darnell_mooney_NYG,55.131,71.5,33.782,24.13,349.25,1.87,2.22,11.89,0.08,0.0,0.0,0.0,287.0,WR117,45.17,29.0,287.6,284.8,276.4,282.0,282.0,Healthy,0,,Neutral,Black,0.0,0.0,0.0,—,,3.2,0.0,0.0,0.0,0.0,0.0,0.0,,,,,,,,,,,,,—,—,Consensus Alignment,—,—,99.0,,,1.0,0.0,0.0,0.0,0.0,0.0,0.0,0.0,0.0,0.0,0.0,0.0,—,—,,5.0,,consensus,,,0.0,0.0,,,,,,,0.0,Neutral,NYG,-0.01,0.31,2350.0,-0.01,27.7,0.0,-0.02,NYG,18.0,3.0,60.0,60.0,True,Matt Nagy,89.6,19.0,24.1,12.0,32.6,21.0,0.558,—,21.0,Zone,17.0,Even,16.0,Shootouts (High Scoring Offense + Vulnerable Defense -> Max Fantasy Ceiling),NYG,18,38.25,61.75,12.0,1.3,M.Nagy,16,58.1,70.2,0.1937,-0.8946,-0.7633,-0.2005,-0.2815,-0.1158,,,,,,,,,0,,,,,,,,,,,,,,,,,,,,,,,,,,,,,,,,,,,,—,0,0,99,,—,108,WR108,158.5,-88.93,323,0.348,0.0,69.6,66.8,58.4,64.0,64.0,287.6,276.4,11.2,11.2,287.6,276.4,ESPN,SLEEPER,Screaming Steal (Huge Value),50.15,-2.1,-0.006,49.85,-88.93,-88.93,341,110,WR110,T8,1.0,-59.0,False,False,0.0,0.0,50.15,0.0,0.0,-0.6,0.0,0.0,0.0,0.0,0.0,0.0,0.0,0.0,Tier 12,218.0,62.0,128.0,66.0,⚡ High Variance (Boom/Bust Ceiling),82.0,Tier 9,62.0,128.0,66.0
Jacob Cowing,WR,SF,476.0,500.0,WR161,129.0,344.0,67.02,11,8,9c145f4f-c9b1-4c2c-b011-8dc40167d0f1,0.0,0.0,jacob cowing,WR,SF,WR_jacob_cowing_SF,0.0,0.0,0.0,0.0,0.0,0.0,0.0,0.0,0.0,0.0,0.0,0.0,,,,,485.5,480.8,466.5,476.0,476.0,Healthy,0,,Neutral,Black,0.0,0.0,0.0,—,,0.0,0.0,0.0,0.0,0.0,0.0,0.0,,,,,,,,,,,,,—,—,Consensus Alignment,—,—,99.0,,,1.0,0.0,0.0,0.0,0.0,0.0,0.0,0.0,0.0,0.0,0.0,0.0,—,—,,5.0,,consensus,,,0.0,0.0,,,,,,,0.0,Neutral,SF,-0.012,0.11,890.0,0.175,28.8,0.14,0.2,SF,6.0,4.0,80.0,80.0,False,Kyle Shanahan,100.9,6.0,26.4,4.0,32.9,17.0,0.774,High 21P,8.0,Zone,3.0,Most Condensed,14.0,Shootouts (High Scoring Offense + Vulnerable Defense -> Max Fantasy Ceiling),SF,6,48.24,51.76,3.0,-1.9,K.Shanahan,16,,77.2,,,,,,,,,,,,,,,0,,,,,,,,,,,,,,,,,,,,,,,,,,,,,,,,,,,,—,0,0,99,,—,171,WR171,158.5,-89.08,448,0.0,0.0,9.5,4.8,-9.5,0.0,24.0,485.5,466.5,19.0,19.0,485.5,466.5,ESPN,SLEEPER,Screaming Steal (Huge Value),50.0,2.24,-0.006,49.7,-89.08,-89.08,342,111,WR111,T8,1.0,158.0,False,False,0.0,0.0,50.0,0.0,0.0,-0.6,0.0,0.0,0.0,0.0,0.0,0.0,0.0,0.0,Tier 12,476.0,129.0,344.0,215.0,⚡ High Variance (Boom/Bust Ceiling),159.0,Tier 9,129.0,344.0,215.0
George Holani,RB,SEA,214.0,266.0,RB67,50.0,100.0,9.74,7,11,971a3930-0724-11ef-a47d-6f7fe8c7bc97,2.9,2.0,george holani,RB,SEA,RB_george_holani_SEA,54.0,41.13,11.213999999999999,8.01,62.22,0.28,38.85,164.14,1.53,0.0,0.0,0.0,220.0,RB61,63.7,29.0,271.3,255.4,260.7,266.0,266.0,Healthy,0,,Neutral,Black,0.0,0.0,0.0,—,,3.18,0.0,0.0,0.0,0.0,0.0,0.0,,,,,,,,,,,,,—,—,Consensus Alignment,—,—,99.0,,,1.0,0.0,0.0,0.0,0.0,0.0,0.0,0.0,0.0,0.0,0.0,0.0,—,—,,5.0,,consensus,,,0.0,0.0,,,,,,,0.0,Neutral,SEA,0.0,0.17,1340.0,0.058,28.0,0.02,0.08,SEA,10.0,3.5,70.0,70.0,False,Brian Fleury,96.6,11.0,26.4,4.0,32.9,17.0,0.774,—,16.0,Zone,4.0,Even,14.0,Chew the Clock (High Scoring Offense + Elite Defense -> Run-Heavy Second Halves),SEA,14,46.7,53.3,4.0,0.0,Unknown,16,,80.0,,,,,,,,,,,,,,,0,,,,,,,,,,,,,,,,,,,,,,,,,,,RB67,67.0,999.0,54.0,3.18,13.0,WW,,,—,0,0,99,,—,69,RB69,181.3,-89.44,372,0.298,0.0,57.3,41.4,46.7,52.0,52.0,271.3,255.4,15.9,15.9,271.3,255.4,ESPN,YAHOO,Screaming Steal (Huge Value),57.23,1.75,-0.006,56.89,-89.44,-89.44,343,63,RB63,T8,1.0,-77.0,False,False,4.0,0.0,57.23,0.0,0.0,-0.6,0.0,0.0,0.0,0.0,0.0,0.0,0.0,0.0,Tier 12,214.0,50.0,100.0,50.0,⚡ High Variance (Boom/Bust Ceiling),67.0,Tier 10,50.0,100.0,50.0
Luke McCaffrey,WR,WAS,344.0,309.0,WR118,95.0,167.0,14.64,9,7,5cfd82f8-9e73-48d7-914e-9051ff52d67d,0.4,1.0,luke mccaffrey,WR,WAS,WR_luke_mccaffrey_WAS,45.879999999999995,49.9,20.104,14.36,221.13,2.25,0.0,0.0,0.0,0.0,0.0,0.0,268.0,WR110,53.3,29.0,315.2,312.1,302.8,309.0,309.0,Healthy,0,,Neutral,Black,0.0,0.0,0.0,—,,2.7,0.0,0.0,0.0,0.0,0.0,0.0,,,,,,,,,,,,,—,—,Consensus Alignment,—,—,99.0,,,1.0,0.0,0.0,0.0,0.0,0.0,0.0,0.0,0.0,0.0,0.0,0.0,—,—,,5.0,,consensus,,,0.0,0.0,,,,,,,0.0,Neutral,WAS,0.012,0.23,1780.0,0.088,25.1,0.07,0.1,WAS,24.0,2.0,40.0,40.0,True,David Blough,80.9,26.0,22.0,18.0,36.0,10.0,0.65,More 12P,5.0,Gap,12.0,Even,12.0,Shootouts (High Scoring Offense + Vulnerable Defense -> Max Fantasy Ceiling),WAS,25,30.3,69.7,21.0,0.0,Unknown,16,60.1,80.2,,-0.7124,,0.0318,-1.4236,-2.5304,,,,,,,,,0,,,,,,,,,,,,,,,,,,,,,,,,,,,,,,,,,,,,—,0,0,99,,—,116,WR116,158.5,-89.49,340,0.289,0.0,-28.8,-31.9,-41.2,-35.0,-35.0,315.2,302.8,12.4,12.4,315.2,302.8,ESPN,SLEEPER,Severe Reach (Overpriced),49.59,-3.84,-0.006,49.29,-89.49,-89.49,344,112,WR112,T8,1.0,-35.0,False,False,0.0,0.0,49.59,0.0,0.0,-0.6,0.0,0.0,0.0,0.0,0.0,0.0,0.0,0.0,Tier 12,344.0,95.0,167.0,72.0,⚡ High Variance (Boom/Bust Ceiling),118.0,Tier 9,95.0,167.0,72.0
Emmett Johnson,RB,KC,174.0,190.5,RB59,48.0,79.0,6.67,7,5,ec3e0874-c2bc-49f6-b4b1-dfc874eecb9b,3.2,10.0,emmett johnson,RB,KC,RB_emmett_johnson_KC,63.9,46.39,11.774,8.41,59.49,0.39,49.54,206.3,1.59,0.0,0.0,0.0,240.0,RB66,55.99,29.0,209.6,182.9,167.6,190.5,190.5,Healthy,0,,Neutral,Black,0.0,0.0,0.0,—,,3.76,0.0,0.0,0.0,0.0,0.0,0.0,,,,,,,,,,,,,—,—,Consensus Alignment,—,—,99.0,,,1.0,0.0,0.0,0.0,0.0,0.0,0.0,0.0,0.0,0.0,0.0,0.0,—,—,,5.0,,consensus,,,0.0,0.0,,,,,,,0.0,Neutral,KC,0.068,0.145,1250.0,0.142,26.5,0.02,0.22,KC,22.0,3.0,60.0,60.0,False,Andy Reid,89.6,19.0,22.0,19.0,33.2,16.0,0.546,—,9.0,Zone,22.0,Condensed,6.0,Chew the Clock (High Scoring Offense + Elite Defense -> Run-Heavy Second Halves),KC,21,38.45,61.55,11.0,6.4,A.Reid,16,,75.5,,,,,,,,,,,,,Emmett Johnson,KAN,1,5.0,161.0,29.9,22.7,32.6,93.4,4.56,35.5,120.0,202.0,10.2,67.2,12.0,8.0,43.7,60.0,49.0,-11.0,0.774,10.0,3.36,26.0,30.3,34.0,,,RB60,60.0,195.5,63.9,3.76,13.0,WW,158.0,6.4,—,0,0,99,,—,61,RB61,181.3,-89.8,349,0.352,0.0,35.6,8.9,-6.4,16.5,16.5,209.6,167.6,42.0,42.0,209.6,167.6,ESPN,SLEEPER,Screaming Steal (Huge Value),56.87,-3.27,-0.006,56.53,-89.8,-89.8,345,64,RB64,T8,1.0,-154.5,False,False,0.0,-4.4,56.87,0.0,0.0,-0.6,0.0,0.0,0.0,0.0,0.0,0.0,0.0,0.0,Tier 12,174.0,48.0,79.0,31.0,⚡ High Variance (Boom/Bust Ceiling),59.0,Tier 10,48.0,79.0,31.0
LeQuint Allen Jr.,RB,JAC,270.0,350.0,RB79,62.0,103.0,7.6,8,7,14aedd06-41a6-41db-8c5e-05483f91570d,0.7,0.0,lequint allen,RB,JAX,RB_lequint_allen_JAX,55.9,43.83,21.476,15.34,99.12,0.43,32.02,126.0,0.6,0.0,0.0,0.0,225.0,RB62,58.51,29.0,357.0,336.0,343.0,350.0,350.0,Healthy,0,,Neutral,Black,0.0,0.0,0.0,—,,3.29,0.0,0.0,0.0,0.0,0.0,0.0,,,,,,,,,,,,,—,—,Consensus Alignment,—,—,99.0,,,1.0,0.0,0.0,0.0,0.0,0.0,0.0,0.0,0.0,0.0,0.0,0.0,—,—,,5.0,,consensus,,,0.0,0.0,,,,,,,0.0,Neutral,JAX,0.015,0.28,2100.0,0.052,27.9,-0.02,0.1,JAX,7.0,4.0,80.0,80.0,True,Liam Coen,97.4,9.0,26.0,5.0,37.0,8.0,0.616,High 11P,21.0,Balanced,7.0,Condensed,1.0,Shootouts (High Scoring Offense + Vulnerable Defense -> Max Fantasy Ceiling),JAX,23,24.71,75.29,26.0,0.9,L.Coen,16,,68.3,,,,,,,,,,,,,,,0,,,,,,,,,,,,,,,,,,,,,,,,,,,RB65,65.0,999.0,55.9,3.29,13.0,WW,197.0,5.7,—,0,0,99,,—,65,RB65,181.3,-89.9,367,0.308,0.0,87.0,66.0,73.0,80.0,80.0,357.0,336.0,21.0,21.0,357.0,336.0,ESPN,YAHOO,Screaming Steal (Huge Value),56.77,0.53,-0.006,56.43,-89.9,-89.9,346,65,RB65,T8,1.0,4.0,False,False,0.0,0.0,56.77,0.0,0.0,-0.6,0.0,0.0,0.0,0.0,0.0,0.0,0.0,0.0,Tier 12,270.0,62.0,103.0,41.0,⚡ High Variance (Boom/Bust Ceiling),79.0,Tier 10,62.0,103.0,41.0
Justin Joly,TE,DEN,365.0,429.0,TE51,34.0,79.0,7.96,6,10,014c6825-61ca-486d-9c4d-ca0968b58888,0.1,0.0,justin joly,TE,DEN,TE_justin_joly_DEN,15.0,19.02,11.213999999999999,8.01,71.43,0.65,0.0,0.0,0.0,0.0,0.0,0.0,,,,,471.9,433.3,377.5,429.0,429.0,Healthy,0,,Neutral,Black,0.0,0.0,0.0,—,,0.9,0.0,0.0,0.0,0.0,0.0,0.0,,,,,,,,,,,,,—,—,Consensus Alignment,—,—,99.0,,,1.0,0.0,0.0,0.0,0.0,0.0,0.0,0.0,0.0,0.0,0.0,0.0,—,—,,5.0,,consensus,,,0.0,0.0,,,,,,,0.0,Neutral,DEN,-0.018,0.27,2100.0,0.02,28.9,0.01,0.03,DEN,4.0,5.0,100.0,100.0,True,Sean Payton/Webb,94.5,13.0,24.2,9.0,32.6,21.0,0.563,—,7.0,Gap,26.0,Most Spread,2.0,Balanced Environment,DEN,1,17.22,82.78,31.0,1.7,S.Payton,16,,81.4,,,,,,,,,,,,,Justin Joly,DEN,1,5.0,152.0,11.3,7.5,12.2,,,,,241.0,8.2,41.8,,68.0,,,,,,,,,,,,,,,,,,,,,,—,0,0,99,,—,76,TE76,124.0,-90.67,334,0.121,0.0,106.9,68.3,12.5,64.0,64.0,471.9,377.5,94.4,94.4,471.9,377.5,ESPN,SLEEPER,Screaming Steal (Huge Value),15.0,4.46,-0.006,14.91,-90.67,-90.67,347,76,TE76,T8,1.0,82.0,False,False,4.0,0.0,15.0,0.0,0.0,-0.6,0.0,0.0,0.0,0.0,0.0,0.0,0.0,0.0,Tier 12,365.0,34.0,79.0,45.0,⚡ High Variance (Boom/Bust Ceiling),51.0,Tier 8,34.0,79.0,45.0
Tanner Koziol,TE,JAC,428.0,501.0,TE63,48.0,72.0,6.93,7,7,aa0d8447-26c5-4f82-827a-57890d7b9f70,0.0,0.0,tanner koziol,TE,JAX,TE_tanner_koziol_JAX,14.7,18.15,9.744,6.96,73.84,0.64,0.0,0.0,0.0,0.0,0.0,0.0,,,,,551.1,506.0,440.9,501.0,501.0,Healthy,0,,Neutral,Black,0.0,0.0,0.0,—,,0.9,0.0,0.0,0.0,0.0,0.0,0.0,,,,,,,,,,,,,—,—,Consensus Alignment,—,—,99.0,,,1.0,0.0,0.0,0.0,0.0,0.0,0.0,0.0,0.0,0.0,0.0,0.0,—,—,,5.0,,consensus,,,0.0,0.0,,,,,,,0.0,Neutral,JAX,0.015,0.28,2100.0,0.052,27.9,-0.02,0.1,JAX,7.0,4.0,80.0,80.0,True,Liam Coen,97.4,9.0,26.0,5.0,37.0,8.0,0.616,High 11P,21.0,Balanced,7.0,Condensed,1.0,Shootouts (High Scoring Offense + Vulnerable Defense -> Max Fantasy Ceiling),JAX,23,24.71,75.29,26.0,0.9,L.Coen,16,,84.7,,,,,,,,,,,,,Tanner Koziol,JAX,1,5.0,164.0,19.0,7.8,24.8,101.2,4.7,36.5,122.0,247.0,20.9,67.5,40.0,99.0,,,,,,,,,,,,,,,,,,,,,,—,0,0,99,,—,77,TE77,124.0,-90.92,335,0.119,0.0,123.1,78.0,12.9,73.0,73.0,551.1,440.9,110.2,110.2,551.1,440.9,ESPN,SLEEPER,Screaming Steal (Huge Value),14.7,1.05,-0.006,14.61,-90.92,-90.92,348,77,TE77,T8,1.0,153.0,False,False,4.0,0.0,14.7,0.0,0.0,-0.6,0.0,0.0,0.0,0.0,0.0,0.0,0.0,0.0,Tier 12,428.0,48.0,72.0,24.0,⚡ High Variance (Boom/Bust Ceiling),63.0,Tier 8,48.0,72.0,24.0
Kevin Coleman Jr.,WR,MIA,375.0,585.0,WR129,89.0,166.0,16.83,10,6,FP_MIA_KEVIN_COLEMAN_JR.,0.1,0.0,kevin coleman,WR,MIA,WR_kevin_coleman_MIA,35.512,31.08,17.892,12.78,161.04,0.41,0.0,0.0,0.0,0.0,0.0,0.0,255.0,WR104,60.74,29.0,643.5,590.9,514.8,585.0,585.0,Healthy,0,,Neutral,Black,0.0,0.0,0.0,—,,2.1,0.0,0.0,0.0,0.0,0.0,0.0,,,,,,,,,,,,,—,—,Consensus Alignment,—,—,99.0,,,1.0,0.0,0.0,0.0,0.0,0.0,0.0,0.0,0.0,0.0,0.0,0.0,—,—,,5.0,,consensus,,,0.0,0.0,,,,,,,0.0,Neutral,MIA,0.04,0.12,950.0,0.118,24.2,0.06,0.16,MIA,31.0,2.5,50.0,50.0,True,Bobby Slowik,81.6,25.0,20.3,22.0,37.3,6.0,0.732,—,24.0,Balanced,15.0,Condensed,7.0,Passing / Garbage Time (Low Scoring Offense + Bad Defense -> Trailing Game Scripts / Air Volume),MIA,30,35.51,64.49,15.0,0.3,B.Slowik,16,,80.5,,,,,,,,,,,,,Kevin Coleman Jr.,MIA,1,5.0,177.0,19.3,11.2,21.8,88.1,4.49,38.5,126.0,179.0,9.6,64.3,10.0,42.0,,,,,,,,,,,,,,,,,,,,,,—,0,0,99,,—,129,WR129,158.5,-90.94,363,0.224,0.0,268.5,215.9,139.8,210.0,210.0,643.5,514.8,128.7,128.7,643.5,514.8,ESPN,SLEEPER,Screaming Steal (Huge Value),48.13,-3.8,-0.006,47.84,-90.94,-90.94,349,113,WR113,T8,1.0,236.0,False,False,4.0,0.0,48.13,0.0,0.0,-0.6,0.0,0.0,0.0,0.0,0.0,0.0,0.0,0.0,Tier 12,375.0,89.0,166.0,77.0,⚡ High Variance (Boom/Bust Ceiling),129.0,Tier 9,89.0,166.0,77.0
Christian Kirk,WR,SF,276.0,262.0,WR98,70.0,135.0,11.1,8,8,ebcd87ce-218c-4144-810b-921c2f59d6e8,1.2,1.0,christian kirk,WR,SF,WR_christian_kirk_SF,59.166,84.86,45.29,32.35,381.12,2.42,0.0,0.0,0.0,0.0,0.0,0.0,295.0,WR121,36.92,29.0,267.2,264.6,256.8,262.0,262.0,Healthy,0,,Neutral,Black,0.0,0.0,0.0,—,,3.5,0.0,0.0,0.0,0.0,0.0,0.0,,,,,,,,,,,,,—,—,Consensus Alignment,—,—,99.0,,,1.0,0.0,0.0,0.0,0.0,0.0,0.0,0.0,0.0,0.0,0.0,0.0,—,—,,5.0,,consensus,,,0.0,0.0,,,,,,,0.0,Neutral,SF,-0.012,0.11,890.0,0.175,28.8,0.14,0.2,SF,6.0,4.0,80.0,80.0,False,Kyle Shanahan,100.9,6.0,26.4,4.0,32.9,17.0,0.774,High 21P,8.0,Zone,3.0,Most Condensed,14.0,Shootouts (High Scoring Offense + Vulnerable Defense -> Max Fantasy Ceiling),SF,6,48.24,51.76,3.0,-1.9,K.Shanahan,16,62.6,74.9,-0.3031,-0.9286,-0.765,-0.2986,0.0604,0.8173,,,,,,,,,0,,,,,,,,,,,,,,,,,,,,,,,,,,,,,,,,,,,,—,0,0,99,,—,105,WR105,158.5,-91.03,312,0.373,0.0,-8.8,-11.4,-19.2,-14.0,-14.0,267.2,256.8,10.4,10.4,267.2,256.8,ESPN,SLEEPER,Severe Reach (Overpriced),48.04,2.24,-0.006,47.75,-91.03,-91.03,350,114,WR114,T8,1.0,-88.0,False,False,0.0,0.0,48.04,0.0,0.0,-0.6,0.0,0.0,0.0,0.0,0.0,0.0,0.0,0.0,Tier 12,276.0,70.0,135.0,65.0,⚡ High Variance (Boom/Bust Ceiling),98.0,Tier 9,70.0,135.0,65.0
Antonio Williams,WR,WAS,254.0,243.0,WR87,55.0,127.0,13.92,8,7,d80b6d95-5b56-4e52-9a19-05957961f506,3.3,4.0,antonio williams,WR,WAS,WR_antonio_williams_WAS,65.7,104.12,49.657999999999994,35.47,496.72,3.14,3.55,18.68,0.1,0.0,0.0,0.0,375.0,WR154,17.4,29.0,267.3,245.4,213.8,243.0,243.0,Healthy,0,,Neutral,Black,0.0,0.0,0.0,—,,3.9,0.0,0.0,0.0,0.0,0.0,0.0,,,,,,,,,,,,,—,—,Consensus Alignment,—,—,99.0,,,1.0,0.0,0.0,0.0,0.0,0.0,0.0,0.0,0.0,0.0,0.0,0.0,—,—,,7.0,129.0,consensus,2.5,Medium,0.0,0.0,,,,,,,0.0,Neutral,WAS,0.012,0.23,1780.0,0.088,25.1,0.07,0.1,WAS,24.0,2.0,40.0,40.0,True,David Blough,80.9,26.0,22.0,18.0,36.0,10.0,0.65,More 12P,5.0,Gap,12.0,Even,12.0,Shootouts (High Scoring Offense + Vulnerable Defense -> Max Fantasy Ceiling),WAS,25,30.3,69.7,21.0,0.0,Unknown,16,,73.5,,,,,,,,,,,,,Antonio Williams,WAS,1,3.0,71.0,14.6,17.9,19.9,98.9,4.41,39.5,124.0,187.0,10.0,71.2,44.0,45.0,60.9,71.0,61.0,-10.0,0.787,11.6,5.17,47.3,44.9,36.7,,,,,,,,,,,,—,0,0,99,,—,101,WR101,158.5,-91.07,300,0.415,0.0,13.3,-8.6,-40.2,-11.0,-11.0,267.3,213.8,53.5,53.5,267.3,213.8,ESPN,SLEEPER,Severe Reach (Overpriced),48.0,-3.84,-0.006,47.71,-91.07,-91.07,351,115,WR115,T8,1.0,-108.0,False,False,0.0,-4.0,48.0,0.0,0.0,-0.6,0.0,0.0,0.0,0.0,0.0,0.0,0.0,0.0,Tier 12,254.0,55.0,127.0,72.0,⚡ High Variance (Boom/Bust Ceiling),87.0,Tier 9,55.0,127.0,72.0
Sam Roush,TE,CHI,468.0,537.0,TE71,57.0,111.0,16.43,8,10,b8b3edc8-986a-4702-84a7-b5193331aebb,0.1,0.0,sam roush,TE,CHI,TE_sam_roush_CHI,14.5,17.87,9.562,6.83,72.39,0.64,0.0,0.0,0.0,0.0,0.0,0.0,,,,,590.7,542.4,472.6,537.0,537.0,Healthy,0,,Neutral,Black,0.0,0.0,0.0,—,,0.9,0.0,0.0,0.0,0.0,0.0,0.0,,,,,,,,,,,,,—,—,Consensus Alignment,—,—,99.0,,,1.0,0.0,0.0,0.0,0.0,0.0,0.0,0.0,0.0,0.0,0.0,0.0,—,—,,5.0,,consensus,,,0.0,0.0,,,,,,,0.0,Neutral,CHI,0.01,0.26,2020.0,0.048,27.6,0.01,0.07,CHI,3.0,4.0,80.0,80.0,False,Ben Johnson,98.3,8.0,29.3,1.0,37.2,7.0,0.63,High 12P,4.0,Zone,6.0,Even,11.0,Balanced Environment,CHI,4,41.16,58.84,7.0,-2.7,B.Johnson,16,,60.3,,,,,,,,,,,,,Sam Roush,CHI,1,3.0,69.0,20.3,21.8,13.5,109.4,4.7,38.5,126.0,267.0,10.1,30.4,78.0,76.0,,,,,,,,,,,,,,,,,,,,,,—,0,0,99,,—,78,TE78,124.0,-91.09,338,0.117,0.0,122.7,74.4,4.6,69.0,69.0,590.7,472.6,118.1,118.1,590.7,472.6,ESPN,SLEEPER,Screaming Steal (Huge Value),14.5,2.9,-0.006,14.41,-91.09,-91.09,352,78,TE78,T8,1.0,185.0,False,False,0.0,0.0,14.5,0.0,0.0,-0.6,0.0,0.0,0.0,0.0,0.0,0.0,0.0,0.0,Tier 12,468.0,57.0,111.0,54.0,⚡ High Variance (Boom/Bust Ceiling),71.0,Tier 8,57.0,111.0,54.0
Isaiah Davis,RB,NYJ,256.0,552.0,RB73,59.0,96.0,7.33,8,13,849789be-b8f0-4d97-a777-2fcf336efa6a,0.8,1.0,isaiah davis,RB,NYJ,RB_isaiah_davis_NYJ,60.5,43.38,13.915999999999999,9.94,78.57,0.21,35.06,174.69,1.16,0.0,0.0,0.0,261.0,RB72,45.48,29.0,563.0,529.9,541.0,552.0,552.0,Healthy,0,,Neutral,Black,0.0,0.0,0.0,—,,3.56,0.0,0.0,0.0,0.0,0.0,0.0,,,,,,,,,,,,,—,—,Consensus Alignment,—,—,99.0,,,1.0,0.0,0.0,0.0,0.0,0.0,0.0,0.0,0.0,0.0,0.0,0.0,—,—,,5.0,,consensus,,,0.0,0.0,,,,,,,0.0,Neutral,NYJ,0.015,0.21,1650.0,0.065,26.8,0.03,0.09,NYJ,17.0,3.0,60.0,60.0,False,Frank Reich,71.1,30.0,24.9,6.0,29.8,26.0,0.613,High 11P,10.0,Balanced,27.0,Spread,8.0,Balanced Environment,NYJ,17,23.57,76.43,27.0,-1.3,F.Reich,16,,,,,,,,,,,,,,,,,0,,,,,,,,,,,,,,,,,,,,,,,,,,,RB61,61.0,999.0,60.5,3.56,13.0,WW,,,—,0,0,99,,—,62,RB62,181.3,-91.17,357,0.334,0.0,307.0,273.9,285.0,296.0,296.0,563.0,529.9,33.1,33.1,563.0,529.9,ESPN,YAHOO,Screaming Steal (Huge Value),55.49,-2.48,-0.006,55.16,-91.17,-91.17,353,66,RB66,T8,1.0,199.0,False,False,0.0,0.0,55.49,0.0,0.0,-0.6,0.0,0.0,0.0,0.0,0.0,0.0,0.0,0.0,Tier 12,256.0,59.0,96.0,37.0,⚡ High Variance (Boom/Bust Ceiling),73.0,Tier 10,59.0,96.0,37.0
Ray Davis,RB,BUF,165.0,214.5,RB58,46.0,77.0,5.7,7,7,a856dd59-ed95-471a-bfb9-fbd0566bd1a9,10.3,11.0,ray davis,RB,BUF,RB_ray_davis_BUF,46.2,35.86,10.85,7.75,59.95,0.39,32.31,137.93,1.06,0.0,0.0,0.0,212.0,RB60,69.95,29.0,218.8,205.9,210.2,214.5,214.5,Healthy,0,139.0,Target (Green),Green,1.0,0.0,0.0,—,,2.72,0.0,0.0,0.0,0.0,0.0,0.0,,,,,,,,,,,,⚠️ Touch Vulture QB (Steals 30%+ GL Carries),—,—,Consensus Alignment,—,—,99.0,,,1.0,0.0,0.0,0.0,0.0,0.0,0.0,0.0,0.0,0.0,0.0,0.0,—,—,,5.0,,consensus,,,0.0,0.0,,,,,,,0.0,Neutral,BUF,0.03,0.32,2450.0,0.155,26.9,0.08,0.2,BUF,2.0,4.5,90.0,90.0,True,Joe Brady,101.1,5.0,24.4,8.0,30.1,25.0,0.655,—,32.0,Gap,11.0,Very Spread,22.0,Shootouts (High Scoring Offense + Vulnerable Defense -> Max Fantasy Ceiling),BUF,7,23.56,76.44,28.0,-1.6,J.Brady,16,77.0,76.2,,,,,,,0.4386,,,,,,,,0,,,,,,,,,,,,,,,,,,,,,,,,,,,RB71,71.0,229.5,46.2,2.72,14.0,WW,,,—,0,0,99,,—,74,RB74,181.3,-91.18,390,0.255,0.0,53.8,40.9,45.2,49.5,49.5,218.8,205.9,12.9,12.9,218.8,205.9,ESPN,YAHOO,Screaming Steal (Huge Value),54.12,1.8,0.019,55.15,-91.18,-91.18,354,67,RB67,T8,1.0,-139.5,False,False,0.0,0.0,54.12,0.0,0.0,1.9,0.0,0.0,0.0,0.0,0.0,0.0,12.0,0.0,Tier 12,165.0,46.0,77.0,31.0,⚡ High Variance (Boom/Bust Ceiling),58.0,Tier 10,46.0,77.0,31.0
Trey Benson,RB,ARI,299.0,258.0,RB90,53.0,166.0,13.34,8,14,0c1253f2-1822-445d-8590-fea6fd32703f,0.4,1.0,trey benson,RB,ARI,RB_trey_benson_ARI,0.312,0.0,0.0,0.0,0.0,0.0,0.0,0.0,0.0,0.0,0.0,0.0,472.0,RB133,1.04,29.0,263.2,247.7,252.8,258.0,258.0,Healthy,0,,Neutral,Black,0.0,0.0,0.0,—,,0.0,0.0,0.0,0.0,0.0,0.0,0.0,,,,,,,,,,,,,—,—,Consensus Alignment,—,—,99.0,,,1.0,0.0,0.0,0.0,0.0,0.0,0.0,0.0,0.0,0.0,0.0,0.0,—,—,,5.0,,consensus,,,0.0,0.0,,,,,,,0.0,Neutral,ARI,0.005,0.22,1750.0,0.072,25.5,0.05,0.08,ARI,23.0,3.0,60.0,60.0,False,Mike LaFleur,95.6,12.0,20.8,21.0,32.7,19.0,0.596,—,5.0,Gap,9.0,Condensed,10.0,Passing / Garbage Time (Low Scoring Offense + Bad Defense -> Trailing Game Scripts / Air Volume),ARI,20,39.57,60.43,10.0,-1.1,M.LaFleur,16,,79.4,,,,,,,,,,,,,,,0,,,,,,,,,,,,,,,55.4,58.0,50.0,-8.0,0.89,11.0,5.14,50.5,50.7,66.2,,,,,,,,,,,,—,0,0,99,,—,146,RB146,181.3,-91.26,494,0.002,0.0,-35.8,-51.3,-46.2,-41.0,-41.0,263.2,247.7,15.5,15.5,263.2,247.7,ESPN,YAHOO,Severe Reach (Overpriced),55.4,-2.33,-0.006,55.07,-91.26,-91.26,355,68,RB68,T8,1.0,-97.0,False,False,0.0,-3.2,55.4,0.0,0.0,-0.6,0.0,0.0,0.0,0.0,0.0,0.0,0.0,0.0,Tier 12,299.0,53.0,166.0,113.0,⚡ High Variance (Boom/Bust Ceiling),90.0,Tier 10,53.0,166.0,113.0
Treylon Burks,WR,WAS,357.0,607.0,WR124,80.0,171.0,17.92,9,7,45763342-0208-46ab-a5d2-6c6e4ff66b66,0.1,0.0,treylon burks,WR,WAS,WR_treylon_burks_WAS,41.601,44.74,21.055999999999997,15.04,217.76,1.36,0.0,0.0,0.0,0.0,0.0,0.0,270.0,WR111,51.87,29.0,619.1,613.1,594.9,607.0,607.0,Healthy,0,,Neutral,Black,0.0,0.0,0.0,—,,2.4,0.0,0.0,0.0,0.0,0.0,0.0,,,,,,,,,,,,,—,—,Consensus Alignment,—,—,99.0,,,1.0,0.0,0.0,0.0,0.0,0.0,0.0,0.0,0.0,0.0,0.0,0.0,—,—,,5.0,,consensus,,,0.0,0.0,,,,,,,0.0,Neutral,WAS,0.012,0.23,1780.0,0.088,25.1,0.07,0.1,WAS,24.0,2.0,40.0,40.0,True,David Blough,80.9,26.0,22.0,18.0,36.0,10.0,0.65,More 12P,5.0,Gap,12.0,Even,12.0,Shootouts (High Scoring Offense + Vulnerable Defense -> Max Fantasy Ceiling),WAS,25,30.3,69.7,21.0,0.0,Unknown,16,56.0,92.4,,-0.668,,-0.2524,-0.9255,-0.6317,,,,,,,,,0,,,,,,,,,,,,,,,,,,,,,,,,,,,,,,,,,,,,—,0,0,99,,—,119,WR119,158.5,-92.32,347,0.262,0.0,262.1,256.1,237.9,250.0,250.0,619.1,594.9,24.2,24.2,619.1,594.9,ESPN,SLEEPER,Screaming Steal (Huge Value),46.74,-3.84,-0.006,46.46,-92.32,-92.32,356,116,WR116,T8,1.0,251.0,False,False,0.0,0.0,46.74,0.0,0.0,-0.6,0.0,0.0,0.0,0.0,0.0,0.0,0.0,0.0,Tier 12,357.0,80.0,171.0,91.0,⚡ High Variance (Boom/Bust Ceiling),124.0,Tier 9,80.0,171.0,91.0
Jaylen Wright,RB,MIA,223.0,232.5,RB68,54.0,86.0,5.79,7,6,ba9e1390-028b-47c9-8710-84cee3fa25de,2.0,2.0,jaylen wright,RB,MIA,RB_jaylen_wright_MIA,55.9,50.74,10.122,7.23,52.46,0.1,79.95,308.92,1.55,0.0,0.0,0.0,252.0,RB70,51.07,29.0,237.2,223.2,227.8,232.5,232.5,Healthy,0,,Neutral,Black,0.0,0.0,0.0,—,,3.29,0.0,0.0,0.0,0.0,0.0,0.0,,,,,,,,,,,,,—,—,Consensus Alignment,—,—,99.0,,,1.0,0.0,0.0,0.0,0.0,0.0,0.0,0.0,0.0,0.0,0.0,0.0,—,—,,5.0,,consensus,,,0.0,0.0,,,,,,,0.0,Neutral,MIA,0.04,0.12,950.0,0.118,24.2,0.06,0.16,MIA,31.0,2.5,50.0,50.0,True,Bobby Slowik,81.6,25.0,20.3,22.0,37.3,6.0,0.732,—,24.0,Balanced,15.0,Condensed,7.0,Passing / Garbage Time (Low Scoring Offense + Bad Defense -> Trailing Game Scripts / Air Volume),MIA,30,35.51,64.49,15.0,0.3,B.Slowik,16,63.2,74.8,,,,,,,0.4486,,,,,,,,0,,,,,,,,,,,,,,,,,,,,,,,,,,,RB64,64.0,247.9,55.9,3.29,13.0,WW,,,—,0,0,99,,—,65,RB65,181.3,-92.8,367,0.308,0.0,14.2,0.2,4.8,9.5,9.5,237.2,223.2,14.0,14.0,237.2,223.2,ESPN,YAHOO,Screaming Steal (Huge Value),54.29,-7.35,-0.014,53.53,-92.8,-92.8,357,69,RB69,T8,1.0,-124.5,False,False,0.0,0.0,54.29,0.0,0.0,-1.4,0.0,0.0,0.0,0.0,0.0,0.0,0.0,0.0,Tier 12,223.0,54.0,86.0,32.0,⚡ High Variance (Boom/Bust Ceiling),68.0,Tier 10,54.0,86.0,32.0
Malik Davis,RB,DAL,272.0,328.5,RB80,58.0,98.0,7.73,8,14,7caf1f90-d30d-11ec-8b77-45b1765fd110,0.4,1.0,malik davis,RB,DAL,RB_malik_davis_DAL,55.495,60.64,9.198,6.57,52.26,0.08,73.59,344.8,2.5,0.0,0.0,0.0,250.0,RB69,51.05,29.0,335.1,315.4,321.9,328.5,328.5,Healthy,0,,Neutral,Black,0.0,0.0,0.0,—,,3.3,0.0,0.0,0.0,0.0,0.0,0.0,,,,,,,,,,,,,—,—,Consensus Alignment,—,—,99.0,,,1.0,0.0,0.0,0.0,0.0,0.0,0.0,0.0,0.0,0.0,0.0,0.0,—,—,,5.0,,consensus,,,0.0,0.0,,,,,,,0.0,Neutral,DAL,0.055,0.22,1680.0,0.115,24.8,-0.04,0.2,DAL,8.0,4.0,80.0,80.0,False,Brian Schottenheimer,109.1,2.0,24.1,10.0,39.9,4.0,0.666,High 11P,2.0,Gap,12.0,Very Condensed,24.0,Shootouts (High Scoring Offense + Vulnerable Defense -> Max Fantasy Ceiling),DAL,15,26.43,73.57,24.0,-3.4,B.Schottenheimer,16,,68.6,,,,,,,,,,,,,,,0,,,,,,,,,,,,,,,,,,,,,,,,,,,,,,,,,,,,—,0,0,99,,—,67,RB67,181.3,-93.38,369,0.306,0.0,63.1,43.4,49.9,56.5,56.5,335.1,315.4,19.7,19.7,335.1,315.4,ESPN,YAHOO,Screaming Steal (Huge Value),53.27,-0.07,-0.006,52.95,-93.38,-93.38,358,70,RB70,T8,1.0,-29.5,False,False,0.0,0.0,53.27,0.0,0.0,-0.6,0.0,0.0,0.0,0.0,0.0,0.0,0.0,0.0,Tier 12,272.0,58.0,98.0,40.0,⚡ High Variance (Boom/Bust Ceiling),80.0,Tier 10,58.0,98.0,40.0
Mack Hollins,WR,NE,302.0,359.0,WR107,74.0,143.0,12.01,8,11,93cb5790-1012-4c42-bccb-5748c27ba7d6,0.3,0.0,mack hollins,WR,NE,WR_mack_hollins_NE,45.643,56.49,30.085999999999995,21.49,257.64,1.6,0.0,0.0,0.0,0.0,0.0,0.0,286.0,WR116,45.51,29.0,366.2,362.6,351.8,359.0,359.0,Healthy,0,,Neutral,Black,0.0,0.0,0.0,—,,2.7,0.0,0.0,0.0,0.0,0.0,0.0,,,,,,,,,,,,,—,—,Consensus Alignment,—,—,99.0,,,1.0,0.0,0.0,0.0,0.0,0.0,0.0,0.0,0.0,0.0,0.0,0.0,—,—,,5.0,,consensus,,,0.0,0.0,,,,,,,0.0,Neutral,NE,-0.03,0.3,2300.0,-0.055,29.4,-0.02,-0.07,NE,13.0,3.0,60.0,60.0,False,Josh McDaniels,104.9,4.0,24.9,6.0,34.6,13.0,0.605,—,24.0,Gap,21.0,Spread,4.0,Slugfests (Low Scoring Offense + Elite Defense -> Low Over/Unders / Grinding Games),NE,13,34.68,65.32,17.0,1.4,J.McDaniels,16,69.8,74.0,-0.253,0.896,-0.9936,-1.1029,0.0922,0.3967,,,,,,,,,0,,,,,,,,,,,,,,,,,,,,,,,,,,,,,,,,,,,,—,0,0,99,,—,117,WR117,158.5,-93.47,341,0.288,0.0,64.2,60.6,49.8,57.0,57.0,366.2,351.8,14.4,14.4,366.2,351.8,ESPN,SLEEPER,Screaming Steal (Huge Value),45.58,-2.7,-0.006,45.31,-93.47,-93.47,359,117,WR117,T8,1.0,0.0,False,False,0.0,0.0,45.58,0.0,0.0,-0.6,0.0,0.0,0.0,0.0,0.0,0.0,0.0,0.0,Tier 12,302.0,74.0,143.0,69.0,⚡ High Variance (Boom/Bust Ceiling),107.0,Tier 9,74.0,143.0,69.0
Ashton Dulin,WR,IND,408.0,511.0,WR145,105.0,182.0,22.17,10,13,f374262b-d642-4d05-9584-5955548ee4d1,0.1,0.0,ashton dulin,WR,IND,WR_ashton_dulin_IND,50.48499999999999,64.09,24.514,17.51,338.26,1.3,5.09,46.13,0.09,0.0,0.0,0.0,300.0,WR123,39.25,29.0,521.2,516.1,500.8,511.0,511.0,Healthy,0,,Neutral,Black,0.0,0.0,0.0,—,,3.0,0.0,0.0,0.0,0.0,0.0,0.0,,,,,,,,,,,,,—,—,Consensus Alignment,—,—,99.0,,,1.0,0.0,0.0,0.0,0.0,0.0,0.0,0.0,0.0,0.0,0.0,0.0,—,—,,5.0,,consensus,,,0.0,0.0,,,,,,,0.0,Neutral,IND,0.005,0.13,980.0,0.068,27.3,0.06,0.07,IND,5.0,4.5,90.0,90.0,False,Shane Steichen,97.4,10.0,22.2,17.0,32.7,19.0,0.691,—,20.0,Gap,10.0,Even,25.0,Balanced Environment,IND,10,36.05,63.95,14.0,-3.5,S.Steichen,16,,,,,,,,,,,,,,,,,0,,,,,,,,,,,,,,,,,,,,,,,,,,,,,,,,,,,,—,0,0,99,,—,112,WR112,158.5,-94.18,331,0.319,0.0,113.2,108.1,92.8,103.0,103.0,521.2,500.8,20.4,20.4,521.2,500.8,ESPN,SLEEPER,Screaming Steal (Huge Value),44.87,1.95,-0.006,44.6,-94.18,-94.18,360,118,WR118,T8,1.0,151.0,False,False,0.0,0.0,44.87,0.0,0.0,-0.6,0.0,0.0,0.0,0.0,0.0,0.0,0.0,0.0,Tier 12,408.0,105.0,182.0,77.0,⚡ High Variance (Boom/Bust Ceiling),145.0,Tier 9,105.0,182.0,77.0
Devontez Walker,WR,BAL,398.0,310.0,WR143,93.0,169.0,20.98,10,13,b5d1ed29-c72a-45ff-ae60-337e13728b2f,0.1,0.0,devontez walker,WR,BAL,WR_devontez_walker_BAL,40.452,43.83,20.285999999999998,14.49,208.8,1.46,0.0,0.0,0.0,0.0,0.0,0.0,277.0,WR113,49.44,29.0,316.2,313.1,303.8,310.0,310.0,Healthy,0,,Neutral,Black,0.0,0.0,0.0,—,,2.4,0.0,0.0,0.0,0.0,0.0,0.0,,,,,,,,,,,,,—,—,Consensus Alignment,—,—,99.0,,,1.0,0.0,0.0,0.0,0.0,0.0,0.0,0.0,0.0,0.0,0.0,0.0,—,—,,5.0,,consensus,,,0.0,0.0,,,,,,,0.0,Neutral,BAL,-0.045,0.15,1150.0,0.165,28.4,0.15,0.18,BAL,11.0,3.0,60.0,60.0,True,Declan Doyle,86.1,22.0,29.3,1.0,37.2,7.0,0.63,High 12P,8.0,Zone,6.0,Even,11.0,Chew the Clock (High Scoring Offense + Elite Defense -> Run-Heavy Second Halves),BAL,26,59.85,40.15,1.0,0.0,Unknown,16,,68.8,,,,,,,,,,,,,,,0,,,,,,,,,,,,,,,,,,,,,,,,,,,,,,,,,,,,—,0,0,99,,—,121,WR121,158.5,-94.46,352,0.255,0.0,-81.8,-84.9,-94.2,-88.0,-88.0,316.2,303.8,12.4,12.4,316.2,303.8,ESPN,SLEEPER,Severe Reach (Overpriced),44.95,-7.15,-0.014,44.32,-94.46,-94.46,361,119,WR119,T8,1.0,-51.0,False,False,0.0,0.0,44.95,0.0,0.0,-1.4,0.0,0.0,0.0,0.0,0.0,0.0,0.0,0.0,Tier 12,398.0,93.0,169.0,76.0,⚡ High Variance (Boom/Bust Ceiling),143.0,Tier 9,93.0,169.0,76.0
Emari Demercado,RB,KC,290.0,365.0,RB85,56.0,102.0,8.6,8,5,44b4cbf0-e8fe-11ed-bc6e-a5c4d3ccbdd1,1.0,1.0,emari demercado,RB,KC,RB_emari_demercado_KC,64.169,82.83,22.918,16.37,119.77,0.81,76.84,427.45,1.7,0.0,0.0,0.0,276.0,RB78,39.83,29.0,372.3,350.4,357.7,365.0,365.0,Healthy,0,,Neutral,Black,0.0,0.0,0.0,—,,3.8,0.0,0.0,0.0,0.0,0.0,0.0,,,,,,,,,,,,,—,—,Consensus Alignment,—,—,99.0,,,1.0,0.0,0.0,0.0,0.0,0.0,0.0,0.0,0.0,0.0,0.0,0.0,—,—,,5.0,,consensus,,,0.0,0.0,,,,,,,0.0,Neutral,KC,0.068,0.145,1250.0,0.142,26.5,0.02,0.22,KC,22.0,3.0,60.0,60.0,False,Andy Reid,89.6,19.0,22.0,19.0,33.2,16.0,0.546,—,9.0,Zone,22.0,Condensed,6.0,Chew the Clock (High Scoring Offense + Elite Defense -> Run-Heavy Second Halves),KC,21,38.45,61.55,11.0,6.4,A.Reid,16,63.3,53.4,,,,,,,-0.3539,,,,,,,,0,,,,,,,,,,,,,,,,,,,,,,,,,,,,,,,,,,,,—,0,0,99,,—,60,RB60,181.3,-94.64,348,0.354,0.0,82.3,60.4,67.7,75.0,75.0,372.3,350.4,21.9,21.9,372.3,350.4,ESPN,YAHOO,Screaming Steal (Huge Value),52.0,-3.27,-0.006,51.69,-94.64,-94.64,362,71,RB71,T8,1.0,3.0,False,False,0.0,0.0,52.0,0.0,0.0,-0.6,0.0,0.0,0.0,0.0,0.0,0.0,0.0,0.0,Tier 12,290.0,56.0,102.0,46.0,⚡ High Variance (Boom/Bust Ceiling),85.0,Tier 10,56.0,102.0,46.0
Olamide Zaccheaus,WR,ATL,350.0,560.0,WR120,93.0,134.0,9.9,9,11,d8281390-f081-41e5-b55e-75779536fe94,0.1,0.0,olamide zaccheaus,WR,ATL,WR_olamide_zaccheaus_ATL,33.623,31.98,20.005999999999997,14.29,142.31,0.63,0.0,0.0,0.0,0.0,0.0,0.0,264.0,WR109,54.21,29.0,571.2,565.6,548.8,560.0,560.0,Healthy,0,,Neutral,Black,0.0,0.0,0.0,—,,2.0,0.0,0.0,0.0,0.0,0.0,0.0,,,,,,,,,,,,,—,—,Consensus Alignment,—,—,99.0,,,1.0,0.0,0.0,0.0,0.0,0.0,0.0,0.0,0.0,0.0,0.0,0.0,—,—,,5.0,,consensus,,,0.0,0.0,,,,,,,0.0,Neutral,ATL,0.032,0.15,1100.0,0.092,26.0,0.05,0.12,ATL,21.0,4.0,80.0,80.0,False,Kevin Stefanski/Rees,86.4,21.0,22.4,16.0,25.7,28.0,0.592,High 12P,10.0,Gap,18.0,Even,3.0,Passing / Garbage Time (Low Scoring Offense + Bad Defense -> Trailing Game Scripts / Air Volume),ATL,11,54.01,45.99,2.0,-4.2,K.Stefanski,16,61.3,81.6,1.4103,1.0519,-0.7927,0.211,-0.6665,-0.635,,,,,,,,,0,,,,,,,,,,,,,,,,,,,,,,,,,,,,,,,,,,,,—,0,0,99,,—,131,WR131,158.5,-95.12,366,0.212,0.0,221.2,215.6,198.8,210.0,210.0,571.2,548.8,22.4,22.4,571.2,548.8,ESPN,SLEEPER,Screaming Steal (Huge Value),43.92,-0.44,-0.006,43.66,-95.12,-95.12,363,120,WR120,T8,1.0,197.0,False,False,0.0,0.0,43.92,0.0,0.0,-0.6,0.0,0.0,0.0,0.0,0.0,0.0,0.0,0.0,Tier 12,350.0,93.0,134.0,41.0,⚡ High Variance (Boom/Bust Ceiling),120.0,Tier 9,93.0,134.0,41.0
Chris Brooks,RB,GB,251.0,393.0,RB74,59.0,102.0,7.8,8,11,35a0d440-f017-11ed-bedb-53f19b227cc3,0.6,1.0,chris brooks,RB,GB,RB_chris_brooks_GB,52.0,63.24,18.759999999999998,13.4,93.26,0.22,72.7,324.65,1.31,0.0,0.0,0.0,249.0,RB68,51.61,29.0,400.9,377.3,385.1,393.0,393.0,Healthy,0,,Neutral,Black,0.0,0.0,0.0,—,,3.06,0.0,0.0,0.0,0.0,0.0,0.0,,,,,,,,,,,,,—,—,Consensus Alignment,—,—,99.0,,,1.0,0.0,0.0,0.0,0.0,0.0,0.0,0.0,0.0,0.0,0.0,0.0,—,—,,5.0,,consensus,,,0.0,0.0,,,,,,,0.0,Neutral,GB,0.02,0.16,1300.0,0.112,27.8,0.04,0.16,GB,20.0,2.0,40.0,40.0,False,Matt LaFleur,90.5,16.0,23.0,13.0,36.3,9.0,0.667,High 12P,19.0,Balanced,8.0,Very Condensed,17.0,Chew the Clock (High Scoring Offense + Elite Defense -> Run-Heavy Second Halves),GB,27,38.22,61.78,13.0,-1.0,M.LaFleur,16,,67.4,,,,,,,,,,,,,,,0,,,,,,,,,,,,,,,,,,,,,,,,,,,RB68,68.0,999.0,52.0,3.06,14.0,WW,,,—,0,0,99,,—,71,RB71,181.3,-95.19,378,0.287,0.0,149.9,126.3,134.1,142.0,142.0,400.9,377.3,23.6,23.6,400.9,377.3,ESPN,YAHOO,Screaming Steal (Huge Value),51.87,-5.55,-0.014,51.14,-95.19,-95.19,364,72,RB72,T8,1.0,29.0,False,False,0.0,0.0,51.87,0.0,0.0,-1.4,0.0,0.0,0.0,0.0,0.0,0.0,0.0,0.0,Tier 12,251.0,59.0,102.0,43.0,⚡ High Variance (Boom/Bust Ceiling),74.0,Tier 10,59.0,102.0,43.0
Kaytron Allen,RB,WAS,210.0,213.5,RB64,49.0,99.0,8.43,7,7,7980dd2b-0ce0-4936-aaff-536c09608429,1.7,3.0,kaytron allen,RB,WAS,RB_kaytron_allen_WAS,54.2,21.48,4.241999999999999,3.03,25.69,0.1,23.64,110.88,0.72,0.0,0.0,0.0,259.0,RB71,46.63,29.0,234.9,205.0,187.9,213.5,213.5,Healthy,0,,Neutral,Black,0.0,0.0,0.0,—,,3.19,0.0,0.0,0.0,0.0,0.0,0.0,,,,,,,,,,,,,—,—,Consensus Alignment,—,—,99.0,,,1.0,0.0,0.0,0.0,0.0,0.0,0.0,0.0,0.0,0.0,0.0,0.0,—,—,,5.0,,consensus,,,0.0,0.0,,,,,,,0.0,Neutral,WAS,0.012,0.23,1780.0,0.088,25.1,0.07,0.1,WAS,24.0,2.0,40.0,40.0,True,David Blough,80.9,26.0,22.0,18.0,36.0,10.0,0.65,More 12P,5.0,Gap,12.0,Even,12.0,Shootouts (High Scoring Offense + Vulnerable Defense -> Max Fantasy Ceiling),WAS,25,30.3,69.7,21.0,0.0,Unknown,16,,72.9,,,,,,,,,,,,,Kaytron Allen,WAS,1,6.0,187.0,9.8,4.7,17.9,,,,,216.0,17.4,76.7,,19.0,,,,,,,,,,,,,RB66,66.0,239.1,54.2,3.19,14.0,WW,,,—,0,0,99,,—,68,RB68,181.3,-95.37,371,0.299,0.0,24.9,-5.0,-22.1,3.5,3.5,234.9,187.9,47.0,47.0,234.9,187.9,ESPN,SLEEPER,Value Target (Discounted),51.68,-5.43,-0.014,50.96,-95.37,-95.37,365,73,RB73,T8,1.0,-151.5,False,False,0.0,0.0,51.68,0.0,0.0,-1.4,0.0,0.0,0.0,0.0,0.0,0.0,0.0,0.0,Tier 12,210.0,49.0,99.0,50.0,⚡ High Variance (Boom/Bust Ceiling),64.0,Tier 10,49.0,99.0,50.0
Miles Sanders,RB,FA,588.0,500.0,RB171,85.0,159.0,30.34,11,0,ef3ceaf4-b733-4e06-a7f4-a94fc67361c1,0.0,0.0,miles sanders,RB,FA,RB_miles_sanders_FA,0.426,0.426,,,,,,,,,,,,,,,599.8,564.5,576.2,588.0,588.0,Healthy,0,,Neutral,Black,0.0,0.0,0.0,—,,0.0,0.0,0.0,0.0,0.0,0.0,0.0,,,,,,,,,,,,,—,—,Consensus Alignment,—,—,99.0,,,1.0,0.0,0.0,0.0,0.0,0.0,0.0,0.0,0.0,0.0,0.0,0.0,—,—,,5.0,,consensus,,,0.0,0.0,,,,,,,0.0,Neutral,,0.0,0.15,,,,,,,,,80.0,80.0,,,,,,,,,0.5,,,,,,,,,16,35.0,65.0,,0.0,—,16,56.5,71.5,,,,,,,-0.4696,,,,,,,,0,,,,,,,,,,,,,,,,,,,,,,,,,,,,,,,,,,,,—,0,0,99,,—,135,RB135,181.3,-96.63,483,0.002,0.0,11.8,-23.5,-11.8,0.0,-88.0,599.8,564.5,35.3,35.3,599.8,564.5,ESPN,YAHOO,Severe Reach (Overpriced),50.0,0.75,-0.006,49.7,-96.63,-96.63,366,74,RB74,T8,1.0,134.0,False,False,0.0,0.0,50.0,0.0,0.0,-0.6,0.0,0.0,0.0,0.0,0.0,0.0,0.0,0.0,Tier 12,588.0,85.0,159.0,74.0,⚡ High Variance (Boom/Bust Ceiling),146.0,Tier 10,85.0,159.0,74.0
Kene Nwangwu,RB,NYJ,518.0,500.0,RB160,109.0,198.0,29.56,11,13,482c1032-765a-48d3-b46e-b47a809dbee4,0.2,0.0,kene nwangwu,RB,NYJ,RB_kene_nwangwu_NYJ,0.426,0.0,0.0,0.0,0.0,0.0,0.0,0.0,0.0,0.0,0.0,0.0,493.0,RB135,1.42,29.0,528.4,497.3,507.6,518.0,518.0,Healthy,0,,Neutral,Black,0.0,0.0,0.0,—,,0.0,0.0,0.0,0.0,0.0,0.0,0.0,,,,,,,,,,,,,—,—,Consensus Alignment,—,—,99.0,,,1.0,0.0,0.0,0.0,0.0,0.0,0.0,0.0,0.0,0.0,0.0,0.0,—,—,,5.0,,consensus,,,0.0,0.0,,,,,,,0.0,Neutral,NYJ,0.015,0.21,1650.0,0.065,26.8,0.03,0.09,NYJ,17.0,3.0,60.0,60.0,False,Frank Reich,71.1,30.0,24.9,6.0,29.8,26.0,0.613,High 11P,10.0,Balanced,27.0,Spread,8.0,Balanced Environment,NYJ,17,23.57,76.43,27.0,-1.3,F.Reich,16,,,,,,,,,,,,,,,,,0,,,,,,,,,,,,,,,,,,,,,,,,,,,,,,,,,,,,—,0,0,99,,—,135,RB135,181.3,-96.63,483,0.002,0.0,10.4,-20.7,-10.4,0.0,-18.0,528.4,497.3,31.1,31.1,528.4,497.3,ESPN,YAHOO,Severe Reach (Overpriced),50.0,-2.48,-0.006,49.7,-96.63,-96.63,366,74,RB74,T8,1.0,134.0,False,False,0.0,0.0,50.0,0.0,0.0,-0.6,0.0,0.0,0.0,0.0,0.0,0.0,0.0,0.0,Tier 12,518.0,109.0,198.0,89.0,⚡ High Variance (Boom/Bust Ceiling),144.0,Tier 10,109.0,198.0,89.0
Kenny McIntosh,RB,FA,617.0,584.0,RB158,105.0,159.0,22.69,11,0,9956eabc-16da-4a1c-ab80-fe0910bcaa12,0.0,0.0,kenny mcintosh,RB,FA,RB_kenny_mcintosh_FA,0.426,0.426,,,,,,,,,,,,,,,595.7,560.6,572.3,584.0,584.0,Healthy,0,,Neutral,Black,0.0,0.0,0.0,—,,0.0,0.0,0.0,0.0,0.0,0.0,0.0,,,,,,,,,,,,,—,—,Consensus Alignment,—,—,99.0,,,1.0,0.0,0.0,0.0,0.0,0.0,0.0,0.0,0.0,0.0,0.0,0.0,—,—,,5.0,,consensus,,,0.0,0.0,,,,,,,0.0,Neutral,,0.0,0.15,,,,,,,,,80.0,80.0,,,,,,,,,0.5,,,,,,,,,16,35.0,65.0,,0.0,—,16,,81.7,,,,,,,,,,,,,,,0,,,,,,,,,,,,,,,,,,,,,,,,,,,,,,,,,,,,—,0,0,99,,—,135,RB135,181.3,-96.63,483,0.002,0.0,-21.3,-56.4,-44.7,-33.0,-33.0,595.7,560.6,35.1,35.1,595.7,560.6,ESPN,YAHOO,Severe Reach (Overpriced),50.0,0.75,-0.006,49.7,-96.63,-96.63,366,74,RB74,T8,1.0,218.0,False,False,4.0,0.0,50.0,0.0,0.0,-0.6,0.0,0.0,0.0,0.0,0.0,0.0,0.0,0.0,Tier 12,617.0,105.0,159.0,54.0,⚡ High Variance (Boom/Bust Ceiling),143.0,Tier 10,105.0,159.0,54.0
Jaydn Ott,RB,KC,548.0,500.0,RB128,111.0,159.0,14.72,10,5,261750e0-4199-11f1-bbb5-8b6de4cce956,0.0,0.0,jaydn ott,RB,KC,RB_jaydn_ott_KC,0.426,0.426,,,,,,,,,,,,,,,602.8,526.1,482.2,548.0,548.0,Healthy,0,,Neutral,Black,0.0,0.0,0.0,—,,0.0,0.0,0.0,0.0,0.0,0.0,0.0,,,,,,,,,,,,,—,—,Consensus Alignment,—,—,99.0,,,1.0,0.0,0.0,0.0,0.0,0.0,0.0,0.0,0.0,0.0,0.0,0.0,—,—,,5.0,,consensus,,,0.0,0.0,,,,,,,0.0,Neutral,KC,0.068,0.145,1250.0,0.142,26.5,0.02,0.22,KC,22.0,3.0,60.0,60.0,False,Andy Reid,89.6,19.0,22.0,19.0,33.2,16.0,0.546,—,9.0,Zone,22.0,Condensed,6.0,Chew the Clock (High Scoring Offense + Elite Defense -> Run-Heavy Second Halves),KC,21,38.45,61.55,11.0,6.4,A.Reid,16,,65.6,,,,,,,,,,,,,,,0,,,,,,,,,,,,,,,,,,,,,,,,,,,,,,,,,,,,—,0,0,99,,—,135,RB135,181.3,-96.63,483,0.002,0.0,54.8,-21.9,-65.8,0.0,-48.0,602.8,482.2,120.6,120.6,602.8,482.2,ESPN,SLEEPER,Severe Reach (Overpriced),50.0,-3.27,-0.006,49.7,-96.63,-96.63,366,74,RB74,T8,1.0,134.0,False,False,0.0,0.0,50.0,0.0,0.0,-0.6,0.0,0.0,0.0,0.0,0.0,0.0,0.0,0.0,Tier 12,548.0,111.0,159.0,48.0,⚡ High Variance (Boom/Bust Ceiling),128.0,Tier 10,111.0,159.0,48.0
Lew Nichols III,RB,PIT,527.0,500.0,RB131,96.0,142.0,18.76,10,9,72e4032d-8d7b-484f-95a2-a73fbb2c67f4,0.0,0.0,lew nichols,RB,PIT,RB_lew_nichols_PIT,0.426,0.426,,,,,,,,,,,,,,,537.5,505.9,516.5,527.0,527.0,Healthy,0,,Neutral,Black,0.0,0.0,0.0,—,,0.0,0.0,0.0,0.0,0.0,0.0,0.0,,,,,,,,,,,,,—,—,Consensus Alignment,—,—,99.0,,,1.0,0.0,0.0,0.0,0.0,0.0,0.0,0.0,0.0,0.0,0.0,0.0,—,—,,5.0,,consensus,,,0.0,0.0,,,,,,,0.0,Neutral,PIT,-0.05,0.28,2150.0,0.03,29.6,0.04,0.02,PIT,12.0,3.5,70.0,70.0,False,Mike McCarthy,90.1,17.0,18.0,27.0,46.2,1.0,0.691,—,1.0,Zone,25.0,Spread,9.0,Slugfests (Low Scoring Offense + Elite Defense -> Low Over/Unders / Grinding Games),PIT,19,41.2,58.8,6.0,4.6,M.McCarthy,16,,55.7,,,,,,,,,,,,,,,0,,,,,,,,,,,,,,,,,,,,,,,,,,,,,,,,,,,,—,0,0,99,,—,135,RB135,181.3,-96.63,483,0.002,0.0,10.5,-21.1,-10.5,0.0,-27.0,537.5,505.9,31.6,31.6,537.5,505.9,ESPN,YAHOO,Severe Reach (Overpriced),50.0,0.0,-0.006,49.7,-96.63,-96.63,366,74,RB74,T8,1.0,134.0,False,False,0.0,0.0,50.0,0.0,0.0,-0.6,0.0,0.0,0.0,0.0,0.0,0.0,0.0,0.0,Tier 12,527.0,96.0,142.0,46.0,⚡ High Variance (Boom/Bust Ceiling),131.0,Tier 10,96.0,142.0,46.0
Cash Jones,RB,ATL,543.0,500.0,RB152,99.0,149.0,22.93,11,11,bf110080-418e-11f1-8233-2d15b9a7b86c,0.0,0.0,cash jones,RB,ATL,RB_cash_jones_ATL,0.426,0.426,,,,,,,,,,,,,,,597.3,521.3,477.8,543.0,543.0,Healthy,0,,Neutral,Black,0.0,0.0,0.0,—,,0.0,0.0,0.0,0.0,0.0,0.0,0.0,,,,,,,,,,,,,—,—,Consensus Alignment,—,—,99.0,,,1.0,0.0,0.0,0.0,0.0,0.0,0.0,0.0,0.0,0.0,0.0,0.0,—,—,,5.0,,consensus,,,0.0,0.0,,,,,,,0.0,Neutral,ATL,0.032,0.15,1100.0,0.092,26.0,0.05,0.12,ATL,21.0,4.0,80.0,80.0,False,Kevin Stefanski/Rees,86.4,21.0,22.4,16.0,25.7,28.0,0.592,High 12P,10.0,Gap,18.0,Even,3.0,Passing / Garbage Time (Low Scoring Offense + Bad Defense -> Trailing Game Scripts / Air Volume),ATL,11,54.01,45.99,2.0,-4.2,K.Stefanski,16,,,,,,,,,,,,,,,,,0,,,,,,,,,,,,,,,,,,,,,,,,,,,,,,,,,,,,—,0,0,99,,—,135,RB135,181.3,-96.63,483,0.002,0.0,54.3,-21.7,-65.2,0.0,-43.0,597.3,477.8,119.5,119.5,597.3,477.8,ESPN,SLEEPER,Severe Reach (Overpriced),50.0,2.77,-0.006,49.7,-96.63,-96.63,366,74,RB74,T8,1.0,134.0,False,False,0.0,0.0,50.0,0.0,0.0,-0.6,0.0,0.0,0.0,0.0,0.0,0.0,0.0,0.0,Tier 12,543.0,99.0,149.0,50.0,⚡ High Variance (Boom/Bust Ceiling),142.0,Tier 10,99.0,149.0,50.0
Ty Chandler,RB,NO,537.0,500.0,RB147,122.0,176.0,20.6,11,8,a0833a94-60ce-4a3a-a32a-d067fe7b253d,0.0,0.0,ty chandler,RB,NO,RB_ty_chandler_NO,0.426,0.426,,,,,,,,,,,,,,,547.7,515.5,526.3,537.0,537.0,Healthy,0,,Neutral,Black,0.0,0.0,0.0,—,,0.0,0.0,0.0,0.0,0.0,0.0,0.0,,,,,,,,,,,,,—,—,Consensus Alignment,—,—,99.0,,,1.0,0.0,0.0,0.0,0.0,0.0,0.0,0.0,0.0,0.0,0.0,0.0,—,—,,5.0,,consensus,,,0.0,0.0,,,,,,,0.0,Neutral,NO,0.005,0.15,1150.0,0.035,28.2,-0.03,0.08,NO,30.0,3.0,60.0,60.0,True,Kellen Moore,85.7,23.0,22.1,18.0,35.8,10.0,0.663,High 11P,1.0,Zone,5.0,Even,27.0,Passing / Garbage Time (Low Scoring Offense + Bad Defense -> Trailing Game Scripts / Air Volume),NO,22,25.49,74.51,25.0,-2.3,K.Moore,16,61.9,67.4,,,,,,,-1.4147,,,,,,,,0,,,,,,,,,,,,,,,,,,,,,,,,,,,,,,,,,,,,—,0,0,99,,—,135,RB135,181.3,-96.63,483,0.002,0.0,10.7,-21.5,-10.7,0.0,-37.0,547.7,515.5,32.2,32.2,547.7,515.5,ESPN,YAHOO,Severe Reach (Overpriced),50.0,-2.33,-0.006,49.7,-96.63,-96.63,366,74,RB74,T8,1.0,134.0,False,False,0.0,0.0,50.0,0.0,0.0,-0.6,0.0,0.0,0.0,0.0,0.0,0.0,0.0,0.0,Tier 12,537.0,122.0,176.0,54.0,⚡ High Variance (Boom/Bust Ceiling),140.0,Tier 10,122.0,176.0,54.0
Miles Davis,RB,CAR,553.0,500.0,RB137,106.0,140.0,12.81,10,5,c96287f0-52fc-11f1-a622-273ccf657a59,0.0,0.0,miles davis,RB,CAR,RB_miles_davis_CAR,0.426,0.426,,,,,,,,,,,,,,,564.1,530.9,541.9,553.0,553.0,Healthy,0,,Neutral,Black,0.0,0.0,0.0,—,,0.0,0.0,0.0,0.0,0.0,0.0,0.0,,,,,,,,,,,,,—,—,Consensus Alignment,—,—,99.0,,,1.0,0.0,0.0,0.0,0.0,0.0,0.0,0.0,0.0,0.0,0.0,0.0,—,—,,5.0,,consensus,,,0.0,0.0,,,,,,,0.0,Neutral,CAR,-0.015,0.25,1900.0,-0.03,28.6,-0.01,-0.04,CAR,16.0,3.0,60.0,60.0,False,Dave Canales/Idzik,78.7,27.0,19.8,24.0,33.6,15.0,0.794,High 11P,22.0,Balanced,19.0,Spread,23.0,Passing / Garbage Time (Low Scoring Offense + Bad Defense -> Trailing Game Scripts / Air Volume),CAR,8,29.48,70.52,22.0,-2.0,D.Canales,16,,66.2,,,,,,,,,,,,,,,0,,,,,,,,,,,,,,,,,,,,,,,,,,,,,,,,,,,,—,0,0,99,,—,135,RB135,181.3,-96.63,483,0.002,0.0,11.1,-22.1,-11.1,0.0,-53.0,564.1,530.9,33.2,33.2,564.1,530.9,ESPN,YAHOO,Severe Reach (Overpriced),50.0,-2.02,-0.006,49.7,-96.63,-96.63,366,74,RB74,T8,1.0,134.0,False,False,0.0,0.0,50.0,0.0,0.0,-0.6,0.0,0.0,0.0,0.0,0.0,0.0,0.0,0.0,Tier 12,553.0,106.0,140.0,34.0,⚡ High Variance (Boom/Bust Ceiling),136.0,Tier 10,106.0,140.0,34.0
Malik Benson,WR,LV,367.0,428.0,WR128,82.0,154.0,18.81,9,13,27e1ef17-ce10-4e14-99e6-328672f57dcd,0.2,0.0,malik benson,WR,LV,WR_malik_benson_LV,55.629999999999995,83.56,46.507999999999996,33.22,397.72,1.9,1.0,4.0,0.0,0.0,0.0,0.0,317.0,WR129,29.1,29.0,470.8,432.3,376.6,428.0,428.0,Healthy,0,,Neutral,Black,0.0,0.0,0.0,—,,3.3,0.0,0.0,0.0,0.0,0.0,0.0,,,,,,,,,,,,,—,—,Consensus Alignment,—,—,99.0,,,1.0,0.0,0.0,0.0,0.0,0.0,0.0,0.0,0.0,0.0,0.0,0.0,—,—,,5.0,,consensus,,,0.0,0.0,,,,,,,0.0,Neutral,LV,-0.005,0.29,2250.0,0.015,28.5,-0.04,0.05,LV,28.0,2.5,50.0,50.0,False,Klint Kubiak,70.9,31.0,22.8,14.0,34.5,14.0,0.696,—,27.0,Zone,13.0,Even,19.0,Passing / Garbage Time (Low Scoring Offense + Bad Defense -> Trailing Game Scripts / Air Volume),LV,24,40.2,59.8,8.0,-4.3,K.Kubiak,16,,65.7,,,,,,,,,,,,,Malik Benson,LVR,1,6.0,195.0,4.2,1.7,12.2,,,,,,4.8,26.9,,8.0,,,,,,,,,,,,,,,,,,,,,,—,0,0,99,,—,107,WR107,158.5,-96.67,321,0.351,0.0,103.8,65.3,9.6,61.0,61.0,470.8,376.6,94.2,94.2,470.8,376.6,ESPN,SLEEPER,Screaming Steal (Huge Value),42.36,-3.15,-0.006,42.11,-96.67,-96.67,374,121,WR121,T8,1.0,54.0,False,False,0.0,0.0,42.36,0.0,0.0,-0.6,0.0,0.0,0.0,0.0,0.0,0.0,0.0,0.0,Tier 12,367.0,82.0,154.0,72.0,⚡ High Variance (Boom/Bust Ceiling),128.0,Tier 9,82.0,154.0,72.0
Kyle Williams,WR,NE,301.0,274.5,WR103,74.0,156.0,13.72,8,11,3aa9330e-5201-4e99-ba55-0102f76bfe05,0.3,1.0,kyle williams,WR,NE,WR_kyle_williams_NE,42.354,50.64,22.455999999999996,16.04,232.25,1.4,4.14,22.36,0.19,0.0,0.0,0.0,292.0,WR119,41.78,29.0,280.0,277.2,269.0,274.5,274.5,Healthy,0,,Neutral,Black,0.0,0.0,0.0,—,,2.5,0.0,0.0,0.0,0.0,0.0,0.0,,,,,,,,,,,,,—,—,Consensus Alignment,—,—,99.0,,,1.0,0.0,0.0,0.0,0.0,0.0,0.0,0.0,0.0,0.0,0.0,0.0,—,—,,5.0,,consensus,,,0.0,0.0,,,,,,,0.0,Neutral,NE,-0.03,0.3,2300.0,-0.055,29.4,-0.02,-0.07,NE,13.0,3.0,60.0,60.0,False,Josh McDaniels,104.9,4.0,24.9,6.0,34.6,13.0,0.605,—,24.0,Gap,21.0,Spread,4.0,Slugfests (Low Scoring Offense + Elite Defense -> Low Over/Unders / Grinding Games),NE,13,34.68,65.32,17.0,1.4,J.McDaniels,16,,58.1,,,,,,,,,,,,,,,0,,,,,,,,,,,,,,,,,,,,,,,,,,,,,,,,,,,,—,0,0,99,,—,118,WR118,158.5,-96.96,345,0.267,0.0,-21.0,-23.8,-32.0,-26.5,-26.5,280.0,269.0,11.0,11.0,280.0,269.0,ESPN,SLEEPER,Severe Reach (Overpriced),42.07,-2.7,-0.006,41.82,-96.96,-96.96,375,122,WR122,T8,1.0,-100.5,False,False,0.0,0.0,42.07,0.0,0.0,-0.6,0.0,0.0,0.0,0.0,0.0,0.0,0.0,0.0,Tier 12,301.0,74.0,156.0,82.0,⚡ High Variance (Boom/Bust Ceiling),103.0,Tier 9,74.0,156.0,82.0
Jamal Haynes,RB,CIN,684.0,500.0,RB146,111.0,171.0,20.85,11,6,771ff380-4afd-11f1-9d8a-8597778b0ecc,0.0,0.0,jamal haynes,RB,CIN,RB_jamal_haynes_CIN,0.426,0.426,,,,,,,,,,,,,,,752.4,656.6,601.9,684.0,684.0,Healthy,0,,Neutral,Black,0.0,0.0,0.0,—,,0.0,0.0,0.0,0.0,0.0,0.0,0.0,,,,,,,,,,,,,—,—,Consensus Alignment,—,—,99.0,,,1.0,0.0,0.0,0.0,0.0,0.0,0.0,0.0,0.0,0.0,0.0,0.0,—,—,,5.0,,consensus,,,0.0,0.0,,,,,,,0.0,Neutral,CIN,0.05,0.18,1420.0,0.125,25.2,0.01,0.21,CIN,19.0,3.0,60.0,60.0,False,Zac Taylor,98.6,7.0,22.5,15.0,42.5,3.0,0.751,—,11.0,Gap,20.0,Very Spread,15.0,Shootouts (High Scoring Offense + Vulnerable Defense -> Max Fantasy Ceiling),CIN,28,31.69,68.31,19.0,3.6,Z.Taylor,16,,52.7,,,,,,,,,,,,,,,0,,,,,,,,,,,,,,,,,,,,,,,,,,,,,,,,,,,,—,0,0,99,,—,135,RB135,181.3,-97.03,483,0.002,0.0,68.4,-27.4,-82.1,0.0,-184.0,752.4,601.9,150.5,150.5,752.4,601.9,ESPN,SLEEPER,Severe Reach (Overpriced),50.0,-6.0,-0.014,49.3,-97.03,-97.03,376,82,RB82,T8,1.0,124.0,False,False,0.0,0.0,50.0,0.0,0.0,-1.4,0.0,0.0,0.0,0.0,0.0,0.0,0.0,0.0,Tier 12,684.0,111.0,171.0,60.0,⚡ High Variance (Boom/Bust Ceiling),139.0,Tier 10,111.0,171.0,60.0
Noah Whittington,RB,HOU,535.0,500.0,RB124,106.0,163.0,16.85,10,8,e656bff0-4322-11f1-a39d-09ec94a91f1f,0.0,0.0,noah whittington,RB,HOU,RB_noah_whittington_HOU,0.426,0.426,,,,,,,,,,,,,,,588.5,513.6,470.8,535.0,535.0,Healthy,0,,Neutral,Black,0.0,0.0,0.0,—,,0.0,0.0,0.0,0.0,0.0,0.0,0.0,,,,,,,,,,,,,—,—,Consensus Alignment,—,—,99.0,,,1.0,0.0,0.0,0.0,0.0,0.0,0.0,0.0,0.0,0.0,0.0,0.0,—,—,,5.0,,consensus,,,0.0,0.0,,,,,,,0.0,Neutral,HOU,0.042,0.24,1950.0,0.108,25.8,-0.01,0.18,HOU,29.0,3.0,60.0,60.0,False,Nick Caley,94.1,14.0,17.9,28.0,35.3,12.0,0.523,High 11P,16.0,Gap,14.0,Even,26.0,Slugfests (Low Scoring Offense + Elite Defense -> Low Over/Unders / Grinding Games),HOU,29,13.79,86.21,32.0,-0.5,N.Caley,16,,61.2,,,,,,,,,,,,,,,0,,,,,,,,,,,,,,,,,,,,,,,,,,,,,,,,,,,,—,0,0,99,,—,135,RB135,181.3,-97.03,483,0.002,0.0,53.5,-21.4,-64.2,0.0,-35.0,588.5,470.8,117.7,117.7,588.5,470.8,ESPN,SLEEPER,Severe Reach (Overpriced),50.0,-5.88,-0.014,49.3,-97.03,-97.03,376,82,RB82,T8,1.0,124.0,False,False,0.0,0.0,50.0,0.0,0.0,-1.4,0.0,0.0,0.0,0.0,0.0,0.0,0.0,0.0,Tier 12,535.0,106.0,163.0,57.0,⚡ High Variance (Boom/Bust Ceiling),124.0,Tier 10,106.0,163.0,57.0
Kalel Mullings,RB,TEN,607.0,500.0,RB169,117.0,180.0,24.77,11,9,9983d47b-c955-4546-882f-4bd2a2a5ad42,0.0,0.0,kalel mullings,RB,TEN,RB_kalel_mullings_TEN,0.426,0.426,,,,,,,,,,,,,,,619.1,582.7,594.9,607.0,607.0,Healthy,0,,Neutral,Black,0.0,0.0,0.0,—,,0.0,0.0,0.0,0.0,0.0,0.0,0.0,,,,,,,,,,,,,—,—,Consensus Alignment,—,—,99.0,,,1.0,0.0,0.0,0.0,0.0,0.0,0.0,0.0,0.0,0.0,0.0,0.0,—,—,,5.0,,consensus,,,0.0,0.0,,,,,,,0.0,Neutral,TEN,-0.02,0.33,2550.0,0.01,29.0,0.03,-0.01,TEN,25.0,2.0,40.0,40.0,False,Brian Daboll,74.1,29.0,19.9,23.0,32.6,21.0,0.588,High 12P,12.0,Balanced,28.0,Very Spread,13.0,Slugfests (Low Scoring Offense + Elite Defense -> Low Over/Unders / Grinding Games),TEN,31,20.11,79.89,29.0,-1.4,B.Daboll,16,,65.8,,,,,,,,,,,,,,,0,,,,,,,,,,,,,,,,,,,,,,,,,,,,,,,,,,,,—,0,0,99,,—,135,RB135,181.3,-97.03,483,0.002,0.0,12.1,-24.3,-12.1,0.0,-107.0,619.1,582.7,36.4,36.4,619.1,582.7,ESPN,YAHOO,Severe Reach (Overpriced),50.0,-7.95,-0.014,49.3,-97.03,-97.03,376,82,RB82,T8,1.0,124.0,False,False,0.0,0.0,50.0,0.0,0.0,-1.4,0.0,0.0,0.0,0.0,0.0,0.0,0.0,0.0,Tier 12,607.0,117.0,180.0,63.0,⚡ High Variance (Boom/Bust Ceiling),145.0,Tier 10,117.0,180.0,63.0
Demond Claiborne,RB,MIN,250.0,237.5,RB75,51.0,102.0,8.86,8,6,b17d816a-b687-488f-ac03-7dcba5aae0b6,1.1,2.0,demond claiborne,RB,MIN,RB_demond_claiborne_MIN,59.7,20.05,4.55,3.25,25.22,0.09,21.59,96.15,0.71,0.0,0.0,0.0,312.0,RB90,28.45,29.0,261.2,228.0,209.0,237.5,237.5,Healthy,0,,Neutral,Black,0.0,0.0,0.0,—,,3.51,0.0,0.0,0.0,0.0,0.0,0.0,,,,,,,,,,,,,—,—,Consensus Alignment,—,—,99.0,,,1.0,0.0,0.0,0.0,0.0,0.0,0.0,0.0,0.0,0.0,0.0,0.0,—,—,,5.0,,consensus,,,0.0,0.0,,,,,,,0.0,Neutral,MIN,0.035,0.19,1580.0,0.085,27.1,-0.02,0.15,MIN,9.0,4.0,80.0,80.0,True,Kevin O'Connell,76.2,28.0,18.9,26.0,37.4,5.0,0.691,—,25.0,Balanced,23.0,Condensed,5.0,Shootouts (High Scoring Offense + Vulnerable Defense -> Max Fantasy Ceiling),MIN,12,31.97,68.03,18.0,1.4,K.O'Connell,16,,52.8,,,,,,,,,,,,,Demond Claiborne,MIN,1,6.0,198.0,9.5,4.3,15.7,103.1,4.37,,122.0,188.0,40.1,110.2,51.0,86.0,,,,,,,,,,,,,RB62,62.0,242.0,59.7,3.51,13.0,WW,,,—,0,0,99,,—,63,RB63,181.3,-97.35,358,0.329,0.0,11.2,-22.0,-41.0,-12.5,-12.5,261.2,209.0,52.2,52.2,261.2,209.0,ESPN,SLEEPER,Severe Reach (Overpriced),49.28,0.22,-0.006,48.98,-97.35,-97.35,379,85,RB85,T8,1.0,-141.5,False,False,0.0,0.0,49.28,0.0,0.0,-0.6,0.0,0.0,0.0,0.0,0.0,0.0,0.0,0.0,Tier 12,250.0,51.0,102.0,51.0,⚡ High Variance (Boom/Bust Ceiling),75.0,Tier 10,51.0,102.0,51.0
Chris Brazzell II,WR,CAR,358.0,624.0,WR125,89.0,151.0,14.83,9,5,0dcab415-e4a8-4f37-8164-45b9f23c668a,0.2,1.0,chris brazzell,WR,CAR,WR_chris_brazzell_CAR,40.638,40.638,,,,,,,,,,,,,,,686.4,630.2,549.1,624.0,624.0,Healthy,0,,Neutral,Black,0.0,0.0,0.0,—,,2.4,0.0,0.0,0.0,0.0,0.0,0.0,,,,,,,,,,,,,—,—,Consensus Alignment,—,—,99.0,,,1.0,0.0,0.0,0.0,0.0,0.0,0.0,0.0,0.0,0.0,0.0,0.0,—,—,,5.0,,consensus,,,0.0,0.0,,,,,,,0.0,Neutral,CAR,-0.015,0.25,1900.0,-0.03,28.6,-0.01,-0.04,CAR,16.0,3.0,60.0,60.0,False,Dave Canales/Idzik,78.7,27.0,19.8,24.0,33.6,15.0,0.794,High 11P,22.0,Balanced,19.0,Spread,23.0,Passing / Garbage Time (Low Scoring Offense + Bad Defense -> Trailing Game Scripts / Air Volume),CAR,8,29.48,70.52,22.0,-2.0,D.Canales,16,,70.6,,,,,,,,,,,,,Chris Brazzell II,CAR,1,3.0,83.0,8.3,20.0,11.5,,,,,,2.4,22.8,,2.0,,,,,,,,,,,,,,,,,,,,,,—,0,0,99,,—,120,WR120,158.5,-98.38,351,0.256,0.0,328.4,272.2,191.1,266.0,266.0,686.4,549.1,137.3,137.3,686.4,549.1,ESPN,SLEEPER,Screaming Steal (Huge Value),40.64,-0.25,-0.006,40.4,-98.38,-98.38,380,123,WR123,T8,1.0,244.0,False,False,0.0,0.0,40.64,0.0,0.0,-0.6,0.0,0.0,0.0,0.0,0.0,0.0,0.0,0.0,Tier 12,358.0,89.0,151.0,62.0,⚡ High Variance (Boom/Bust Ceiling),125.0,Tier 9,89.0,151.0,62.0
Hollywood Brown,WR,PHI,297.0,302.0,WR102,85.0,138.0,8.55,8,10,feeee40a-dd63-41a7-89cd-6c95b5456833,0.7,1.0,marquise brown,WR,PHI,WR_marquise_brown_PHI,54.79,81.13,39.507999999999996,28.22,349.88,3.01,0.0,0.0,0.0,0.0,0.0,0.0,342.0,WR139,26.3,29.0,308.0,305.0,296.0,302.0,302.0,Healthy,0,,Neutral,Black,0.0,0.0,0.0,—,,3.2,0.0,0.0,0.0,0.0,0.0,0.0,,,,,,,,,,,,,—,—,Consensus Alignment,—,—,99.0,,,1.0,0.0,0.0,0.0,0.0,0.0,0.0,0.0,0.0,0.0,0.0,0.0,—,—,,5.0,,consensus,,,0.0,0.0,,,,,,,0.0,Neutral,PHI,0.025,0.08,640.0,0.138,27.2,0.12,0.15,PHI,14.0,4.0,80.0,80.0,True,Sean Mannion,85.2,24.0,23.0,13.0,36.3,9.0,0.667,—,16.0,Balanced,5.0,Condensed,15.0,Chew the Clock (High Scoring Offense + Elite Defense -> Run-Heavy Second Halves),PHI,2,35.05,64.95,16.0,0.0,Unknown,16,68.8,93.8,0.2478,-0.5525,-1.3484,0.105,0.0769,0.2708,,,,,,,,,0,,,,,,,,,,,,,,,,,,,,,,,,,,,,,,,,,,,,—,0,0,99,,—,110,WR110,158.5,-98.47,325,0.346,0.0,11.0,8.0,-1.0,5.0,5.0,308.0,296.0,12.0,12.0,308.0,296.0,ESPN,SLEEPER,Value Target (Discounted),40.55,3.35,-0.006,40.31,-98.47,-98.47,381,124,WR124,T8,1.0,-79.0,False,False,0.0,0.0,40.55,0.0,0.0,-0.6,0.0,0.0,0.0,0.0,0.0,0.0,0.0,0.0,Tier 12,297.0,85.0,138.0,53.0,⚡ High Variance (Boom/Bust Ceiling),102.0,Tier 9,85.0,138.0,53.0
Fernando Mendoza,QB,LV,232.0,213.5,QB30,25.0,40.0,2.52,5,13,b1ded115-092a-4199-9a55-cab9f4b5bb18,11.0,14.0,fernando mendoza,QB,LV,QB_fernando_mendoza_LV,155.1,191.77,0.0,0.0,0.0,0.0,50.36,233.37,1.31,2881.96,15.73,12.17,267.0,QB30,110.39,29.0,192.2,119.9,187.9,213.5,213.5,Healthy,0,,Neutral,Black,0.0,0.0,0.0,—,,9.12,0.0,0.0,0.0,0.0,0.0,0.0,,,,,,,,,,,,,—,—,Consensus Alignment,—,—,99.0,,,1.0,0.0,0.0,0.0,0.0,0.0,0.0,0.0,0.0,0.0,0.0,0.0,—,—,,5.0,,consensus,,,0.0,0.0,,,,,,,0.0,Neutral,LV,-0.005,0.29,2250.0,0.015,28.5,-0.04,0.05,LV,28.0,2.5,50.0,50.0,False,Klint Kubiak,70.9,31.0,22.8,14.0,34.5,14.0,0.696,—,27.0,Zone,13.0,Even,19.0,Passing / Garbage Time (Low Scoring Offense + Bad Defense -> Trailing Game Scripts / Air Volume),LV,24,40.2,59.8,8.0,-4.3,K.Kubiak,16,,81.1,,,,,,,,,,,,,Fernando Mendoza,LVR,1,1.0,1.0,48.0,46.5,30.8,,,,,236.0,8.4,32.5,,27.0,150.1,24.0,24.0,0.0,0.666,10.0,11.22,75.0,95.5,57.1,119.9,18.0,QB31,31.0,181.1,155.1,9.12,10.0,WW,,,—,0,0,99,,—,31,QB31,272.9,-98.92,350,0.568,0.0,-39.8,-112.1,-44.1,-18.5,-18.5,213.5,119.9,93.6,93.6,213.5,119.9,CBS,YAHOO,Severe Reach (Overpriced),142.67,-3.15,-0.003,142.24,-98.92,-98.92,382,31,QB31,T8,1.0,-168.5,False,False,4.0,0.0,142.67,0.0,0.0,-0.3,0.0,0.0,0.0,0.0,0.0,0.0,0.0,0.0,Tier 12,232.0,25.0,40.0,15.0,⚡ High Variance (Boom/Bust Ceiling),30.0,Tier 7,25.0,40.0,15.0
James Conner,RB,ARI,215.0,186.5,RB65,50.0,98.0,8.37,7,14,28a084c0-14df-499f-bd1f-b975603626b7,3.8,5.0,james conner,RB,ARI,RB_james_conner_ARI,39.2,62.15,25.2,18.0,138.0,1.0,42.5,153.5,1.5,0.0,0.0,0.0,275.0,RB77,40.24,29.0,190.2,125.8,182.8,186.5,186.5,Healthy,0,,Neutral,Black,0.0,0.0,0.0,—,,2.31,0.0,0.0,0.0,0.0,0.0,0.0,,,,,,,,,,,,,—,—,Consensus Alignment,—,—,99.0,,,1.0,0.0,0.0,0.0,0.0,0.0,0.0,0.0,0.0,0.0,0.0,0.0,—,—,,5.0,,consensus,,,0.0,0.0,,,,,,,0.0,Neutral,ARI,0.005,0.22,1750.0,0.072,25.5,0.05,0.08,ARI,23.0,3.0,60.0,60.0,False,Mike LaFleur,95.6,12.0,20.8,21.0,32.7,19.0,0.596,—,5.0,Gap,9.0,Condensed,10.0,Passing / Garbage Time (Low Scoring Offense + Bad Defense -> Trailing Game Scripts / Air Volume),ARI,20,39.57,60.43,10.0,-1.1,M.LaFleur,16,86.9,78.9,,,,,,,1.5368,,,,,,,,0,,,,,,,,,,,,,,,69.7,50.0,41.0,-9.0,0.81,12.9,7.66,79.9,54.1,58.5,125.8,44.0,RB77,77.0,215.2,39.2,2.31,14.0,WW,181.0,5.7,—,0,0,99,,—,80,RB80,181.3,-99.15,406,0.216,0.0,-24.8,-89.2,-32.2,-28.5,-28.5,190.2,125.8,64.4,64.4,190.2,125.8,ESPN,YAHOO,Severe Reach (Overpriced),47.09,-2.33,0.002,47.18,-99.15,-99.15,383,86,RB86,T8,1.0,-196.5,False,False,3.0,-3.6,47.09,0.0,0.0,0.2,0.0,0.0,0.0,0.0,0.0,0.0,0.0,0.0,Tier 12,215.0,50.0,98.0,48.0,⚡ High Variance (Boom/Bust Ceiling),65.0,Tier 10,50.0,98.0,48.0
Brenen Thompson,WR,LAC,342.0,515.0,WR122,91.0,149.0,13.78,9,7,c6e9feed-f5de-4717-84af-0c17af9e2a73,0.2,0.0,brenen thompson,WR,LAC,WR_brenen_thompson_LAC,30.293,27.45,13.341999999999999,9.53,121.66,0.71,2.08,11.33,0.1,0.0,0.0,0.0,279.0,WR114,48.01,29.0,566.5,520.1,453.2,515.0,515.0,Healthy,0,,Neutral,Black,0.0,0.0,0.0,—,,1.8,0.0,0.0,0.0,0.0,0.0,0.0,,,,,,,,,,,,,—,—,Consensus Alignment,—,—,99.0,,,1.0,0.0,0.0,0.0,0.0,0.0,0.0,0.0,0.0,0.0,0.0,0.0,—,—,,5.0,,consensus,,,0.0,0.0,,,,,,,0.0,Neutral,LAC,-0.035,0.38,2900.0,0.06,29.2,0.05,0.07,LAC,32.0,3.0,60.0,60.0,False,Mike McDaniel,91.9,15.0,26.7,3.0,35.4,11.0,0.663,High 21P,31.0,Zone,1.0,Very Condensed,28.0,Chew the Clock (High Scoring Offense + Elite Defense -> Run-Heavy Second Halves),LAC,9,18.72,81.28,30.0,-1.4,M.McDaniel,16,,69.6,,,,,,,,,,,,,Brenen Thompson,LAC,1,4.0,105.0,5.8,9.0,14.3,99.6,4.26,,,164.0,6.2,25.6,48.0,17.0,,,,,,,,,,,,,,,,,,,,,,—,0,0,99,,—,133,WR133,158.5,-99.86,374,0.191,0.0,224.5,178.1,111.2,173.0,173.0,566.5,453.2,113.3,113.3,566.5,453.2,ESPN,SLEEPER,Screaming Steal (Huge Value),39.15,-2.85,-0.006,38.92,-99.86,-99.86,384,125,WR125,T8,1.0,131.0,False,False,0.0,0.0,39.15,0.0,0.0,-0.6,0.0,0.0,0.0,0.0,0.0,0.0,0.0,0.0,Tier 12,342.0,91.0,149.0,58.0,⚡ High Variance (Boom/Bust Ceiling),122.0,Tier 9,91.0,149.0,58.0
Jonnu Smith,TE,FA,456.0,500.0,TE80,41.0,69.0,10.36,8,0,e4f25a37-74de-4bfb-b6c9-f50a4fab0b87,0.0,0.0,jonnu smith,TE,FA,TE_jonnu_smith_FA,4.0,22.2,,,,,,,,,,,,,,,465.1,460.6,446.9,456.0,456.0,Healthy,0,,Neutral,Black,0.0,0.0,0.0,—,,0.24,0.0,0.0,0.0,0.0,0.0,0.0,,,,,,,,,,,,,—,—,Consensus Alignment,—,—,99.0,,,1.0,0.0,0.0,0.0,0.0,0.0,0.0,0.0,0.0,0.0,0.0,0.0,—,—,,5.0,,consensus,,,0.0,0.0,,,,,,,0.0,Neutral,,0.0,0.15,,,,,,,,,80.0,80.0,,,,,,,,,0.5,,,,,,,,,16,35.0,65.0,,0.0,—,16,71.6,73.1,,-0.0832,,,0.1527,,,,,,,,,,0,,,,,,,,,,,,,,,,,,,,,,,,,,,TE26,26.0,8.0,4.0,0.24,6.0,$1,,,—,0,0,99,,—,79,TE79,124.0,-99.99,355,0.032,0.0,9.1,4.6,-9.1,0.0,44.0,465.1,446.9,18.2,18.2,465.1,446.9,ESPN,SLEEPER,Screaming Steal (Huge Value),3.96,0.6,-0.006,3.94,-99.99,-99.99,385,79,TE79,T8,1.0,115.0,False,False,0.0,0.0,3.96,0.0,0.0,-0.6,0.0,0.0,0.0,0.0,0.0,0.0,0.0,0.0,Tier 12,456.0,41.0,69.0,28.0,⚡ High Variance (Boom/Bust Ceiling),74.0,Tier 8,41.0,74.0,33.0
Roman Wilson,WR,PIT,372.0,440.0,WR140,89.0,312.0,48.79,10,9,43563ab6-46b9-44d3-aaf2-bc1eb4d1f8d1,0.2,0.0,roman wilson,WR,PIT,WR_roman_wilson_PIT,30.105999999999998,28.83,16.491999999999997,11.78,135.06,0.63,0.0,0.0,0.0,0.0,0.0,0.0,281.0,WR115,46.92,29.0,448.8,444.4,431.2,440.0,440.0,Healthy,0,,Neutral,Black,0.0,0.0,0.0,—,,1.8,0.0,0.0,0.0,0.0,0.0,0.0,,,,,,,,,,,,,—,—,Consensus Alignment,—,—,99.0,,,1.0,0.0,0.0,0.0,0.0,0.0,0.0,0.0,0.0,0.0,0.0,0.0,—,—,,5.0,,consensus,,,0.0,0.0,,,,,,,0.0,Neutral,PIT,-0.05,0.28,2150.0,0.03,29.6,0.04,0.02,PIT,12.0,3.5,70.0,70.0,False,Mike McCarthy,90.1,17.0,18.0,27.0,46.2,1.0,0.691,—,1.0,Zone,25.0,Spread,9.0,Slugfests (Low Scoring Offense + Elite Defense -> Low Over/Unders / Grinding Games),PIT,19,41.2,58.8,6.0,4.6,M.McCarthy,16,,77.4,,,,,,,,,,,,,,,0,,,,,,,,,,,,,,,,,,,,,,,,,,,,,,,,,,,,—,0,0,99,,—,134,WR134,158.5,-100.5,375,0.19,0.0,76.8,72.4,59.2,68.0,68.0,448.8,431.2,17.6,17.6,448.8,431.2,ESPN,SLEEPER,Screaming Steal (Huge Value),38.51,-2.1,-0.006,38.28,-100.5,-100.5,386,126,WR126,T8,1.0,54.0,False,False,0.0,0.0,38.51,0.0,0.0,-0.6,0.0,0.0,0.0,0.0,0.0,0.0,0.0,0.0,Tier 12,372.0,89.0,312.0,223.0,⚡ High Variance (Boom/Bust Ceiling),140.0,Tier 9,89.0,312.0,223.0
Kaelon Black,RB,SF,230.0,228.0,RB70,43.0,100.0,13.32,7,8,4dea3ae1-8c53-4ef1-bd72-e2d2dfb3fa97,5.3,10.0,kaelon black,RB,SF,RB_kaelon_black_SF,39.4,88.65,14.812,10.58,94.91,0.68,113.59,452.73,3.6,0.0,0.0,0.0,241.0,RB67,55.33,29.0,250.8,218.9,200.6,228.0,228.0,Healthy,0,,Neutral,Black,0.0,0.0,0.0,—,,2.32,0.0,0.0,0.0,0.0,0.0,0.0,,,,,,,,,,,,,🎯 **Deep Stash**,🤝 **Consensus Stash**,Consensus Alignment,Tier 14,Round 16+,16.0,49ers #2 RB in draft class; national championship star; CMC/Jordan James injury stash.,https://www.fantasypoints.com/nfl/articles/2026/the-gurus-2026-fantasy-football-draft-plan,1.0,0.0,1.0,0.0,0.0,0.0,0.0,0.0,0.0,0.0,0.0,0.0,,,,5.0,,consensus,,,0.0,0.0,,,,,,,0.0,Neutral,SF,-0.012,0.11,890.0,0.175,28.8,0.14,0.2,SF,6.0,4.0,80.0,80.0,False,Kyle Shanahan,100.9,6.0,26.4,4.0,32.9,17.0,0.774,High 21P,8.0,Zone,3.0,Most Condensed,14.0,Shootouts (High Scoring Offense + Vulnerable Defense -> Max Fantasy Ceiling),SF,6,48.24,51.76,3.0,-1.9,K.Shanahan,16,,62.2,,,,,,,,,,,,,Kaelon Black,SFO,1,3.0,90.0,16.4,33.5,16.1,,,,,,4.7,23.5,,3.0,,,,,,,,,,,,,RB76,76.0,999.0,39.4,2.32,15.0,WW,176.0,5.7,—,0,0,99,,—,79,RB79,181.3,-101.89,404,0.217,0.0,20.8,-11.1,-29.4,-2.0,-2.0,250.8,200.6,50.2,50.2,250.8,200.6,ESPN,SLEEPER,Fair Market Value,44.71,3.43,-0.006,44.44,-101.89,-101.89,387,87,RB87,T8,1.0,-159.0,False,False,0.0,0.0,44.71,0.0,0.0,-0.6,0.0,0.0,0.0,0.0,0.0,0.0,0.0,0.0,Tier 12,230.0,43.0,100.0,57.0,⚡ High Variance (Boom/Bust Ceiling),70.0,Tier 10,43.0,100.0,57.0
Deion Burks,WR,IND,417.0,500.0,WR146,117.0,189.0,20.74,10,13,d4e8315f-e8e7-4d5b-8494-3306c220cc31,0.0,0.0,deion burks,WR,IND,WR_deion_burks_IND,36.84349999999999,36.84349999999999,,,,,,,,,,,443.0,WR178,8.89,29.0,458.7,421.2,367.0,417.0,417.0,Healthy,0,,Neutral,Black,0.0,0.0,0.0,—,,2.2,0.0,0.0,0.0,0.0,0.0,0.0,,,,,,,,,,,,,—,—,Consensus Alignment,—,—,99.0,,,1.0,0.0,0.0,0.0,0.0,0.0,0.0,0.0,0.0,0.0,0.0,0.0,—,—,,5.0,,consensus,,,0.0,0.0,,,,,,,0.0,Neutral,IND,0.005,0.13,980.0,0.068,27.3,0.06,0.07,IND,5.0,4.5,90.0,90.0,False,Shane Steichen,97.4,10.0,22.2,17.0,32.7,19.0,0.691,—,20.0,Gap,10.0,Even,25.0,Balanced Environment,IND,10,36.05,63.95,14.0,-3.5,S.Steichen,16,,59.3,,,,,,,,,,,,,Deion Burks,IND,1,7.0,254.0,2.0,2.2,11.2,,,,,,,,,,,,,,,,,,,,,,,,,,,,,,,—,0,0,99,,—,125,WR125,158.5,-102.16,359,0.232,0.0,41.7,4.2,-50.0,0.0,83.0,458.7,367.0,91.7,91.7,458.7,367.0,ESPN,SLEEPER,Screaming Steal (Huge Value),36.84,1.95,-0.006,36.62,-102.16,-102.16,388,127,WR127,T8,1.0,112.0,False,False,0.0,0.0,36.84,0.0,0.0,-0.6,0.0,0.0,0.0,0.0,0.0,0.0,0.0,0.0,Tier 12,417.0,117.0,189.0,72.0,⚡ High Variance (Boom/Bust Ceiling),146.0,Tier 9,117.0,189.0,72.0
Konata Mumpfield,WR,LAR,340.0,351.0,WR121,92.0,196.0,18.86,9,11,ccb6d700-ac74-4f6b-9f86-d1aa74d0c318,0.1,0.0,konata mumpfield,WR,LAR,WR_konata_mumpfield_LAR,29.956999999999997,29.18,13.817999999999998,9.87,126.72,1.14,0.0,0.0,0.0,0.0,0.0,0.0,289.0,WR118,43.39,29.0,358.0,354.5,344.0,351.0,351.0,Healthy,0,,Neutral,Black,0.0,0.0,0.0,—,,1.8,0.0,0.0,0.0,0.0,0.0,0.0,,,,,,,,,,,,,—,—,Consensus Alignment,—,—,99.0,,,1.0,0.0,0.0,0.0,0.0,0.0,0.0,0.0,0.0,0.0,0.0,0.0,—,—,,5.0,,consensus,,,0.0,0.0,,,,,,,0.0,Neutral,LAR,0.008,0.14,1120.0,0.095,27.4,0.04,0.13,LAR,1.0,4.5,90.0,90.0,False,Sean McVay,113.3,1.0,19.8,24.0,42.8,2.0,0.759,High 13P,6.0,Gap,4.0,Very Condensed,21.0,Chew the Clock (High Scoring Offense + Elite Defense -> Run-Heavy Second Halves),LAR,3,40.06,59.94,9.0,0.3,S.McVay,16,,65.8,,,,,,,,,,,,,,,0,,,,,,,,,,,,,,,,,,,,,,,,,,,,,,,,,,,,—,0,0,99,,—,135,WR135,158.5,-102.33,376,0.189,0.0,18.0,14.5,4.0,11.0,11.0,358.0,344.0,14.0,14.0,358.0,344.0,ESPN,SLEEPER,Screaming Steal (Huge Value),36.67,4.04,-0.006,36.45,-102.33,-102.33,389,128,WR128,T8,1.0,-38.0,False,False,0.0,0.0,36.67,0.0,0.0,-0.6,0.0,0.0,0.0,0.0,0.0,0.0,0.0,0.0,Tier 12,340.0,92.0,196.0,104.0,⚡ High Variance (Boom/Bust Ceiling),121.0,Tier 9,92.0,196.0,104.0
Adam Randall,RB,BAL,288.0,460.0,RB88,61.0,98.0,9.1,8,13,4fa0fbdb-05a1-4ca0-89dd-f999978b5827,0.8,1.0,adam randall,RB,BAL,RB_adam_randall_BAL,53.516,67.07,15.134,10.81,108.89,1.1,55.14,281.67,1.96,0.0,0.0,0.0,291.0,RB81,34.42,29.0,506.0,441.6,404.8,460.0,460.0,Healthy,0,,Neutral,Black,0.0,0.0,0.0,—,,3.1,0.0,0.0,0.0,0.0,0.0,0.0,,,,,,,,,,,,,—,—,Consensus Alignment,—,—,99.0,,,1.0,0.0,0.0,0.0,0.0,0.0,0.0,0.0,0.0,0.0,0.0,0.0,—,—,,5.0,,consensus,,,0.0,0.0,,,,,,,0.0,Neutral,BAL,-0.045,0.15,1150.0,0.165,28.4,0.15,0.18,BAL,11.0,3.0,60.0,60.0,True,Declan Doyle,86.1,22.0,29.3,1.0,37.2,7.0,0.63,High 12P,8.0,Zone,6.0,Even,11.0,Chew the Clock (High Scoring Offense + Elite Defense -> Run-Heavy Second Halves),BAL,26,59.85,40.15,1.0,0.0,Unknown,16,,52.0,,,,,,,,,,,,,Adam Randall,BAL,1,5.0,174.0,24.2,20.0,20.0,113.2,4.5,37.0,124.0,232.0,1.4,32.8,89.0,1.0,,,,,,,,,,,,,,,,,,,,,,—,0,0,99,,—,70,RB70,181.3,-102.62,373,0.295,0.0,218.0,153.6,116.8,172.0,172.0,506.0,404.8,101.2,101.2,506.0,404.8,ESPN,SLEEPER,Screaming Steal (Huge Value),43.97,0.92,-0.006,43.71,-102.62,-102.62,390,88,RB88,T8,1.0,70.0,False,False,0.0,0.0,43.97,0.0,0.0,-0.6,0.0,0.0,0.0,0.0,0.0,0.0,0.0,0.0,Tier 12,288.0,61.0,98.0,37.0,⚡ High Variance (Boom/Bust Ceiling),88.0,Tier 10,61.0,98.0,37.0
Colbie Young,WR,CIN,380.0,325.0,WR133,101.0,177.0,20.22,10,6,044ebd08-c458-40ca-8c97-51c6e15abdb8,0.2,0.0,colbie young,WR,CIN,WR_colbie_young_CIN,33.92399999999999,39.47,19.712,14.08,176.28,1.34,0.0,0.0,0.0,0.0,0.0,0.0,308.0,WR126,37.48,29.0,357.5,328.2,286.0,325.0,325.0,Healthy,0,,Neutral,Black,0.0,0.0,0.0,—,,2.0,0.0,0.0,0.0,0.0,0.0,0.0,,,,,,,,,,,,,—,—,Consensus Alignment,—,—,99.0,,,1.0,0.0,0.0,0.0,0.0,0.0,0.0,0.0,0.0,0.0,0.0,0.0,—,—,,5.0,,consensus,,,0.0,0.0,,,,,,,0.0,Neutral,CIN,0.05,0.18,1420.0,0.125,25.2,0.01,0.21,CIN,19.0,3.0,60.0,60.0,False,Zac Taylor,98.6,7.0,22.5,15.0,42.5,3.0,0.751,—,11.0,Gap,20.0,Very Spread,15.0,Shootouts (High Scoring Offense + Vulnerable Defense -> Max Fantasy Ceiling),CIN,28,31.69,68.31,19.0,3.6,Z.Taylor,16,,72.8,,,,,,,,,,,,,Colbie Young,CIN,1,4.0,140.0,3.1,9.3,11.2,,,,,,,,,,,,,,,,,,,,,,,,,,,,,,,—,0,0,99,,—,130,WR130,158.5,-103.29,365,0.214,0.0,-22.5,-51.8,-94.0,-55.0,-55.0,357.5,286.0,71.5,71.5,357.5,286.0,ESPN,SLEEPER,Severe Reach (Overpriced),35.7,-2.3,-0.006,35.49,-103.29,-103.29,391,129,WR129,T8,1.0,-66.0,False,False,0.0,0.0,35.7,0.0,0.0,-0.6,0.0,0.0,0.0,0.0,0.0,0.0,0.0,0.0,Tier 12,380.0,101.0,177.0,76.0,⚡ High Variance (Boom/Bust Ceiling),133.0,Tier 9,101.0,177.0,76.0
Ollie Gordon II,RB,MIA,244.0,357.5,RB69,58.0,96.0,6.92,7,6,42753bb4-a416-4d40-bf81-f20d2181be2f,1.5,2.0,ollie gordon,RB,MIA,RB_ollie_gordon_MIA,47.1,34.81,5.502,3.93,27.73,0.12,49.44,203.47,1.23,0.0,0.0,0.0,296.0,RB83,32.74,29.0,364.7,343.2,350.3,357.5,357.5,Healthy,0,,Neutral,Black,0.0,0.0,0.0,—,,2.77,0.0,0.0,0.0,0.0,0.0,0.0,,,,,,,,,,,,,—,—,Consensus Alignment,—,—,99.0,,,1.0,0.0,0.0,0.0,0.0,0.0,0.0,0.0,0.0,0.0,0.0,0.0,—,—,,5.0,,consensus,,,0.0,0.0,,,,,,,0.0,Neutral,MIA,0.04,0.12,950.0,0.118,24.2,0.06,0.16,MIA,31.0,2.5,50.0,50.0,True,Bobby Slowik,81.6,25.0,20.3,22.0,37.3,6.0,0.732,—,24.0,Balanced,15.0,Condensed,7.0,Passing / Garbage Time (Low Scoring Offense + Bad Defense -> Trailing Game Scripts / Air Volume),MIA,30,35.51,64.49,15.0,0.3,B.Slowik,16,,70.6,,,,,,,,,,,,,,,0,,,,,,,,,,,,,,,,,,,,,,,,,,,RB70,70.0,999.0,47.1,2.77,14.0,WW,,,—,0,0,99,,—,73,RB73,181.3,-104.61,388,0.26,0.0,120.7,99.2,106.3,113.5,113.5,364.7,343.2,21.5,21.5,364.7,343.2,ESPN,YAHOO,Screaming Steal (Huge Value),42.31,-7.35,-0.014,41.72,-104.61,-104.61,392,89,RB89,T8,1.0,-34.5,False,False,0.0,0.0,42.31,0.0,0.0,-1.4,0.0,0.0,0.0,0.0,0.0,0.0,0.0,0.0,Tier 12,244.0,58.0,96.0,38.0,⚡ High Variance (Boom/Bust Ceiling),69.0,Tier 10,58.0,96.0,38.0
Jordan James,RB,SF,252.0,280.5,RB76,56.0,96.0,9.06,8,8,c16040c3-7534-4eeb-956c-8ed3be9972ec,3.3,3.0,jordan james,RB,SF,RB_jordan_james_SF,40.7,75.84,19.669999999999998,14.05,131.59,0.59,80.69,322.58,2.51,0.0,0.0,0.0,266.0,RB75,43.34,29.0,286.1,269.3,274.9,280.5,280.5,Healthy,0,,Neutral,Black,0.0,0.0,0.0,—,,2.39,0.0,0.0,0.0,0.0,0.0,0.0,,,,,,,,,,,,,—,—,Consensus Alignment,—,—,99.0,,,1.0,0.0,0.0,0.0,0.0,0.0,0.0,0.0,0.0,0.0,0.0,0.0,—,—,,5.0,,consensus,,,0.0,0.0,,,,,,,0.0,Neutral,SF,-0.012,0.11,890.0,0.175,28.8,0.14,0.2,SF,6.0,4.0,80.0,80.0,False,Kyle Shanahan,100.9,6.0,26.4,4.0,32.9,17.0,0.774,High 21P,8.0,Zone,3.0,Most Condensed,14.0,Shootouts (High Scoring Offense + Vulnerable Defense -> Max Fantasy Ceiling),SF,6,48.24,51.76,3.0,-1.9,K.Shanahan,16,,77.7,,,,,,,,,,,,,,,0,,,,,,,,,,,,,,,,,,,,,,,,,,,RB75,75.0,999.0,40.7,2.39,15.0,WW,,,—,0,0,99,,—,78,RB78,181.3,-105.0,401,0.224,0.0,34.1,17.3,22.9,28.5,28.5,286.1,269.3,16.8,16.8,286.1,269.3,ESPN,YAHOO,Screaming Steal (Huge Value),41.58,3.43,-0.006,41.33,-105.0,-105.0,393,90,RB90,T8,1.0,-112.5,False,False,0.0,0.0,41.58,0.0,0.0,-0.6,0.0,0.0,0.0,0.0,0.0,0.0,0.0,0.0,Tier 12,252.0,56.0,96.0,40.0,⚡ High Variance (Boom/Bust Ceiling),76.0,Tier 10,56.0,96.0,40.0
Jordan Whittington,WR,LAR,391.0,346.0,WR139,101.0,166.0,15.92,10,11,7cc58a3b-157a-4f43-a7de-5bc403f9ce6b,0.2,0.0,jordan whittington,WR,LAR,WR_jordan_whittington_LAR,29.247999999999998,31.21,15.764,11.26,128.22,0.91,2.27,12.09,0.12,0.0,0.0,0.0,307.0,WR125,37.76,29.0,352.9,349.5,339.1,346.0,346.0,Healthy,0,,Neutral,Black,0.0,0.0,0.0,—,,1.7,0.0,0.0,0.0,0.0,0.0,0.0,,,,,,,,,,,,,—,—,Consensus Alignment,—,—,99.0,,,1.0,0.0,0.0,0.0,0.0,0.0,0.0,0.0,0.0,0.0,0.0,0.0,—,—,,5.0,,consensus,,,0.0,0.0,,,,,,,0.0,Neutral,LAR,0.008,0.14,1120.0,0.095,27.4,0.04,0.13,LAR,1.0,4.5,90.0,90.0,False,Sean McVay,113.3,1.0,19.8,24.0,42.8,2.0,0.759,High 13P,6.0,Gap,4.0,Very Condensed,21.0,Chew the Clock (High Scoring Offense + Elite Defense -> Run-Heavy Second Halves),LAR,3,40.06,59.94,9.0,0.3,S.McVay,16,,64.0,,,,,,,,,,,,,,,0,,,,,,,,,,,,,,,,,,,,,,,,,,,,,,,,,,,,—,0,0,99,,—,136,WR136,158.5,-105.48,377,0.185,0.0,-38.1,-41.5,-51.9,-45.0,-45.0,352.9,339.1,13.8,13.8,352.9,339.1,ESPN,SLEEPER,Severe Reach (Overpriced),33.5,4.04,-0.006,33.3,-105.48,-105.48,394,130,WR130,T8,1.0,-48.0,False,False,0.0,0.0,33.5,0.0,0.0,-0.6,0.0,0.0,0.0,0.0,0.0,0.0,0.0,0.0,Tier 12,391.0,101.0,166.0,65.0,⚡ High Variance (Boom/Bust Ceiling),139.0,Tier 9,101.0,166.0,65.0
Brashard Smith,RB,KC,292.0,294.5,RB86,68.0,168.0,11.78,8,5,3170164a-1718-4a39-9ef2-e18104e35fef,0.3,0.0,brashard smith,RB,KC,RB_brashard_smith_KC,46.2,32.55,14.7,10.5,71.0,0.5,25.0,89.5,0.5,0.0,0.0,0.0,304.0,RB87,30.6,29.0,300.4,282.7,288.6,294.5,294.5,Healthy,0,,Neutral,Black,0.0,0.0,0.0,—,,2.72,0.0,0.0,0.0,0.0,0.0,0.0,,,,,,,,,,,,,—,—,Consensus Alignment,—,—,99.0,,,1.0,0.0,0.0,0.0,0.0,0.0,0.0,0.0,0.0,0.0,0.0,0.0,—,—,,5.0,,consensus,,,0.0,0.0,,,,,,,0.0,Neutral,KC,0.068,0.145,1250.0,0.142,26.5,0.02,0.22,KC,22.0,3.0,60.0,60.0,False,Andy Reid,89.6,19.0,22.0,19.0,33.2,16.0,0.546,—,9.0,Zone,22.0,Condensed,6.0,Chew the Clock (High Scoring Offense + Elite Defense -> Run-Heavy Second Halves),KC,21,38.45,61.55,11.0,6.4,A.Reid,16,,67.6,,,,,,,,,,,,,,,0,,,,,,,,,,,,,,,,,,,,,,,,,,,RB72,72.0,226.3,46.2,2.72,14.0,WW,,,—,0,0,99,,—,74,RB74,181.3,-105.58,390,0.255,0.0,8.4,-9.3,-3.4,2.5,2.5,300.4,282.7,17.7,17.7,300.4,282.7,ESPN,YAHOO,Fair Market Value,41.0,-3.27,-0.006,40.75,-105.58,-105.58,395,91,RB91,T8,1.0,-100.5,False,False,0.0,0.0,41.0,0.0,0.0,-0.6,0.0,0.0,0.0,0.0,0.0,0.0,0.0,0.0,Tier 12,292.0,68.0,168.0,100.0,⚡ High Variance (Boom/Bust Ceiling),86.0,Tier 10,68.0,168.0,100.0
Kimani Vidal,RB,LAC,183.0,225.0,RB60,50.0,89.0,6.91,7,7,ed923635-f021-4b76-9dbb-9f1901eeaab9,2.6,3.0,kimani vidal,RB,LAC,RB_kimani_vidal_LAC,30.6,58.99,16.688,11.92,104.02,0.69,60.16,234.18,1.55,0.0,0.0,0.0,263.0,RB73,44.72,29.0,229.5,216.0,220.5,225.0,225.0,Healthy,0,,Neutral,Black,0.0,0.0,0.0,—,,1.8,0.0,0.0,0.0,0.0,0.0,0.0,,,,,,,,,,,,,—,—,Consensus Alignment,—,—,99.0,,,1.0,0.0,0.0,0.0,0.0,0.0,0.0,0.0,0.0,0.0,0.0,0.0,—,—,,5.0,,consensus,,,0.0,0.0,,,,,,,0.0,Neutral,LAC,-0.035,0.38,2900.0,0.06,29.2,0.05,0.07,LAC,32.0,3.0,60.0,60.0,False,Mike McDaniel,91.9,15.0,26.7,3.0,35.4,11.0,0.663,High 21P,31.0,Zone,1.0,Very Condensed,28.0,Chew the Clock (High Scoring Offense + Elite Defense -> Run-Heavy Second Halves),LAC,9,18.72,81.28,30.0,-1.4,M.McDaniel,16,65.1,81.5,,,,,,,-0.175,,,,,,,,0,,,,,,,,,,,,,,,57.0,56.0,56.0,0.0,0.93,12.8,5.41,64.3,61.8,40.5,,,RB84,84.0,241.0,30.6,1.8,15.0,WW,,,—,0,0,99,,—,90,RB90,181.3,-105.84,429,0.169,0.0,46.5,33.0,37.5,42.0,42.0,229.5,216.0,13.5,13.5,229.5,216.0,ESPN,YAHOO,Screaming Steal (Huge Value),40.73,-1.73,-0.006,40.49,-105.84,-105.84,396,92,RB92,T8,1.0,-171.0,False,False,0.0,0.0,40.73,0.0,0.0,-0.6,0.0,0.0,0.0,0.0,0.0,0.0,0.0,0.0,Tier 12,183.0,50.0,89.0,39.0,⚡ High Variance (Boom/Bust Ceiling),60.0,Tier 10,50.0,89.0,39.0
Dyami Brown,WR,WAS,419.0,598.0,WR147,103.0,173.0,18.88,10,7,0fb60ada-bdd3-4d74-8c98-058303a1649a,0.2,0.0,dyami brown,WR,WAS,WR_dyami_brown_WAS,35.913999999999994,46.72,22.189999999999998,15.85,216.9,1.59,0.0,0.0,0.0,0.0,0.0,0.0,333.0,WR137,29.18,29.0,610.0,604.0,586.0,598.0,598.0,Healthy,0,,Neutral,Black,0.0,0.0,0.0,—,,2.1,0.0,0.0,0.0,0.0,0.0,0.0,,,,,,,,,,,,,—,—,Consensus Alignment,—,—,99.0,,,1.0,0.0,0.0,0.0,0.0,0.0,0.0,0.0,0.0,0.0,0.0,0.0,—,—,,5.0,,consensus,,,0.0,0.0,,,,,,,0.0,Neutral,WAS,0.012,0.23,1780.0,0.088,25.1,0.07,0.1,WAS,24.0,2.0,40.0,40.0,True,David Blough,80.9,26.0,22.0,18.0,36.0,10.0,0.65,More 12P,5.0,Gap,12.0,Even,12.0,Shootouts (High Scoring Offense + Vulnerable Defense -> Max Fantasy Ceiling),WAS,25,30.3,69.7,21.0,0.0,Unknown,16,63.8,76.8,,-0.0491,,1.2563,-0.2495,0.0685,,,,,,,,,0,,,,,,,,,,,,,,,,,,,,,,,,,,,,,,,,,,,,—,0,0,99,,—,128,WR128,158.5,-106.43,362,0.227,0.0,191.0,185.0,167.0,179.0,179.0,610.0,586.0,24.0,24.0,610.0,586.0,ESPN,SLEEPER,Screaming Steal (Huge Value),32.55,-3.84,-0.006,32.35,-106.43,-106.43,397,131,WR131,T8,1.0,201.0,False,False,0.0,0.0,32.55,0.0,0.0,-0.6,0.0,0.0,0.0,0.0,0.0,0.0,0.0,0.0,Tier 12,419.0,103.0,173.0,70.0,⚡ High Variance (Boom/Bust Ceiling),147.0,Tier 9,103.0,173.0,70.0
Isaiah Bond,WR,CLE,308.0,468.0,WR104,84.0,149.0,12.44,8,11,6ceb1330-795d-11f0-aadf-fbc926339e02,0.2,0.0,isaiah bond,WR,CLE,WR_isaiah_bond_CLE,28.921999999999997,30.73,14.0,10.0,132.54,0.78,4.26,23.59,0.12,0.0,0.0,0.0,310.0,WR127,36.44,29.0,477.4,472.7,458.6,468.0,468.0,Healthy,0,,Neutral,Black,0.0,0.0,0.0,—,,1.7,0.0,0.0,0.0,0.0,0.0,0.0,,,,,,,,,,,,,—,—,Consensus Alignment,—,—,99.0,,,1.0,0.0,0.0,0.0,0.0,0.0,0.0,0.0,0.0,0.0,0.0,0.0,—,—,,5.0,,consensus,,,0.0,0.0,,,,,,,0.0,Neutral,CLE,0.0,0.16,1280.0,0.022,29.1,0.01,0.03,CLE,27.0,2.0,40.0,40.0,False,Todd Monken,70.9,32.0,24.1,10.0,32.8,18.0,0.579,"High 12P, 21P",30.0,Zone,16.0,Even,18.0,Slugfests (Low Scoring Offense + Elite Defense -> Low Over/Unders / Grinding Games),CLE,32,46.6,53.4,5.0,-3.2,T.Monken,16,58.9,66.8,,0.277,,-0.6535,-0.7083,-0.34,,,,,,,,,0,,,,,,,,,,,,,,,,,,,,,,,,,,,,,,,,,,,,—,0,0,99,,—,137,WR137,158.5,-106.56,379,0.182,0.0,169.4,164.7,150.6,160.0,160.0,477.4,458.6,18.8,18.8,477.4,458.6,ESPN,SLEEPER,Screaming Steal (Huge Value),32.68,-102.2,-0.014,32.22,-106.56,-106.56,398,132,WR132,T8,1.0,70.0,False,False,0.0,0.0,32.68,0.0,0.0,-1.4,0.0,0.0,0.0,0.0,0.0,0.0,0.0,0.0,Tier 12,308.0,84.0,149.0,65.0,⚡ High Variance (Boom/Bust Ceiling),104.0,Tier 9,84.0,149.0,65.0
Seth McGowan,RB,IND,282.0,429.0,RB83,56.0,101.0,11.73,8,13,17deebdc-0ec2-4f3f-9584-d21b01743265,0.5,1.0,seth mcgowan,RB,IND,RB_seth_mcgowan_IND,43.8,23.12,4.409999999999999,3.15,27.31,0.08,22.25,96.37,1.2,0.0,0.0,0.0,302.0,RB86,30.99,29.0,471.9,411.8,377.5,429.0,429.0,Healthy,0,,Neutral,Black,0.0,0.0,0.0,—,,2.58,0.0,0.0,0.0,0.0,0.0,0.0,,,,,,,,,,,,,—,—,Consensus Alignment,—,—,99.0,,,1.0,0.0,0.0,0.0,0.0,0.0,0.0,0.0,0.0,0.0,0.0,0.0,—,—,,5.0,,consensus,,,0.0,0.0,,,,,,,0.0,Neutral,IND,0.005,0.13,980.0,0.068,27.3,0.06,0.07,IND,5.0,4.5,90.0,90.0,False,Shane Steichen,97.4,10.0,22.2,17.0,32.7,19.0,0.691,—,20.0,Gap,10.0,Even,25.0,Balanced Environment,IND,10,36.05,63.95,14.0,-3.5,S.Steichen,16,,57.6,,,,,,,,,,,,,Seth McGowan,IND,1,7.0,237.0,6.0,4.3,17.4,109.7,4.49,42.5,131.0,223.0,27.0,88.2,82.0,47.0,,,,,,,,,,,,,RB73,73.0,999.0,43.8,2.58,14.0,WW,,,—,0,0,99,,—,76,RB76,181.3,-107.04,395,0.242,0.0,189.9,129.8,95.5,147.0,147.0,471.9,377.5,94.4,94.4,471.9,377.5,ESPN,SLEEPER,Screaming Steal (Huge Value),39.53,2.17,-0.006,39.29,-107.04,-107.04,399,93,RB93,T8,1.0,30.0,False,False,0.0,0.0,39.53,0.0,0.0,-0.6,0.0,0.0,0.0,0.0,0.0,0.0,0.0,0.0,Tier 12,282.0,56.0,101.0,45.0,⚡ High Variance (Boom/Bust Ceiling),83.0,Tier 10,56.0,101.0,45.0
Bryce Lance,WR,NO,330.0,353.5,WR115,70.0,145.0,15.04,9,8,4d5c31ba-45ea-4247-a41a-acfa82bdbd39,0.3,0.0,bryce lance,WR,NO,WR_bryce_lance_NO,31.732,39.46,21.139999999999997,15.1,193.2,0.89,0.0,0.0,0.0,0.0,0.0,0.0,326.0,WR132,31.34,29.0,388.9,357.0,311.1,353.5,353.5,Healthy,0,,Neutral,Black,0.0,0.0,0.0,—,,1.9,0.0,0.0,0.0,0.0,0.0,0.0,,,,,,,,,,,,,—,—,Consensus Alignment,—,—,99.0,,,1.0,0.0,0.0,0.0,0.0,0.0,0.0,0.0,0.0,0.0,0.0,0.0,—,—,,5.0,,consensus,,,0.0,0.0,,,,,,,0.0,Neutral,NO,0.005,0.15,1150.0,0.035,28.2,-0.03,0.08,NO,30.0,3.0,60.0,60.0,True,Kellen Moore,85.7,23.0,22.1,18.0,35.8,10.0,0.663,High 11P,1.0,Zone,5.0,Even,27.0,Passing / Garbage Time (Low Scoring Offense + Bad Defense -> Trailing Game Scripts / Air Volume),NO,22,25.49,74.51,25.0,-2.3,K.Moore,16,,,,,,,,,,,,,,,Bryce Lance,NOR,1,4.0,136.0,5.7,8.9,8.0,,,,,,8.5,63.4,,34.0,,,,,,,,,,,,,,,,,,,,,,—,0,0,99,,—,132,WR132,158.5,-107.43,370,0.2,0.0,58.9,27.0,-18.9,23.5,23.5,388.9,311.1,77.8,77.8,388.9,311.1,ESPN,SLEEPER,Screaming Steal (Huge Value),31.54,-1.65,-0.006,31.35,-107.43,-107.43,400,133,WR133,T8,1.0,-46.5,False,False,0.0,0.0,31.54,0.0,0.0,-0.6,0.0,0.0,0.0,0.0,0.0,0.0,0.0,0.0,Tier 12,330.0,70.0,145.0,75.0,⚡ High Variance (Boom/Bust Ceiling),115.0,Tier 9,70.0,145.0,75.0
Barion Brown,WR,NO,405.0,450.0,WR144,89.0,172.0,28.67,10,8,6b60ad35-8051-4253-8f8d-29279a213352,0.2,1.0,barion brown,WR,NO,WR_barion_brown_NO,19.163,11.84,6.425999999999999,4.59,57.31,0.27,0.0,0.0,0.0,0.0,0.0,0.0,293.0,WR120,41.71,29.0,495.0,454.5,396.0,450.0,450.0,Healthy,0,,Neutral,Black,0.0,0.0,0.0,—,,1.1,0.0,0.0,0.0,0.0,0.0,0.0,,,,,,,,,,,,,—,—,Consensus Alignment,—,—,99.0,,,1.0,0.0,0.0,0.0,0.0,0.0,0.0,0.0,0.0,0.0,0.0,0.0,—,—,,5.0,,consensus,,,0.0,0.0,,,,,,,0.0,Neutral,NO,0.005,0.15,1150.0,0.035,28.2,-0.03,0.08,NO,30.0,3.0,60.0,60.0,True,Kellen Moore,85.7,23.0,22.1,18.0,35.8,10.0,0.663,High 11P,1.0,Zone,5.0,Even,27.0,Passing / Garbage Time (Low Scoring Offense + Bad Defense -> Trailing Game Scripts / Air Volume),NO,22,25.49,74.51,25.0,-2.3,K.Moore,16,,61.8,,,,,,,,,,,,,Barion Brown,NOR,1,6.0,190.0,8.8,1.7,14.5,94.4,4.4,,,177.0,7.5,37.4,25.0,26.0,,,,,,,,,,,,,,,,,,,,,,—,0,0,99,,—,148,WR148,158.5,-108.52,399,0.121,0.0,90.0,49.5,-9.0,45.0,45.0,495.0,396.0,99.0,99.0,495.0,396.0,ESPN,SLEEPER,Screaming Steal (Huge Value),30.44,-1.65,-0.006,30.26,-108.52,-108.52,401,134,WR134,T8,1.0,49.0,False,False,0.0,0.0,30.44,0.0,0.0,-0.6,0.0,0.0,0.0,0.0,0.0,0.0,0.0,0.0,Tier 12,405.0,89.0,172.0,83.0,⚡ High Variance (Boom/Bust Ceiling),144.0,Tier 9,89.0,172.0,83.0
Nicholas Singleton,RB,TEN,188.0,220.5,RB62,49.0,98.0,8.45,7,9,0111286e-ef59-40dd-97e8-967204490e34,2.2,5.0,nicholas singleton,RB,TEN,RB_nicholas_singleton_TEN,35.6,19.74,6.005999999999999,4.29,30.16,0.16,20.29,83.72,0.55,0.0,0.0,0.0,265.0,RB74,43.75,29.0,242.6,211.7,194.0,220.5,220.5,Healthy,0,,Neutral,Black,0.0,0.0,0.0,—,,2.09,0.0,0.0,0.0,0.0,0.0,0.0,,,,,,,,,,,,,—,—,Consensus Alignment,—,—,99.0,,,1.0,0.0,0.0,0.0,0.0,0.0,0.0,0.0,0.0,0.0,0.0,0.0,—,—,,5.0,,consensus,,,0.0,0.0,,,,,,,0.0,Neutral,TEN,-0.02,0.33,2550.0,0.01,29.0,0.03,-0.01,TEN,25.0,2.0,40.0,40.0,False,Brian Daboll,74.1,29.0,19.9,23.0,32.6,21.0,0.588,High 12P,12.0,Balanced,28.0,Very Spread,13.0,Slugfests (Low Scoring Offense + Elite Defense -> Low Over/Unders / Grinding Games),TEN,31,20.11,79.89,29.0,-1.4,B.Daboll,16,,62.7,,,,,,,,,,,,,Nicholas Singleton,TEN,1,5.0,165.0,4.2,22.1,19.9,,,,,,,,,,,,,,,,,,,,,,RB80,80.0,209.5,35.6,2.09,15.0,WW,,,—,0,0,99,,—,84,RB84,181.3,-108.55,417,0.196,0.0,54.6,23.7,6.0,32.5,32.5,242.6,194.0,48.6,48.6,242.6,194.0,ESPN,SLEEPER,Screaming Steal (Huge Value),38.32,-7.95,-0.014,37.78,-108.55,-108.55,402,94,RB94,T8,1.0,-181.5,False,False,0.0,0.0,38.32,0.0,0.0,-1.4,0.0,0.0,0.0,0.0,0.0,0.0,0.0,0.0,Tier 12,188.0,49.0,98.0,49.0,⚡ High Variance (Boom/Bust Ceiling),62.0,Tier 10,49.0,98.0,49.0
Jahdae Walker,WR,CHI,446.0,400.0,WR150,124.0,176.0,14.62,10,10,46352a70-25f5-11f0-83f2-77ca9eeac893,0.2,0.0,jahdae walker,WR,CHI,WR_jahdae_walker_CHI,40.077999999999996,57.17,24.625999999999998,17.59,232.77,2.67,0.5,3.5,0.0,0.0,0.0,0.0,350.0,WR144,20.66,29.0,408.0,404.0,392.0,400.0,400.0,Healthy,0,,Neutral,Black,0.0,0.0,0.0,—,,2.4,0.0,0.0,0.0,0.0,0.0,0.0,,,,,,,,,,,,,—,—,Consensus Alignment,—,—,99.0,,,1.0,0.0,0.0,0.0,0.0,0.0,0.0,0.0,0.0,0.0,0.0,0.0,—,—,,5.0,,consensus,,,0.0,0.0,,,,,,,0.0,Neutral,CHI,0.01,0.26,2020.0,0.048,27.6,0.01,0.07,CHI,3.0,4.0,80.0,80.0,False,Ben Johnson,98.3,8.0,29.3,1.0,37.2,7.0,0.63,High 12P,4.0,Zone,6.0,Even,11.0,Balanced Environment,CHI,4,41.16,58.84,7.0,-2.7,B.Johnson,16,,64.1,,,,,,,,,,,,,,,0,,,,,,,,,,,,,,,,,,,,,,,,,,,,,,,,,,,,—,0,0,99,,—,122,WR122,158.5,-108.59,353,0.253,0.0,-38.0,-42.0,-54.0,-46.0,-46.0,408.0,392.0,16.0,16.0,408.0,392.0,ESPN,SLEEPER,Severe Reach (Overpriced),30.37,2.9,-0.006,30.19,-108.59,-108.59,403,135,WR135,T8,1.0,-3.0,False,False,0.0,0.0,30.37,0.0,0.0,-0.6,0.0,0.0,0.0,0.0,0.0,0.0,0.0,0.0,Tier 12,446.0,124.0,176.0,52.0,⚡ High Variance (Boom/Bust Ceiling),150.0,Tier 9,124.0,176.0,52.0
Tutu Atwell,WR,MIA,414.0,590.0,WR138,113.0,163.0,14.63,10,6,7dc49535-f9dd-44b0-94f2-08ac6470130b,0.3,0.0,tutu atwell,WR,MIA,WR_tutu_atwell_MIA,37.772999999999996,55.21,29.497999999999998,21.07,301.43,0.47,2.15,11.37,0.07,0.0,0.0,0.0,303.0,WR124,21.61,29.0,601.8,595.9,578.2,590.0,590.0,Healthy,0,,Neutral,Black,0.0,0.0,0.0,—,,2.2,0.0,0.0,0.0,0.0,0.0,0.0,,,,,,,,,,,,,—,—,Consensus Alignment,—,—,99.0,,,1.0,0.0,0.0,0.0,0.0,0.0,0.0,0.0,0.0,0.0,0.0,0.0,—,—,,5.0,,consensus,,,0.0,0.0,,,,,,,0.0,Neutral,MIA,0.04,0.12,950.0,0.118,24.2,0.06,0.16,MIA,31.0,2.5,50.0,50.0,True,Bobby Slowik,81.6,25.0,20.3,22.0,37.3,6.0,0.732,—,24.0,Balanced,15.0,Condensed,7.0,Passing / Garbage Time (Low Scoring Offense + Bad Defense -> Trailing Game Scripts / Air Volume),MIA,30,35.51,64.49,15.0,0.3,B.Slowik,16,65.7,79.2,0.2841,-1.0041,-1.2383,-1.1099,0.2703,0.7337,,,,,,,,,0,,,,,,,,,,,,,,,,,,,,,,,,,,,,,,,,,,,,—,0,0,99,,—,124,WR124,158.5,-109.27,356,0.238,0.0,187.8,181.9,164.2,176.0,176.0,601.8,578.2,23.6,23.6,601.8,578.2,ESPN,SLEEPER,Screaming Steal (Huge Value),29.69,-3.8,-0.006,29.51,-109.27,-109.27,404,136,WR136,T8,1.0,186.0,False,False,0.0,0.0,29.69,0.0,0.0,-0.6,0.0,0.0,0.0,0.0,0.0,0.0,0.0,0.0,Tier 12,414.0,113.0,163.0,50.0,⚡ High Variance (Boom/Bust Ceiling),138.0,Tier 9,113.0,163.0,50.0
Skyler Bell,WR,BUF,312.0,349.0,WR105,88.0,141.0,11.7,8,7,1f9e2e7e-d692-4494-adfb-86437a976450,0.4,1.0,skyler bell,WR,BUF,WR_skyler_bell_BUF,26.192,28.35,14.139999999999999,10.1,136.51,0.8,0.0,0.0,0.0,0.0,0.0,0.0,319.0,WR130,32.94,29.0,383.9,352.5,307.1,349.0,349.0,Healthy,0,,Neutral,Black,0.0,0.0,0.0,—,,1.5,0.0,0.0,0.0,0.0,0.0,0.0,,,,,,,,,,,,,—,—,Consensus Alignment,—,—,99.0,,,1.0,0.0,0.0,0.0,0.0,0.0,0.0,0.0,0.0,0.0,0.0,0.0,—,—,,5.0,,consensus,,,0.0,0.0,,,,,,,0.0,Neutral,BUF,0.03,0.32,2450.0,0.155,26.9,0.08,0.2,BUF,2.0,4.5,90.0,90.0,True,Joe Brady,101.1,5.0,24.4,8.0,30.1,25.0,0.655,—,32.0,Gap,11.0,Very Spread,22.0,Shootouts (High Scoring Offense + Vulnerable Defense -> Max Fantasy Ceiling),BUF,7,23.56,76.44,28.0,-1.6,J.Brady,16,,81.7,,,,,,,,,,,,,Skyler Bell,BUF,1,4.0,125.0,7.0,8.5,21.7,102.5,4.4,41.0,133.0,192.0,9.5,66.8,60.0,40.0,,,,,,,,,,,,,,,,,,,,,,—,0,0,99,,—,140,WR140,158.5,-109.39,385,0.165,0.0,71.9,40.5,-4.9,37.0,37.0,383.9,307.1,76.8,76.8,383.9,307.1,ESPN,SLEEPER,Screaming Steal (Huge Value),29.57,4.7,-0.006,29.39,-109.39,-109.39,405,137,WR137,T8,1.0,-56.0,False,False,4.0,0.0,29.57,0.0,0.0,-0.6,0.0,0.0,0.0,0.0,0.0,0.0,0.0,0.0,Tier 12,312.0,88.0,141.0,53.0,⚡ High Variance (Boom/Bust Ceiling),105.0,Tier 9,88.0,141.0,53.0
Tez Johnson,WR,TB,345.0,494.0,WR119,78.0,140.0,13.38,9,10,ad756d40-39a0-4f5c-bbf5-f31f4c3ee0a6,0.2,0.0,tez johnson,WR,TB,WR_tez_johnson_TB,22.811999999999998,21.38,9.324,6.66,77.52,0.6,4.36,23.24,0.21,0.0,0.0,0.0,313.0,WR128,34.04,29.0,503.9,498.9,484.1,494.0,494.0,Healthy,0,,Neutral,Black,0.0,0.0,0.0,—,,1.3,0.0,0.0,0.0,0.0,0.0,0.0,,,,,,,,,,,,,—,—,Consensus Alignment,—,—,99.0,,,1.0,0.0,0.0,0.0,0.0,0.0,0.0,0.0,0.0,0.0,0.0,0.0,—,—,,5.0,,consensus,,,0.0,0.0,,,,,,,0.0,Neutral,TB,0.028,0.11,820.0,0.078,27.5,-0.03,0.14,TB,26.0,4.0,80.0,80.0,False,Zac Robinson,89.8,18.0,27.9,2.0,30.4,24.0,0.75,High 12P,13.0,Zone,2.0,Condensed,20.0,Slugfests (Low Scoring Offense + Elite Defense -> Low Over/Unders / Grinding Games),TB,5,26.78,73.22,23.0,-6.6,Z.Robinson,16,74.7,91.9,,1.2078,,1.3157,-0.5324,0.0115,,,,,,,,,0,,,,,,,,,,,,,,,,,,,,,,,,,,,,,,,,,,,,—,0,0,99,,—,144,WR144,158.5,-110.52,393,0.144,0.0,158.9,153.9,139.1,149.0,149.0,503.9,484.1,19.8,19.8,503.9,484.1,ESPN,SLEEPER,Screaming Steal (Huge Value),28.43,3.44,-0.006,28.26,-110.52,-110.52,406,138,WR138,T8,1.0,88.0,False,False,0.0,0.0,28.43,0.0,0.0,-0.6,0.0,0.0,0.0,0.0,0.0,0.0,0.0,0.0,Tier 12,345.0,78.0,140.0,62.0,⚡ High Variance (Boom/Bust Ceiling),119.0,Tier 9,78.0,140.0,62.0
Sione Vaki,RB,DET,413.0,666.0,RB111,89.0,143.0,14.08,10,6,f5e0334b-b5f1-422f-a437-199c36cc108d,0.1,0.0,sione vaki,RB,DET,RB_sione_vaki_DET,35.8425,35.8425,,,,,,,,,,,,,,,679.3,639.4,652.7,666.0,666.0,Healthy,0,,Neutral,Black,0.0,0.0,0.0,—,,2.1,0.0,0.0,0.0,0.0,0.0,0.0,,,,,,,,,,,,,—,—,Consensus Alignment,—,—,99.0,,,1.0,0.0,0.0,0.0,0.0,0.0,0.0,0.0,0.0,0.0,0.0,0.0,—,—,,5.0,,consensus,,,0.0,0.0,,,,,,,0.0,Neutral,DET,0.018,0.09,720.0,0.16,26.4,0.11,0.19,DET,15.0,3.5,70.0,70.0,False,Drew Petzing,107.7,3.0,21.4,20.0,26.1,27.0,0.62,—,3.0,Gap,24.0,Even,11.0,Balanced Environment,DET,16,30.85,69.15,20.0,-1.1,D.Petzing,16,,,,,,,,,,,,,,,,,0,,,,,,,,,,,,,,,,,,,,,,,,,,,,,,,,,,,,—,0,0,99,,—,83,RB83,181.3,-110.71,415,0.198,0.0,266.3,226.4,239.7,253.0,253.0,679.3,639.4,39.9,39.9,679.3,639.4,ESPN,YAHOO,Screaming Steal (Huge Value),35.84,-1.02,-0.006,35.62,-110.71,-110.71,407,95,RB95,T8,1.0,259.0,False,False,0.0,0.0,35.84,0.0,0.0,-0.6,0.0,0.0,0.0,0.0,0.0,0.0,0.0,0.0,Tier 12,413.0,89.0,143.0,54.0,⚡ High Variance (Boom/Bust Ceiling),111.0,Tier 10,89.0,143.0,54.0
Savion Williams,WR,GB,366.0,620.0,WR127,105.0,177.0,13.78,9,11,06fb642c-b10b-4b23-966a-13668a7c4426,0.5,0.0,savion williams,WR,GB,WR_savion_williams_GB,39.675,59.75,28.671999999999997,20.48,230.84,1.69,8.96,46.91,0.32,0.0,0.0,0.0,378.0,WR155,16.75,29.0,632.4,626.2,607.6,620.0,620.0,Healthy,0,,Neutral,Black,0.0,0.0,0.0,—,,2.3,0.0,0.0,0.0,0.0,0.0,0.0,,,,,,,,,,,,,—,—,Consensus Alignment,—,—,99.0,,,1.0,0.0,0.0,0.0,0.0,0.0,0.0,0.0,0.0,0.0,0.0,0.0,—,—,,5.0,,consensus,,,0.0,0.0,,,,,,,0.0,Neutral,GB,0.02,0.16,1300.0,0.112,27.8,0.04,0.16,GB,20.0,2.0,40.0,40.0,False,Matt LaFleur,90.5,16.0,23.0,13.0,36.3,9.0,0.667,High 12P,19.0,Balanced,8.0,Very Condensed,17.0,Chew the Clock (High Scoring Offense + Elite Defense -> Run-Heavy Second Halves),GB,27,38.22,61.78,13.0,-1.0,M.LaFleur,16,,69.0,,,,,,,,,,,,,,,0,,,,,,,,,,,,,,,,,,,,,,,,,,,,,,,,,,,,—,0,0,99,,—,123,WR123,158.5,-110.96,354,0.25,0.0,266.4,260.2,241.6,254.0,254.0,632.4,607.6,24.8,24.8,632.4,607.6,ESPN,SLEEPER,Screaming Steal (Huge Value),28.21,-5.6,-0.014,27.82,-110.96,-110.96,408,139,WR139,T8,1.0,212.0,False,False,0.0,0.0,28.21,0.0,0.0,-1.4,0.0,0.0,0.0,0.0,0.0,0.0,0.0,0.0,Tier 12,366.0,105.0,177.0,72.0,⚡ High Variance (Boom/Bust Ceiling),127.0,Tier 9,105.0,177.0,72.0
Tai Felton,WR,MIN,430.0,533.0,WR149,113.0,273.0,44.53,10,6,1eeea030-3313-4aab-b33c-9f836710354a,0.1,0.0,tai felton,WR,MIN,WR_tai_felton_MIN,16.619999999999997,8.79,5.208,3.72,37.06,0.24,0.0,0.0,0.0,0.0,0.0,0.0,299.0,WR122,39.3,29.0,543.7,538.3,522.3,533.0,533.0,Healthy,0,,Neutral,Black,0.0,0.0,0.0,—,,1.0,0.0,0.0,0.0,0.0,0.0,0.0,,,,,,,,,,,,,—,—,Consensus Alignment,—,—,99.0,,,1.0,0.0,0.0,0.0,0.0,0.0,0.0,0.0,0.0,0.0,0.0,0.0,—,—,,5.0,,consensus,,,0.0,0.0,,,,,,,0.0,Neutral,MIN,0.035,0.19,1580.0,0.085,27.1,-0.02,0.15,MIN,9.0,4.0,80.0,80.0,True,Kevin O'Connell,76.2,28.0,18.9,26.0,37.4,5.0,0.691,—,25.0,Balanced,23.0,Condensed,5.0,Shootouts (High Scoring Offense + Vulnerable Defense -> Max Fantasy Ceiling),MIN,12,31.97,68.03,18.0,1.4,K.O'Connell,16,,74.9,,,,,,,,,,,,,,,0,,,,,,,,,,,,,,,,,,,,,,,,,,,,,,,,,,,,—,0,0,99,,—,151,WR151,158.5,-110.99,403,0.105,0.0,113.7,108.3,92.3,103.0,103.0,543.7,522.3,21.4,21.4,543.7,522.3,ESPN,SLEEPER,Screaming Steal (Huge Value),27.96,1.65,-0.006,27.79,-110.99,-110.99,409,140,WR140,T8,1.0,124.0,False,False,0.0,0.0,27.96,0.0,0.0,-0.6,0.0,0.0,0.0,0.0,0.0,0.0,0.0,0.0,Tier 12,430.0,113.0,273.0,160.0,⚡ High Variance (Boom/Bust Ceiling),149.0,Tier 9,113.0,273.0,160.0
Tim Patrick,WR,NYJ,434.0,643.0,WR159,128.0,179.0,15.7,11,13,2a443351-5e63-4a49-819e-912b51a745f2,0.1,0.0,tim patrick,WR,NYJ,WR_tim_patrick_NYJ,27.595499999999994,27.595499999999994,,,,,,,,,,,448.0,WR180,7.07,29.0,655.9,649.4,630.1,643.0,643.0,Healthy,0,,Neutral,Black,0.0,0.0,0.0,—,,1.6,0.0,0.0,0.0,0.0,0.0,0.0,,,,,,,,,,,,,—,—,Consensus Alignment,—,—,99.0,,,1.0,0.0,0.0,0.0,0.0,0.0,0.0,0.0,0.0,0.0,0.0,0.0,—,—,,5.0,,consensus,,,0.0,0.0,,,,,,,0.0,Neutral,NYJ,0.015,0.21,1650.0,0.065,26.8,0.03,0.09,NYJ,17.0,3.0,60.0,60.0,False,Frank Reich,71.1,30.0,24.9,6.0,29.8,26.0,0.613,High 11P,10.0,Balanced,27.0,Spread,8.0,Balanced Environment,NYJ,17,23.57,76.43,27.0,-1.3,F.Reich,16,63.2,72.2,,-0.3701,,0.4116,-0.5252,0.329,,,,,,,,,0,,,,,,,,,,,,,,,,,,,,,,,,,,,,,,,,,,,,—,0,0,99,,—,138,WR138,158.5,-111.35,383,0.174,0.0,221.9,215.4,196.1,209.0,209.0,655.9,630.1,25.8,25.8,655.9,630.1,ESPN,SLEEPER,Screaming Steal (Huge Value),27.6,-1.35,-0.006,27.43,-111.35,-111.35,410,141,WR141,T8,1.0,233.0,False,False,0.0,0.0,27.6,0.0,0.0,-0.6,0.0,0.0,0.0,0.0,0.0,0.0,0.0,0.0,Tier 12,434.0,128.0,179.0,51.0,⚡ High Variance (Boom/Bust Ceiling),157.0,Tier 9,128.0,179.0,51.0
Demarcus Robinson,WR,SF,401.0,430.0,WR141,87.0,229.0,32.19,10,8,46b16198-116f-4913-85db-2bc21462bd66,0.1,0.0,demarcus robinson,WR,SF,WR_demarcus_robinson_SF,36.372,52.93,24.695999999999998,17.64,251.45,1.66,0.5,2.5,0.0,0.0,0.0,0.0,372.0,WR152,18.34,29.0,438.6,434.3,421.4,430.0,430.0,Healthy,0,,Neutral,Black,0.0,0.0,0.0,—,,2.1,0.0,0.0,0.0,0.0,0.0,0.0,,,,,,,,,,,,,—,—,Consensus Alignment,—,—,99.0,,,1.0,0.0,0.0,0.0,0.0,0.0,0.0,0.0,0.0,0.0,0.0,0.0,—,—,,5.0,,consensus,,,0.0,0.0,,,,,,,0.0,Neutral,SF,-0.012,0.11,890.0,0.175,28.8,0.14,0.2,SF,6.0,4.0,80.0,80.0,False,Kyle Shanahan,100.9,6.0,26.4,4.0,32.9,17.0,0.774,High 21P,8.0,Zone,3.0,Most Condensed,14.0,Shootouts (High Scoring Offense + Vulnerable Defense -> Max Fantasy Ceiling),SF,6,48.24,51.76,3.0,-1.9,K.Shanahan,16,66.3,68.6,-0.5756,1.1871,-0.3526,-0.3845,-0.4003,0.2413,,,,,,,,,0,,,,,,,,,,,,,,,,,,,,,,,,,,,,,,,,,,,,—,0,0,99,,—,127,WR127,158.5,-111.58,361,0.229,0.0,37.6,33.3,20.4,29.0,29.0,438.6,421.4,17.2,17.2,438.6,421.4,ESPN,SLEEPER,Screaming Steal (Huge Value),27.36,2.24,-0.006,27.2,-111.58,-111.58,411,142,WR142,T8,1.0,19.0,False,False,0.0,0.0,27.36,0.0,0.0,-0.6,0.0,0.0,0.0,0.0,0.0,0.0,0.0,0.0,Tier 12,401.0,87.0,229.0,142.0,⚡ High Variance (Boom/Bust Ceiling),141.0,Tier 9,87.0,229.0,142.0
Kyle Juszczyk,RB,SF,412.0,368.0,RB115,76.0,151.0,21.04,10,8,67da5b5c-0db9-4fbc-b98d-7eb8e97b69f6,0.5,0.0,kyle juszczyk,RB,SF,RB_kyle_juszczyk_SF,32.7,54.65,33.194,23.71,207.75,1.47,4.21,10.3,0.08,0.0,0.0,0.0,280.0,RB79,38.75,29.0,375.4,353.3,360.6,368.0,368.0,Healthy,0,,Neutral,Black,0.0,0.0,0.0,—,,1.92,0.0,0.0,0.0,0.0,0.0,0.0,,,,,,,,,,,,,—,—,Consensus Alignment,—,—,99.0,,,1.0,0.0,0.0,0.0,0.0,0.0,0.0,0.0,0.0,0.0,0.0,0.0,—,—,,5.0,,consensus,,,0.0,0.0,,,,,,,0.0,Neutral,SF,-0.012,0.11,890.0,0.175,28.8,0.14,0.2,SF,6.0,4.0,80.0,80.0,False,Kyle Shanahan,100.9,6.0,26.4,4.0,32.9,17.0,0.774,High 21P,8.0,Zone,3.0,Most Condensed,14.0,Shootouts (High Scoring Offense + Vulnerable Defense -> Max Fantasy Ceiling),SF,6,48.24,51.76,3.0,-1.9,K.Shanahan,16,,,,,,,,,,,,,,,,,0,,,,,,,,,,,,,,,,,,,,,,,,,,,RB83,83.0,1655.0,32.7,1.92,15.0,WW,,,—,0,0,99,,—,88,RB88,181.3,-111.82,423,0.18,0.0,-36.6,-58.7,-51.4,-44.0,-44.0,375.4,353.3,22.1,22.1,375.4,353.3,ESPN,YAHOO,Severe Reach (Overpriced),34.72,3.43,-0.006,34.51,-111.82,-111.82,412,96,RB96,T8,1.0,-44.0,False,False,0.0,0.0,34.72,0.0,0.0,-0.6,0.0,0.0,0.0,0.0,0.0,0.0,0.0,0.0,Tier 12,412.0,76.0,151.0,75.0,⚡ High Variance (Boom/Bust Ceiling),115.0,Tier 10,76.0,151.0,75.0
Michael Penix Jr.,QB,ATL,269.0,259.5,QB32,28.0,40.0,1.89,5,11,6499a161-b221-4591-b122-d99ece1be64b,1.0,3.0,michael penix,QB,ATL,QB_michael_penix_ATL,118.5,119.02,0.0,0.0,0.0,0.0,18.78,62.92,0.63,1864.78,10.82,5.03,272.0,QB32,138.79,29.0,233.6,262.1,275.1,259.5,259.5,Healthy,0,,Neutral,Black,0.0,0.0,0.0,—,,6.97,0.0,0.0,0.0,0.0,0.0,0.0,,,,,,,,,,,,,—,—,Consensus Alignment,—,—,99.0,,,1.0,0.0,0.0,0.0,0.0,0.0,0.0,0.0,0.0,0.0,0.0,0.0,—,—,,5.0,,consensus,,,0.0,0.0,,,,,,,0.0,Neutral,ATL,0.032,0.15,1100.0,0.092,26.0,0.05,0.12,ATL,21.0,4.0,80.0,80.0,False,Kevin Stefanski/Rees,86.4,21.0,22.4,16.0,25.7,28.0,0.592,High 12P,10.0,Gap,18.0,Even,3.0,Passing / Garbage Time (Low Scoring Offense + Bad Defense -> Trailing Game Scripts / Air Volume),ATL,11,54.01,45.99,2.0,-4.2,K.Stefanski,16,63.0,80.2,,,,,,,,,,,-0.9251,,,,0,,,,,,,,,,,,,,,,,,,,,,,,,,,QB33,33.0,227.9,118.5,6.97,11.0,WW,,,—,0,0,99,,—,33,QB33,272.9,-111.94,439,0.434,0.0,-35.4,-6.9,6.1,-9.5,-9.5,275.1,233.6,41.5,41.5,275.1,233.6,SLEEPER,ESPN,Severe Reach (Overpriced),125.26,1.56,-0.003,124.88,-111.94,-111.94,413,32,QB32,T8,1.0,-153.5,False,False,0.0,0.0,125.26,0.0,0.0,-0.3,0.0,0.0,0.0,0.0,0.0,0.0,0.0,0.0,Tier 12,269.0,28.0,40.0,12.0,⚡ High Variance (Boom/Bust Ceiling),32.0,Tier 7,28.0,40.0,12.0
Cedric Tillman,WR,CLE,339.0,629.0,WR114,95.0,155.0,12.94,9,11,148330d9-5182-4b58-b695-8067aaba4731,0.1,0.0,cedric tillman,WR,CLE,WR_cedric_tillman_CLE,36.707,55.05,26.599999999999998,19.0,235.44,2.09,0.0,-0.5,0.0,0.0,0.0,0.0,331.0,WR135,16.19,29.0,641.6,635.3,616.4,629.0,629.0,Healthy,0,,Neutral,Black,0.0,0.0,0.0,—,,2.2,0.0,0.0,0.0,0.0,0.0,0.0,,,,,,,,,,,,,—,—,Consensus Alignment,—,—,99.0,,,1.0,0.0,0.0,0.0,0.0,0.0,0.0,0.0,0.0,0.0,0.0,0.0,—,—,,5.0,,consensus,,,0.0,0.0,,,,,,,0.0,Neutral,CLE,0.0,0.16,1280.0,0.022,29.1,0.01,0.03,CLE,27.0,2.0,40.0,40.0,False,Todd Monken,70.9,32.0,24.1,10.0,32.8,18.0,0.579,"High 12P, 21P",30.0,Zone,16.0,Even,18.0,Slugfests (Low Scoring Offense + Elite Defense -> Low Over/Unders / Grinding Games),CLE,32,46.6,53.4,5.0,-3.2,T.Monken,16,59.8,70.0,-0.0912,0.4604,0.2104,0.4502,-0.8561,-1.139,,,,,,,,,0,,,,,,,,,,,,,,,,,,,,,,,,,,,,,,,,,,,,—,0,0,99,,—,126,WR126,158.5,-112.7,360,0.232,0.0,302.6,296.3,277.4,290.0,290.0,641.6,616.4,25.2,25.2,641.6,616.4,ESPN,SLEEPER,Screaming Steal (Huge Value),26.45,-102.2,-0.014,26.08,-112.7,-112.7,414,143,WR143,T8,1.0,215.0,False,False,0.0,0.0,26.45,0.0,0.0,-1.4,0.0,0.0,0.0,0.0,0.0,0.0,0.0,0.0,Tier 12,339.0,95.0,155.0,60.0,⚡ High Variance (Boom/Bust Ceiling),114.0,Tier 9,95.0,155.0,60.0
Frank Gore Jr.,RB,BUF,491.0,567.0,RB130,109.0,132.0,10.95,10,7,cd4c8e90-06f7-11ef-a3ab-0317e25dec4e,0.1,0.0,frank gore,RB,BUF,RB_frank_gore_BUF,33.6,35.1,4.199999999999999,3.0,26.0,0.0,37.0,175.0,2.0,0.0,0.0,0.0,,,,,578.3,544.3,555.7,567.0,567.0,Healthy,0,,Neutral,Black,0.0,0.0,0.0,—,,2.0,0.0,0.0,0.0,0.0,0.0,0.0,,,,,,,,,,,,,—,—,Consensus Alignment,—,—,99.0,,,1.0,0.0,0.0,0.0,0.0,0.0,0.0,0.0,0.0,0.0,0.0,0.0,—,—,,5.0,,consensus,,,0.0,0.0,,,,,,,0.0,Neutral,BUF,0.03,0.32,2450.0,0.155,26.9,0.08,0.2,BUF,2.0,4.5,90.0,90.0,True,Joe Brady,101.1,5.0,24.4,8.0,30.1,25.0,0.655,—,32.0,Gap,11.0,Very Spread,22.0,Shootouts (High Scoring Offense + Vulnerable Defense -> Max Fantasy Ceiling),BUF,7,23.56,76.44,28.0,-1.6,J.Brady,16,,83.8,,,,,,,,,,,,,,,0,,,,,,,,,,,,,,,,,,,,,,,,,,,,,,,,,,,,—,0,0,99,,—,86,RB86,181.3,-112.93,421,0.185,0.0,87.3,53.3,64.7,76.0,76.0,578.3,544.3,34.0,34.0,578.3,544.3,ESPN,YAHOO,Screaming Steal (Huge Value),33.6,1.8,-0.006,33.4,-112.93,-112.93,415,97,RB97,T8,1.0,152.0,False,False,4.0,0.0,33.6,0.0,0.0,-0.6,0.0,0.0,0.0,0.0,0.0,0.0,0.0,0.0,Tier 12,491.0,109.0,132.0,23.0,⚡ High Variance (Boom/Bust Ceiling),130.0,Tier 10,109.0,132.0,23.0
Nick Westbrook-Ikhine,WR,IND,400.0,599.0,WR142,79.0,168.0,20.75,10,13,5e63e674-adf3-4f4e-929e-4a0ff2cfb1df,0.2,0.0,nick westbrook ikhine,WR,IND,WR_nick_westbrook_ikhine_IND,19.524,17.15,8.554,6.11,76.63,0.58,0.0,0.0,0.0,0.0,0.0,0.0,321.0,WR131,32.18,29.0,611.0,605.0,587.0,599.0,599.0,Healthy,0,,Neutral,Black,0.0,0.0,0.0,—,,1.1,0.0,0.0,0.0,0.0,0.0,0.0,,,,,,,,,,,,,—,—,Consensus Alignment,—,—,99.0,,,1.0,0.0,0.0,0.0,0.0,0.0,0.0,0.0,0.0,0.0,0.0,0.0,—,—,,5.0,,consensus,,,0.0,0.0,,,,,,,0.0,Neutral,IND,0.005,0.13,980.0,0.068,27.3,0.06,0.07,IND,5.0,4.5,90.0,90.0,False,Shane Steichen,97.4,10.0,22.2,17.0,32.7,19.0,0.691,—,20.0,Gap,10.0,Even,25.0,Balanced Environment,IND,10,36.05,63.95,14.0,-3.5,S.Steichen,16,59.3,56.8,-0.8547,0.1817,1.0675,0.6595,-1.0023,1.2704,,,,,,,,,0,,,,,,,,,,,,,,,,,,,,,,,,,,,,,,,,,,,,—,0,0,99,,—,146,WR146,158.5,-113.09,397,0.123,0.0,211.0,205.0,187.0,199.0,199.0,611.0,587.0,24.0,24.0,611.0,587.0,ESPN,SLEEPER,Screaming Steal (Huge Value),25.85,1.95,-0.006,25.69,-113.09,-113.09,416,144,WR144,T8,1.0,183.0,False,False,0.0,0.0,25.85,0.0,0.0,-0.6,0.0,0.0,0.0,0.0,0.0,0.0,0.0,0.0,Tier 12,400.0,79.0,168.0,89.0,⚡ High Variance (Boom/Bust Ceiling),142.0,Tier 9,79.0,168.0,89.0
Zavion Thomas,WR,CHI,379.0,348.0,WR134,97.0,160.0,18.13,10,10,3f22d5fe-e6e4-4aab-8992-caf75caf999a,0.3,0.0,zavion thomas,WR,CHI,WR_zavion_thomas_CHI,27.304,34.88,17.458,12.47,153.52,1.22,0.0,0.0,0.0,0.0,0.0,0.0,348.0,WR143,24.28,29.0,382.8,351.5,306.2,348.0,348.0,Healthy,0,,Neutral,Black,0.0,0.0,0.0,—,,1.6,0.0,0.0,0.0,0.0,0.0,0.0,,,,,,,,,,,,,—,—,Consensus Alignment,—,—,99.0,,,1.0,0.0,0.0,0.0,0.0,0.0,0.0,0.0,0.0,0.0,0.0,0.0,—,—,,5.0,,consensus,,,0.0,0.0,,,,,,,0.0,Neutral,CHI,0.01,0.26,2020.0,0.048,27.6,0.01,0.07,CHI,3.0,4.0,80.0,80.0,False,Ben Johnson,98.3,8.0,29.3,1.0,37.2,7.0,0.63,High 12P,4.0,Zone,6.0,Even,11.0,Balanced Environment,CHI,4,41.16,58.84,7.0,-2.7,B.Johnson,16,,62.9,,,,,,,,,,,,,Zavion Thomas,CHI,1,3.0,89.0,14.7,18.4,8.7,113.2,4.28,36.0,,190.0,2.5,24.2,93.0,3.0,,,,,,,,,,,,,,,,,,,,,,—,0,0,99,,—,139,WR139,158.5,-113.14,384,0.172,0.0,3.8,-27.5,-72.8,-31.0,-31.0,382.8,306.2,76.6,76.6,382.8,306.2,ESPN,SLEEPER,Severe Reach (Overpriced),25.79,2.9,-0.006,25.64,-113.14,-113.14,417,145,WR145,T8,1.0,-69.0,False,False,0.0,0.0,25.79,0.0,0.0,-0.6,0.0,0.0,0.0,0.0,0.0,0.0,0.0,0.0,Tier 12,379.0,97.0,160.0,63.0,⚡ High Variance (Boom/Bust Ceiling),134.0,Tier 9,97.0,160.0,63.0
Jimmy Horn Jr.,WR,CAR,448.0,521.0,WR163,136.0,189.0,18.62,11,5,f15872a6-7bc1-41e4-a2cd-0a2fbc432bf7,0.2,0.0,jimmy horn,WR,CAR,WR_jimmy_horn_CAR,21.294999999999998,21.14,9.324,6.66,75.64,0.41,6.16,36.72,0.17,0.0,0.0,0.0,329.0,WR133,29.45,29.0,531.4,526.2,510.6,521.0,521.0,Healthy,0,,Neutral,Black,0.0,0.0,0.0,—,,1.3,0.0,0.0,0.0,0.0,0.0,0.0,,,,,,,,,,,,,—,—,Consensus Alignment,—,—,99.0,,,1.0,0.0,0.0,0.0,0.0,0.0,0.0,0.0,0.0,0.0,0.0,0.0,—,—,,5.0,,consensus,,,0.0,0.0,,,,,,,0.0,Neutral,CAR,-0.015,0.25,1900.0,-0.03,28.6,-0.01,-0.04,CAR,16.0,3.0,60.0,60.0,False,Dave Canales/Idzik,78.7,27.0,19.8,24.0,33.6,15.0,0.794,High 11P,22.0,Balanced,19.0,Spread,23.0,Passing / Garbage Time (Low Scoring Offense + Bad Defense -> Trailing Game Scripts / Air Volume),CAR,8,29.48,70.52,22.0,-2.0,D.Canales,16,,59.3,,,,,,,,,,,,,,,0,,,,,,,,,,,,,,,,,,,,,,,,,,,,,,,,,,,,—,0,0,99,,—,145,WR145,158.5,-113.56,394,0.134,0.0,83.4,78.2,62.6,73.0,73.0,531.4,510.6,20.8,20.8,531.4,510.6,ESPN,SLEEPER,Screaming Steal (Huge Value),25.37,-0.25,-0.006,25.22,-113.56,-113.56,418,146,WR146,T8,1.0,103.0,False,False,0.0,0.0,25.37,0.0,0.0,-0.6,0.0,0.0,0.0,0.0,0.0,0.0,0.0,0.0,Tier 12,448.0,136.0,189.0,53.0,⚡ High Variance (Boom/Bust Ceiling),161.0,Tier 9,136.0,189.0,53.0
DJ Giddens,RB,IND,274.0,416.0,RB81,64.0,97.0,7.13,8,13,73ffa6e6-7fb3-4f34-a856-38bfd62cca15,0.7,1.0,dj giddens,RB,IND,RB_dj_giddens_IND,37.0,35.84,11.815999999999999,8.44,58.3,0.31,33.32,140.47,1.0,0.0,0.0,0.0,269.0,RB76,24.11,29.0,424.3,399.4,407.7,416.0,416.0,Healthy,0,,Neutral,Black,0.0,0.0,0.0,—,,2.18,0.0,0.0,0.0,0.0,0.0,0.0,,,,,,,,,,,,,—,—,Consensus Alignment,—,—,99.0,,,1.0,0.0,0.0,0.0,0.0,0.0,0.0,0.0,0.0,0.0,0.0,0.0,—,—,,5.0,,consensus,,,0.0,0.0,,,,,,,0.0,Neutral,IND,0.005,0.13,980.0,0.068,27.3,0.06,0.07,IND,5.0,4.5,90.0,90.0,False,Shane Steichen,97.4,10.0,22.2,17.0,32.7,19.0,0.691,—,20.0,Gap,10.0,Even,25.0,Balanced Environment,IND,10,36.05,63.95,14.0,-3.5,S.Steichen,16,,72.0,,,,,,,,,,,,,,,0,,,,,,,,,,,,,,,,,,,,,,,,,,,RB79,79.0,999.0,37.0,2.18,15.0,WW,,,—,0,0,99,,—,82,RB82,181.3,-113.83,412,0.204,0.0,150.3,125.4,133.7,142.0,142.0,424.3,399.4,24.9,24.9,424.3,399.4,ESPN,YAHOO,Screaming Steal (Huge Value),32.7,2.17,-0.006,32.5,-113.83,-113.83,419,98,RB98,T8,1.0,-3.0,False,False,0.0,0.0,32.7,0.0,0.0,-0.6,0.0,0.0,0.0,0.0,0.0,0.0,0.0,0.0,Tier 12,274.0,64.0,97.0,33.0,⚡ High Variance (Boom/Bust Ceiling),81.0,Tier 10,64.0,97.0,33.0
Trevor Etienne,RB,CAR,296.0,581.0,RB89,71.0,124.0,7.14,8,5,39e2d13c-0fb7-465f-ad8b-0b4bb73e1124,0.7,1.0,trevor etienne,RB,CAR,RB_trevor_etienne_CAR,33.2,14.79,5.768,4.12,29.26,0.14,12.32,52.39,0.3,0.0,0.0,0.0,301.0,RB85,30.99,29.0,592.6,557.8,569.4,581.0,581.0,Healthy,0,,Neutral,Black,0.0,0.0,0.0,—,,1.95,0.0,0.0,0.0,0.0,0.0,0.0,,,,,,,,,,,,,—,—,Consensus Alignment,—,—,99.0,,,1.0,0.0,0.0,0.0,0.0,0.0,0.0,0.0,0.0,0.0,0.0,0.0,—,—,,5.0,,consensus,,,0.0,0.0,,,,,,,0.0,Neutral,CAR,-0.015,0.25,1900.0,-0.03,28.6,-0.01,-0.04,CAR,16.0,3.0,60.0,60.0,False,Dave Canales/Idzik,78.7,27.0,19.8,24.0,33.6,15.0,0.794,High 11P,22.0,Balanced,19.0,Spread,23.0,Passing / Garbage Time (Low Scoring Offense + Bad Defense -> Trailing Game Scripts / Air Volume),CAR,8,29.48,70.52,22.0,-2.0,D.Canales,16,,73.0,,,,,,,,,,,,,,,0,,,,,,,,,,,,,,,,,,,,,,,,,,,RB82,82.0,999.0,33.2,1.95,15.0,WW,,,—,0,0,99,,—,87,RB87,181.3,-114.06,422,0.183,0.0,296.6,261.8,273.4,285.0,285.0,592.6,557.8,34.8,34.8,592.6,557.8,ESPN,YAHOO,Screaming Steal (Huge Value),32.46,-2.02,-0.006,32.27,-114.06,-114.06,420,99,RB99,T8,1.0,161.0,False,False,0.0,0.0,32.46,0.0,0.0,-0.6,0.0,0.0,0.0,0.0,0.0,0.0,0.0,0.0,Tier 12,296.0,71.0,124.0,53.0,⚡ High Variance (Boom/Bust Ceiling),89.0,Tier 10,71.0,124.0,53.0
Isaiah Williams,WR,NYJ,575.0,600.0,WR172,134.0,186.0,17.79,11,0,2ddb2f40-07bc-11ef-82d9-5f86367458d3,0.0,0.0,isaiah williams,WR,NYJ,WR_isaiah_williams_NYJ,22.909999999999997,27.4,16.45,11.75,114.15,0.43,2.17,12.71,0.11,0.0,0.0,0.0,343.0,WR140,26.2,29.0,489.6,484.8,470.4,480.0,480.0,Healthy,0,,Neutral,Black,0.0,0.0,0.0,—,,1.3,0.0,0.0,0.0,0.0,0.0,0.0,,,,,,,,,,,,,—,—,Consensus Alignment,—,—,99.0,,,1.0,0.0,0.0,0.0,0.0,0.0,0.0,0.0,0.0,0.0,0.0,0.0,—,—,,5.0,,consensus,,,0.0,0.0,,,,,,,0.0,Neutral,NYJ,0.015,0.21,1650.0,0.065,26.8,0.03,0.09,NYJ,17.0,3.0,60.0,60.0,False,Frank Reich,71.1,30.0,24.9,6.0,29.8,26.0,0.613,High 11P,10.0,Balanced,27.0,Spread,8.0,Balanced Environment,NYJ,17,23.57,76.43,27.0,-1.3,F.Reich,16,,81.1,,,,,,,,,,,,,,,0,,,,,,,,,,,,,,,,,,,,,,,,,,,,,,,,,,,,—,0,0,99,,—,143,WR143,158.5,-114.38,392,0.145,0.0,-85.4,-90.2,-104.6,-95.0,25.0,489.6,470.4,19.2,19.2,489.6,470.4,ESPN,SLEEPER,Screaming Steal (Huge Value),24.55,-1.35,-0.006,24.4,-114.38,-114.38,421,147,WR147,T8,1.0,179.0,False,False,4.0,0.0,24.55,0.0,0.0,-0.6,0.0,0.0,0.0,0.0,0.0,0.0,0.0,0.0,Tier 12,575.0,134.0,186.0,52.0,⚡ High Variance (Boom/Bust Ceiling),163.0,Tier 9,134.0,186.0,52.0
Raheim Sanders,RB,CLE,368.0,536.0,RB105,83.0,107.0,8.37,9,11,09b7c5d0-23ca-11f0-97f8-1902f784caec,0.1,0.0,raheim sanders,RB,CLE,RB_raheim_sanders_CLE,32.464999999999996,32.464999999999996,,,,,,,,,,,306.0,RB88,29.97,29.0,546.7,514.6,525.3,536.0,536.0,Healthy,0,,Neutral,Black,0.0,0.0,0.0,—,,1.9,0.0,0.0,0.0,0.0,0.0,0.0,,,,,,,,,,,,,—,—,Consensus Alignment,—,—,99.0,,,1.0,0.0,0.0,0.0,0.0,0.0,0.0,0.0,0.0,0.0,0.0,0.0,—,—,,5.0,,consensus,,,0.0,0.0,,,,,,,0.0,Neutral,CLE,0.0,0.16,1280.0,0.022,29.1,0.01,0.03,CLE,27.0,2.0,40.0,40.0,False,Todd Monken,70.9,32.0,24.1,10.0,32.8,18.0,0.579,"High 12P, 21P",30.0,Zone,16.0,Even,18.0,Slugfests (Low Scoring Offense + Elite Defense -> Low Over/Unders / Grinding Games),CLE,32,46.6,53.4,5.0,-3.2,T.Monken,16,,77.6,,,,,,,,,,,,,,,0,,,,,,,,,,,,,,,,,,,,,,,,,,,,,,,,,,,,—,0,0,99,,—,89,RB89,181.3,-115.05,425,0.179,0.0,178.7,146.6,157.3,168.0,168.0,546.7,514.6,32.1,32.1,546.7,514.6,ESPN,YAHOO,Screaming Steal (Huge Value),31.22,42.25,0.002,31.28,-115.05,-115.05,422,100,RB100,T8,1.0,114.0,False,False,0.0,0.0,31.22,0.0,0.0,0.2,0.0,0.0,0.0,0.0,0.0,0.0,0.0,0.0,Tier 12,368.0,83.0,107.0,24.0,⚡ High Variance (Boom/Bust Ceiling),105.0,Tier 10,83.0,107.0,24.0
Tua Tagovailoa,QB,ATL,249.0,258.5,QB31,23.0,38.0,2.08,5,11,26ad9c27-de38-495e-913c-6fb2428e76d3,1.8,4.0,tua tagovailoa,QB,ATL,QB_tua_tagovailoa_ATL,127.3,120.91,0.0,0.0,0.0,0.0,14.96,36.64,0.09,2050.25,11.14,6.32,283.0,QB33,108.5,29.0,232.7,261.1,274.0,258.5,258.5,Healthy,0,,Neutral,Black,0.0,0.0,0.0,—,,7.49,0.0,0.0,0.0,0.0,0.0,0.0,,,,,,,,,,,,,—,—,Consensus Alignment,—,—,99.0,,,1.0,0.0,0.0,0.0,0.0,0.0,0.0,0.0,0.0,0.0,0.0,0.0,—,—,,5.0,,consensus,,,0.0,0.0,,,,,,,0.0,Neutral,ATL,0.032,0.15,1100.0,0.092,26.0,0.05,0.12,ATL,21.0,4.0,80.0,80.0,False,Kevin Stefanski/Rees,86.4,21.0,22.4,16.0,25.7,28.0,0.592,High 12P,10.0,Gap,18.0,Even,3.0,Passing / Garbage Time (Low Scoring Offense + Bad Defense -> Trailing Game Scripts / Air Volume),ATL,11,54.01,45.99,2.0,-4.2,K.Stefanski,16,50.7,80.0,,,,,,,,,,,0.1614,,,,0,,,,,,,,,,,,,,,,,,,,,,,,,,,QB32,32.0,236.5,127.3,7.49,11.0,WW,,,—,0,0,99,,—,32,QB32,272.9,-115.09,416,0.466,0.0,-16.3,12.1,25.0,9.5,9.5,274.0,232.7,41.3,41.3,274.0,232.7,SLEEPER,ESPN,Screaming Steal (Huge Value),121.03,1.56,-0.003,120.67,-115.09,-115.09,423,33,QB33,T8,1.0,-164.5,False,False,-3.0,0.0,121.03,0.0,0.0,-0.3,0.0,0.0,0.0,0.0,0.0,0.0,0.0,0.0,Tier 12,249.0,23.0,38.0,15.0,⚡ High Variance (Boom/Bust Ceiling),31.0,Tier 7,23.0,38.0,15.0
Tahj Brooks,RB,CIN,298.0,444.0,RB91,77.0,136.0,7.57,8,6,8d50af87-f6dc-42cb-a7e7-11716667a1dc,0.3,0.0,tahj brooks,RB,CIN,RB_tahj_brooks_CIN,37.3,18.24,0.0,0.0,0.0,0.0,30.32,128.42,0.94,0.0,0.0,0.0,341.0,RB98,20.07,29.0,452.9,426.2,435.1,444.0,444.0,Healthy,0,,Neutral,Black,0.0,0.0,0.0,—,,2.19,0.0,0.0,0.0,0.0,0.0,0.0,,,,,,,,,,,,,—,—,Consensus Alignment,—,—,99.0,,,1.0,0.0,0.0,0.0,0.0,0.0,0.0,0.0,0.0,0.0,0.0,0.0,—,—,,5.0,,consensus,,,0.0,0.0,,,,,,,0.0,Neutral,CIN,0.05,0.18,1420.0,0.125,25.2,0.01,0.21,CIN,19.0,3.0,60.0,60.0,False,Zac Taylor,98.6,7.0,22.5,15.0,42.5,3.0,0.751,—,11.0,Gap,20.0,Very Spread,15.0,Shootouts (High Scoring Offense + Vulnerable Defense -> Max Fantasy Ceiling),CIN,28,31.69,68.31,19.0,3.6,Z.Taylor,16,,72.7,,,,,,,,,,,,,,,0,,,,,,,,,,,,,,,,,,,,,,,,,,,RB78,78.0,999.0,37.3,2.19,15.0,WW,,,—,0,0,99,,—,81,RB81,181.3,-115.21,411,0.206,0.0,154.9,128.2,137.1,146.0,146.0,452.9,426.2,26.7,26.7,452.9,426.2,ESPN,YAHOO,Screaming Steal (Huge Value),31.56,-6.0,-0.014,31.12,-115.21,-115.21,424,101,RB101,T8,1.0,20.0,False,False,0.0,0.0,31.56,0.0,0.0,-1.4,0.0,0.0,0.0,0.0,0.0,0.0,0.0,0.0,Tier 12,298.0,77.0,136.0,59.0,⚡ High Variance (Boom/Bust Ceiling),91.0,Tier 10,77.0,136.0,59.0
Devin Singletary,RB,NYG,295.0,280.0,RB87,70.0,114.0,6.63,8,8,a961b0d4-5d7c-438e-90f0-2e1fa09f6c89,0.5,1.0,devin singletary,RB,NYG,RB_devin_singletary_NYG,29.6,0.0,0.0,0.0,0.0,0.0,0.0,0.0,0.0,0.0,0.0,0.0,294.0,RB82,33.25,29.0,285.6,268.8,274.4,280.0,280.0,Healthy,0,,Neutral,Black,0.0,0.0,0.0,—,,1.74,0.0,0.0,0.0,0.0,0.0,0.0,,,,,,,,,,,,,—,—,Consensus Alignment,—,—,99.0,,,1.0,0.0,0.0,0.0,0.0,0.0,0.0,0.0,0.0,0.0,0.0,0.0,—,—,,5.0,,consensus,,,0.0,0.0,,,,,,,0.0,Neutral,NYG,-0.01,0.31,2350.0,-0.01,27.7,0.0,-0.02,NYG,18.0,3.0,60.0,60.0,True,Matt Nagy,89.6,19.0,24.1,12.0,32.6,21.0,0.558,—,21.0,Zone,17.0,Even,16.0,Shootouts (High Scoring Offense + Vulnerable Defense -> Max Fantasy Ceiling),NYG,18,38.25,61.75,12.0,1.3,M.Nagy,16,57.2,89.0,,,,,,,-0.4607,,,,,,,,0,,,,,,,,,,,,,,,,,,,,,,,,,,,RB85,85.0,999.0,29.6,1.74,15.0,WW,,,—,0,0,99,,—,92,RB92,181.3,-115.69,433,0.163,0.0,-9.4,-26.2,-20.6,-15.0,-15.0,285.6,268.8,16.8,16.8,285.6,268.8,ESPN,YAHOO,Severe Reach (Overpriced),30.82,-2.1,-0.006,30.64,-115.69,-115.69,425,102,RB102,T8,1.0,-145.0,False,False,0.0,0.0,30.82,0.0,0.0,-0.6,0.0,0.0,0.0,0.0,0.0,0.0,0.0,0.0,Tier 12,295.0,70.0,114.0,44.0,⚡ High Variance (Boom/Bust Ceiling),87.0,Tier 10,70.0,114.0,44.0
Elijah Sarratt,WR,BAL,285.0,309.5,WR97,76.0,320.0,25.61,8,13,88739764-6bec-4d65-9381-a75510c5f595,0.5,1.0,elijah sarratt,WR,BAL,WR_elijah_sarratt_BAL,25.746999999999996,33.54,15.567999999999998,11.12,165.8,1.01,0.0,0.0,0.0,0.0,0.0,0.0,362.0,WR150,20.49,29.0,340.5,312.6,272.4,309.5,309.5,Healthy,0,,Neutral,Black,0.0,0.0,0.0,—,,1.5,0.0,0.0,0.0,0.0,0.0,0.0,,,,,,,,,,,,,—,—,Consensus Alignment,—,—,99.0,,,1.0,0.0,0.0,0.0,0.0,0.0,0.0,0.0,0.0,0.0,0.0,0.0,—,—,,5.0,,consensus,,,0.0,0.0,,,,,,,0.0,Neutral,BAL,-0.045,0.15,1150.0,0.165,28.4,0.15,0.18,BAL,11.0,3.0,60.0,60.0,True,Declan Doyle,86.1,22.0,29.3,1.0,37.2,7.0,0.63,High 12P,8.0,Zone,6.0,Even,11.0,Chew the Clock (High Scoring Offense + Elite Defense -> Run-Heavy Second Halves),BAL,26,59.85,40.15,1.0,0.0,Unknown,16,,85.4,,,,,,,,,,,,,Elijah Sarratt,BAL,1,4.0,115.0,6.9,9.1,20.0,,,,,210.0,8.3,72.8,,32.0,,,,,,,,,,,,,,,,,,,,,,—,0,0,99,,—,141,WR141,158.5,-115.98,386,0.162,0.0,55.5,27.6,-12.6,24.5,24.5,340.5,272.4,68.1,68.1,340.5,272.4,ESPN,SLEEPER,Screaming Steal (Huge Value),23.12,-7.15,-0.014,22.8,-115.98,-115.98,426,148,WR148,T8,1.0,-116.5,False,False,4.0,0.0,23.12,0.0,0.0,-1.4,0.0,0.0,0.0,0.0,0.0,0.0,0.0,0.0,Tier 12,285.0,76.0,320.0,244.0,⚡ High Variance (Boom/Bust Ceiling),97.0,Tier 9,76.0,320.0,244.0
Greg Dortch,WR,DET,410.0,479.0,WR148,116.0,174.0,15.38,10,6,4484c7d1-025a-4f26-8e9b-48503afb0c68,0.1,0.0,greg dortch,WR,DET,WR_greg_dortch_DET,17.014,14.12,5.739999999999999,4.1,39.67,0.27,4.64,23.97,0.37,0.0,0.0,0.0,334.0,WR138,28.48,29.0,488.6,483.8,469.4,479.0,479.0,Healthy,0,,Neutral,Black,0.0,0.0,0.0,—,,1.0,0.0,0.0,0.0,0.0,0.0,0.0,,,,,,,,,,,,,—,—,Consensus Alignment,—,—,99.0,,,1.0,0.0,0.0,0.0,0.0,0.0,0.0,0.0,0.0,0.0,0.0,0.0,—,—,,5.0,,consensus,,,0.0,0.0,,,,,,,0.0,Neutral,DET,0.018,0.09,720.0,0.16,26.4,0.11,0.19,DET,15.0,3.5,70.0,70.0,False,Drew Petzing,107.7,3.0,21.4,20.0,26.1,27.0,0.62,—,3.0,Gap,24.0,Even,11.0,Balanced Environment,DET,16,30.85,69.15,20.0,-1.1,D.Petzing,16,72.7,87.8,1.3647,0.1178,2.2173,3.3512,-0.6019,-2.3039,,,,,,,,,0,,,,,,,,,,,,,,,,,,,,,,,,,,,,,,,,,,,,—,0,0,99,,—,150,WR150,158.5,-116.17,402,0.107,0.0,78.6,73.8,59.4,69.0,69.0,488.6,469.4,19.2,19.2,488.6,469.4,ESPN,SLEEPER,Screaming Steal (Huge Value),22.75,-0.06,-0.006,22.61,-116.17,-116.17,427,149,WR149,T8,1.0,52.0,False,False,0.0,0.0,22.75,0.0,0.0,-0.6,0.0,0.0,0.0,0.0,0.0,0.0,0.0,0.0,Tier 12,410.0,116.0,174.0,58.0,⚡ High Variance (Boom/Bust Ceiling),148.0,Tier 9,116.0,174.0,58.0
Kirk Cousins,QB,LV,267.0,268.5,QB33,27.0,39.0,2.04,5,13,bbd0942c-6f77-4f83-a6d0-66ec6548019e,2.2,3.0,kirk cousins,QB,LV,QB_kirk_cousins_LV,111.7,47.02,0.0,0.0,0.0,0.0,5.23,8.99,0.09,780.8,5.03,3.89,284.0,QB34,135.09,29.0,241.7,271.2,284.6,268.5,268.5,Healthy,0,,Neutral,Black,0.0,0.0,0.0,—,,6.57,0.0,0.0,0.0,0.0,0.0,0.0,,,,,,,,,,,,,—,—,Consensus Alignment,—,—,99.0,,,1.0,0.0,0.0,0.0,0.0,0.0,0.0,0.0,0.0,0.0,0.0,0.0,—,—,,5.0,,consensus,,,0.0,0.0,,,,,,,0.0,Neutral,LV,-0.005,0.29,2250.0,0.015,28.5,-0.04,0.05,LV,28.0,2.5,50.0,50.0,False,Klint Kubiak,70.9,31.0,22.8,14.0,34.5,14.0,0.696,—,27.0,Zone,13.0,Even,19.0,Passing / Garbage Time (Low Scoring Offense + Bad Defense -> Trailing Game Scripts / Air Volume),LV,24,40.2,59.8,8.0,-4.3,K.Kubiak,16,70.4,,,,,,,,,,,,0.4311,,,,0,,,,,,,,,,,,,,,,,,,,,,,,,,,QB34,34.0,999.0,111.7,6.57,12.0,WW,,,—,0,0,99,,—,34,QB34,272.9,-116.24,452,0.409,0.0,-25.3,4.2,17.6,1.5,1.5,284.6,241.7,42.9,42.9,284.6,241.7,SLEEPER,ESPN,Fair Market Value,119.5,-3.15,-0.003,119.14,-116.24,-116.24,428,34,QB34,T8,1.0,-159.5,False,False,0.0,0.0,119.5,0.0,0.0,-0.3,0.0,0.0,0.0,0.0,0.0,0.0,0.0,0.0,Tier 12,267.0,27.0,39.0,12.0,⚡ High Variance (Boom/Bust Ceiling),33.0,Tier 7,27.0,39.0,12.0
Will Shipley,RB,PHI,314.0,480.0,RB98,82.0,114.0,5.32,9,10,796e223d-e8d5-42ab-afb4-557fa6183357,0.6,0.0,will shipley,RB,PHI,RB_will_shipley_PHI,29.3,27.59,15.834,11.31,83.45,0.4,9.25,39.57,0.3,0.0,0.0,0.0,297.0,RB84,31.91,29.0,489.6,460.8,470.4,480.0,480.0,Healthy,0,,Neutral,Black,0.0,0.0,0.0,—,,1.72,0.0,0.0,0.0,0.0,0.0,0.0,,,,,,,,,,,,,—,—,Consensus Alignment,—,—,99.0,,,1.0,0.0,0.0,0.0,0.0,0.0,0.0,0.0,0.0,0.0,0.0,0.0,—,—,,5.0,,consensus,,,0.0,0.0,,,,,,,0.0,Neutral,PHI,0.025,0.08,640.0,0.138,27.2,0.12,0.15,PHI,14.0,4.0,80.0,80.0,True,Sean Mannion,85.2,24.0,23.0,13.0,36.3,9.0,0.667,—,16.0,Balanced,5.0,Condensed,15.0,Chew the Clock (High Scoring Offense + Elite Defense -> Run-Heavy Second Halves),PHI,2,35.05,64.95,16.0,0.0,Unknown,16,,65.6,,,,,,,,,,,,,,,0,,,,,,,,,,,,,,,,,,,,,,,,,,,RB86,86.0,999.0,29.3,1.72,15.0,WW,,,—,0,0,99,,—,93,RB93,181.3,-116.34,434,0.162,0.0,175.6,146.8,156.4,166.0,166.0,489.6,460.8,28.8,28.8,489.6,460.8,ESPN,YAHOO,Screaming Steal (Huge Value),30.17,3.38,-0.006,29.99,-116.34,-116.34,429,103,RB103,T8,1.0,51.0,False,False,0.0,0.0,30.17,0.0,0.0,-0.6,0.0,0.0,0.0,0.0,0.0,0.0,0.0,0.0,Tier 12,314.0,82.0,114.0,32.0,⚡ High Variance (Boom/Bust Ceiling),98.0,Tier 10,82.0,114.0,32.0
Austin Ekeler,RB,FA,416.0,411.5,RB114,98.0,136.0,10.18,10,0,e5b8c439-a48a-4f83-b63b-1a4d30e04cd3,0.1,0.0,austin ekeler,RB,FA,RB_austin_ekeler_FA,30.1,33.1,8.399999999999999,6.0,61.0,0.0,35.0,150.0,1.0,0.0,0.0,0.0,,,,,419.7,395.0,403.3,411.5,411.5,Healthy,0,,Neutral,Black,0.0,0.0,0.0,—,,1.8,0.0,0.0,0.0,0.0,0.0,0.0,,,,,,,,,,,,,—,—,Consensus Alignment,—,—,99.0,,,1.0,0.0,0.0,0.0,0.0,0.0,0.0,0.0,0.0,0.0,0.0,0.0,—,—,,5.0,,consensus,,,0.0,0.0,,,,,,,0.0,Neutral,,0.0,0.15,,,,,,,,,80.0,80.0,,,,,,,,,0.5,,,,,,,,,16,35.0,65.0,,0.0,—,16,67.0,,,,,,,,-0.5581,,,,,,,,0,,,,,,,,,,,,,,,,,,,,,,,,,,,,,,,,,,,,—,0,0,99,,—,91,RB91,181.3,-116.41,431,0.166,0.0,3.7,-21.0,-12.7,-4.5,-4.5,419.7,395.0,24.7,24.7,419.7,395.0,ESPN,YAHOO,Overpriced Fade,30.1,0.75,-0.006,29.92,-116.41,-116.41,430,104,RB104,T8,1.0,-18.5,False,False,0.0,0.0,30.1,0.0,0.0,-0.6,0.0,0.0,0.0,0.0,0.0,0.0,0.0,0.0,Tier 12,416.0,98.0,136.0,38.0,⚡ High Variance (Boom/Bust Ceiling),114.0,Tier 10,98.0,136.0,38.0
Sean Tucker,RB,TB,185.0,218.0,RB61,48.0,103.0,7.41,7,10,6d616c10-f35e-11ed-b721-9b68b08a2e09,0.9,2.0,sean tucker,RB,TB,RB_sean_tucker_TB,27.3,32.11,2.086,1.49,10.2,0.04,39.31,163.61,2.22,0.0,0.0,0.0,290.0,RB80,34.56,29.0,222.4,209.3,213.6,218.0,218.0,Healthy,0,,Neutral,Black,0.0,0.0,0.0,—,,1.61,0.0,0.0,0.0,0.0,0.0,0.0,,,,,,,,,,,,,—,—,Consensus Alignment,—,—,99.0,,,1.0,0.0,0.0,0.0,0.0,0.0,0.0,0.0,0.0,0.0,0.0,0.0,—,—,,5.0,,consensus,,,0.0,0.0,,,,,,,0.0,Neutral,TB,0.028,0.11,820.0,0.078,27.5,-0.03,0.14,TB,26.0,4.0,80.0,80.0,False,Zac Robinson,89.8,18.0,27.9,2.0,30.4,24.0,0.75,High 12P,13.0,Zone,2.0,Condensed,20.0,Slugfests (Low Scoring Offense + Elite Defense -> Low Over/Unders / Grinding Games),TB,5,26.78,73.22,23.0,-6.6,Z.Robinson,16,62.7,70.0,,,,,,,-1.4079,,,,,,,,0,,,,,,,,,,,,,,,,,,,,,,,,,,,RB87,87.0,243.9,27.3,1.61,15.0,WW,,,—,0,0,99,,—,95,RB95,181.3,-116.79,438,0.151,0.0,37.4,24.3,28.6,33.0,33.0,222.4,209.3,13.1,13.1,222.4,209.3,ESPN,YAHOO,Screaming Steal (Huge Value),29.72,3.33,-0.006,29.54,-116.79,-116.79,431,105,RB105,T8,1.0,-213.0,False,False,0.0,0.0,29.72,0.0,0.0,-0.6,0.0,0.0,0.0,0.0,0.0,0.0,0.0,0.0,Tier 12,185.0,48.0,103.0,55.0,⚡ High Variance (Boom/Bust Ceiling),61.0,Tier 10,48.0,103.0,55.0
Emanuel Wilson,RB,SEA,213.0,263.5,RB66,52.0,121.0,9.25,7,11,05266280-f323-11ed-bd27-0bcbcaae8d67,0.7,2.0,emanuel wilson,RB,SEA,RB_emanuel_wilson_SEA,35.2,51.27,10.751999999999999,7.68,52.13,0.03,70.21,290.48,1.71,0.0,0.0,0.0,346.0,RB99,18.11,29.0,268.8,253.0,258.2,263.5,263.5,Healthy,0,,Neutral,Black,0.0,0.0,0.0,—,,2.07,0.0,0.0,0.0,0.0,0.0,0.0,,,,,,,,,,,,,—,—,Consensus Alignment,—,—,99.0,,,1.0,0.0,0.0,0.0,0.0,0.0,0.0,0.0,0.0,0.0,0.0,0.0,—,—,,5.0,,consensus,,,0.0,0.0,,,,,,,0.0,Neutral,SEA,0.0,0.17,1340.0,0.058,28.0,0.02,0.08,SEA,10.0,3.5,70.0,70.0,False,Brian Fleury,96.6,11.0,26.4,4.0,32.9,17.0,0.774,—,16.0,Zone,4.0,Even,14.0,Chew the Clock (High Scoring Offense + Elite Defense -> Run-Heavy Second Halves),SEA,14,46.7,53.3,4.0,0.0,Unknown,16,58.6,,,,,,,,-0.3508,,,,,,,,0,,,,,,,,,,,,,,,,,,,,,,,,,,,RB81,81.0,250.3,35.2,2.07,15.0,WW,,,—,0,0,99,,—,85,RB85,181.3,-117.01,418,0.194,0.0,55.8,40.0,45.2,50.5,50.5,268.8,253.0,15.8,15.8,268.8,253.0,ESPN,YAHOO,Screaming Steal (Huge Value),29.5,1.75,-0.006,29.32,-117.01,-117.01,432,106,RB106,T8,1.0,-168.5,False,False,0.0,0.0,29.5,0.0,0.0,-0.6,0.0,0.0,0.0,0.0,0.0,0.0,0.0,0.0,Tier 12,213.0,52.0,121.0,69.0,⚡ High Variance (Boom/Bust Ceiling),66.0,Tier 10,52.0,121.0,69.0
Kendre Miller,RB,NO,284.0,292.5,RB82,58.0,109.0,8.52,8,8,66627686-34fe-4599-84ac-e436fd7d798a,0.6,1.0,kendre miller,RB,NO,RB_kendre_miller_NO,26.8,22.41,2.464,1.76,10.95,0.02,29.42,119.95,1.25,0.0,0.0,0.0,315.0,RB91,27.66,29.0,298.4,280.8,286.6,292.5,292.5,Healthy,0,,Neutral,Black,0.0,0.0,0.0,—,,1.58,0.0,0.0,0.0,0.0,0.0,0.0,,,,,,,,,,,,,—,—,Consensus Alignment,—,—,99.0,,,1.0,0.0,0.0,0.0,0.0,0.0,0.0,0.0,0.0,0.0,0.0,0.0,—,—,,5.0,,consensus,,,0.0,0.0,,,,,,,0.0,Neutral,NO,0.005,0.15,1150.0,0.035,28.2,-0.03,0.08,NO,30.0,3.0,60.0,60.0,True,Kellen Moore,85.7,23.0,22.1,18.0,35.8,10.0,0.663,High 11P,1.0,Zone,5.0,Even,27.0,Passing / Garbage Time (Low Scoring Offense + Bad Defense -> Trailing Game Scripts / Air Volume),NO,22,25.49,74.51,25.0,-2.3,K.Moore,16,,79.2,,,,,,,,,,,,,,,0,,,,,,,,,,,,,,,,,,,,,,,,,,,RB88,88.0,224.8,26.8,1.58,16.0,WW,,,—,0,0,99,,—,96,RB96,181.3,-119.4,440,0.148,0.0,14.4,-3.2,2.6,8.5,8.5,298.4,280.8,17.6,17.6,298.4,280.8,ESPN,YAHOO,Screaming Steal (Huge Value),27.09,-2.33,-0.006,26.93,-119.4,-119.4,433,107,RB107,T8,1.0,-140.5,False,False,0.0,0.0,27.09,0.0,0.0,-0.6,0.0,0.0,0.0,0.0,0.0,0.0,0.0,0.0,Tier 12,284.0,58.0,109.0,51.0,⚡ High Variance (Boom/Bust Ceiling),82.0,Tier 10,58.0,109.0,51.0
John Metchie III,WR,CAR,387.0,564.0,WR137,100.0,161.0,17.67,10,5,2995df34-ee81-4320-be1e-1c497b83c927,0.1,0.0,john metchie,WR,CAR,WR_john_metchie_CAR,19.470999999999997,19.470999999999997,,,,,,,,,,,,,,,575.3,569.6,552.7,564.0,564.0,Healthy,0,,Neutral,Black,0.0,0.0,0.0,—,,1.1,0.0,0.0,0.0,0.0,0.0,0.0,,,,,,,,,,,,,—,—,Consensus Alignment,—,—,99.0,,,1.0,0.0,0.0,0.0,0.0,0.0,0.0,0.0,0.0,0.0,0.0,0.0,—,—,,5.0,,consensus,,,0.0,0.0,,,,,,,0.0,Neutral,CAR,-0.015,0.25,1900.0,-0.03,28.6,-0.01,-0.04,CAR,16.0,3.0,60.0,60.0,False,Dave Canales/Idzik,78.7,27.0,19.8,24.0,33.6,15.0,0.794,High 11P,22.0,Balanced,19.0,Spread,23.0,Passing / Garbage Time (Low Scoring Offense + Bad Defense -> Trailing Game Scripts / Air Volume),CAR,8,29.48,70.52,22.0,-2.0,D.Canales,16,57.4,76.8,1.7775,-0.0694,-1.7815,-0.8007,-0.6191,-0.6833,,,,,,,,,0,,,,,,,,,,,,,,,,,,,,,,,,,,,,,,,,,,,,—,0,0,99,,—,147,WR147,158.5,-119.43,398,0.123,0.0,188.3,182.6,165.7,177.0,177.0,575.3,552.7,22.6,22.6,575.3,552.7,ESPN,SLEEPER,Screaming Steal (Huge Value),19.47,-0.25,-0.006,19.35,-119.43,-119.43,434,150,WR150,T8,1.0,130.0,False,False,0.0,0.0,19.47,0.0,0.0,-0.6,0.0,0.0,0.0,0.0,0.0,0.0,0.0,0.0,Tier 12,387.0,100.0,161.0,61.0,⚡ High Variance (Boom/Bust Ceiling),137.0,Tier 9,100.0,161.0,61.0
Lil'Jordan Humphrey,WR,DEN,449.0,353.0,WR162,154.0,183.0,10.23,11,10,b7f930af-ddd2-4a48-9617-96bda81b0334,0.2,0.0,liljordan humphrey,WR,DEN,WR_liljordan_humphrey_DEN,18.918,18.918,,,,,,,,,,,,,,,360.1,356.5,345.9,353.0,353.0,Healthy,0,,Neutral,Black,0.0,0.0,0.0,—,,1.1,0.0,0.0,0.0,0.0,0.0,0.0,,,,,,,,,,,,,—,—,Consensus Alignment,—,—,99.0,,,1.0,0.0,0.0,0.0,0.0,0.0,0.0,0.0,0.0,0.0,0.0,0.0,—,—,,5.0,,consensus,,,0.0,0.0,,,,,,,0.0,Neutral,DEN,-0.018,0.27,2100.0,0.02,28.9,0.01,0.03,DEN,4.0,5.0,100.0,100.0,True,Sean Payton/Webb,94.5,13.0,24.2,9.0,32.6,21.0,0.563,—,7.0,Gap,26.0,Most Spread,2.0,Balanced Environment,DEN,1,17.22,82.78,31.0,1.7,S.Payton,16,61.2,81.4,0.7416,-0.7029,1.0769,0.463,-0.9349,0.1733,,,,,,,,,0,,,,,,,,,,,,,,,,,,,,,,,,,,,,,,,,,,,,—,0,0,99,,—,149,WR149,158.5,-119.97,400,0.119,0.0,-88.9,-92.5,-103.1,-96.0,-96.0,360.1,345.9,14.2,14.2,360.1,345.9,ESPN,SLEEPER,Severe Reach (Overpriced),18.92,4.46,-0.006,18.81,-119.97,-119.97,435,151,WR151,T8,1.0,-82.0,False,False,0.0,0.0,18.92,0.0,0.0,-0.6,0.0,0.0,0.0,0.0,0.0,0.0,0.0,0.0,Tier 12,449.0,154.0,183.0,29.0,⚡ High Variance (Boom/Bust Ceiling),160.0,Tier 9,154.0,183.0,29.0
Dont'e Thornton Jr.,WR,LV,369.0,478.0,WR132,99.0,189.0,20.59,10,13,483606b2-c0c9-4da2-8fcf-73d2615756c7,0.1,0.0,donte thornton,WR,LV,WR_donte_thornton_LV,15.504999999999999,16.02,8.456,6.04,82.97,0.3,0.0,0.0,0.0,0.0,0.0,0.0,357.0,WR147,21.35,29.0,487.6,482.8,468.4,478.0,478.0,Healthy,0,,Neutral,Black,0.0,0.0,0.0,—,,0.9,0.0,0.0,0.0,0.0,0.0,0.0,,,,,,,,,,,,,—,—,Consensus Alignment,—,—,99.0,,,1.0,0.0,0.0,0.0,0.0,0.0,0.0,0.0,0.0,0.0,0.0,0.0,—,—,,5.0,,consensus,,,0.0,0.0,,,,,,,0.0,Neutral,LV,-0.005,0.29,2250.0,0.015,28.5,-0.04,0.05,LV,28.0,2.5,50.0,50.0,False,Klint Kubiak,70.9,31.0,22.8,14.0,34.5,14.0,0.696,—,27.0,Zone,13.0,Even,19.0,Passing / Garbage Time (Low Scoring Offense + Bad Defense -> Trailing Game Scripts / Air Volume),LV,24,40.2,59.8,8.0,-4.3,K.Kubiak,16,51.4,81.6,,-1.395,,-1.3427,-1.4999,-1.0045,,,,,,,,,0,,,,,,,,,,,,,,,,,,,,,,,,,,,,,,,,,,,,—,0,0,99,,—,154,WR154,158.5,-120.46,408,0.098,0.0,118.6,113.8,99.4,109.0,109.0,487.6,468.4,19.2,19.2,487.6,468.4,ESPN,SLEEPER,Screaming Steal (Huge Value),18.43,-3.15,-0.006,18.32,-120.46,-120.46,436,152,WR152,T8,1.0,42.0,False,False,-3.0,0.0,18.43,0.0,0.0,-0.6,0.0,0.0,0.0,0.0,0.0,0.0,0.0,0.0,Tier 12,369.0,99.0,189.0,90.0,⚡ High Variance (Boom/Bust Ceiling),132.0,Tier 9,99.0,189.0,90.0
Jaylin Lane,WR,WAS,377.0,540.0,WR130,109.0,162.0,13.32,10,7,2ec24c7a-8d5d-453a-b45d-03eb27c645d0,0.1,0.0,jaylin lane,WR,WAS,WR_jaylin_lane_WAS,23.741,34.66,17.401999999999997,12.43,159.46,1.09,0.0,0.0,0.0,0.0,0.0,0.0,408.0,WR166,12.87,29.0,550.8,545.4,529.2,540.0,540.0,Healthy,0,,Neutral,Black,0.0,0.0,0.0,—,,1.4,0.0,0.0,0.0,0.0,0.0,0.0,,,,,,,,,,,,,—,—,Consensus Alignment,—,—,99.0,,,1.0,0.0,0.0,0.0,0.0,0.0,0.0,0.0,0.0,0.0,0.0,0.0,—,—,,5.0,,consensus,,,0.0,0.0,,,,,,,0.0,Neutral,WAS,0.012,0.23,1780.0,0.088,25.1,0.07,0.1,WAS,24.0,2.0,40.0,40.0,True,David Blough,80.9,26.0,22.0,18.0,36.0,10.0,0.65,More 12P,5.0,Gap,12.0,Even,12.0,Shootouts (High Scoring Offense + Vulnerable Defense -> Max Fantasy Ceiling),WAS,25,30.3,69.7,21.0,0.0,Unknown,16,,72.6,,,,,,,,,,,,,,,0,,,,,,,,,,,,,,,,,,,,,,,,,,,,,,,,,,,,—,0,0,99,,—,142,WR142,158.5,-120.58,389,0.15,0.0,173.8,168.4,152.2,163.0,163.0,550.8,529.2,21.6,21.6,550.8,529.2,ESPN,SLEEPER,Screaming Steal (Huge Value),18.31,-3.84,-0.006,18.2,-120.58,-120.58,437,153,WR153,T8,1.0,103.0,False,False,0.0,0.0,18.31,0.0,0.0,-0.6,0.0,0.0,0.0,0.0,0.0,0.0,0.0,0.0,Tier 12,377.0,109.0,162.0,53.0,⚡ High Variance (Boom/Bust Ceiling),130.0,Tier 9,109.0,162.0,53.0
Damien Martinez,RB,GB,418.0,500.0,RB113,100.0,144.0,11.01,10,11,487da97d-a1e8-4a1f-9b43-085944ea1a44,0.0,0.0,damien martinez,RB,GB,RB_damien_martinez_GB,26.1,26.1,,,,,,,,,,,,,,,426.4,401.3,409.6,418.0,418.0,Healthy,0,,Neutral,Black,0.0,0.0,0.0,—,,1.5,0.0,0.0,0.0,0.0,0.0,0.0,,,,,,,,,,,,,—,—,Consensus Alignment,—,—,99.0,,,1.0,0.0,0.0,0.0,0.0,0.0,0.0,0.0,0.0,0.0,0.0,0.0,—,—,,5.0,,consensus,,,0.0,0.0,,,,,,,0.0,Neutral,GB,0.02,0.16,1300.0,0.112,27.8,0.04,0.16,GB,20.0,2.0,40.0,40.0,False,Matt LaFleur,90.5,16.0,23.0,13.0,36.3,9.0,0.667,High 12P,19.0,Balanced,8.0,Very Condensed,17.0,Chew the Clock (High Scoring Offense + Elite Defense -> Run-Heavy Second Halves),GB,27,38.22,61.78,13.0,-1.0,M.LaFleur,16,,82.3,,,,,,,,,,,,,,,0,,,,,,,,,,,,,,,,,,,,,,,,,,,,,,,,,,,,—,0,0,99,,—,97,RB97,181.3,-120.6,442,0.144,0.0,8.4,-16.7,-8.4,0.0,82.0,426.4,401.3,25.1,25.1,426.4,401.3,ESPN,YAHOO,Screaming Steal (Huge Value),26.1,-5.55,-0.014,25.73,-120.6,-120.6,438,108,RB108,T8,1.0,62.0,False,False,4.0,0.0,26.1,0.0,0.0,-1.4,0.0,0.0,0.0,0.0,0.0,0.0,0.0,0.0,Tier 12,418.0,100.0,144.0,44.0,⚡ High Variance (Boom/Bust Ceiling),113.0,Tier 10,100.0,144.0,44.0
Zavier Scott,RB,MIN,436.0,500.0,RB122,95.0,122.0,7.92,10,6,3b133980-eb9a-11ed-8b52-a11a185238e2,0.0,0.0,zavier scott,RB,MIN,RB_zavier_scott_MIN,25.5,0.0,0.0,0.0,0.0,0.0,0.0,0.0,0.0,0.0,0.0,0.0,519.0,RB136,0.5,29.0,444.7,418.6,427.3,436.0,436.0,Healthy,0,,Neutral,Black,0.0,0.0,0.0,—,,1.5,0.0,0.0,0.0,0.0,0.0,0.0,,,,,,,,,,,,,—,—,Consensus Alignment,—,—,99.0,,,1.0,0.0,0.0,0.0,0.0,0.0,0.0,0.0,0.0,0.0,0.0,0.0,—,—,,5.0,,consensus,,,0.0,0.0,,,,,,,0.0,Neutral,MIN,0.035,0.19,1580.0,0.085,27.1,-0.02,0.15,MIN,9.0,4.0,80.0,80.0,True,Kevin O'Connell,76.2,28.0,18.9,26.0,37.4,5.0,0.691,—,25.0,Balanced,23.0,Condensed,5.0,Shootouts (High Scoring Offense + Vulnerable Defense -> Max Fantasy Ceiling),MIN,12,31.97,68.03,18.0,1.4,K.O'Connell,16,,,,,,,,,,,,,,,,,0,,,,,,,,,,,,,,,,,,,,,,,,,,,RB90,90.0,693.0,25.5,1.5,15.0,WW,,,—,0,0,99,,—,100,RB100,181.3,-120.98,445,0.141,0.0,8.7,-17.4,-8.7,0.0,64.0,444.7,418.6,26.1,26.1,444.7,418.6,ESPN,YAHOO,Screaming Steal (Huge Value),25.5,0.22,-0.006,25.35,-120.98,-120.98,439,109,RB109,T8,1.0,61.0,False,False,0.0,0.0,25.5,0.0,0.0,-0.6,0.0,0.0,0.0,0.0,0.0,0.0,0.0,0.0,Tier 12,436.0,95.0,122.0,27.0,⚡ High Variance (Boom/Bust Ceiling),122.0,Tier 10,95.0,122.0,27.0
Michael Carter,RB,TEN,362.0,650.0,RB103,88.0,165.0,14.07,9,9,7f119181-4c9f-4a9f-bccc-357277b64a8d,0.1,0.0,michael carter,RB,TEN,RB_michael_carter_TEN,25.65333333333333,25.65333333333333,,,,,,,,,,,,,,,663.0,624.0,637.0,650.0,650.0,Healthy,0,,Neutral,Black,0.0,0.0,0.0,—,,1.5,0.0,0.0,0.0,0.0,0.0,0.0,,,,,,,,,,,,,—,—,Consensus Alignment,—,—,99.0,,,1.0,0.0,0.0,0.0,0.0,0.0,0.0,0.0,0.0,0.0,0.0,0.0,—,—,,5.0,,consensus,,,0.0,0.0,,,,,,,0.0,Neutral,TEN,-0.02,0.33,2550.0,0.01,29.0,0.03,-0.01,TEN,25.0,2.0,40.0,40.0,False,Brian Daboll,74.1,29.0,19.9,23.0,32.6,21.0,0.588,High 12P,12.0,Balanced,28.0,Very Spread,13.0,Slugfests (Low Scoring Offense + Elite Defense -> Low Over/Unders / Grinding Games),TEN,31,20.11,79.89,29.0,-1.4,B.Daboll,16,,87.4,,,,,,,,,,,,,,,0,,,,,,,,,,,,,,,,,,,,,,,,,,,,,,,,,,,,—,0,0,99,,—,98,RB98,181.3,-121.04,443,0.141,0.0,301.0,262.0,275.0,288.0,288.0,663.0,624.0,39.0,39.0,663.0,624.0,ESPN,YAHOO,Screaming Steal (Huge Value),25.65,-7.95,-0.014,25.29,-121.04,-121.04,440,110,RB110,T8,1.0,210.0,False,False,4.0,0.0,25.65,0.0,0.0,-1.4,0.0,0.0,0.0,0.0,0.0,0.0,0.0,0.0,Tier 12,362.0,88.0,165.0,77.0,⚡ High Variance (Boom/Bust Ceiling),103.0,Tier 10,88.0,165.0,77.0
Marquez Valdes-Scantling,WR,DAL,455.0,469.0,WR167,137.0,159.0,7.99,11,14,e7f0a505-8060-403e-a3b3-9d4e88dda1dc,0.1,0.0,marquez valdes scantling,WR,DAL,WR_marquez_valdes_scantling_DAL,16.540999999999997,16.540999999999997,,,,,,,,,,,,,,,478.4,473.7,459.6,469.0,469.0,Healthy,0,,Neutral,Black,0.0,0.0,0.0,—,,1.0,0.0,0.0,0.0,0.0,0.0,0.0,,,,,,,,,,,,,—,—,Consensus Alignment,—,—,99.0,,,1.0,0.0,0.0,0.0,0.0,0.0,0.0,0.0,0.0,0.0,0.0,0.0,—,—,,5.0,,consensus,,,0.0,0.0,,,,,,,0.0,Neutral,DAL,0.055,0.22,1680.0,0.115,24.8,-0.04,0.2,DAL,8.0,4.0,80.0,80.0,False,Brian Schottenheimer,109.1,2.0,24.1,10.0,39.9,4.0,0.666,High 11P,2.0,Gap,12.0,Very Condensed,24.0,Shootouts (High Scoring Offense + Vulnerable Defense -> Max Fantasy Ceiling),DAL,15,26.43,73.57,24.0,-3.4,B.Schottenheimer,16,50.0,62.7,,-1.4862,,-0.7595,-0.9381,-0.3327,,,,,,,,,0,,,,,,,,,,,,,,,,,,,,,,,,,,,,,,,,,,,,—,0,0,99,,—,152,WR152,158.5,-122.34,405,0.104,0.0,23.4,18.7,4.6,14.0,14.0,478.4,459.6,18.8,18.8,478.4,459.6,ESPN,SLEEPER,Screaming Steal (Huge Value),16.54,2.25,-0.006,16.44,-122.34,-122.34,441,154,WR154,T8,1.0,28.0,False,False,-3.0,0.0,16.54,0.0,0.0,-0.6,0.0,0.0,0.0,0.0,0.0,0.0,0.0,0.0,Tier 12,455.0,137.0,159.0,22.0,⚡ High Variance (Boom/Bust Ceiling),162.0,Tier 9,137.0,162.0,25.0
Jaleel McLaughlin,RB,DEN,310.0,617.0,RB97,70.0,121.0,8.59,9,10,60b4ded0-f321-11ed-ab27-e38fa04fd6c0,0.1,0.0,jaleel mclaughlin,RB,DEN,RB_jaleel_mclaughlin_DEN,23.5015,23.5015,,,,,,,,,,,385.0,RB112,5.9,29.0,629.3,592.3,604.7,617.0,617.0,Healthy,0,,Neutral,Black,0.0,0.0,0.0,—,,1.4,0.0,0.0,0.0,0.0,0.0,0.0,,,,,,,,,,,,,—,—,Consensus Alignment,—,—,99.0,,,1.0,0.0,0.0,0.0,0.0,0.0,0.0,0.0,0.0,0.0,0.0,0.0,—,—,,5.0,,consensus,,,0.0,0.0,,,,,,,0.0,Neutral,DEN,-0.018,0.27,2100.0,0.02,28.9,0.01,0.03,DEN,4.0,5.0,100.0,100.0,True,Sean Payton/Webb,94.5,13.0,24.2,9.0,32.6,21.0,0.563,—,7.0,Gap,26.0,Most Spread,2.0,Balanced Environment,DEN,1,17.22,82.78,31.0,1.7,S.Payton,16,63.9,,,,,,,,1.5127,,,,,,,,0,,,,,,,,,,,,,,,,,,,,,,,,,,,,,,,,,,,,—,0,0,99,,—,101,RB101,181.3,-122.78,447,0.13,0.0,319.3,282.3,294.7,307.0,307.0,629.3,592.3,37.0,37.0,629.3,592.3,ESPN,YAHOO,Screaming Steal (Huge Value),23.5,7.02,0.002,23.55,-122.78,-122.78,442,111,RB111,T8,1.0,175.0,False,False,0.0,0.0,23.5,0.0,0.0,0.2,0.0,0.0,0.0,0.0,0.0,0.0,0.0,0.0,Tier 12,310.0,70.0,121.0,51.0,⚡ High Variance (Boom/Bust Ceiling),97.0,Tier 10,70.0,121.0,51.0
Mitch Tinsley,WR,CIN,463.0,615.0,WR152,134.0,177.0,13.31,10,6,0ac39560-e760-11ed-ad1e-4d786886cff5,0.1,0.0,mitch tinsley,WR,CIN,WR_mitch_tinsley_CIN,11.786999999999999,9.74,4.592,3.28,41.77,0.39,0.0,0.0,0.0,0.0,0.0,0.0,351.0,WR145,20.39,29.0,627.3,621.1,602.7,615.0,615.0,Healthy,0,,Neutral,Black,0.0,0.0,0.0,—,,0.7,0.0,0.0,0.0,0.0,0.0,0.0,,,,,,,,,,,,,—,—,Consensus Alignment,—,—,99.0,,,1.0,0.0,0.0,0.0,0.0,0.0,0.0,0.0,0.0,0.0,0.0,0.0,—,—,,5.0,,consensus,,,0.0,0.0,,,,,,,0.0,Neutral,CIN,0.05,0.18,1420.0,0.125,25.2,0.01,0.21,CIN,19.0,3.0,60.0,60.0,False,Zac Taylor,98.6,7.0,22.5,15.0,42.5,3.0,0.751,—,11.0,Gap,20.0,Very Spread,15.0,Shootouts (High Scoring Offense + Vulnerable Defense -> Max Fantasy Ceiling),CIN,28,31.69,68.31,19.0,3.6,Z.Taylor,16,,,,,,,,,,,,,,,,,0,,,,,,,,,,,,,,,,,,,,,,,,,,,,,,,,,,,,—,0,0,99,,—,159,WR159,158.5,-122.79,419,0.074,0.0,164.3,158.1,139.7,152.0,152.0,627.3,602.7,24.6,24.6,627.3,602.7,ESPN,SLEEPER,Screaming Steal (Huge Value),16.09,-2.3,-0.006,15.99,-122.79,-122.79,443,155,WR155,T8,1.0,172.0,False,False,0.0,0.0,16.09,0.0,0.0,-0.6,0.0,0.0,0.0,0.0,0.0,0.0,0.0,0.0,Tier 12,463.0,134.0,177.0,43.0,⚡ High Variance (Boom/Bust Ceiling),152.0,Tier 9,134.0,177.0,43.0
Jalen Royals,WR,KC,348.0,426.0,WR117,96.0,236.0,21.22,9,5,0ef78810-a38b-4444-b3b9-fb8b293c567d,0.1,0.0,jalen royals,WR,KC,WR_jalen_royals_KC,15.449,18.36,9.562,6.83,78.32,0.64,0.0,0.0,0.0,0.0,0.0,0.0,379.0,WR156,16.73,29.0,434.5,430.3,417.5,426.0,426.0,Healthy,0,,Neutral,Black,0.0,0.0,0.0,—,,0.9,0.0,0.0,0.0,0.0,0.0,0.0,,,,,,,,,,,,,—,—,Consensus Alignment,—,—,99.0,,,1.0,0.0,0.0,0.0,0.0,0.0,0.0,0.0,0.0,0.0,0.0,0.0,—,—,,5.0,,consensus,,,0.0,0.0,,,,,,,0.0,Neutral,KC,0.068,0.145,1250.0,0.142,26.5,0.02,0.22,KC,22.0,3.0,60.0,60.0,False,Andy Reid,89.6,19.0,22.0,19.0,33.2,16.0,0.546,—,9.0,Zone,22.0,Condensed,6.0,Chew the Clock (High Scoring Offense + Elite Defense -> Run-Heavy Second Halves),KC,21,38.45,61.55,11.0,6.4,A.Reid,16,,84.6,,,,,,,,,,,,,,,0,,,,,,,,,,,,,,,,,,,,,,,,,,,,,,,,,,,,—,0,0,99,,—,155,WR155,158.5,-122.79,409,0.097,0.0,86.5,82.3,69.5,78.0,78.0,434.5,417.5,17.0,17.0,434.5,417.5,ESPN,SLEEPER,Screaming Steal (Huge Value),16.09,0.24,-0.006,15.99,-122.79,-122.79,443,155,WR155,T8,1.0,-17.0,False,False,4.0,0.0,16.09,0.0,0.0,-0.6,0.0,0.0,0.0,0.0,0.0,0.0,0.0,0.0,Tier 12,348.0,96.0,236.0,140.0,⚡ High Variance (Boom/Bust Ceiling),117.0,Tier 9,96.0,236.0,140.0
Jawhar Jordan,RB,HOU,363.0,577.0,RB104,85.0,113.0,7.98,9,8,d3ddb80f-6f08-4594-be42-4c2f0716f4ef,0.2,0.0,jawhar jordan,RB,HOU,RB_jawhar_jordan_HOU,25.6,50.14,15.399999999999999,11.0,86.0,0.5,51.31,218.04,1.13,0.0,0.0,0.0,338.0,RB95,20.38,29.0,588.5,553.9,565.5,577.0,577.0,Healthy,0,,Neutral,Black,0.0,0.0,0.0,—,,1.51,0.0,0.0,0.0,0.0,0.0,0.0,,,,,,,,,,,,,—,—,Consensus Alignment,—,—,99.0,,,1.0,0.0,0.0,0.0,0.0,0.0,0.0,0.0,0.0,0.0,0.0,0.0,—,—,,5.0,,consensus,,,0.0,0.0,,,,,,,0.0,Neutral,HOU,0.042,0.24,1950.0,0.108,25.8,-0.01,0.18,HOU,29.0,3.0,60.0,60.0,False,Nick Caley,94.1,14.0,17.9,28.0,35.3,12.0,0.523,High 11P,16.0,Gap,14.0,Even,26.0,Slugfests (Low Scoring Offense + Elite Defense -> Low Over/Unders / Grinding Games),HOU,29,13.79,86.21,32.0,-0.5,N.Caley,16,,69.3,,,,,,,,,,,,,,,0,,,,,,,,,,,,,,,,,,,,,,,,,,,RB89,89.0,999.0,25.6,1.51,16.0,WW,,,—,0,0,99,,—,99,RB99,181.3,-122.8,444,0.141,0.0,225.5,190.9,202.5,214.0,214.0,588.5,553.9,34.6,34.6,588.5,553.9,ESPN,YAHOO,Screaming Steal (Huge Value),23.86,-5.88,-0.014,23.53,-122.8,-122.8,445,112,RB112,T8,1.0,132.0,False,False,0.0,0.0,23.86,0.0,0.0,-1.4,0.0,0.0,0.0,0.0,0.0,0.0,0.0,0.0,Tier 12,363.0,85.0,113.0,28.0,⚡ High Variance (Boom/Bust Ceiling),104.0,Tier 10,85.0,113.0,28.0
Odell Beckham Jr.,WR,NYG,432.0,339.0,WR151,97.0,274.0,47.48,10,8,354dec38-b88b-4ba0-8974-859123f27c45,2.8,2.0,odell beckham,WR,NYG,WR_odell_beckham_NYG,15.112999999999998,24.05,12.922,9.23,113.21,0.61,0.0,0.0,0.0,0.0,0.0,0.0,488.0,WR193,5.11,29.0,345.8,342.4,332.2,339.0,339.0,Healthy,0,,Neutral,Black,0.0,0.0,0.0,—,,0.9,0.0,0.0,0.0,0.0,0.0,0.0,,,,,,,,,,,,,—,—,Consensus Alignment,—,—,99.0,,,1.0,0.0,0.0,0.0,0.0,0.0,0.0,0.0,0.0,0.0,0.0,0.0,—,—,,5.0,,consensus,,,0.0,0.0,,,,,,,0.0,Neutral,NYG,-0.01,0.31,2350.0,-0.01,27.7,0.0,-0.02,NYG,18.0,3.0,60.0,60.0,True,Matt Nagy,89.6,19.0,24.1,12.0,32.6,21.0,0.558,—,21.0,Zone,17.0,Even,16.0,Shootouts (High Scoring Offense + Vulnerable Defense -> Max Fantasy Ceiling),NYG,18,38.25,61.75,12.0,1.3,M.Nagy,16,73.6,,-0.384,0.252,0.4923,-0.3839,0.6303,0.1167,,,,,,,,,0,,,,,,,,,,,,,,,,,,,,,,,,,,,,,,,,,,,,—,0,0,99,,—,156,WR156,158.5,-123.76,410,0.095,0.0,-86.2,-89.6,-99.8,-93.0,-93.0,345.8,332.2,13.6,13.6,345.8,332.2,ESPN,SLEEPER,Severe Reach (Overpriced),15.11,-2.1,-0.006,15.02,-123.76,-123.76,446,157,WR157,T8,1.0,-107.0,False,False,0.0,0.0,15.11,0.0,0.0,-0.6,0.0,0.0,0.0,0.0,0.0,0.0,0.0,0.0,Tier 12,432.0,97.0,274.0,177.0,⚡ High Variance (Boom/Bust Ceiling),151.0,Tier 9,97.0,274.0,177.0
Audric Estime,RB,NO,309.0,327.0,RB96,79.0,182.0,13.0,8,8,3b86dd7c-0b21-448d-a662-5675e87fd0da,0.1,0.0,audric estime,RB,NO,RB_audric_estime_NO,22.1,23.6,4.199999999999999,3.0,24.0,0.0,30.0,122.0,1.0,0.0,0.0,0.0,,,,,333.5,313.9,320.5,327.0,327.0,Healthy,0,,Neutral,Black,0.0,0.0,0.0,—,,1.3,0.0,0.0,0.0,0.0,0.0,0.0,,,,,,,,,,,,,—,—,Consensus Alignment,—,—,99.0,,,1.0,0.0,0.0,0.0,0.0,0.0,0.0,0.0,0.0,0.0,0.0,0.0,—,—,,5.0,,consensus,,,0.0,0.0,,,,,,,0.0,Neutral,NO,0.005,0.15,1150.0,0.035,28.2,-0.03,0.08,NO,30.0,3.0,60.0,60.0,True,Kellen Moore,85.7,23.0,22.1,18.0,35.8,10.0,0.663,High 11P,1.0,Zone,5.0,Even,27.0,Passing / Garbage Time (Low Scoring Offense + Bad Defense -> Trailing Game Scripts / Air Volume),NO,22,25.49,74.51,25.0,-2.3,K.Moore,16,76.9,85.2,,,,,,,0.2109,,,,,,,,0,,,,,,,,,,,,,,,,,,,,,,,,,,,,,,,,,,,,—,0,0,99,,—,102,RB102,181.3,-124.36,449,0.122,0.0,24.5,4.9,11.5,18.0,18.0,333.5,313.9,19.6,19.6,333.5,313.9,ESPN,YAHOO,Screaming Steal (Huge Value),22.1,-2.33,-0.006,21.97,-124.36,-124.36,447,113,RB113,T8,1.0,-120.0,False,False,0.0,0.0,22.1,0.0,0.0,-0.6,0.0,0.0,0.0,0.0,0.0,0.0,0.0,0.0,Tier 12,309.0,79.0,182.0,103.0,⚡ High Variance (Boom/Bust Ceiling),96.0,Tier 10,79.0,182.0,103.0
Dameon Pierce,RB,PHI,422.0,500.0,RB110,95.0,137.0,9.62,10,10,5d4ef6da-a6b5-4d9c-adc0-28dfdbe9315e,0.1,0.0,dameon pierce,RB,PHI,RB_dameon_pierce_PHI,22.1,22.1,0.0,0.0,0.0,0.0,35.0,161.0,1.0,0.0,0.0,0.0,,,,,430.4,405.1,413.6,422.0,422.0,Healthy,0,,Neutral,Black,0.0,0.0,0.0,—,,1.3,0.0,0.0,0.0,0.0,0.0,0.0,,,,,,,,,,,,,—,—,Consensus Alignment,—,—,99.0,,,1.0,0.0,0.0,0.0,0.0,0.0,0.0,0.0,0.0,0.0,0.0,0.0,—,—,,5.0,,consensus,,,0.0,0.0,,,,,,,0.0,Neutral,PHI,0.025,0.08,640.0,0.138,27.2,0.12,0.15,PHI,14.0,4.0,80.0,80.0,True,Sean Mannion,85.2,24.0,23.0,13.0,36.3,9.0,0.667,—,16.0,Balanced,5.0,Condensed,15.0,Chew the Clock (High Scoring Offense + Elite Defense -> Run-Heavy Second Halves),PHI,2,35.05,64.95,16.0,0.0,Unknown,16,61.5,77.5,,,,,,,0.3905,,,,,,,,0,,,,,,,,,,,,,,,,,,,,,,,,,,,,,,,,,,,,—,0,0,99,,—,102,RB102,181.3,-124.36,449,0.122,0.0,8.4,-16.9,-8.4,0.0,78.0,430.4,405.1,25.3,25.3,430.4,405.1,ESPN,YAHOO,Screaming Steal (Huge Value),22.1,3.38,-0.006,21.97,-124.36,-124.36,447,113,RB113,T8,1.0,53.0,False,False,0.0,0.0,22.1,0.0,0.0,-0.6,0.0,0.0,0.0,0.0,0.0,0.0,0.0,0.0,Tier 12,422.0,95.0,137.0,42.0,⚡ High Variance (Boom/Bust Ceiling),110.0,Tier 10,95.0,137.0,42.0
Xavier Restrepo,WR,TEN,459.0,500.0,WR173,137.0,179.0,14.11,11,9,3ac9d7c0-2560-11f0-af22-1731557928d7,0.0,0.0,xavier restrepo,WR,TEN,WR_xavier_restrepo_TEN,14.163999999999998,14.163999999999998,,,,,,,,,,,,,,,468.2,463.6,449.8,459.0,459.0,Healthy,0,,Neutral,Black,0.0,0.0,0.0,—,,0.8,0.0,0.0,0.0,0.0,0.0,0.0,,,,,,,,,,,,,—,—,Consensus Alignment,—,—,99.0,,,1.0,0.0,0.0,0.0,0.0,0.0,0.0,0.0,0.0,0.0,0.0,0.0,—,—,,5.0,,consensus,,,0.0,0.0,,,,,,,0.0,Neutral,TEN,-0.02,0.33,2550.0,0.01,29.0,0.03,-0.01,TEN,25.0,2.0,40.0,40.0,False,Brian Daboll,74.1,29.0,19.9,23.0,32.6,21.0,0.588,High 12P,12.0,Balanced,28.0,Very Spread,13.0,Slugfests (Low Scoring Offense + Elite Defense -> Low Over/Unders / Grinding Games),TEN,31,20.11,79.89,29.0,-1.4,B.Daboll,16,,86.2,,,,,,,,,,,,,,,0,,,,,,,,,,,,,,,,,,,,,,,,,,,,,,,,,,,,—,0,0,99,,—,157,WR157,158.5,-124.82,413,0.089,0.0,9.2,4.6,-9.2,0.0,41.0,468.2,449.8,18.4,18.4,468.2,449.8,ESPN,SLEEPER,Screaming Steal (Huge Value),14.16,-6.8,-0.014,13.96,-124.82,-124.82,449,158,WR158,T8,1.0,51.0,False,False,4.0,0.0,14.16,0.0,0.0,-1.4,0.0,0.0,0.0,0.0,0.0,0.0,0.0,0.0,Tier 12,459.0,137.0,179.0,42.0,⚡ High Variance (Boom/Bust Ceiling),164.0,Tier 9,137.0,179.0,42.0
CJ Daniels,WR,LAR,382.0,530.0,WR135,98.0,215.0,24.35,10,11,d9f1a46d-555a-45b6-90cf-245fc29709c3,0.1,0.0,cj daniels,WR,LAR,WR_cj_daniels_LAR,9.693999999999999,9.61,4.6899999999999995,3.35,42.82,0.34,0.0,0.0,0.0,0.0,0.0,0.0,397.0,WR162,13.88,29.0,583.0,535.3,466.4,530.0,530.0,Healthy,0,,Neutral,Black,0.0,0.0,0.0,—,,0.6,0.0,0.0,0.0,0.0,0.0,0.0,,,,,,,,,,,,,—,—,Consensus Alignment,—,—,99.0,,,1.0,0.0,0.0,0.0,0.0,0.0,0.0,0.0,0.0,0.0,0.0,0.0,—,—,,5.0,,consensus,,,0.0,0.0,,,,,,,0.0,Neutral,LAR,0.008,0.14,1120.0,0.095,27.4,0.04,0.13,LAR,1.0,4.5,90.0,90.0,False,Sean McVay,113.3,1.0,19.8,24.0,42.8,2.0,0.759,High 13P,6.0,Gap,4.0,Very Condensed,21.0,Chew the Clock (High Scoring Offense + Elite Defense -> Run-Heavy Second Halves),LAR,3,40.06,59.94,9.0,0.3,S.McVay,16,,69.7,,,,,,,,,,,,,CJ Daniels,LAR,1,6.0,197.0,6.6,1.6,14.2,,,,,202.0,4.2,43.6,,6.0,,,,,,,,,,,,,,,,,,,,,,—,0,0,99,,—,161,WR161,158.5,-124.98,424,0.061,0.0,201.0,153.3,84.4,148.0,148.0,583.0,466.4,116.6,116.6,583.0,466.4,ESPN,SLEEPER,Screaming Steal (Huge Value),13.88,4.04,-0.006,13.8,-124.98,-124.98,450,159,WR159,T8,1.0,80.0,False,False,0.0,0.0,13.88,0.0,0.0,-0.6,0.0,0.0,0.0,0.0,0.0,0.0,0.0,0.0,Tier 12,382.0,98.0,215.0,117.0,⚡ High Variance (Boom/Bust Ceiling),135.0,Tier 9,98.0,215.0,117.0
Roschon Johnson,RB,CHI,381.0,557.0,RB106,78.0,126.0,13.07,10,10,e3c414c0-be8c-4807-af9c-f91d89c83e60,0.1,0.0,roschon johnson,RB,CHI,RB_roschon_johnson_CHI,27.595999999999997,34.4,4.199999999999999,3.0,18.0,0.0,34.0,116.0,3.0,0.0,0.0,0.0,360.0,RB103,15.22,29.0,568.1,534.7,545.9,557.0,557.0,Healthy,0,,Neutral,Black,0.0,0.0,0.0,—,,1.6,0.0,0.0,0.0,0.0,0.0,0.0,,,,,,,,,,,,,—,—,Consensus Alignment,—,—,99.0,,,1.0,0.0,0.0,0.0,0.0,0.0,0.0,0.0,0.0,0.0,0.0,0.0,—,—,,5.0,,consensus,,,0.0,0.0,,,,,,,0.0,Neutral,CHI,0.01,0.26,2020.0,0.048,27.6,0.01,0.07,CHI,3.0,4.0,80.0,80.0,False,Ben Johnson,98.3,8.0,29.3,1.0,37.2,7.0,0.63,High 12P,4.0,Zone,6.0,Even,11.0,Balanced Environment,CHI,4,41.16,58.84,7.0,-2.7,B.Johnson,16,64.1,66.9,,,,,,,-1.0627,,,,,,,,0,,,,,,,,,,,,,,,,,,,,,,,,,,,,,,,,,,,,—,0,0,99,,—,94,RB94,181.3,-125.05,437,0.152,0.0,187.1,153.7,164.9,176.0,176.0,568.1,534.7,33.4,33.4,568.1,534.7,ESPN,YAHOO,Screaming Steal (Huge Value),21.41,3.6,-0.006,21.28,-125.05,-125.05,451,115,RB115,T8,1.0,106.0,False,False,0.0,0.0,21.41,0.0,0.0,-0.6,0.0,0.0,0.0,0.0,0.0,0.0,0.0,0.0,Tier 12,381.0,78.0,126.0,48.0,⚡ High Variance (Boom/Bust Ceiling),106.0,Tier 10,78.0,126.0,48.0
Hunter Luepke,RB,DAL,454.0,519.0,RB123,89.0,150.0,20.8,10,14,58f425d0-f677-11ed-978f-0975e9cb7dba,0.1,0.0,hunter luepke,RB,DAL,RB_hunter_luepke_DAL,20.7,24.96,11.998,8.57,61.62,0.35,13.36,56.5,0.44,0.0,0.0,0.0,,,,,529.4,498.2,508.6,519.0,519.0,Healthy,0,,Neutral,Black,0.0,0.0,0.0,—,,1.2,0.0,0.0,0.0,0.0,0.0,0.0,,,,,,,,,,,,,—,—,Consensus Alignment,—,—,99.0,,,1.0,0.0,0.0,0.0,0.0,0.0,0.0,0.0,0.0,0.0,0.0,0.0,—,—,,5.0,,consensus,,,0.0,0.0,,,,,,,0.0,Neutral,DAL,0.055,0.22,1680.0,0.115,24.8,-0.04,0.2,DAL,8.0,4.0,80.0,80.0,False,Brian Schottenheimer,109.1,2.0,24.1,10.0,39.9,4.0,0.666,High 11P,2.0,Gap,12.0,Very Condensed,24.0,Shootouts (High Scoring Offense + Vulnerable Defense -> Max Fantasy Ceiling),DAL,15,26.43,73.57,24.0,-3.4,B.Schottenheimer,16,,,,,,,,,,,,,,,,,0,,,,,,,,,,,,,,,,,,,,,,,,,,,,,,,,,,,,—,0,0,99,,—,104,RB104,181.3,-125.75,451,0.114,0.0,75.4,44.2,54.6,65.0,65.0,529.4,498.2,31.2,31.2,529.4,498.2,ESPN,YAHOO,Screaming Steal (Huge Value),20.7,-0.07,-0.006,20.58,-125.75,-125.75,452,116,RB116,T8,1.0,67.0,False,False,0.0,0.0,20.7,0.0,0.0,-0.6,0.0,0.0,0.0,0.0,0.0,0.0,0.0,0.0,Tier 12,454.0,89.0,150.0,61.0,⚡ High Variance (Boom/Bust Ceiling),123.0,Tier 10,89.0,150.0,61.0
KeAndre Lambert-Smith,WR,LAC,488.0,447.0,WR156,138.0,200.0,20.41,11,7,2f6580d2-6f19-4a03-99e8-4dbd9ebf2a73,0.1,0.0,keandre lambert smith,WR,LAC,WR_keandre_lambert_smith_LAC,13.084999999999999,17.76,8.988,6.42,80.62,0.57,0.0,0.0,0.0,0.0,0.0,0.0,435.0,WR177,9.55,29.0,455.9,451.5,438.1,447.0,447.0,Healthy,0,,Neutral,Black,0.0,0.0,0.0,—,,0.8,0.0,0.0,0.0,0.0,0.0,0.0,,,,,,,,,,,,,—,—,Consensus Alignment,—,—,99.0,,,1.0,0.0,0.0,0.0,0.0,0.0,0.0,0.0,0.0,0.0,0.0,0.0,—,—,,5.0,,consensus,,,0.0,0.0,,,,,,,0.0,Neutral,LAC,-0.035,0.38,2900.0,0.06,29.2,0.05,0.07,LAC,32.0,3.0,60.0,60.0,False,Mike McDaniel,91.9,15.0,26.7,3.0,35.4,11.0,0.663,High 21P,31.0,Zone,1.0,Very Condensed,28.0,Chew the Clock (High Scoring Offense + Elite Defense -> Run-Heavy Second Halves),LAC,9,18.72,81.28,30.0,-1.4,M.McDaniel,16,,74.9,,,,,,,,,,,,,,,0,,,,,,,,,,,,,,,,,,,,,,,,,,,,,,,,,,,,—,0,0,99,,—,158,WR158,158.5,-125.78,414,0.083,0.0,-32.1,-36.5,-49.9,-41.0,-41.0,455.9,438.1,17.8,17.8,455.9,438.1,ESPN,SLEEPER,Severe Reach (Overpriced),13.08,-2.85,-0.006,13.0,-125.78,-125.78,453,160,WR160,T8,1.0,-6.0,False,False,0.0,0.0,13.08,0.0,0.0,-0.6,0.0,0.0,0.0,0.0,0.0,0.0,0.0,0.0,Tier 12,488.0,138.0,200.0,62.0,⚡ High Variance (Boom/Bust Ceiling),156.0,Tier 9,138.0,200.0,62.0
Jordan Watkins,WR,SF,566.0,500.0,WR189,115.0,318.0,71.41,11,8,bd65c350-6044-415a-8749-e70a3b8f86e2,0.0,0.0,jordan watkins,WR,SF,WR_jordan_watkins_SF,15.739999999999998,15.739999999999998,,,,,,,,,,,426.0,WR173,10.07,29.0,577.3,571.7,554.7,566.0,566.0,Healthy,0,,Neutral,Black,0.0,0.0,0.0,—,,0.9,0.0,0.0,0.0,0.0,0.0,0.0,,,,,,,,,,,,,—,—,Consensus Alignment,—,—,99.0,,,1.0,0.0,0.0,0.0,0.0,0.0,0.0,0.0,0.0,0.0,0.0,0.0,—,—,,5.0,,consensus,,,0.0,0.0,,,,,,,0.0,Neutral,SF,-0.012,0.11,890.0,0.175,28.8,0.14,0.2,SF,6.0,4.0,80.0,80.0,False,Kyle Shanahan,100.9,6.0,26.4,4.0,32.9,17.0,0.774,High 21P,8.0,Zone,3.0,Most Condensed,14.0,Shootouts (High Scoring Offense + Vulnerable Defense -> Max Fantasy Ceiling),SF,6,48.24,51.76,3.0,-1.9,K.Shanahan,16,,73.0,,,,,,,,,,,,,,,0,,,,,,,,,,,,,,,,,,,,,,,,,,,,,,,,,,,,—,0,0,99,,—,153,WR153,158.5,-125.96,407,0.099,0.0,11.3,5.7,-11.3,0.0,-66.0,577.3,554.7,22.6,22.6,577.3,554.7,ESPN,SLEEPER,Severe Reach (Overpriced),12.9,2.24,-0.006,12.82,-125.96,-125.96,454,161,WR161,T8,1.0,46.0,False,False,0.0,0.0,12.9,0.0,0.0,-0.6,0.0,0.0,0.0,0.0,0.0,0.0,0.0,0.0,Tier 12,566.0,115.0,318.0,203.0,⚡ High Variance (Boom/Bust Ceiling),167.0,Tier 9,115.0,318.0,203.0
Dylan Laube,RB,LV,457.0,500.0,RB120,98.0,169.0,22.21,10,13,de5b56bd-33f0-48bc-b1e3-9523bd6bba64,0.2,1.0,dylan laube,RB,LV,RB_dylan_laube_LV,6.0329999999999995,0.0,0.0,0.0,0.0,0.0,0.0,0.0,0.0,0.0,0.0,0.0,339.0,RB96,20.11,29.0,466.1,438.7,447.9,457.0,457.0,Healthy,0,,Neutral,Black,0.0,0.0,0.0,—,,0.4,0.0,0.0,0.0,0.0,0.0,0.0,,,,,,,,,,,,,—,—,Consensus Alignment,—,—,99.0,,,1.0,0.0,0.0,0.0,0.0,0.0,0.0,0.0,0.0,0.0,0.0,0.0,—,—,,5.0,,consensus,,,0.0,0.0,,,,,,,0.0,Neutral,LV,-0.005,0.29,2250.0,0.015,28.5,-0.04,0.05,LV,28.0,2.5,50.0,50.0,False,Klint Kubiak,70.9,31.0,22.8,14.0,34.5,14.0,0.696,—,27.0,Zone,13.0,Even,19.0,Passing / Garbage Time (Low Scoring Offense + Bad Defense -> Trailing Game Scripts / Air Volume),LV,24,40.2,59.8,8.0,-4.3,K.Kubiak,16,,,,,,,,,,,,,,,,,0,,,,,,,,,,,,,,,,,,,,,,,,,,,,,,,,,,,,—,0,0,99,,—,126,RB126,181.3,-126.34,474,0.033,0.0,9.1,-18.3,-9.1,0.0,43.0,466.1,438.7,27.4,27.4,466.1,438.7,ESPN,YAHOO,Screaming Steal (Huge Value),20.11,-3.67,-0.006,19.99,-126.34,-126.34,455,117,RB117,T8,1.0,45.0,False,False,0.0,0.0,20.11,0.0,0.0,-0.6,0.0,0.0,0.0,0.0,0.0,0.0,0.0,0.0,Tier 12,457.0,98.0,169.0,71.0,⚡ High Variance (Boom/Bust Ceiling),120.0,Tier 10,98.0,169.0,71.0
Xavier Smith,WR,LAR,464.0,411.0,WR155,136.0,182.0,15.68,11,11,98b88de0-e8e5-11ed-ad77-290d92d9e505,0.1,0.0,xavier smith,WR,LAR,WR_xavier_smith_LAR,9.161999999999999,9.86,5.012,3.58,44.41,0.32,0.0,0.0,0.0,0.0,0.0,0.0,400.0,WR164,11.64,29.0,419.2,415.1,402.8,411.0,411.0,Healthy,0,,Neutral,Black,0.0,0.0,0.0,—,,0.5,0.0,0.0,0.0,0.0,0.0,0.0,,,,,,,,,,,,,—,—,Consensus Alignment,—,—,99.0,,,1.0,0.0,0.0,0.0,0.0,0.0,0.0,0.0,0.0,0.0,0.0,0.0,—,—,,5.0,,consensus,,,0.0,0.0,,,,,,,0.0,Neutral,LAR,0.008,0.14,1120.0,0.095,27.4,0.04,0.13,LAR,1.0,4.5,90.0,90.0,False,Sean McVay,113.3,1.0,19.8,24.0,42.8,2.0,0.759,High 13P,6.0,Gap,4.0,Very Condensed,21.0,Chew the Clock (High Scoring Offense + Elite Defense -> Run-Heavy Second Halves),LAR,3,40.06,59.94,9.0,0.3,S.McVay,16,,,,,,,,,,,,,,,,,0,,,,,,,,,,,,,,,,,,,,,,,,,,,,,,,,,,,,—,0,0,99,,—,163,WR163,158.5,-127.21,427,0.058,0.0,-44.8,-48.9,-61.2,-53.0,-53.0,419.2,402.8,16.4,16.4,419.2,402.8,ESPN,SLEEPER,Severe Reach (Overpriced),11.64,4.04,-0.006,11.57,-127.21,-127.21,456,162,WR162,T8,1.0,-45.0,False,False,0.0,0.0,11.64,0.0,0.0,-0.6,0.0,0.0,0.0,0.0,0.0,0.0,0.0,0.0,Tier 12,464.0,136.0,182.0,46.0,⚡ High Variance (Boom/Bust Ceiling),155.0,Tier 9,136.0,182.0,46.0
Jeremy McNichols,RB,WAS,475.0,500.0,RB119,93.0,177.0,25.44,10,7,25cc3585-6194-4786-968a-2600db46b6c6,0.0,0.0,jeremy mcnichols,RB,WAS,RB_jeremy_mcnichols_WAS,19.094,27.1,9.799999999999999,7.0,53.0,0.0,17.0,88.0,1.0,0.0,0.0,0.0,355.0,RB102,8.58,29.0,484.5,456.0,465.5,475.0,475.0,Healthy,0,,Neutral,Black,0.0,0.0,0.0,—,,1.1,0.0,0.0,0.0,0.0,0.0,0.0,,,,,,,,,,,,,—,—,Consensus Alignment,—,—,99.0,,,1.0,0.0,0.0,0.0,0.0,0.0,0.0,0.0,0.0,0.0,0.0,0.0,—,—,,5.0,,consensus,,,0.0,0.0,,,,,,,0.0,Neutral,WAS,0.012,0.23,1780.0,0.088,25.1,0.07,0.1,WAS,24.0,2.0,40.0,40.0,True,David Blough,80.9,26.0,22.0,18.0,36.0,10.0,0.65,More 12P,5.0,Gap,12.0,Even,12.0,Shootouts (High Scoring Offense + Vulnerable Defense -> Max Fantasy Ceiling),WAS,25,30.3,69.7,21.0,0.0,Unknown,16,75.1,82.5,,,,,,,0.9342,,,,,,,,0,,,,,,,,,,,,,,,,,,,,,,,,,,,,,,,,,,,,—,0,0,99,,—,105,RB105,181.3,-127.51,453,0.105,0.0,9.5,-19.0,-9.5,0.0,25.0,484.5,456.0,28.5,28.5,484.5,456.0,ESPN,YAHOO,Screaming Steal (Huge Value),19.09,-5.43,-0.014,18.82,-127.51,-127.51,457,118,RB118,T8,1.0,43.0,False,False,0.0,0.0,19.09,0.0,0.0,-1.4,0.0,0.0,0.0,0.0,0.0,0.0,0.0,0.0,Tier 12,475.0,93.0,177.0,84.0,⚡ High Variance (Boom/Bust Ceiling),119.0,Tier 10,93.0,177.0,84.0
DeAndre Hopkins,WR,BAL,493.0,475.0,WR187,109.0,168.0,23.31,11,13,5c48ade7-4b9a-4757-9643-87a6e3839e2b,0.1,0.0,deandre hopkins,WR,BAL,WR_deandre_hopkins_BAL,11.1375,11.1375,,,,,,,,,,,,,,,484.5,479.8,465.5,475.0,475.0,Healthy,0,,Neutral,Black,0.0,0.0,0.0,—,,0.7,0.0,0.0,0.0,0.0,0.0,0.0,,,,,,,,,,,,,—,—,Consensus Alignment,—,—,99.0,,,1.0,0.0,0.0,0.0,0.0,0.0,0.0,0.0,0.0,0.0,0.0,0.0,—,—,,5.0,,consensus,,,0.0,0.0,,,,,,,0.0,Neutral,BAL,-0.045,0.15,1150.0,0.165,28.4,0.15,0.18,BAL,11.0,3.0,60.0,60.0,True,Declan Doyle,86.1,22.0,29.3,1.0,37.2,7.0,0.63,High 12P,8.0,Zone,6.0,Even,11.0,Chew the Clock (High Scoring Offense + Elite Defense -> Run-Heavy Second Halves),BAL,26,59.85,40.15,1.0,0.0,Unknown,16,72.6,,-0.8253,0.4749,-1.0307,-0.8444,0.5295,-0.0224,,,,,,,,,0,,,,,,,,,,,,,,,,,,,,,,,,,,,,,,,,,,,,—,0,0,99,,—,160,WR160,158.5,-127.8,420,0.07,0.0,-8.5,-13.2,-27.5,-18.0,-18.0,484.5,465.5,19.0,19.0,484.5,465.5,ESPN,SLEEPER,Severe Reach (Overpriced),11.14,-7.15,-0.014,10.98,-127.8,-127.8,458,163,WR163,T8,1.0,17.0,False,False,0.0,0.0,11.14,0.0,0.0,-1.4,0.0,0.0,0.0,0.0,0.0,0.0,0.0,0.0,Tier 12,493.0,109.0,168.0,59.0,⚡ High Variance (Boom/Bust Ceiling),166.0,Tier 9,109.0,168.0,59.0
Jam Miller,RB,NE,392.0,500.0,RB109,92.0,109.0,5.28,10,11,e7144c4a-1dd7-4474-b033-ad06e08f1745,0.1,0.0,jam miller,RB,NE,RB_jam_miller_NE,17.645999999999997,25.0,2.8,2.0,25.0,0.0,34.0,145.0,1.0,0.0,0.0,0.0,440.0,RB129,2.82,29.0,431.2,376.3,345.0,392.0,392.0,Healthy,0,,Neutral,Black,0.0,0.0,0.0,—,,1.0,0.0,0.0,0.0,0.0,0.0,0.0,,,,,,,,,,,,,—,—,Consensus Alignment,—,—,99.0,,,1.0,0.0,0.0,0.0,0.0,0.0,0.0,0.0,0.0,0.0,0.0,0.0,—,—,,5.0,,consensus,,,0.0,0.0,,,,,,,0.0,Neutral,NE,-0.03,0.3,2300.0,-0.055,29.4,-0.02,-0.07,NE,13.0,3.0,60.0,60.0,False,Josh McDaniels,104.9,4.0,24.9,6.0,34.6,13.0,0.605,—,24.0,Gap,21.0,Spread,4.0,Slugfests (Low Scoring Offense + Elite Defense -> Low Over/Unders / Grinding Games),NE,13,34.68,65.32,17.0,1.4,J.McDaniels,16,,50.0,,,,,,,,,,,,,Jam Miller,NWE,1,7.0,245.0,7.7,6.1,10.1,,,,,,,,,,,,,,,,,,,,,,,,,,,,,,,—,0,0,99,,—,106,RB106,181.3,-128.79,454,0.097,0.0,39.2,-15.7,-47.0,0.0,108.0,431.2,345.0,86.2,86.2,431.2,345.0,ESPN,SLEEPER,Screaming Steal (Huge Value),17.65,-1.8,-0.006,17.54,-128.79,-128.79,459,119,RB119,T8,1.0,41.0,False,False,-2.0,0.0,17.65,0.0,0.0,-0.6,0.0,0.0,0.0,0.0,0.0,0.0,0.0,0.0,Tier 12,392.0,92.0,109.0,17.0,⚡ High Variance (Boom/Bust Ceiling),109.0,Tier 10,92.0,109.0,17.0
Kareem Hunt,RB,FA,327.0,419.0,RB99,75.0,108.0,6.18,9,0,0ef0d0ca-2d2d-455b-ab63-a20c01303e37,0.3,0.0,kareem hunt,RB,FA,RB_kareem_hunt_FA,17.366,17.366,,,,,,,,,,,,,,,427.4,402.2,410.6,419.0,419.0,Healthy,0,,Neutral,Black,0.0,0.0,0.0,—,,1.0,0.0,0.0,0.0,0.0,0.0,0.0,,,,,,,,,,,,,—,—,Consensus Alignment,—,—,99.0,,,1.0,0.0,0.0,0.0,0.0,0.0,0.0,0.0,0.0,0.0,0.0,0.0,—,—,,5.0,,consensus,,,0.0,0.0,,,,,,,0.0,Neutral,,0.0,0.15,,,,,,,,,80.0,80.0,,,,,,,,,0.5,,,,,,,,,16,35.0,65.0,,0.0,—,16,55.5,98.2,,,,,,,-0.7787,,,,,,,,0,,,,,,,,,,,,,,,,,,,,,,,,,,,,,,,,,,,,—,0,0,99,,—,107,RB107,181.3,-129.06,455,0.096,0.0,100.4,75.2,83.6,92.0,92.0,427.4,402.2,25.2,25.2,427.4,402.2,ESPN,YAHOO,Screaming Steal (Huge Value),17.37,0.75,-0.006,17.27,-129.06,-129.06,460,120,RB120,T8,1.0,-41.0,False,False,0.0,0.0,17.37,0.0,0.0,-0.6,0.0,0.0,0.0,0.0,0.0,0.0,0.0,0.0,Tier 12,327.0,75.0,108.0,33.0,⚡ High Variance (Boom/Bust Ceiling),99.0,Tier 10,75.0,108.0,33.0
Jarquez Hunter,RB,LAR,307.0,332.0,RB94,78.0,125.0,7.19,8,11,e71d4c32-3233-467f-ab01-71de34e5d9b4,0.1,0.0,jarquez hunter,RB,LAR,RB_jarquez_hunter_LAR,17.174,23.2,1.4,1.0,14.0,0.0,33.0,148.0,1.0,0.0,0.0,0.0,453.0,RB131,4.28,29.0,338.6,318.7,325.4,332.0,332.0,Healthy,0,,Neutral,Black,0.0,0.0,0.0,—,,1.0,0.0,0.0,0.0,0.0,0.0,0.0,,,,,,,,,,,,,—,—,Consensus Alignment,—,—,99.0,,,1.0,0.0,0.0,0.0,0.0,0.0,0.0,0.0,0.0,0.0,0.0,0.0,—,—,,5.0,,consensus,,,0.0,0.0,,,,,,,0.0,Neutral,LAR,0.008,0.14,1120.0,0.095,27.4,0.04,0.13,LAR,1.0,4.5,90.0,90.0,False,Sean McVay,113.3,1.0,19.8,24.0,42.8,2.0,0.759,High 13P,6.0,Gap,4.0,Very Condensed,21.0,Chew the Clock (High Scoring Offense + Elite Defense -> Run-Heavy Second Halves),LAR,3,40.06,59.94,9.0,0.3,S.McVay,16,,78.3,,,,,,,,,,,,,,,0,,,,,,,,,,,,,,,,,,,,,,,,,,,,,,,,,,,,—,0,0,99,,—,108,RB108,181.3,-129.13,456,0.095,0.0,31.6,11.7,18.4,25.0,25.0,338.6,318.7,19.9,19.9,338.6,318.7,ESPN,YAHOO,Screaming Steal (Huge Value),17.17,5.13,0.002,17.2,-129.13,-129.13,461,121,RB121,T8,1.0,-129.0,False,False,0.0,0.0,17.17,0.0,0.0,0.2,0.0,0.0,0.0,0.0,0.0,0.0,0.0,0.0,Tier 12,307.0,78.0,125.0,47.0,⚡ High Variance (Boom/Bust Ceiling),94.0,Tier 10,78.0,125.0,47.0
Terrell Jennings,RB,FA,424.0,500.0,RB117,94.0,117.0,7.27,10,0,e6fc9a80-1168-11ef-8e6a-d7d3a1fb0861,0.0,0.0,terrell jennings,RB,FA,RB_terrell_jennings_FA,16.6125,16.6125,,,,,,,,,,,,,,,432.5,407.0,415.5,424.0,424.0,Healthy,0,,Neutral,Black,0.0,0.0,0.0,—,,1.0,0.0,0.0,0.0,0.0,0.0,0.0,,,,,,,,,,,,,—,—,Consensus Alignment,—,—,99.0,,,1.0,0.0,0.0,0.0,0.0,0.0,0.0,0.0,0.0,0.0,0.0,0.0,—,—,,5.0,,consensus,,,0.0,0.0,,,,,,,0.0,Neutral,,0.0,0.15,,,,,,,,,80.0,80.0,,,,,,,,,0.5,,,,,,,,,16,35.0,65.0,,0.0,—,16,,,,,,,,,,,,,,,,,0,,,,,,,,,,,,,,,,,,,,,,,,,,,,,,,,,,,,—,0,0,99,,—,110,RB110,181.3,-129.82,458,0.092,0.0,8.5,-17.0,-8.5,0.0,76.0,432.5,407.0,25.5,25.5,432.5,407.0,ESPN,YAHOO,Screaming Steal (Huge Value),16.61,0.75,-0.006,16.51,-129.82,-129.82,462,122,RB122,T8,1.0,38.0,False,False,0.0,0.0,16.61,0.0,0.0,-0.6,0.0,0.0,0.0,0.0,0.0,0.0,0.0,0.0,Tier 12,424.0,94.0,117.0,23.0,⚡ High Variance (Boom/Bust Ceiling),117.0,Tier 10,94.0,117.0,23.0
Chris Blair,WR,ATL,507.0,500.0,WR190,126.0,301.0,66.56,11,11,9281d541-8bcb-4785-a02e-76150910898e,0.0,0.0,chris blair,WR,ATL,WR_chris_blair_ATL,9.19,9.19,,,,,,,,,,,,,,,517.1,512.1,496.9,507.0,507.0,Healthy,0,,Neutral,Black,0.0,0.0,0.0,—,,0.5,0.0,0.0,0.0,0.0,0.0,0.0,,,,,,,,,,,,,—,—,Consensus Alignment,—,—,99.0,,,1.0,0.0,0.0,0.0,0.0,0.0,0.0,0.0,0.0,0.0,0.0,0.0,—,—,,5.0,,consensus,,,0.0,0.0,,,,,,,0.0,Neutral,ATL,0.032,0.15,1100.0,0.092,26.0,0.05,0.12,ATL,21.0,4.0,80.0,80.0,False,Kevin Stefanski/Rees,86.4,21.0,22.4,16.0,25.7,28.0,0.592,High 12P,10.0,Gap,18.0,Even,3.0,Passing / Garbage Time (Low Scoring Offense + Bad Defense -> Trailing Game Scripts / Air Volume),ATL,11,54.01,45.99,2.0,-4.2,K.Stefanski,16,,,,,,,,,,,,,,,,,0,,,,,,,,,,,,,,,,,,,,,,,,,,,,,,,,,,,,—,0,0,99,,—,162,WR162,158.5,-130.58,426,0.058,0.0,10.1,5.1,-10.1,0.0,-7.0,517.1,496.9,20.2,20.2,517.1,496.9,ESPN,SLEEPER,Severe Reach (Overpriced),8.25,-0.44,-0.006,8.2,-130.58,-130.58,463,164,WR164,T8,1.0,37.0,False,False,0.0,0.0,8.25,0.0,0.0,-0.6,0.0,0.0,0.0,0.0,0.0,0.0,0.0,0.0,Tier 12,507.0,126.0,301.0,175.0,⚡ High Variance (Boom/Bust Ceiling),168.0,Tier 9,126.0,301.0,175.0
Michael Woods II,WR,DEN,542.0,500.0,WR236,126.0,186.0,25.63,12,10,70c462de-b1b5-4c07-8ba2-eb33f3075893,0.0,0.0,michael woods,WR,DEN,WR_michael_woods_DEN,8.569999999999999,8.569999999999999,,,,,,,,,,,,,,,552.8,547.4,531.2,542.0,542.0,Healthy,0,,Neutral,Black,0.0,0.0,0.0,—,,0.5,0.0,0.0,0.0,0.0,0.0,0.0,,,,,,,,,,,,,—,—,Consensus Alignment,—,—,99.0,,,1.0,0.0,0.0,0.0,0.0,0.0,0.0,0.0,0.0,0.0,0.0,0.0,—,—,,5.0,,consensus,,,0.0,0.0,,,,,,,0.0,Neutral,DEN,-0.018,0.27,2100.0,0.02,28.9,0.01,0.03,DEN,4.0,5.0,100.0,100.0,True,Sean Payton/Webb,94.5,13.0,24.2,9.0,32.6,21.0,0.563,—,7.0,Gap,26.0,Most Spread,2.0,Balanced Environment,DEN,1,17.22,82.78,31.0,1.7,S.Payton,16,,61.0,,,,,,,,,,,,,,,0,,,,,,,,,,,,,,,,,,,,,,,,,,,,,,,,,,,,—,0,0,99,,—,164,WR164,158.5,-130.58,428,0.054,0.0,10.8,5.4,-10.8,0.0,-42.0,552.8,531.2,21.6,21.6,552.8,531.2,ESPN,SLEEPER,Severe Reach (Overpriced),8.25,4.46,-0.006,8.2,-130.58,-130.58,463,164,WR164,T8,1.0,37.0,False,False,0.0,0.0,8.25,0.0,0.0,-0.6,0.0,0.0,0.0,0.0,0.0,0.0,0.0,0.0,Tier 12,542.0,126.0,186.0,60.0,⚡ High Variance (Boom/Bust Ceiling),171.0,Tier 9,126.0,186.0,60.0
Devin Neal,RB,NO,283.0,296.0,RB84,57.0,175.0,14.34,8,8,4ef874c1-50c3-4120-9199-0d5a4ae7c6dd,0.1,0.0,devin neal,RB,NO,RB_devin_neal_NO,16.622999999999998,19.25,3.5,2.5,17.5,0.0,23.0,90.0,1.0,0.0,0.0,0.0,325.0,RB93,13.41,29.0,301.9,284.2,290.1,296.0,296.0,Healthy,0,,Neutral,Black,0.0,0.0,0.0,—,,1.0,0.0,0.0,0.0,0.0,0.0,0.0,,,,,,,,,,,,,—,—,Consensus Alignment,—,—,99.0,,,1.0,0.0,0.0,0.0,0.0,0.0,0.0,0.0,0.0,0.0,0.0,0.0,—,—,,5.0,,consensus,,,0.0,0.0,,,,,,,0.0,Neutral,NO,0.005,0.15,1150.0,0.035,28.2,-0.03,0.08,NO,30.0,3.0,60.0,60.0,True,Kellen Moore,85.7,23.0,22.1,18.0,35.8,10.0,0.663,High 11P,1.0,Zone,5.0,Even,27.0,Passing / Garbage Time (Low Scoring Offense + Bad Defense -> Trailing Game Scripts / Air Volume),NO,22,25.49,74.51,25.0,-2.3,K.Moore,16,,78.9,,,,,,,,,,,,,,,0,,,,,,,,,,,,,,,,,,,,,,,,,,,,,,,,,,,,—,0,0,99,,—,109,RB109,181.3,-131.4,457,0.092,0.0,18.9,1.2,7.1,13.0,13.0,301.9,284.2,17.7,17.7,301.9,284.2,ESPN,YAHOO,Screaming Steal (Huge Value),15.02,-2.33,-0.006,14.93,-131.4,-131.4,465,123,RB123,T8,1.0,-169.0,False,False,0.0,0.0,15.02,0.0,0.0,-0.6,0.0,0.0,0.0,0.0,0.0,0.0,0.0,0.0,Tier 12,283.0,57.0,175.0,118.0,⚡ High Variance (Boom/Bust Ceiling),84.0,Tier 10,57.0,175.0,118.0
J'Mari Taylor,RB,JAC,393.0,500.0,RB107,89.0,162.0,17.72,10,7,074d3d60-418e-11f1-97b1-f7c9890d626f,0.0,0.0,jmari taylor,RB,JAX,RB_jmari_taylor_JAX,14.77,14.77,,,,,,,,,,,,,,,432.3,377.3,345.8,393.0,393.0,Healthy,0,,Neutral,Black,0.0,0.0,0.0,—,,0.9,0.0,0.0,0.0,0.0,0.0,0.0,,,,,,,,,,,,,—,—,Consensus Alignment,—,—,99.0,,,1.0,0.0,0.0,0.0,0.0,0.0,0.0,0.0,0.0,0.0,0.0,0.0,—,—,,5.0,,consensus,,,0.0,0.0,,,,,,,0.0,Neutral,JAX,0.015,0.28,2100.0,0.052,27.9,-0.02,0.1,JAX,7.0,4.0,80.0,80.0,True,Liam Coen,97.4,9.0,26.0,5.0,37.0,8.0,0.616,High 11P,21.0,Balanced,7.0,Condensed,1.0,Shootouts (High Scoring Offense + Vulnerable Defense -> Max Fantasy Ceiling),JAX,23,24.71,75.29,26.0,0.9,L.Coen,16,,63.0,,,,,,,,,,,,,,,0,,,,,,,,,,,,,,,,,,,,,,,,,,,,,,,,,,,,—,0,0,99,,—,111,RB111,181.3,-131.65,459,0.081,0.0,39.3,-15.7,-47.2,0.0,107.0,432.3,345.8,86.5,86.5,432.3,345.8,ESPN,SLEEPER,Screaming Steal (Huge Value),14.77,0.53,-0.006,14.68,-131.65,-131.65,466,124,RB124,T8,1.0,34.0,False,False,0.0,0.0,14.77,0.0,0.0,-0.6,0.0,0.0,0.0,0.0,0.0,0.0,0.0,0.0,Tier 12,393.0,89.0,162.0,73.0,⚡ High Variance (Boom/Bust Ceiling),107.0,Tier 10,89.0,162.0,73.0
Antonio Gibson,RB,FA,460.0,587.0,RB129,105.0,126.0,7.52,10,0,c0a8a5d0-583f-457a-9d96-70027d3f69e7,0.0,0.0,antonio gibson,RB,FA,RB_antonio_gibson_FA,14.740333333333334,14.740333333333334,,,,,,,,,,,,,,,598.7,563.5,575.3,587.0,587.0,Healthy,0,,Neutral,Black,0.0,0.0,0.0,—,,0.9,0.0,0.0,0.0,0.0,0.0,0.0,,,,,,,,,,,,,—,—,Consensus Alignment,—,—,99.0,,,1.0,0.0,0.0,0.0,0.0,0.0,0.0,0.0,0.0,0.0,0.0,0.0,—,—,,5.0,,consensus,,,0.0,0.0,,,,,,,0.0,Neutral,,0.0,0.15,,,,,,,,,80.0,80.0,,,,,,,,,0.5,,,,,,,,,16,35.0,65.0,,0.0,—,16,75.6,80.4,,,,,,,1.7637,,,,,,,,0,,,,,,,,,,,,,,,,,,,,,,,,,,,,,,,,,,,,—,0,0,99,,—,112,RB112,181.3,-131.68,460,0.081,0.0,138.7,103.5,115.3,127.0,127.0,598.7,563.5,35.2,35.2,598.7,563.5,ESPN,YAHOO,Screaming Steal (Huge Value),14.74,0.75,-0.006,14.65,-131.68,-131.68,467,125,RB125,T8,1.0,120.0,False,False,0.0,0.0,14.74,0.0,0.0,-0.6,0.0,0.0,0.0,0.0,0.0,0.0,0.0,0.0,Tier 12,460.0,105.0,126.0,21.0,⚡ High Variance (Boom/Bust Ceiling),129.0,Tier 10,105.0,129.0,24.0
Elijah Moore,WR,PHI,512.0,651.0,WR160,114.0,181.0,22.23,11,10,b1935e20-6bd6-4863-8d7e-702ec403491f,0.1,0.0,elijah moore,WR,PHI,WR_elijah_moore_PHI,7.2425,7.2425,,,,,,,,,,,507.0,WR200,3.28,29.0,664.0,657.5,638.0,651.0,651.0,Healthy,0,,Neutral,Black,0.0,0.0,0.0,—,,0.4,0.0,0.0,0.0,0.0,0.0,0.0,,,,,,,,,,,,,—,—,Consensus Alignment,—,—,99.0,,,1.0,0.0,0.0,0.0,0.0,0.0,0.0,0.0,0.0,0.0,0.0,0.0,—,—,,5.0,,consensus,,,0.0,0.0,,,,,,,0.0,Neutral,PHI,0.025,0.08,640.0,0.138,27.2,0.12,0.15,PHI,14.0,4.0,80.0,80.0,True,Sean Mannion,85.2,24.0,23.0,13.0,36.3,9.0,0.667,—,16.0,Balanced,5.0,Condensed,15.0,Chew the Clock (High Scoring Offense + Elite Defense -> Run-Heavy Second Halves),PHI,2,35.05,64.95,16.0,0.0,Unknown,16,55.8,90.8,0.7707,0.0986,-0.9934,-0.3162,-0.7983,-0.9384,,,,,,,,,0,,,,,,,,,,,,,,,,,,,,,,,,,,,,,,,,,,,,—,0,0,99,,—,166,WR166,158.5,-132.22,432,0.046,0.0,152.0,145.5,126.0,139.0,139.0,664.0,638.0,26.0,26.0,664.0,638.0,ESPN,SLEEPER,Screaming Steal (Huge Value),6.6,3.35,-0.006,6.56,-132.22,-132.22,468,166,WR166,T8,1.0,183.0,False,False,0.0,0.0,6.6,0.0,0.0,-0.6,0.0,0.0,0.0,0.0,0.0,0.0,0.0,0.0,Tier 12,512.0,114.0,181.0,67.0,⚡ High Variance (Boom/Bust Ceiling),158.0,Tier 9,114.0,181.0,67.0
Reggie Virgil,WR,ARI,471.0,626.0,WR153,129.0,234.0,32.05,11,14,5c342ca7-20ec-4278-8d30-f8134d5a0fd3,0.1,0.0,reggie virgil,WR,ARI,WR_reggie_virgil_ARI,6.087999999999999,8.07,4.704,3.36,39.25,0.14,0.0,0.0,0.0,0.0,0.0,0.0,432.0,WR176,5.36,29.0,688.6,632.3,550.9,626.0,626.0,Healthy,0,,Neutral,Black,0.0,0.0,0.0,—,,0.4,0.0,0.0,0.0,0.0,0.0,0.0,,,,,,,,,,,,,—,—,Consensus Alignment,—,—,99.0,,,1.0,0.0,0.0,0.0,0.0,0.0,0.0,0.0,0.0,0.0,0.0,0.0,—,—,,5.0,,consensus,,,0.0,0.0,,,,,,,0.0,Neutral,ARI,0.005,0.22,1750.0,0.072,25.5,0.05,0.08,ARI,23.0,3.0,60.0,60.0,False,Mike LaFleur,95.6,12.0,20.8,21.0,32.7,19.0,0.596,—,5.0,Gap,9.0,Condensed,10.0,Passing / Garbage Time (Low Scoring Offense + Bad Defense -> Trailing Game Scripts / Air Volume),ARI,20,39.57,60.43,10.0,-1.1,M.LaFleur,16,,63.5,,,,,,,,,,,,,Reggie Virgil,ARI,1,5.0,143.0,8.4,11.4,13.5,,,,,,,,,,,,,,,,,,,,,,,,,,,,,,,—,0,0,99,,—,167,WR167,158.5,-132.22,435,0.038,0.0,217.6,161.3,79.9,155.0,155.0,688.6,550.9,137.7,137.7,688.6,550.9,ESPN,SLEEPER,Screaming Steal (Huge Value),6.6,-1.65,-0.006,6.56,-132.22,-132.22,468,166,WR166,T8,1.0,158.0,False,False,0.0,0.0,6.6,0.0,0.0,-0.6,0.0,0.0,0.0,0.0,0.0,0.0,0.0,0.0,Tier 12,471.0,129.0,234.0,105.0,⚡ High Variance (Boom/Bust Ceiling),153.0,Tier 9,129.0,234.0,105.0
Van Jefferson,WR,WAS,469.0,648.0,WR154,117.0,180.0,21.83,11,7,8e1285f7-6e4c-41e4-aac9-92e09f9f32b2,0.1,0.0,van jefferson,WR,WAS,WR_van_jefferson_WAS,7.624999999999999,7.624999999999999,,,,,,,,,,,,,,,661.0,654.5,635.0,648.0,648.0,Healthy,0,,Neutral,Black,0.0,0.0,0.0,—,,0.4,0.0,0.0,0.0,0.0,0.0,0.0,,,,,,,,,,,,,—,—,Consensus Alignment,—,—,99.0,,,1.0,0.0,0.0,0.0,0.0,0.0,0.0,0.0,0.0,0.0,0.0,0.0,—,—,,5.0,,consensus,,,0.0,0.0,,,,,,,0.0,Neutral,WAS,0.012,0.23,1780.0,0.088,25.1,0.07,0.1,WAS,24.0,2.0,40.0,40.0,True,David Blough,80.9,26.0,22.0,18.0,36.0,10.0,0.65,More 12P,5.0,Gap,12.0,Even,12.0,Shootouts (High Scoring Offense + Vulnerable Defense -> Max Fantasy Ceiling),WAS,25,30.3,69.7,21.0,0.0,Unknown,16,56.9,63.8,-0.4337,0.458,0.1014,-0.7854,-1.0048,0.1902,,,,,,,,,0,,,,,,,,,,,,,,,,,,,,,,,,,,,,,,,,,,,,—,0,0,99,,—,165,WR165,158.5,-132.22,430,0.048,0.0,192.0,185.5,166.0,179.0,179.0,661.0,635.0,26.0,26.0,661.0,635.0,ESPN,SLEEPER,Screaming Steal (Huge Value),6.6,-3.84,-0.006,6.56,-132.22,-132.22,468,166,WR166,T8,1.0,180.0,False,False,0.0,0.0,6.6,0.0,0.0,-0.6,0.0,0.0,0.0,0.0,0.0,0.0,0.0,0.0,Tier 12,469.0,117.0,180.0,63.0,⚡ High Variance (Boom/Bust Ceiling),154.0,Tier 9,117.0,180.0,63.0
Michael Burton,RB,CLE,514.0,613.0,RB150,105.0,185.0,25.84,11,11,80715ecf-ffc9-4a93-a305-2193451b3382,0.1,0.0,michael burton,RB,CLE,RB_michael_burton_CLE,14.0,16.55,7.167999999999999,5.12,33.36,0.58,6.63,13.86,0.55,0.0,0.0,0.0,,,,,625.3,588.5,600.7,613.0,613.0,Healthy,0,,Neutral,Black,0.0,0.0,0.0,—,,0.8,0.0,0.0,0.0,0.0,0.0,0.0,,,,,,,,,,,,,—,—,Consensus Alignment,—,—,99.0,,,1.0,0.0,0.0,0.0,0.0,0.0,0.0,0.0,0.0,0.0,0.0,0.0,—,—,,5.0,,consensus,,,0.0,0.0,,,,,,,0.0,Neutral,CLE,0.0,0.16,1280.0,0.022,29.1,0.01,0.03,CLE,27.0,2.0,40.0,40.0,False,Todd Monken,70.9,32.0,24.1,10.0,32.8,18.0,0.579,"High 12P, 21P",30.0,Zone,16.0,Even,18.0,Slugfests (Low Scoring Offense + Elite Defense -> Low Over/Unders / Grinding Games),CLE,32,46.6,53.4,5.0,-3.2,T.Monken,16,,,,,,,,,,,,,,,,,0,,,,,,,,,,,,,,,,,,,,,,,,,,,,,,,,,,,,—,0,0,99,,—,113,RB113,181.3,-132.3,461,0.077,0.0,111.3,74.5,86.7,99.0,99.0,625.3,588.5,36.8,36.8,625.3,588.5,ESPN,YAHOO,Screaming Steal (Huge Value),14.0,42.25,0.002,14.03,-132.3,-132.3,471,126,RB126,T8,1.0,142.0,False,False,0.0,0.0,14.0,0.0,0.0,0.2,0.0,0.0,0.0,0.0,0.0,0.0,0.0,0.0,Tier 12,514.0,105.0,185.0,80.0,⚡ High Variance (Boom/Bust Ceiling),141.0,Tier 10,105.0,185.0,80.0
Eli Heidenreich,RB,PIT,355.0,500.0,RB102,74.0,146.0,14.32,9,9,4e49c857-13bf-4156-ab13-706e4088179b,0.2,0.0,eli heidenreich,RB,PIT,RB_eli_heidenreich_PIT,13.972666666666665,13.972666666666665,,,,,,,,,,,,,,,390.5,340.8,312.4,355.0,355.0,Healthy,0,,Neutral,Black,0.0,0.0,0.0,—,,0.8,0.0,0.0,0.0,0.0,0.0,0.0,,,,,,,,,,,,,—,—,Consensus Alignment,—,—,99.0,,,1.0,0.0,0.0,0.0,0.0,0.0,0.0,0.0,0.0,0.0,0.0,0.0,—,—,,5.0,,consensus,,,0.0,0.0,,,,,,,0.0,Neutral,PIT,-0.05,0.28,2150.0,0.03,29.6,0.04,0.02,PIT,12.0,3.5,70.0,70.0,False,Mike McCarthy,90.1,17.0,18.0,27.0,46.2,1.0,0.691,—,1.0,Zone,25.0,Spread,9.0,Slugfests (Low Scoring Offense + Elite Defense -> Low Over/Unders / Grinding Games),PIT,19,41.2,58.8,6.0,4.6,M.McCarthy,16,,87.7,,,,,,,,,,,,,,,0,,,,,,,,,,,,,,,,,,,,,,,,,,,,,,,,,,,,—,0,0,99,,—,114,RB114,181.3,-132.44,462,0.077,0.0,35.5,-14.2,-42.6,0.0,145.0,390.5,312.4,78.1,78.1,390.5,312.4,ESPN,SLEEPER,Screaming Steal (Huge Value),13.97,0.0,-0.006,13.89,-132.44,-132.44,472,127,RB127,T8,1.0,28.0,False,False,4.0,0.0,13.97,0.0,0.0,-0.6,0.0,0.0,0.0,0.0,0.0,0.0,0.0,0.0,Tier 12,355.0,74.0,146.0,72.0,⚡ High Variance (Boom/Bust Ceiling),102.0,Tier 10,74.0,146.0,72.0
Isaac Guerendo,RB,SF,305.0,555.0,RB93,72.0,121.0,8.58,8,8,eac64b21-6e9e-447a-bf18-8a00b5c12871,0.3,2.0,isaac guerendo,RB,SF,RB_isaac_guerendo_SF,13.8,14.85,2.8,2.0,18.5,0.0,16.5,80.0,0.5,0.0,0.0,0.0,,,,,566.1,532.8,543.9,555.0,555.0,Healthy,0,,Neutral,Black,0.0,0.0,0.0,—,,0.8,0.0,0.0,0.0,0.0,0.0,0.0,,,,,,,,,,,,,—,—,Consensus Alignment,—,—,99.0,,,1.0,0.0,0.0,0.0,0.0,0.0,0.0,0.0,0.0,0.0,0.0,0.0,—,—,,5.0,,consensus,,,0.0,0.0,,,,,,,0.0,Neutral,SF,-0.012,0.11,890.0,0.175,28.8,0.14,0.2,SF,6.0,4.0,80.0,80.0,False,Kyle Shanahan,100.9,6.0,26.4,4.0,32.9,17.0,0.774,High 21P,8.0,Zone,3.0,Most Condensed,14.0,Shootouts (High Scoring Offense + Vulnerable Defense -> Max Fantasy Ceiling),SF,6,48.24,51.76,3.0,-1.9,K.Shanahan,16,,82.1,,,,,,,,,,,,,,,0,,,,,,,,,,,,,,,,,,,,,,,,,,,,,,,,,,,,—,0,0,99,,—,115,RB115,181.3,-132.61,463,0.076,0.0,261.1,227.8,238.9,250.0,250.0,566.1,532.8,33.3,33.3,566.1,532.8,ESPN,YAHOO,Screaming Steal (Huge Value),13.8,3.43,-0.006,13.72,-132.61,-132.61,473,128,RB128,T8,1.0,82.0,False,False,4.0,0.0,13.8,0.0,0.0,-0.6,0.0,0.0,0.0,0.0,0.0,0.0,0.0,0.0,Tier 12,305.0,72.0,121.0,49.0,⚡ High Variance (Boom/Bust Ceiling),93.0,Tier 10,72.0,121.0,49.0
Rasheen Ali,RB,BAL,402.0,500.0,RB112,87.0,181.0,24.37,10,13,9aeb79b0-e55b-4341-8c6b-233971b667a7,0.2,0.0,rasheen ali,RB,BAL,RB_rasheen_ali_BAL,4.02,0.0,0.0,0.0,0.0,0.0,0.0,0.0,0.0,0.0,0.0,0.0,369.0,RB106,13.4,29.0,410.0,385.9,394.0,402.0,402.0,Healthy,0,,Neutral,Black,0.0,0.0,0.0,—,,0.2,0.0,0.0,0.0,0.0,0.0,0.0,,,,,,,,,,,,,—,—,Consensus Alignment,—,—,99.0,,,1.0,0.0,0.0,0.0,0.0,0.0,0.0,0.0,0.0,0.0,0.0,0.0,—,—,,5.0,,consensus,,,0.0,0.0,,,,,,,0.0,Neutral,BAL,-0.045,0.15,1150.0,0.165,28.4,0.15,0.18,BAL,11.0,3.0,60.0,60.0,True,Declan Doyle,86.1,22.0,29.3,1.0,37.2,7.0,0.63,High 12P,8.0,Zone,6.0,Even,11.0,Chew the Clock (High Scoring Offense + Elite Defense -> Run-Heavy Second Halves),BAL,26,59.85,40.15,1.0,0.0,Unknown,16,,61.5,,,,,,,,,,,,,,,0,,,,,,,,,,,,,,,,,,,,,,,,,,,,,,,,,,,,—,0,0,99,,—,131,RB131,181.3,-133.01,479,0.022,0.0,8.0,-16.1,-8.0,0.0,98.0,410.0,385.9,24.1,24.1,410.0,385.9,ESPN,YAHOO,Screaming Steal (Huge Value),13.4,0.92,-0.006,13.32,-133.01,-133.01,474,129,RB129,T8,1.0,26.0,False,False,0.0,0.0,13.4,0.0,0.0,-0.6,0.0,0.0,0.0,0.0,0.0,0.0,0.0,0.0,Tier 12,402.0,87.0,181.0,94.0,⚡ High Variance (Boom/Bust Ceiling),112.0,Tier 10,87.0,181.0,94.0
Jerome Ford,RB,WAS,306.0,610.0,RB95,70.0,178.0,13.36,8,7,cdc61676-6592-43f9-a4a6-d29ce52ac8f4,0.1,0.0,jerome ford,RB,WAS,RB_jerome_ford_WAS,12.854,19.0,5.6,4.0,23.0,0.0,17.5,97.0,0.5,0.0,0.0,0.0,395.0,RB116,3.18,29.0,622.2,585.6,597.8,610.0,610.0,Healthy,0,,Neutral,Black,0.0,0.0,0.0,—,,0.8,0.0,0.0,0.0,0.0,0.0,0.0,,,,,,,,,,,,,—,—,Consensus Alignment,—,—,99.0,,,1.0,0.0,0.0,0.0,0.0,0.0,0.0,0.0,0.0,0.0,0.0,0.0,—,—,,5.0,,consensus,,,0.0,0.0,,,,,,,0.0,Neutral,WAS,0.012,0.23,1780.0,0.088,25.1,0.07,0.1,WAS,24.0,2.0,40.0,40.0,True,David Blough,80.9,26.0,22.0,18.0,36.0,10.0,0.65,More 12P,5.0,Gap,12.0,Even,12.0,Shootouts (High Scoring Offense + Vulnerable Defense -> Max Fantasy Ceiling),WAS,25,30.3,69.7,21.0,0.0,Unknown,16,67.2,75.6,,,,,,,0.6039,,,,,,,,0,,,,,,,,,,,,,,,,,,,,,,,,,,,,,,,,,,,,—,0,0,99,,—,116,RB116,181.3,-133.66,464,0.071,0.0,316.2,279.6,291.8,304.0,304.0,622.2,585.6,36.6,36.6,622.2,585.6,ESPN,YAHOO,Screaming Steal (Huge Value),12.85,-5.43,-0.014,12.67,-133.66,-133.66,475,130,RB130,T8,1.0,135.0,False,False,0.0,0.0,12.85,0.0,0.0,-1.4,0.0,0.0,0.0,0.0,0.0,0.0,0.0,0.0,Tier 12,306.0,70.0,178.0,108.0,⚡ High Variance (Boom/Bust Ceiling),95.0,Tier 10,70.0,178.0,108.0
Tyler Lockett,WR,LV,529.0,500.0,WR192,117.0,181.0,25.67,11,13,dffa69ad-331e-4f09-ae38-40a5a4406be6,0.1,0.0,tyler lockett,WR,LV,WR_tyler_lockett_LV,5.295,5.295,,,,,,,,,,,,,,,539.6,534.3,518.4,529.0,529.0,Healthy,0,,Neutral,Black,0.0,0.0,0.0,—,,0.3,0.0,0.0,0.0,0.0,0.0,0.0,,,,,,,,,,,,,—,—,Consensus Alignment,—,—,99.0,,,1.0,0.0,0.0,0.0,0.0,0.0,0.0,0.0,0.0,0.0,0.0,0.0,—,—,,5.0,,consensus,,,0.0,0.0,,,,,,,0.0,Neutral,LV,-0.005,0.29,2250.0,0.015,28.5,-0.04,0.05,LV,28.0,2.5,50.0,50.0,False,Klint Kubiak,70.9,31.0,22.8,14.0,34.5,14.0,0.696,—,27.0,Zone,13.0,Even,19.0,Passing / Garbage Time (Low Scoring Offense + Bad Defense -> Trailing Game Scripts / Air Volume),LV,24,40.2,59.8,8.0,-4.3,K.Kubiak,16,55.4,98.0,-0.2697,-0.4263,-1.6163,-0.7969,-0.6305,0.2696,,,,,,,,,0,,,,,,,,,,,,,,,,,,,,,,,,,,,,,,,,,,,,—,0,0,99,,—,168,WR168,158.5,-133.86,436,0.033,0.0,10.6,5.3,-10.6,0.0,-29.0,539.6,518.4,21.2,21.2,539.6,518.4,ESPN,SLEEPER,Severe Reach (Overpriced),4.95,-3.15,-0.006,4.92,-133.86,-133.86,476,169,WR169,T8,1.0,24.0,False,False,0.0,0.0,4.95,0.0,0.0,-0.6,0.0,0.0,0.0,0.0,0.0,0.0,0.0,0.0,Tier 12,529.0,117.0,181.0,64.0,⚡ High Variance (Boom/Bust Ceiling),169.0,Tier 9,117.0,181.0,64.0
Alec Ingold,RB,LAC,495.0,500.0,RB134,81.0,175.0,35.56,10,7,7ade135c-0760-4548-b7d9-cf1174e2be33,0.1,0.0,alec ingold,RB,LAC,RB_alec_ingold_LAC,12.4,16.4,11.101999999999999,7.93,58.67,0.23,2.08,8.59,0.08,0.0,0.0,0.0,,,,,504.9,475.2,485.1,495.0,495.0,Healthy,0,,Neutral,Black,0.0,0.0,0.0,—,,0.7,0.0,0.0,0.0,0.0,0.0,0.0,,,,,,,,,,,,,—,—,Consensus Alignment,—,—,99.0,,,1.0,0.0,0.0,0.0,0.0,0.0,0.0,0.0,0.0,0.0,0.0,0.0,—,—,,5.0,,consensus,,,0.0,0.0,,,,,,,0.0,Neutral,LAC,-0.035,0.38,2900.0,0.06,29.2,0.05,0.07,LAC,32.0,3.0,60.0,60.0,False,Mike McDaniel,91.9,15.0,26.7,3.0,35.4,11.0,0.663,High 21P,31.0,Zone,1.0,Very Condensed,28.0,Chew the Clock (High Scoring Offense + Elite Defense -> Run-Heavy Second Halves),LAC,9,18.72,81.28,30.0,-1.4,M.McDaniel,16,,,,,,,,,,,,,,,,,0,,,,,,,,,,,,,,,,,,,,,,,,,,,,,,,,,,,,—,0,0,99,,—,117,RB117,181.3,-134.0,465,0.068,0.0,9.9,-19.8,-9.9,0.0,5.0,504.9,475.2,29.7,29.7,504.9,475.2,ESPN,YAHOO,Value Target (Discounted),12.4,-1.73,-0.006,12.33,-134.0,-134.0,477,131,RB131,T8,1.0,23.0,False,False,0.0,0.0,12.4,0.0,0.0,-0.6,0.0,0.0,0.0,0.0,0.0,0.0,0.0,0.0,Tier 12,495.0,81.0,175.0,94.0,⚡ High Variance (Boom/Bust Ceiling),133.0,Tier 10,81.0,175.0,94.0
Phil Mafah,RB,DAL,394.0,500.0,RB108,85.0,137.0,14.14,10,14,54b97d06-1639-46a3-9dcc-67320687281d,0.2,0.0,phil mafah,RB,DAL,RB_phil_mafah_DAL,11.894,16.8,2.8,2.0,17.0,0.0,16.0,71.0,1.0,0.0,0.0,0.0,393.0,RB115,2.78,29.0,401.9,378.2,386.1,394.0,394.0,Healthy,0,,Neutral,Black,0.0,0.0,0.0,—,,0.7,0.0,0.0,0.0,0.0,0.0,0.0,,,,,,,,,,,,,—,—,Consensus Alignment,—,—,99.0,,,1.0,0.0,0.0,0.0,0.0,0.0,0.0,0.0,0.0,0.0,0.0,0.0,—,—,,5.0,,consensus,,,0.0,0.0,,,,,,,0.0,Neutral,DAL,0.055,0.22,1680.0,0.115,24.8,-0.04,0.2,DAL,8.0,4.0,80.0,80.0,False,Brian Schottenheimer,109.1,2.0,24.1,10.0,39.9,4.0,0.666,High 11P,2.0,Gap,12.0,Very Condensed,24.0,Shootouts (High Scoring Offense + Vulnerable Defense -> Max Fantasy Ceiling),DAL,15,26.43,73.57,24.0,-3.4,B.Schottenheimer,16,,57.1,,,,,,,,,,,,,,,0,,,,,,,,,,,,,,,,,,,,,,,,,,,,,,,,,,,,—,0,0,99,,—,118,RB118,181.3,-134.51,466,0.066,0.0,7.9,-15.8,-7.9,0.0,106.0,401.9,378.2,23.7,23.7,401.9,378.2,ESPN,YAHOO,Screaming Steal (Huge Value),11.89,-0.07,-0.006,11.82,-134.51,-134.51,478,132,RB132,T8,1.0,22.0,False,False,0.0,0.0,11.89,0.0,0.0,-0.6,0.0,0.0,0.0,0.0,0.0,0.0,0.0,0.0,Tier 12,394.0,85.0,137.0,52.0,⚡ High Variance (Boom/Bust Ceiling),108.0,Tier 10,85.0,137.0,52.0
Tyler Goodson,RB,ATL,433.0,500.0,RB118,95.0,132.0,12.43,10,11,3fec8370-ca72-11ec-a83a-8732d3d5a7e3,0.0,0.0,tyler goodson,RB,ATL,RB_tyler_goodson_ATL,11.125,11.125,,,,,,,,,,,413.0,RB119,7.33,29.0,441.7,415.7,424.3,433.0,433.0,Healthy,0,,Neutral,Black,0.0,0.0,0.0,—,,0.7,0.0,0.0,0.0,0.0,0.0,0.0,,,,,,,,,,,,,—,—,Consensus Alignment,—,—,99.0,,,1.0,0.0,0.0,0.0,0.0,0.0,0.0,0.0,0.0,0.0,0.0,0.0,—,—,,5.0,,consensus,,,0.0,0.0,,,,,,,0.0,Neutral,ATL,0.032,0.15,1100.0,0.092,26.0,0.05,0.12,ATL,21.0,4.0,80.0,80.0,False,Kevin Stefanski/Rees,86.4,21.0,22.4,16.0,25.7,28.0,0.592,High 12P,10.0,Gap,18.0,Even,3.0,Passing / Garbage Time (Low Scoring Offense + Bad Defense -> Trailing Game Scripts / Air Volume),ATL,11,54.01,45.99,2.0,-4.2,K.Stefanski,16,,53.1,,,,,,,,,,,,,,,0,,,,,,,,,,,,,,,,,,,,,,,,,,,,,,,,,,,,—,0,0,99,,—,119,RB119,181.3,-135.28,467,0.061,0.0,8.7,-17.3,-8.7,0.0,67.0,441.7,415.7,26.0,26.0,441.7,415.7,ESPN,YAHOO,Screaming Steal (Huge Value),11.12,2.77,-0.006,11.05,-135.28,-135.28,479,133,RB133,T8,1.0,21.0,False,False,0.0,0.0,11.12,0.0,0.0,-0.6,0.0,0.0,0.0,0.0,0.0,0.0,0.0,0.0,Tier 12,433.0,95.0,132.0,37.0,⚡ High Variance (Boom/Bust Ceiling),118.0,Tier 10,95.0,132.0,37.0
Velus Jones Jr.,WR,SEA,536.0,500.0,WR204,135.0,221.0,34.66,11,11,318b263d-8910-4e46-afe3-5860092ab260,0.0,0.0,velus jones,WR,SEA,WR_velus_jones_SEA,3.3475,3.3475,,,,,,,,,,,,,,,546.7,541.4,525.3,536.0,536.0,Healthy,0,,Neutral,Black,0.0,0.0,0.0,—,,0.2,0.0,0.0,0.0,0.0,0.0,0.0,,,,,,,,,,,,,—,—,Consensus Alignment,—,—,99.0,,,1.0,0.0,0.0,0.0,0.0,0.0,0.0,0.0,0.0,0.0,0.0,0.0,—,—,,5.0,,consensus,,,0.0,0.0,,,,,,,0.0,Neutral,SEA,0.0,0.17,1340.0,0.058,28.0,0.02,0.08,SEA,10.0,3.5,70.0,70.0,False,Brian Fleury,96.6,11.0,26.4,4.0,32.9,17.0,0.774,—,16.0,Zone,4.0,Even,14.0,Chew the Clock (High Scoring Offense + Elite Defense -> Run-Heavy Second Halves),SEA,14,46.7,53.3,4.0,0.0,Unknown,16,,75.1,,,,,,,,,,,,,,,0,,,,,,,,,,,,,,,,,,,,,,,,,,,,,,,,,,,,—,0,0,99,,—,169,WR169,158.5,-135.5,441,0.021,0.0,10.7,5.4,-10.7,0.0,-36.0,546.7,525.3,21.4,21.4,546.7,525.3,ESPN,SLEEPER,Severe Reach (Overpriced),3.3,-0.6,-0.006,3.28,-135.5,-135.5,480,170,WR170,T8,1.0,20.0,False,False,0.0,0.0,3.3,0.0,0.0,-0.6,0.0,0.0,0.0,0.0,0.0,0.0,0.0,0.0,Tier 12,536.0,135.0,221.0,86.0,⚡ High Variance (Boom/Bust Ceiling),170.0,Tier 9,135.0,221.0,86.0
Roman Hemby,RB,LV,481.0,500.0,RB121,90.0,158.0,25.69,10,13,f5d02460-4194-11f1-b42b-111a688b2d6a,0.0,0.0,roman hemby,RB,LV,RB_roman_hemby_LV,10.550500000000001,10.550500000000001,,,,,,,,,,,529.0,RB141,0.22,29.0,529.1,461.8,423.3,481.0,481.0,Healthy,0,,Neutral,Black,0.0,0.0,0.0,—,,0.6,0.0,0.0,0.0,0.0,0.0,0.0,,,,,,,,,,,,,—,—,Consensus Alignment,—,—,99.0,,,1.0,0.0,0.0,0.0,0.0,0.0,0.0,0.0,0.0,0.0,0.0,0.0,—,—,,5.0,,consensus,,,0.0,0.0,,,,,,,0.0,Neutral,LV,-0.005,0.29,2250.0,0.015,28.5,-0.04,0.05,LV,28.0,2.5,50.0,50.0,False,Klint Kubiak,70.9,31.0,22.8,14.0,34.5,14.0,0.696,—,27.0,Zone,13.0,Even,19.0,Passing / Garbage Time (Low Scoring Offense + Bad Defense -> Trailing Game Scripts / Air Volume),LV,24,40.2,59.8,8.0,-4.3,K.Kubiak,16,,65.3,,,,,,,,,,,,,,,0,,,,,,,,,,,,,,,,,,,,,,,,,,,,,,,,,,,,—,0,0,99,,—,120,RB120,181.3,-135.84,468,0.058,0.0,48.1,-19.2,-57.7,0.0,19.0,529.1,423.3,105.8,105.8,529.1,423.3,ESPN,SLEEPER,Screaming Steal (Huge Value),10.55,-3.67,-0.006,10.49,-135.84,-135.84,481,134,RB134,T8,1.0,19.0,False,False,0.0,0.0,10.55,0.0,0.0,-0.6,0.0,0.0,0.0,0.0,0.0,0.0,0.0,0.0,Tier 12,481.0,90.0,158.0,68.0,⚡ High Variance (Boom/Bust Ceiling),121.0,Tier 10,90.0,158.0,68.0
Ronnie Rivers,RB,LAR,453.0,662.0,RB125,100.0,125.0,10.09,10,11,246db560-cb4e-11ec-a667-6354702e3fca,0.1,0.0,ronnie rivers,RB,LAR,RB_ronnie_rivers_LAR,10.425,10.425,,,,,,,,,,,383.0,RB111,9.23,29.0,675.2,635.5,648.8,662.0,662.0,Healthy,0,,Neutral,Black,0.0,0.0,0.0,—,,0.6,0.0,0.0,0.0,0.0,0.0,0.0,,,,,,,,,,,,,—,—,Consensus Alignment,—,—,99.0,,,1.0,0.0,0.0,0.0,0.0,0.0,0.0,0.0,0.0,0.0,0.0,0.0,—,—,,5.0,,consensus,,,0.0,0.0,,,,,,,0.0,Neutral,LAR,0.008,0.14,1120.0,0.095,27.4,0.04,0.13,LAR,1.0,4.5,90.0,90.0,False,Sean McVay,113.3,1.0,19.8,24.0,42.8,2.0,0.759,High 13P,6.0,Gap,4.0,Very Condensed,21.0,Chew the Clock (High Scoring Offense + Elite Defense -> Run-Heavy Second Halves),LAR,3,40.06,59.94,9.0,0.3,S.McVay,16,,73.5,,,,,,,,,,,,,,,0,,,,,,,,,,,,,,,,,,,,,,,,,,,,,,,,,,,,—,0,0,99,,—,121,RB121,181.3,-135.88,469,0.058,0.0,222.2,182.5,195.8,209.0,209.0,675.2,635.5,39.7,39.7,675.2,635.5,ESPN,YAHOO,Screaming Steal (Huge Value),10.43,5.13,0.002,10.45,-135.88,-135.88,482,135,RB135,T8,1.0,180.0,False,False,0.0,0.0,10.43,0.0,0.0,0.2,0.0,0.0,0.0,0.0,0.0,0.0,0.0,0.0,Tier 12,453.0,100.0,125.0,25.0,⚡ High Variance (Boom/Bust Ceiling),125.0,Tier 10,100.0,125.0,25.0
Khalil Herbert,RB,SF,458.0,500.0,RB127,75.0,121.0,17.47,10,8,02af99e0-3c84-4d4e-937a-a9f29a02323b,0.0,0.0,khalil herbert,RB,SF,RB_khalil_herbert_SF,10.386666666666667,10.386666666666667,,,,,,,,,,,,,,,467.2,439.7,448.8,458.0,458.0,Healthy,0,,Neutral,Black,0.0,0.0,0.0,—,,0.6,0.0,0.0,0.0,0.0,0.0,0.0,,,,,,,,,,,,,—,—,Consensus Alignment,—,—,99.0,,,1.0,0.0,0.0,0.0,0.0,0.0,0.0,0.0,0.0,0.0,0.0,0.0,—,—,,5.0,,consensus,,,0.0,0.0,,,,,,,0.0,Neutral,SF,-0.012,0.11,890.0,0.175,28.8,0.14,0.2,SF,6.0,4.0,80.0,80.0,False,Kyle Shanahan,100.9,6.0,26.4,4.0,32.9,17.0,0.774,High 21P,8.0,Zone,3.0,Most Condensed,14.0,Shootouts (High Scoring Offense + Vulnerable Defense -> Max Fantasy Ceiling),SF,6,48.24,51.76,3.0,-1.9,K.Shanahan,16,68.7,77.1,,,,,,,1.1704,,,,,,,,0,,,,,,,,,,,,,,,,,,,,,,,,,,,,,,,,,,,,—,0,0,99,,—,122,RB122,181.3,-136.0,470,0.057,0.0,9.2,-18.3,-9.2,0.0,42.0,467.2,439.7,27.5,27.5,467.2,439.7,ESPN,YAHOO,Screaming Steal (Huge Value),10.39,3.43,-0.006,10.33,-136.0,-136.0,483,136,RB136,T8,1.0,17.0,False,False,0.0,0.0,10.39,0.0,0.0,-0.6,0.0,0.0,0.0,0.0,0.0,0.0,0.0,0.0,Tier 12,458.0,75.0,121.0,46.0,⚡ High Variance (Boom/Bust Ceiling),127.0,Tier 10,75.0,127.0,52.0
Joe Mixon,RB,FA,341.0,263.0,RB101,82.0,109.0,7.05,9,0,7797f36e-87e8-4282-b6d2-bdb1774fc3b3,0.2,0.0,joe mixon,RB,FA,RB_joe_mixon_FA,9.829,9.829,,,,,,,,,,,438.0,RB128,1.79,29.0,268.3,252.5,257.7,263.0,263.0,Healthy,0,,Neutral,Black,0.0,0.0,0.0,—,,0.6,0.0,0.0,0.0,0.0,0.0,0.0,,,,,,,,,,,,,—,—,Consensus Alignment,—,—,99.0,,,1.0,0.0,0.0,0.0,0.0,0.0,0.0,0.0,0.0,0.0,0.0,0.0,—,—,,5.0,,consensus,,,0.0,0.0,,,,,,,0.0,Neutral,,0.0,0.15,,,,,,,,,80.0,80.0,,,,,,,,,0.5,,,,,,,,,16,35.0,65.0,,0.0,—,16,65.7,90.5,,,,,,,-0.7566,,,,,,,,0,,,,,,,,,,,,,,,,,,,,,,,,,,,,,,,,,,,,—,0,0,99,,—,123,RB123,181.3,-136.49,471,0.054,0.0,-72.7,-88.5,-83.3,-78.0,-78.0,268.3,252.5,15.8,15.8,268.3,252.5,ESPN,YAHOO,Severe Reach (Overpriced),9.9,0.75,-0.006,9.84,-136.49,-136.49,484,137,RB137,T8,1.0,-221.0,False,False,0.0,0.0,9.9,0.0,0.0,-0.6,0.0,0.0,0.0,0.0,0.0,0.0,0.0,0.0,Tier 12,341.0,82.0,109.0,27.0,⚡ High Variance (Boom/Bust Ceiling),101.0,Tier 10,82.0,109.0,27.0
Jalen Reagor,WR,MIA,539.0,500.0,WR178,128.0,332.0,77.7,11,6,06ff7f42-5fe7-4899-84a5-9ba5349d17e8,0.0,0.0,jalen reagor,WR,MIA,WR_jalen_reagor_MIA,1.4,1.76,0.9799999999999999,0.7,8.95,0.03,0.0,0.0,0.0,0.0,0.0,0.0,,,,,549.8,544.4,528.2,539.0,539.0,Healthy,0,,Neutral,Black,0.0,0.0,0.0,—,,0.1,0.0,0.0,0.0,0.0,0.0,0.0,,,,,,,,,,,,,—,—,Consensus Alignment,—,—,99.0,,,1.0,0.0,0.0,0.0,0.0,0.0,0.0,0.0,0.0,0.0,0.0,0.0,—,—,,5.0,,consensus,,,0.0,0.0,,,,,,,0.0,Neutral,MIA,0.04,0.12,950.0,0.118,24.2,0.06,0.16,MIA,31.0,2.5,50.0,50.0,True,Bobby Slowik,81.6,25.0,20.3,22.0,37.3,6.0,0.732,—,24.0,Balanced,15.0,Condensed,7.0,Passing / Garbage Time (Low Scoring Offense + Bad Defense -> Trailing Game Scripts / Air Volume),MIA,30,35.51,64.49,15.0,0.3,B.Slowik,16,,66.0,,,,,,,,,,,,,,,0,,,,,,,,,,,,,,,,,,,,,,,,,,,,,,,,,,,,—,0,0,99,,—,170,WR170,158.5,-137.14,446,0.009,0.0,10.8,5.4,-10.8,0.0,-39.0,549.8,528.2,21.6,21.6,549.8,528.2,ESPN,SLEEPER,Severe Reach (Overpriced),1.65,-3.8,-0.006,1.64,-137.14,-137.14,485,171,WR171,T8,1.0,15.0,False,False,0.0,0.0,1.65,0.0,0.0,-0.6,0.0,0.0,0.0,0.0,0.0,0.0,0.0,0.0,Tier 12,539.0,128.0,332.0,204.0,⚡ High Variance (Boom/Bust Ceiling),165.0,Tier 9,128.0,332.0,204.0
Adam Prentice,RB,DEN,503.0,612.0,RB140,92.0,171.0,32.1,11,10,e5870f5e-f9b2-48a3-97ec-8d12fbc91f3f,0.1,0.0,adam prentice,RB,DEN,RB_adam_prentice_DEN,8.4,10.46,5.781999999999999,4.13,29.86,0.15,4.1,17.42,0.13,0.0,0.0,0.0,,,,,624.2,587.5,599.8,612.0,612.0,Healthy,0,,Neutral,Black,0.0,0.0,0.0,—,,0.5,0.0,0.0,0.0,0.0,0.0,0.0,,,,,,,,,,,,,—,—,Consensus Alignment,—,—,99.0,,,1.0,0.0,0.0,0.0,0.0,0.0,0.0,0.0,0.0,0.0,0.0,0.0,—,—,,5.0,,consensus,,,0.0,0.0,,,,,,,0.0,Neutral,DEN,-0.018,0.27,2100.0,0.02,28.9,0.01,0.03,DEN,4.0,5.0,100.0,100.0,True,Sean Payton/Webb,94.5,13.0,24.2,9.0,32.6,21.0,0.563,—,7.0,Gap,26.0,Most Spread,2.0,Balanced Environment,DEN,1,17.22,82.78,31.0,1.7,S.Payton,16,,,,,,,,,,,,,,,,,0,,,,,,,,,,,,,,,,,,,,,,,,,,,,,,,,,,,,—,0,0,99,,—,124,RB124,181.3,-138.06,472,0.046,0.0,121.2,84.5,96.8,109.0,109.0,624.2,587.5,36.7,36.7,624.2,587.5,ESPN,YAHOO,Screaming Steal (Huge Value),8.25,7.02,0.002,8.27,-138.06,-138.06,486,138,RB138,T8,1.0,126.0,False,False,0.0,0.0,8.25,0.0,0.0,0.2,0.0,0.0,0.0,0.0,0.0,0.0,0.0,0.0,Tier 12,503.0,92.0,171.0,79.0,⚡ High Variance (Boom/Bust Ceiling),138.0,Tier 10,92.0,171.0,79.0
Max Bredeson,RB,MIN,500.0,534.0,RB136,91.0,167.0,30.65,10,6,e26326b1-f202-4b73-bc4a-df78052b2c23,0.1,0.0,max bredeson,RB,MIN,RB_max_bredeson_MIN,7.4,9.61,6.3,4.5,29.44,0.17,2.02,8.47,0.06,0.0,0.0,0.0,,,,,587.4,512.6,469.9,534.0,534.0,Healthy,0,,Neutral,Black,0.0,0.0,0.0,—,,0.4,0.0,0.0,0.0,0.0,0.0,0.0,,,,,,,,,,,,,—,—,Consensus Alignment,—,—,99.0,,,1.0,0.0,0.0,0.0,0.0,0.0,0.0,0.0,0.0,0.0,0.0,0.0,—,—,,5.0,,consensus,,,0.0,0.0,,,,,,,0.0,Neutral,MIN,0.035,0.19,1580.0,0.085,27.1,-0.02,0.15,MIN,9.0,4.0,80.0,80.0,True,Kevin O'Connell,76.2,28.0,18.9,26.0,37.4,5.0,0.691,—,25.0,Balanced,23.0,Condensed,5.0,Shootouts (High Scoring Offense + Vulnerable Defense -> Max Fantasy Ceiling),MIN,12,31.97,68.03,18.0,1.4,K.O'Connell,16,,,,,,,,,,,,,,,Max Bredeson,MIN,1,5.0,159.0,4.0,7.6,8.4,,,,,,0.3,12.0,,1.0,,,,,,,,,,,,,,,,,,,,,,—,0,0,99,,—,125,RB125,181.3,-139.77,473,0.041,0.0,87.4,12.6,-30.1,34.0,34.0,587.4,469.9,117.5,117.5,587.4,469.9,ESPN,SLEEPER,Screaming Steal (Huge Value),6.6,0.22,-0.006,6.56,-139.77,-139.77,487,139,RB139,T8,1.0,47.0,False,False,0.0,0.0,6.6,0.0,0.0,-0.6,0.0,0.0,0.0,0.0,0.0,0.0,0.0,0.0,Tier 12,500.0,91.0,167.0,76.0,⚡ High Variance (Boom/Bust Ceiling),135.0,Tier 10,91.0,167.0,76.0
Kaleb Johnson,RB,PIT,303.0,278.5,RB92,56.0,145.0,12.29,8,9,9738de9a-7626-460f-a786-28433ef70a1f,0.5,1.0,kaleb johnson,RB,PIT,RB_kaleb_johnson_PIT,5.789999999999999,4.85,0.0,0.0,0.0,0.0,8.58,35.91,0.22,0.0,0.0,0.0,361.0,RB104,8.1,29.0,284.1,267.4,272.9,278.5,278.5,Healthy,0,,Neutral,Black,0.0,0.0,0.0,—,,0.3,0.0,0.0,0.0,0.0,0.0,0.0,,,,,,,,,,,,,—,—,Consensus Alignment,—,—,99.0,,,1.0,0.0,0.0,0.0,0.0,0.0,0.0,0.0,0.0,0.0,0.0,0.0,—,—,,5.0,,consensus,,,0.0,0.0,,,,,,,0.0,Neutral,PIT,-0.05,0.28,2150.0,0.03,29.6,0.04,0.02,PIT,12.0,3.5,70.0,70.0,False,Mike McCarthy,90.1,17.0,18.0,27.0,46.2,1.0,0.691,—,1.0,Zone,25.0,Spread,9.0,Slugfests (Low Scoring Offense + Elite Defense -> Low Over/Unders / Grinding Games),PIT,19,41.2,58.8,6.0,4.6,M.McCarthy,16,,73.2,,,,,,,,,,,,,,,0,,,,,,,,,,,,,,,,,,,,,,,,,,,,,,,,,,,,—,0,0,99,,—,128,RB128,181.3,-141.41,476,0.032,0.0,-18.9,-35.6,-30.1,-24.5,-24.5,284.1,267.4,16.7,16.7,284.1,267.4,ESPN,YAHOO,Severe Reach (Overpriced),4.95,0.0,-0.006,4.92,-141.41,-141.41,488,140,RB140,T8,1.0,-209.5,False,False,0.0,0.0,4.95,0.0,0.0,-0.6,0.0,0.0,0.0,0.0,0.0,0.0,0.0,0.0,Tier 12,303.0,56.0,145.0,89.0,⚡ High Variance (Boom/Bust Ceiling),92.0,Tier 10,56.0,145.0,89.0
Patrick Ricard,RB,NYG,502.0,541.0,RB135,85.0,168.0,31.34,10,8,cb68b95f-ef6f-4e5e-b861-8bfe6cfeacf5,0.1,0.0,patrick ricard,RB,NYG,RB_patrick_ricard_NYG,5.4,7.34,5.4879999999999995,3.92,26.81,0.13,0.0,0.0,0.0,0.0,0.0,0.0,,,,,551.8,519.4,530.2,541.0,541.0,Healthy,0,,Neutral,Black,0.0,0.0,0.0,—,,0.3,0.0,0.0,0.0,0.0,0.0,0.0,,,,,,,,,,,,,—,—,Consensus Alignment,—,—,99.0,,,1.0,0.0,0.0,0.0,0.0,0.0,0.0,0.0,0.0,0.0,0.0,0.0,—,—,,5.0,,consensus,,,0.0,0.0,,,,,,,0.0,Neutral,NYG,-0.01,0.31,2350.0,-0.01,27.7,0.0,-0.02,NYG,18.0,3.0,60.0,60.0,True,Matt Nagy,89.6,19.0,24.1,12.0,32.6,21.0,0.558,—,21.0,Zone,17.0,Even,16.0,Shootouts (High Scoring Offense + Vulnerable Defense -> Max Fantasy Ceiling),NYG,18,38.25,61.75,12.0,1.3,M.Nagy,16,,,,,,,,,,,,,,,,,0,,,,,,,,,,,,,,,,,,,,,,,,,,,,,,,,,,,,—,0,0,99,,—,130,RB130,181.3,-141.41,478,0.03,0.0,49.8,17.4,28.2,39.0,39.0,551.8,519.4,32.4,32.4,551.8,519.4,ESPN,YAHOO,Screaming Steal (Huge Value),4.95,-2.1,-0.006,4.92,-141.41,-141.41,488,140,RB140,T8,1.0,53.0,False,False,0.0,0.0,4.95,0.0,0.0,-0.6,0.0,0.0,0.0,0.0,0.0,0.0,0.0,0.0,Tier 12,502.0,85.0,168.0,83.0,⚡ High Variance (Boom/Bust Ceiling),134.0,Tier 10,85.0,168.0,83.0
Reggie Gilliam,RB,NE,504.0,627.0,RB132,94.0,152.0,22.89,10,11,4475bb8a-b5a6-4527-bfc7-8e7e03900984,0.1,0.0,reggie gilliam,RB,NE,RB_reggie_gilliam_NE,5.9,7.94,5.739999999999999,4.1,29.83,0.15,0.0,0.0,0.0,0.0,0.0,0.0,,,,,639.5,601.9,614.5,627.0,627.0,Healthy,0,,Neutral,Black,0.0,0.0,0.0,—,,0.3,0.0,0.0,0.0,0.0,0.0,0.0,,,,,,,,,,,,,—,—,Consensus Alignment,—,—,99.0,,,1.0,0.0,0.0,0.0,0.0,0.0,0.0,0.0,0.0,0.0,0.0,0.0,—,—,,5.0,,consensus,,,0.0,0.0,,,,,,,0.0,Neutral,NE,-0.03,0.3,2300.0,-0.055,29.4,-0.02,-0.07,NE,13.0,3.0,60.0,60.0,False,Josh McDaniels,104.9,4.0,24.9,6.0,34.6,13.0,0.605,—,24.0,Gap,21.0,Spread,4.0,Slugfests (Low Scoring Offense + Elite Defense -> Low Over/Unders / Grinding Games),NE,13,34.68,65.32,17.0,1.4,J.McDaniels,16,,55.1,,,,,,,,,,,,,,,0,,,,,,,,,,,,,,,,,,,,,,,,,,,,,,,,,,,,—,0,0,99,,—,127,RB127,181.3,-141.41,475,0.033,0.0,135.5,97.9,110.5,123.0,123.0,639.5,601.9,37.6,37.6,639.5,601.9,ESPN,YAHOO,Screaming Steal (Huge Value),4.95,-1.8,-0.006,4.92,-141.41,-141.41,488,140,RB140,T8,1.0,139.0,False,False,0.0,0.0,4.95,0.0,0.0,-0.6,0.0,0.0,0.0,0.0,0.0,0.0,0.0,0.0,Tier 12,504.0,94.0,152.0,58.0,⚡ High Variance (Boom/Bust Ceiling),132.0,Tier 10,94.0,152.0,58.0
Robert Henry Jr.,RB,WAS,435.0,500.0,RB116,96.0,149.0,15.6,10,7,75063230-4260-11f1-a80d-bff068733e76,0.0,0.0,robert henry,RB,WAS,RB_robert_henry_WAS,5.637499999999999,5.637499999999999,,,,,,,,,,,,,,,478.5,417.6,382.8,435.0,435.0,Healthy,0,,Neutral,Black,0.0,0.0,0.0,—,,0.3,0.0,0.0,0.0,0.0,0.0,0.0,,,,,,,,,,,,,—,—,Consensus Alignment,—,—,99.0,,,1.0,0.0,0.0,0.0,0.0,0.0,0.0,0.0,0.0,0.0,0.0,0.0,—,—,,5.0,,consensus,,,0.0,0.0,,,,,,,0.0,Neutral,WAS,0.012,0.23,1780.0,0.088,25.1,0.07,0.1,WAS,24.0,2.0,40.0,40.0,True,David Blough,80.9,26.0,22.0,18.0,36.0,10.0,0.65,More 12P,5.0,Gap,12.0,Even,12.0,Shootouts (High Scoring Offense + Vulnerable Defense -> Max Fantasy Ceiling),WAS,25,30.3,69.7,21.0,0.0,Unknown,16,,61.8,,,,,,,,,,,,,,,0,,,,,,,,,,,,,,,,,,,,,,,,,,,,,,,,,,,,—,0,0,99,,—,129,RB129,181.3,-141.45,477,0.031,0.0,43.5,-17.4,-52.2,0.0,65.0,478.5,382.8,95.7,95.7,478.5,382.8,ESPN,SLEEPER,Screaming Steal (Huge Value),4.95,-5.43,-0.014,4.88,-141.45,-141.45,491,143,RB143,T8,1.0,9.0,False,False,0.0,0.0,4.95,0.0,0.0,-1.4,0.0,0.0,0.0,0.0,0.0,0.0,0.0,0.0,Tier 12,435.0,96.0,149.0,53.0,⚡ High Variance (Boom/Bust Ceiling),116.0,Tier 10,96.0,149.0,53.0
Jacob Saylors,RB,DET,490.0,594.0,RB126,98.0,143.0,16.96,10,6,99a7f770-ea18-11ed-a93b-a93886fe0bfd,0.1,0.0,jacob saylors,RB,DET,RB_jacob_saylors_DET,2.007,0.0,0.0,0.0,0.0,0.0,0.0,0.0,0.0,0.0,0.0,0.0,391.0,RB114,6.69,29.0,605.9,570.2,582.1,594.0,594.0,Healthy,0,,Neutral,Black,0.0,0.0,0.0,—,,0.1,0.0,0.0,0.0,0.0,0.0,0.0,,,,,,,,,,,,,—,—,Consensus Alignment,—,—,99.0,,,1.0,0.0,0.0,0.0,0.0,0.0,0.0,0.0,0.0,0.0,0.0,0.0,—,—,,5.0,,consensus,,,0.0,0.0,,,,,,,0.0,Neutral,DET,0.018,0.09,720.0,0.16,26.4,0.11,0.19,DET,15.0,3.5,70.0,70.0,False,Drew Petzing,107.7,3.0,21.4,20.0,26.1,27.0,0.62,—,3.0,Gap,24.0,Even,11.0,Balanced Environment,DET,16,30.85,69.15,20.0,-1.1,D.Petzing,16,,,,,,,,,,,,,,,,,0,,,,,,,,,,,,,,,,,,,,,,,,,,,,,,,,,,,,—,0,0,99,,—,134,RB134,181.3,-144.69,482,0.011,0.0,115.9,80.2,92.1,104.0,104.0,605.9,570.2,35.7,35.7,605.9,570.2,ESPN,YAHOO,Screaming Steal (Huge Value),1.65,-1.02,-0.006,1.64,-144.69,-144.69,492,144,RB144,T8,1.0,102.0,False,False,0.0,0.0,1.65,0.0,0.0,-0.6,0.0,0.0,0.0,0.0,0.0,0.0,0.0,0.0,Tier 12,490.0,98.0,143.0,45.0,⚡ High Variance (Boom/Bust Ceiling),126.0,Tier 10,98.0,143.0,45.0
Bam Knight,RB,ARI,347.0,500.0,RB100,77.0,111.0,9.28,9,14,53df5e30-d3bd-11ec-96a0-c3471a31202c,0.2,0.0,bam knight,RB,ARI,RB_bam_knight_ARI,2.292,0.0,0.0,0.0,0.0,0.0,0.0,0.0,0.0,0.0,0.0,0.0,401.0,RB117,7.64,29.0,353.9,333.1,340.1,347.0,347.0,Healthy,0,,Neutral,Black,0.0,0.0,0.0,—,,0.1,0.0,0.0,0.0,0.0,0.0,0.0,,,,,,,,,,,,,—,—,Consensus Alignment,—,—,99.0,,,1.0,0.0,0.0,0.0,0.0,0.0,0.0,0.0,0.0,0.0,0.0,0.0,—,—,,5.0,,consensus,,,0.0,0.0,,,,,,,0.0,Neutral,ARI,0.005,0.22,1750.0,0.072,25.5,0.05,0.08,ARI,23.0,3.0,60.0,60.0,False,Mike LaFleur,95.6,12.0,20.8,21.0,32.7,19.0,0.596,—,5.0,Gap,9.0,Condensed,10.0,Passing / Garbage Time (Low Scoring Offense + Bad Defense -> Trailing Game Scripts / Air Volume),ARI,20,39.57,60.43,10.0,-1.1,M.LaFleur,16,,66.9,,,,,,,,,,,,,,,0,,,,,,,,,,,,,,,,,,,,,,,,,,,,,,,,,,,,—,0,0,99,,—,133,RB133,181.3,-144.69,481,0.013,0.0,6.9,-13.9,-6.9,0.0,153.0,353.9,333.1,20.8,20.8,353.9,333.1,ESPN,YAHOO,Screaming Steal (Huge Value),1.65,-2.33,-0.006,1.64,-144.69,-144.69,492,144,RB144,T8,1.0,8.0,False,False,0.0,0.0,1.65,0.0,0.0,-0.6,0.0,0.0,0.0,0.0,0.0,0.0,0.0,0.0,Tier 12,347.0,77.0,111.0,34.0,⚡ High Variance (Boom/Bust Ceiling),100.0,Tier 10,77.0,111.0,34.0
British Brooks,RB,HOU,505.0,633.0,RB139,99.0,155.0,24.74,11,8,2ef88b80-07cf-11ef-96cf-876a6c13e638,0.0,0.0,british brooks,RB,HOU,RB_british_brooks_HOU,2.4,2.36,0.0,0.0,0.0,0.0,4.21,18.03,0.1,0.0,0.0,0.0,,,,,645.7,607.7,620.3,633.0,633.0,Healthy,0,,Neutral,Black,0.0,0.0,0.0,—,,0.1,0.0,0.0,0.0,0.0,0.0,0.0,,,,,,,,,,,,,—,—,Consensus Alignment,—,—,99.0,,,1.0,0.0,0.0,0.0,0.0,0.0,0.0,0.0,0.0,0.0,0.0,0.0,—,—,,5.0,,consensus,,,0.0,0.0,,,,,,,0.0,Neutral,HOU,0.042,0.24,1950.0,0.108,25.8,-0.01,0.18,HOU,29.0,3.0,60.0,60.0,False,Nick Caley,94.1,14.0,17.9,28.0,35.3,12.0,0.523,High 11P,16.0,Gap,14.0,Even,26.0,Slugfests (Low Scoring Offense + Elite Defense -> Low Over/Unders / Grinding Games),HOU,29,13.79,86.21,32.0,-0.5,N.Caley,16,,,,,,,,,,,,,,,,,0,,,,,,,,,,,,,,,,,,,,,,,,,,,,,,,,,,,,—,0,0,99,,—,132,RB132,181.3,-144.7,480,0.013,0.0,140.7,102.7,115.3,128.0,128.0,645.7,607.7,38.0,38.0,645.7,607.7,ESPN,YAHOO,Screaming Steal (Huge Value),1.65,-5.88,-0.014,1.63,-144.7,-144.7,494,146,RB146,T8,1.0,139.0,False,False,0.0,0.0,1.65,0.0,0.0,-1.4,0.0,0.0,0.0,0.0,0.0,0.0,0.0,0.0,Tier 12,505.0,99.0,155.0,56.0,⚡ High Variance (Boom/Bust Ceiling),137.0,Tier 10,99.0,155.0,56.0
Shedeur Sanders,QB,CLE,278.0,244.5,QB34,30.0,63.0,3.56,5,11,270e09bc-8bf8-44b0-87ed-1fd014de4ab7,2.5,3.0,shedeur sanders,QB,CLE,QB_shedeur_sanders_CLE,41.1,106.28,0.0,0.0,0.0,0.0,24.82,143.05,0.64,1632.75,8.1,6.49,328.0,QB35,81.9,29.0,220.1,246.9,259.2,244.5,244.5,Healthy,0,,Neutral,Black,0.0,0.0,0.0,—,,2.42,0.0,0.0,0.0,0.0,0.0,0.0,,,,,,,,,,,,,—,—,Consensus Alignment,—,—,99.0,,,1.0,0.0,0.0,0.0,0.0,0.0,0.0,0.0,0.0,0.0,0.0,0.0,—,—,,5.0,,consensus,,,0.0,0.0,,,,,,,0.0,Neutral,CLE,0.0,0.16,1280.0,0.022,29.1,0.01,0.03,CLE,27.0,2.0,40.0,40.0,False,Todd Monken,70.9,32.0,24.1,10.0,32.8,18.0,0.579,"High 12P, 21P",30.0,Zone,16.0,Even,18.0,Slugfests (Low Scoring Offense + Elite Defense -> Low Over/Unders / Grinding Games),CLE,32,46.6,53.4,5.0,-3.2,T.Monken,16,,88.4,,,,,,,,,,,,,,,0,,,,,,,,,,,,,,,,,,,,,,,,,,,QB36,36.0,236.1,41.1,2.42,13.0,WW,,,—,0,0,99,,—,36,QB36,272.9,-164.86,496,0.151,0.0,-57.9,-31.1,-18.8,-33.5,-33.5,259.2,220.1,39.1,39.1,259.2,220.1,SLEEPER,ESPN,Severe Reach (Overpriced),54.7,-102.2,-0.007,54.32,-164.86,-164.86,495,35,QB35,T8,1.0,-250.5,False,False,4.0,0.0,54.7,0.0,0.0,-0.7,0.0,0.0,0.0,0.0,0.0,0.0,0.0,0.0,Tier 12,278.0,30.0,63.0,33.0,⚡ High Variance (Boom/Bust Ceiling),34.0,Tier 7,30.0,63.0,33.0
Jameis Winston,QB,NYG,403.0,305.0,QB44,36.0,45.0,2.48,6,8,fb3b36fc-b985-4807-8199-d038d7e62a93,0.4,0.0,jameis winston,QB,NYG,QB_jameis_winston_NYG,40.3,11.71,0.0,0.0,0.0,0.0,2.58,10.89,0.01,194.74,1.31,1.3,,,,,274.5,308.1,323.3,305.0,305.0,Healthy,0,,Neutral,Black,0.0,0.0,0.0,—,,2.37,0.0,0.0,0.0,0.0,0.0,0.0,,,,,,,,,,,,,—,—,Consensus Alignment,—,—,99.0,,,1.0,0.0,0.0,0.0,0.0,0.0,0.0,0.0,0.0,0.0,0.0,0.0,—,—,,5.0,,consensus,,,0.0,0.0,,,,,,,0.0,Neutral,NYG,-0.01,0.31,2350.0,-0.01,27.7,0.0,-0.02,NYG,18.0,3.0,60.0,60.0,True,Matt Nagy,89.6,19.0,24.1,12.0,32.6,21.0,0.558,—,21.0,Zone,17.0,Even,16.0,Shootouts (High Scoring Offense + Vulnerable Defense -> Max Fantasy Ceiling),NYG,18,38.25,61.75,12.0,1.3,M.Nagy,16,65.1,74.6,,,,,,,,,,,-0.1602,,,,0,,,,,,,,,,,,,,,,,,,,,,,,,,,QB37,37.0,999.0,40.3,2.37,13.0,WW,,,—,0,0,99,,—,37,QB37,272.9,-175.46,497,0.148,0.0,-128.5,-94.9,-79.7,-98.0,-98.0,323.3,274.5,48.8,48.8,323.3,274.5,SLEEPER,ESPN,Severe Reach (Overpriced),40.3,-2.1,-0.003,40.18,-175.46,-175.46,496,36,QB36,T8,1.0,-191.0,False,False,0.0,0.0,40.3,0.0,0.0,-0.3,0.0,0.0,0.0,0.0,0.0,0.0,0.0,0.0,Tier 12,403.0,36.0,45.0,9.0,⚡ High Variance (Boom/Bust Ceiling),44.0,Tier 7,36.0,45.0,9.0
J.J. McCarthy,QB,MIN,338.0,279.0,QB36,34.0,55.0,3.89,6,6,587cc3c3-aeda-4ac7-8803-a7e4db195534,1.0,1.0,jj mccarthy,QB,MIN,QB_jj_mccarthy_MIN,47.5,22.47,0.0,0.0,0.0,0.0,5.95,26.95,0.21,340.59,1.78,1.42,428.0,QB49,25.06,29.0,251.1,281.8,295.7,279.0,279.0,Healthy,0,,Neutral,Black,0.0,0.0,0.0,—,,2.79,0.0,0.0,0.0,0.0,0.0,0.0,,,,,,,,,,,,,—,—,Consensus Alignment,—,—,99.0,,,1.0,0.0,0.0,0.0,0.0,0.0,0.0,0.0,0.0,0.0,0.0,0.0,—,—,,5.0,,consensus,,,0.0,0.0,,,,,,,0.0,Neutral,MIN,0.035,0.19,1580.0,0.085,27.1,-0.02,0.15,MIN,9.0,4.0,80.0,80.0,True,Kevin O'Connell,76.2,28.0,18.9,26.0,37.4,5.0,0.691,—,25.0,Balanced,23.0,Condensed,5.0,Shootouts (High Scoring Offense + Vulnerable Defense -> Max Fantasy Ceiling),MIN,12,31.97,68.03,18.0,1.4,K.O'Connell,16,,80.9,,,,,,,,,,,,,,,0,,,,,,,,,,,,,,,,,,,,,,,,,,,QB35,35.0,224.2,47.5,2.79,13.0,WW,,,—,0,0,99,,—,35,QB35,272.9,-175.67,495,0.174,0.0,-86.9,-56.2,-42.3,-59.0,-59.0,295.7,251.1,44.6,44.6,295.7,251.1,SLEEPER,ESPN,Severe Reach (Overpriced),40.02,1.65,-0.003,39.9,-175.67,-175.67,497,37,QB37,T8,1.0,-218.0,False,False,4.0,0.0,40.02,0.0,0.0,-0.3,0.0,0.0,0.0,0.0,0.0,0.0,0.0,0.0,Tier 12,338.0,34.0,55.0,21.0,⚡ High Variance (Boom/Bust Ceiling),36.0,Tier 7,34.0,55.0,21.0
Marcus Mariota,QB,WAS,404.0,453.0,QB43,36.0,53.0,3.86,6,7,7c16c04c-04de-41f3-ac16-ad6a9435e3f7,0.1,0.0,marcus mariota,QB,WAS,QB_marcus_mariota_WAS,36.2,18.01,0.0,0.0,0.0,0.0,1.38,7.89,0.03,254.03,1.98,0.84,,,,,407.7,457.5,480.2,453.0,453.0,Healthy,0,,Neutral,Black,0.0,0.0,0.0,—,,2.13,0.0,0.0,0.0,0.0,0.0,0.0,,,,,,,,,,,,,—,—,Consensus Alignment,—,—,99.0,,,1.0,0.0,0.0,0.0,0.0,0.0,0.0,0.0,0.0,0.0,0.0,0.0,—,—,,5.0,,consensus,,,0.0,0.0,,,,,,,0.0,Neutral,WAS,0.012,0.23,1780.0,0.088,25.1,0.07,0.1,WAS,24.0,2.0,40.0,40.0,True,David Blough,80.9,26.0,22.0,18.0,36.0,10.0,0.65,More 12P,5.0,Gap,12.0,Even,12.0,Shootouts (High Scoring Offense + Vulnerable Defense -> Max Fantasy Ceiling),WAS,25,30.3,69.7,21.0,0.0,Unknown,16,,98.3,,,,,,,,,,,,,,,0,,,,,,,,,,,,,,,,,,,,,,,,,,,QB39,39.0,999.0,36.2,2.13,13.0,WW,,,—,0,0,99,,—,39,QB39,272.9,-178.53,499,0.133,0.0,3.7,53.5,76.2,49.0,49.0,480.2,407.7,72.5,72.5,480.2,407.7,SLEEPER,ESPN,Screaming Steal (Huge Value),36.2,-3.84,-0.003,36.09,-178.53,-178.53,498,38,QB38,T8,1.0,-45.0,False,False,4.0,0.0,36.2,0.0,0.0,-0.3,0.0,0.0,0.0,0.0,0.0,0.0,0.0,0.0,Tier 12,404.0,36.0,53.0,17.0,⚡ High Variance (Boom/Bust Ceiling),43.0,Tier 7,36.0,53.0,17.0
Carson Beck,QB,ARI,331.0,303.5,QB37,32.0,85.0,8.02,6,14,a67c28ce-9e03-46f1-9fb6-b5ef70eb20db,1.2,2.0,carson beck,QB,ARI,QB_carson_beck_ARI,37.9,23.22,0.0,0.0,0.0,0.0,5.19,20.14,0.1,338.17,2.19,1.17,416.0,QB48,26.25,29.0,273.2,306.5,267.1,303.5,303.5,Healthy,0,,Neutral,Black,0.0,0.0,0.0,—,,2.23,0.0,0.0,0.0,0.0,0.0,0.0,,,,,,,,,,,,,—,—,Consensus Alignment,—,—,99.0,,,1.0,0.0,0.0,0.0,0.0,0.0,0.0,0.0,0.0,0.0,0.0,0.0,—,—,,5.0,,consensus,,,0.0,0.0,,,,,,,0.0,Neutral,ARI,0.005,0.22,1750.0,0.072,25.5,0.05,0.08,ARI,23.0,3.0,60.0,60.0,False,Mike LaFleur,95.6,12.0,20.8,21.0,32.7,19.0,0.596,—,5.0,Gap,9.0,Condensed,10.0,Passing / Garbage Time (Low Scoring Offense + Bad Defense -> Trailing Game Scripts / Air Volume),ARI,20,39.57,60.43,10.0,-1.1,M.LaFleur,16,,65.2,,,,,,,,,,,,,Carson Beck,ARI,1,3.0,65.0,8.6,15.4,9.1,,,,,,,,,,,,,,,,,,,,,,QB38,38.0,999.0,37.9,2.23,13.0,WW,,,—,0,0,99,,—,38,QB38,272.9,-180.16,498,0.139,0.0,-57.8,-24.5,-63.9,-27.5,-27.5,306.5,267.1,39.4,39.4,306.5,267.1,YAHOO,SLEEPER,Severe Reach (Overpriced),34.02,-1.65,-0.003,33.92,-180.16,-180.16,499,39,QB39,T8,1.0,-195.5,False,False,0.0,0.0,34.02,0.0,0.0,-0.3,0.0,0.0,0.0,0.0,0.0,0.0,0.0,0.0,Tier 12,331.0,32.0,85.0,53.0,⚡ High Variance (Boom/Bust Ceiling),37.0,Tier 7,32.0,85.0,53.0
Justin Fields,QB,KC,356.0,320.0,QB39,36.0,51.0,2.84,6,5,cf15be8f-9117-4531-a517-2b9c7cb3e9e1,0.6,1.0,justin fields,QB,KC,QB_justin_fields_KC,34.6,12.06,0.0,0.0,0.0,0.0,3.59,18.44,0.05,175.17,0.98,0.81,364.0,QB40,24.16,29.0,288.0,323.2,339.2,320.0,320.0,Healthy,0,,Neutral,Black,0.0,0.0,0.0,—,,2.04,0.0,0.0,0.0,0.0,0.0,0.0,,,,,,,,,,,,,—,—,Consensus Alignment,—,—,99.0,,,1.0,0.0,0.0,0.0,0.0,0.0,0.0,0.0,0.0,0.0,0.0,0.0,—,—,,5.0,,consensus,,,0.0,0.0,,,,,,,0.0,Neutral,KC,0.068,0.145,1250.0,0.142,26.5,0.02,0.22,KC,22.0,3.0,60.0,60.0,False,Andy Reid,89.6,19.0,22.0,19.0,33.2,16.0,0.546,—,9.0,Zone,22.0,Condensed,6.0,Chew the Clock (High Scoring Offense + Elite Defense -> Run-Heavy Second Halves),KC,21,38.45,61.55,11.0,6.4,A.Reid,16,71.5,89.7,,,,,,,,,,,-0.3172,,,,0,,,,,,,,,,,,,,,,,,,,,,,,,,,QB40,40.0,999.0,34.6,2.04,13.0,WW,,,—,0,0,99,,—,40,QB40,272.9,-182.32,500,0.127,0.0,-68.0,-32.8,-16.8,-36.0,-36.0,339.2,288.0,51.2,51.2,339.2,288.0,SLEEPER,ESPN,Severe Reach (Overpriced),31.12,0.24,-0.003,31.03,-182.32,-182.32,500,40,QB40,T8,1.0,-180.0,False,False,0.0,0.0,31.12,0.0,0.0,-0.3,0.0,0.0,0.0,0.0,0.0,0.0,0.0,0.0,Tier 12,356.0,36.0,51.0,15.0,⚡ High Variance (Boom/Bust Ceiling),39.0,Tier 7,36.0,51.0,15.0
Mac Jones,QB,SF,349.0,329.0,QB38,35.0,48.0,2.77,6,8,1fd00ec3-b758-46d2-a2c1-cca521ea8a54,0.3,1.0,mac jones,QB,SF,QB_mac_jones_SF,31.9,10.54,0.0,0.0,0.0,0.0,2.65,8.41,0.0,160.23,0.98,0.52,398.0,QB43,20.42,29.0,296.1,332.3,348.7,329.0,329.0,Healthy,0,,Neutral,Black,0.0,0.0,0.0,—,,1.88,0.0,0.0,0.0,0.0,0.0,0.0,,,,,,,,,,,,,—,—,Consensus Alignment,—,—,99.0,,,1.0,0.0,0.0,0.0,0.0,0.0,0.0,0.0,0.0,0.0,0.0,0.0,—,—,,5.0,,consensus,,,0.0,0.0,,,,,,,0.0,Neutral,SF,-0.012,0.11,890.0,0.175,28.8,0.14,0.2,SF,6.0,4.0,80.0,80.0,False,Kyle Shanahan,100.9,6.0,26.4,4.0,32.9,17.0,0.774,High 21P,8.0,Zone,3.0,Most Condensed,14.0,Shootouts (High Scoring Offense + Vulnerable Defense -> Max Fantasy Ceiling),SF,6,48.24,51.76,3.0,-1.9,K.Shanahan,16,64.4,92.2,,,,,,,,,,,-0.21,,,,0,,,,,,,,,,,,,,,,,,,,,,,,,,,QB45,45.0,999.0,31.9,1.88,14.0,WW,,,—,0,0,99,,—,43,QB43,272.9,-184.6,503,0.117,0.0,-52.9,-16.7,-0.3,-20.0,-20.0,348.7,296.1,52.6,52.6,348.7,296.1,SLEEPER,ESPN,Severe Reach (Overpriced),28.07,2.24,-0.003,27.99,-184.6,-184.6,501,41,QB41,T8,1.0,-172.0,False,False,0.0,0.0,28.07,0.0,0.0,-0.3,0.0,0.0,0.0,0.0,0.0,0.0,0.0,0.0,Tier 12,349.0,35.0,48.0,13.0,⚡ High Variance (Boom/Bust Ceiling),38.0,Tier 7,35.0,48.0,13.0
Tyson Bagent,QB,CHI,530.0,597.0,QB51,42.0,86.0,11.24,7,10,9bdeb910-ead2-11ed-999e-03b49558b5db,0.1,0.0,tyson bagent,QB,CHI,QB_tyson_bagent_CHI,33.3,11.48,0.0,0.0,0.0,0.0,2.84,8.64,0.03,169.64,1.01,0.18,514.0,QB59,17.36,29.0,537.3,603.0,632.8,597.0,597.0,Healthy,0,,Neutral,Black,0.0,0.0,0.0,—,,1.96,0.0,0.0,0.0,0.0,0.0,0.0,,,,,,,,,,,,,—,—,Consensus Alignment,—,—,99.0,,,1.0,0.0,0.0,0.0,0.0,0.0,0.0,0.0,0.0,0.0,0.0,0.0,—,—,,5.0,,consensus,,,0.0,0.0,,,,,,,0.0,Neutral,CHI,0.01,0.26,2020.0,0.048,27.6,0.01,0.07,CHI,3.0,4.0,80.0,80.0,False,Ben Johnson,98.3,8.0,29.3,1.0,37.2,7.0,0.63,High 12P,4.0,Zone,6.0,Even,11.0,Balanced Environment,CHI,4,41.16,58.84,7.0,-2.7,B.Johnson,16,,,,,,,,,,,,,,,,,0,,,,,,,,,,,,,,,,,,,,,,,,,,,QB41,41.0,999.0,33.3,1.96,13.0,WW,,,—,0,0,99,,—,41,QB41,272.9,-184.66,501,0.122,0.0,7.3,73.0,102.8,67.0,67.0,632.8,537.3,95.5,95.5,632.8,537.3,SLEEPER,ESPN,Screaming Steal (Huge Value),27.99,2.9,-0.003,27.91,-184.66,-184.66,502,42,QB42,T8,1.0,95.0,False,False,0.0,0.0,27.99,0.0,0.0,-0.3,0.0,0.0,0.0,0.0,0.0,0.0,0.0,0.0,Tier 12,530.0,42.0,86.0,44.0,⚡ High Variance (Boom/Bust Ceiling),50.0,Tier 7,42.0,86.0,44.0
Joe Milton III,QB,DAL,397.0,377.0,QB46,39.0,68.0,7.09,6,14,74043480-24ef-4c26-99d4-18f43d5b41d3,0.2,0.0,joe milton,QB,DAL,QB_joe_milton_DAL,32.5,8.54,0.0,0.0,0.0,0.0,3.0,14.33,0.0,119.33,0.67,0.33,525.0,QB62,12.38,29.0,339.3,380.8,399.6,377.0,377.0,Healthy,0,,Neutral,Black,0.0,0.0,0.0,—,,1.91,0.0,0.0,0.0,0.0,0.0,0.0,,,,,,,,,,,,,—,—,Consensus Alignment,—,—,99.0,,,1.0,0.0,0.0,0.0,0.0,0.0,0.0,0.0,0.0,0.0,0.0,0.0,—,—,,5.0,,consensus,,,0.0,0.0,,,,,,,0.0,Neutral,DAL,0.055,0.22,1680.0,0.115,24.8,-0.04,0.2,DAL,8.0,4.0,80.0,80.0,False,Brian Schottenheimer,109.1,2.0,24.1,10.0,39.9,4.0,0.666,High 11P,2.0,Gap,12.0,Very Condensed,24.0,Shootouts (High Scoring Offense + Vulnerable Defense -> Max Fantasy Ceiling),DAL,15,26.43,73.57,24.0,-3.4,B.Schottenheimer,16,,67.5,,,,,,,,,,,,,,,0,,,,,,,,,,,,,,,,,,,,,,,,,,,QB44,44.0,999.0,32.5,1.91,14.0,WW,,,—,0,0,99,,—,42,QB42,272.9,-186.31,502,0.119,0.0,-57.7,-16.2,2.6,-20.0,-20.0,399.6,339.3,60.3,60.3,399.6,339.3,SLEEPER,ESPN,Severe Reach (Overpriced),25.79,2.25,-0.003,25.71,-186.31,-186.31,503,43,QB43,T8,1.0,-126.0,False,False,0.0,0.0,25.79,0.0,0.0,-0.3,0.0,0.0,0.0,0.0,0.0,0.0,0.0,0.0,Tier 12,397.0,39.0,68.0,29.0,⚡ High Variance (Boom/Bust Ceiling),46.0,Tier 7,39.0,68.0,29.0
Ty Simpson,QB,LAR,360.0,292.0,QB40,35.0,54.0,4.12,6,11,2e62e603-363a-425f-8c57-0a1600476c85,0.5,1.0,ty simpson,QB,LAR,QB_ty_simpson_LAR,23.4,23.37,0.0,0.0,0.0,0.0,4.05,18.42,0.03,298.17,2.6,0.8,,,,,262.8,294.9,257.0,292.0,292.0,Healthy,0,,Neutral,Black,0.0,0.0,0.0,—,,1.4,0.0,0.0,0.0,0.0,0.0,0.0,,,,,,,,,,,,,—,—,Consensus Alignment,—,—,99.0,,,1.0,0.0,0.0,0.0,0.0,0.0,0.0,0.0,0.0,0.0,0.0,0.0,—,—,,5.0,,consensus,,,0.0,0.0,,,,,,,0.0,Neutral,LAR,0.008,0.14,1120.0,0.095,27.4,0.04,0.13,LAR,1.0,4.5,90.0,90.0,False,Sean McVay,113.3,1.0,19.8,24.0,42.8,2.0,0.759,High 13P,6.0,Gap,4.0,Very Condensed,21.0,Chew the Clock (High Scoring Offense + Elite Defense -> Run-Heavy Second Halves),LAR,3,40.06,59.94,9.0,0.3,S.McVay,16,,75.6,,,,,,,,,,,,,Ty Simpson,LAR,1,1.0,13.0,40.4,42.2,13.7,,,,,211.0,1.4,10.4,,2.0,,,,,,,,,,,,,,,,,,,,,,—,0,0,99,,—,44,QB44,272.9,-188.1,504,0.086,0.0,-97.2,-65.1,-103.0,-68.0,-68.0,294.9,257.0,37.9,37.9,294.9,257.0,YAHOO,SLEEPER,Severe Reach (Overpriced),23.4,4.04,-0.003,23.33,-188.1,-188.1,504,44,QB44,T8,1.0,-212.0,False,False,0.0,0.0,23.4,0.0,0.0,-0.3,0.0,0.0,0.0,0.0,0.0,0.0,0.0,0.0,Tier 12,360.0,35.0,54.0,19.0,⚡ High Variance (Boom/Bust Ceiling),40.0,Tier 7,35.0,54.0,19.0
Joe Flacco,QB,CIN,385.0,315.0,QB41,37.0,47.0,3.04,6,6,64797df2-efd3-4b27-86ee-1d48f7edb09f,0.4,1.0,joe flacco,QB,CIN,QB_joe_flacco_CIN,13.774,10.34,0.0,0.0,0.0,0.0,2.2,8.59,0.01,169.42,1.16,0.85,386.0,QB42,21.88,29.0,283.5,318.1,333.9,315.0,315.0,Healthy,0,,Neutral,Black,0.0,0.0,0.0,—,,0.8,0.0,0.0,0.0,0.0,0.0,0.0,,,,,,,,,,,,,—,—,Consensus Alignment,—,—,99.0,,,1.0,0.0,0.0,0.0,0.0,0.0,0.0,0.0,0.0,0.0,0.0,0.0,—,—,,5.0,,consensus,,,0.0,0.0,,,,,,,0.0,Neutral,CIN,0.05,0.18,1420.0,0.125,25.2,0.01,0.21,CIN,19.0,3.0,60.0,60.0,False,Zac Taylor,98.6,7.0,22.5,15.0,42.5,3.0,0.751,—,11.0,Gap,20.0,Very Spread,15.0,Shootouts (High Scoring Offense + Vulnerable Defense -> Max Fantasy Ceiling),CIN,28,31.69,68.31,19.0,3.6,Z.Taylor,16,65.8,,,,,,,,,,,,-0.1333,,,,0,,,,,,,,,,,,,,,,,,,,,,,,,,,,,,,,,,,,—,0,0,99,,—,45,QB45,272.9,-192.26,505,0.05,0.0,-101.5,-66.9,-51.1,-70.0,-70.0,333.9,283.5,50.4,50.4,333.9,283.5,SLEEPER,ESPN,Severe Reach (Overpriced),17.83,-2.3,-0.003,17.78,-192.26,-192.26,505,45,QB45,T8,1.0,-190.0,False,False,0.0,0.0,17.83,0.0,0.0,-0.3,0.0,0.0,0.0,0.0,0.0,0.0,0.0,0.0,Tier 12,385.0,37.0,47.0,10.0,⚡ High Variance (Boom/Bust Ceiling),41.0,Tier 7,37.0,47.0,10.0
Tyrod Taylor,QB,GB,483.0,373.0,QB49,42.0,51.0,2.98,7,11,7f3ef024-eb34-46af-8b9e-544cdf09378f,0.1,0.0,tyrod taylor,QB,GB,QB_tyrod_taylor_GB,12.997,10.86,0.0,0.0,0.0,0.0,2.13,10.68,0.04,173.46,0.93,0.76,498.0,QB56,17.89,29.0,335.7,376.7,395.4,373.0,373.0,Healthy,0,,Neutral,Black,0.0,0.0,0.0,—,,0.8,0.0,0.0,0.0,0.0,0.0,0.0,,,,,,,,,,,,,—,—,Consensus Alignment,—,—,99.0,,,1.0,0.0,0.0,0.0,0.0,0.0,0.0,0.0,0.0,0.0,0.0,0.0,—,—,,5.0,,consensus,,,0.0,0.0,,,,,,,0.0,Neutral,GB,0.02,0.16,1300.0,0.112,27.8,0.04,0.16,GB,20.0,2.0,40.0,40.0,False,Matt LaFleur,90.5,16.0,23.0,13.0,36.3,9.0,0.667,High 12P,19.0,Balanced,8.0,Very Condensed,17.0,Chew the Clock (High Scoring Offense + Elite Defense -> Run-Heavy Second Halves),GB,27,38.22,61.78,13.0,-1.0,M.LaFleur,16,63.3,,,,,,,,,,,,-0.5659,,,,0,,,,,,,,,,,,,,,,,,,,,,,,,,,,,,,,,,,,—,0,0,99,,—,46,QB46,272.9,-194.1,506,0.048,0.0,-147.3,-106.3,-87.6,-110.0,-110.0,395.4,335.7,59.7,59.7,395.4,335.7,SLEEPER,ESPN,Severe Reach (Overpriced),15.44,-5.6,-0.007,15.33,-194.1,-194.1,506,46,QB46,T8,1.0,-133.0,False,False,0.0,0.0,15.44,0.0,0.0,-0.7,0.0,0.0,0.0,0.0,0.0,0.0,0.0,0.0,Tier 12,483.0,42.0,51.0,9.0,⚡ High Variance (Boom/Bust Ceiling),48.0,Tier 7,42.0,51.0,9.0
Anthony Richardson Sr.,QB,IND,374.0,458.0,QB42,35.0,95.0,13.24,6,13,5fc5b4a6-a583-4345-a810-4f982204ea5e,0.2,0.0,anthony richardson,QB,IND,QB_anthony_richardson_IND,11.902999999999999,10.36,0.0,0.0,0.0,0.0,5.0,20.0,0.0,109.0,1.0,0.0,486.0,QB53,15.41,29.0,412.2,462.6,485.5,458.0,458.0,Healthy,0,,Neutral,Black,0.0,0.0,0.0,—,,0.7,0.0,0.0,0.0,0.0,0.0,0.0,,,,,,,,,,,,,—,—,Consensus Alignment,—,—,99.0,,,1.0,0.0,0.0,0.0,0.0,0.0,0.0,0.0,0.0,0.0,0.0,0.0,—,—,,5.0,,consensus,,,0.0,0.0,,,,,,,0.0,Neutral,IND,0.005,0.13,980.0,0.068,27.3,0.06,0.07,IND,5.0,4.5,90.0,90.0,False,Shane Steichen,97.4,10.0,22.2,17.0,32.7,19.0,0.691,—,20.0,Gap,10.0,Even,25.0,Balanced Environment,IND,10,36.05,63.95,14.0,-3.5,S.Steichen,16,,66.1,,,,,,,,,,,,,,,0,,,,,,,,,,,,,,,,,,,,,,,,,,,,,,,,,,,,—,0,0,99,,—,48,QB48,272.9,-195.38,508,0.044,0.0,38.2,88.6,111.5,84.0,84.0,485.5,412.2,73.3,73.3,485.5,412.2,SLEEPER,ESPN,Screaming Steal (Huge Value),13.66,1.95,-0.003,13.62,-195.38,-195.38,507,47,QB47,T8,1.0,-49.0,False,False,0.0,0.0,13.66,0.0,0.0,-0.3,0.0,0.0,0.0,0.0,0.0,0.0,0.0,0.0,Tier 12,374.0,35.0,95.0,60.0,⚡ High Variance (Boom/Bust Ceiling),42.0,Tier 7,35.0,95.0,60.0
Gardner Minshew II,QB,ARI,487.0,570.0,QB48,41.0,76.0,9.96,7,14,dabb52c0-455b-48fe-996b-abf758120623,0.1,0.0,gardner minshew,QB,ARI,QB_gardner_minshew_ARI,11.142999999999999,9.71,0.0,0.0,0.0,0.0,2.45,9.28,0.02,147.81,0.82,0.3,515.0,QB60,14.51,29.0,513.0,575.7,604.2,570.0,570.0,Healthy,0,,Neutral,Black,0.0,0.0,0.0,—,,0.7,0.0,0.0,0.0,0.0,0.0,0.0,,,,,,,,,,,,,—,—,Consensus Alignment,—,—,99.0,,,1.0,0.0,0.0,0.0,0.0,0.0,0.0,0.0,0.0,0.0,0.0,0.0,—,—,,5.0,,consensus,,,0.0,0.0,,,,,,,0.0,Neutral,ARI,0.005,0.22,1750.0,0.072,25.5,0.05,0.08,ARI,23.0,3.0,60.0,60.0,False,Mike LaFleur,95.6,12.0,20.8,21.0,32.7,19.0,0.596,—,5.0,Gap,9.0,Condensed,10.0,Passing / Garbage Time (Low Scoring Offense + Bad Defense -> Trailing Game Scripts / Air Volume),ARI,20,39.57,60.43,10.0,-1.1,M.LaFleur,16,53.2,70.6,,,,,,,,,,,-0.7926,,,,0,,,,,,,,,,,,,,,,,,,,,,,,,,,,,,,,,,,,—,0,0,99,,—,49,QB49,272.9,-196.0,509,0.041,0.0,26.0,88.7,117.2,83.0,83.0,604.2,513.0,91.2,91.2,604.2,513.0,SLEEPER,ESPN,Screaming Steal (Huge Value),12.83,-1.65,-0.003,12.79,-196.0,-196.0,508,48,QB48,T8,1.0,62.0,False,False,-3.0,0.0,12.83,0.0,0.0,-0.3,0.0,0.0,0.0,0.0,0.0,0.0,0.0,0.0,Tier 12,487.0,41.0,76.0,35.0,⚡ High Variance (Boom/Bust Ceiling),47.0,Tier 7,41.0,76.0,35.0
Riley Leonard,QB,IND,482.0,595.0,QB50,40.0,57.0,5.79,7,13,38b62d7f-4403-4e2b-8083-4d0cd08e81aa,0.1,0.0,riley leonard,QB,IND,QB_riley_leonard_IND,12.4,12.42,0.0,0.0,0.0,0.0,2.75,11.48,0.03,192.82,1.28,0.5,,,,,535.5,601.0,630.7,595.0,595.0,Healthy,0,,Neutral,Black,0.0,0.0,0.0,—,,0.7,0.0,0.0,0.0,0.0,0.0,0.0,,,,,,,,,,,,,—,—,Consensus Alignment,—,—,99.0,,,1.0,0.0,0.0,0.0,0.0,0.0,0.0,0.0,0.0,0.0,0.0,0.0,—,—,,5.0,,consensus,,,0.0,0.0,,,,,,,0.0,Neutral,IND,0.005,0.13,980.0,0.068,27.3,0.06,0.07,IND,5.0,4.5,90.0,90.0,False,Shane Steichen,97.4,10.0,22.2,17.0,32.7,19.0,0.691,—,20.0,Gap,10.0,Even,25.0,Balanced Environment,IND,10,36.05,63.95,14.0,-3.5,S.Steichen,16,,77.9,,,,,,,,,,,,,,,0,,,,,,,,,,,,,,,,,,,,,,,,,,,,,,,,,,,,—,0,0,99,,—,47,QB47,272.9,-196.33,507,0.045,0.0,53.5,119.0,148.7,113.0,113.0,630.7,535.5,95.2,95.2,630.7,535.5,SLEEPER,ESPN,Screaming Steal (Huge Value),12.4,1.95,-0.003,12.36,-196.33,-196.33,509,49,QB49,T8,1.0,86.0,False,False,0.0,0.0,12.4,0.0,0.0,-0.3,0.0,0.0,0.0,0.0,0.0,0.0,0.0,0.0,Tier 12,482.0,40.0,57.0,17.0,⚡ High Variance (Boom/Bust Ceiling),49.0,Tier 7,40.0,57.0,17.0
Jake Browning,QB,TB,508.0,451.0,QB59,49.0,73.0,8.01,7,10,f2f29019-7306-4b1c-a9d8-e9f802cb06e0,0.1,0.0,jake browning,QB,TB,QB_jake_browning_TB,10.588,11.25,0.0,0.0,0.0,0.0,3.13,15.75,0.05,157.37,1.03,0.86,404.0,QB45,9.16,29.0,405.9,455.5,478.1,451.0,451.0,Healthy,0,,Neutral,Black,0.0,0.0,0.0,—,,0.6,0.0,0.0,0.0,0.0,0.0,0.0,,,,,,,,,,,,,—,—,Consensus Alignment,—,—,99.0,,,1.0,0.0,0.0,0.0,0.0,0.0,0.0,0.0,0.0,0.0,0.0,0.0,—,—,,5.0,,consensus,,,0.0,0.0,,,,,,,0.0,Neutral,TB,0.028,0.11,820.0,0.078,27.5,-0.03,0.14,TB,26.0,4.0,80.0,80.0,False,Zac Robinson,89.8,18.0,27.9,2.0,30.4,24.0,0.75,High 12P,13.0,Zone,2.0,Condensed,20.0,Slugfests (Low Scoring Offense + Elite Defense -> Low Over/Unders / Grinding Games),TB,5,26.78,73.22,23.0,-6.6,Z.Robinson,16,,66.2,,,,,,,,,,,,,,,0,,,,,,,,,,,,,,,,,,,,,,,,,,,,,,,,,,,,—,0,0,99,,—,50,QB50,272.9,-197.68,510,0.039,0.0,-102.1,-52.5,-29.9,-57.0,-57.0,478.1,405.9,72.2,72.2,478.1,405.9,SLEEPER,ESPN,Severe Reach (Overpriced),10.59,3.44,-0.003,10.56,-197.68,-197.68,510,50,QB50,T8,1.0,-59.0,False,False,0.0,0.0,10.59,0.0,0.0,-0.3,0.0,0.0,0.0,0.0,0.0,0.0,0.0,0.0,Tier 12,508.0,49.0,73.0,24.0,⚡ High Variance (Boom/Bust Ceiling),52.0,Tier 7,49.0,73.0,24.0
Drew Allar,QB,PIT,597.0,307.0,QB58,46.0,74.0,8.14,7,9,0667d256-9f37-4b21-b1c9-fb105aaf97a2,0.4,0.0,drew allar,QB,PIT,QB_drew_allar_PIT,9.4,9.36,0.0,0.0,0.0,0.0,1.65,6.83,0.03,130.65,0.93,0.25,,,,,276.3,310.1,270.2,307.0,307.0,Healthy,0,,Neutral,Black,0.0,0.0,0.0,—,,0.6,0.0,0.0,0.0,0.0,0.0,0.0,,,,,,,,,,,,,—,—,Consensus Alignment,—,—,99.0,,,1.0,0.0,0.0,0.0,0.0,0.0,0.0,0.0,0.0,0.0,0.0,0.0,—,—,,5.0,,consensus,,,0.0,0.0,,,,,,,0.0,Neutral,PIT,-0.05,0.28,2150.0,0.03,29.6,0.04,0.02,PIT,12.0,3.5,70.0,70.0,False,Mike McCarthy,90.1,17.0,18.0,27.0,46.2,1.0,0.691,—,1.0,Zone,25.0,Spread,9.0,Slugfests (Low Scoring Offense + Elite Defense -> Low Over/Unders / Grinding Games),PIT,19,41.2,58.8,6.0,4.6,M.McCarthy,16,,75.1,,,,,,,,,,,,,Drew Allar,PIT,1,3.0,76.0,10.5,11.0,9.4,,,,,228.0,8.4,27.5,,26.0,,,,,,,,,,,,,,,,,,,,,,—,0,0,99,,—,51,QB51,272.9,-198.19,511,0.034,0.0,-320.7,-286.9,-326.8,-290.0,-290.0,310.1,270.2,39.9,39.9,310.1,270.2,YAHOO,SLEEPER,Severe Reach (Overpriced),9.9,-2.1,-0.003,9.87,-198.19,-198.19,511,51,QB51,T8,1.0,-204.0,False,False,0.0,0.0,9.9,0.0,0.0,-0.3,0.0,0.0,0.0,0.0,0.0,0.0,0.0,0.0,Tier 12,597.0,46.0,74.0,28.0,⚡ High Variance (Boom/Bust Ceiling),51.0,Tier 7,46.0,74.0,28.0
Cade Klubnik,QB,NYJ,409.0,340.0,QB45,37.0,57.0,5.41,6,13,3a62187b-d6b6-43fb-82c9-efabd8a6c0e0,0.2,0.0,cade klubnik,QB,NYJ,QB_cade_klubnik_NYJ,9.4,9.38,0.0,0.0,0.0,0.0,1.83,8.22,0.03,136.81,0.92,0.61,,,,,306.0,343.4,299.2,340.0,340.0,Healthy,0,,Neutral,Black,0.0,0.0,0.0,—,,0.6,0.0,0.0,0.0,0.0,0.0,0.0,,,,,,,,,,,,,—,—,Consensus Alignment,—,—,99.0,,,1.0,0.0,0.0,0.0,0.0,0.0,0.0,0.0,0.0,0.0,0.0,0.0,—,—,,5.0,,consensus,,,0.0,0.0,,,,,,,0.0,Neutral,NYJ,0.015,0.21,1650.0,0.065,26.8,0.03,0.09,NYJ,17.0,3.0,60.0,60.0,False,Frank Reich,71.1,30.0,24.9,6.0,29.8,26.0,0.613,High 11P,10.0,Balanced,27.0,Spread,8.0,Balanced Environment,NYJ,17,23.57,76.43,27.0,-1.3,F.Reich,16,,69.0,,,,,,,,,,,,,Cade Klubnik,NYJ,1,4.0,110.0,5.1,4.6,9.2,,,,,207.0,16.7,45.8,,57.0,,,,,,,,,,,,,,,,,,,,,,—,0,0,99,,—,51,QB51,272.9,-198.19,511,0.034,0.0,-103.0,-65.6,-109.8,-69.0,-69.0,343.4,299.2,44.2,44.2,343.4,299.2,YAHOO,SLEEPER,Severe Reach (Overpriced),9.9,-1.35,-0.003,9.87,-198.19,-198.19,511,51,QB51,T8,1.0,-171.0,False,False,0.0,0.0,9.9,0.0,0.0,-0.3,0.0,0.0,0.0,0.0,0.0,0.0,0.0,0.0,Tier 12,409.0,37.0,57.0,20.0,⚡ High Variance (Boom/Bust Ceiling),45.0,Tier 7,37.0,57.0,20.0
