composite_rank,player_name,position,team,composite_tier,composite_score,vorp,vorp_rank,pos_rank_label,ecr,adp_consensus,adp_delta_consensus,arbitrage_tag,best_value_platform,adp_espn,adp_yahoo,adp_sleeper,adp_cbs,adp_arbitrage_spread,proj_pts_ppr,adj_ppg_25,raw_ppg_25,luck_points_lost,unlucky_flag,ol_run_rating,ol_pass_rating,neutral_proe,vacated_target_share,rb1_share_pct,pace_rank,duracell_tier,risk_rating,reddit_mentions_7d,sentiment_polarity,steam_index,steam_trend,is_sleeper,is_bust_risk,injury_status,bye_week,pos_ecr,best_rank,worst_rank,std_dev,fp_tier,sportsdata_id,owned_espn,owned_yahoo,normalized_pos,normalized_team,proj_pts,proj_targets,proj_rec,proj_rec_yds,proj_rec_td,proj_rush_att,proj_rush_yds,proj_rush_td,proj_pass_yds,proj_pass_td,proj_int,fbg_rank,fbg_pos_rank,fbg_proj_pts,fbg_tier,bye_week_adp,smyth_ecr,smyth_color_tag,smyth_color,smyth_target,smyth_pass,smyth_avoid,smyth_gold_mine,luck_pct_lost,luck_points_gained,luck_pct_gained,lucky_flag,smyth_ppr_rank,smyth_ppr_delta,smyth_format_lean,smyth_rb_vol_proj,smyth_rb_vol_25,smyth_rb_vol_conf,smyth_qb_vol_verdict,smyth_qb_rush_tier,smyth_wr_1d_rr_tier,smyth_adj_yprr,smyth_rb_dream_qb_tier,smyth_qb_synergy,master_designation,consensus_flag,disagreement_context,cheat_sheet_tier,expected_round,expected_round_num,scouting_narrative,article_url,auction_value,is_exodia,is_cheat_sheet_target,is_cheat_sheet_fade,is_disagreement,is_hansen_twelve,is_dirty_30,big3_rec_fpg,big3_exp_fpg,big3_gl_fpg,one_d_rr,is_mcshanahan,barrett_pos_rank,barrett_tier,narrative_adj_ppg,duracell_ecr,duracell_tier_tag,volatility_index,is_contract_year,contract_year_value,rb_tough_matchups,rb_playoff_toughness,wr_shadow_cb_count,wr_coverage_score,team_team,vacated_air_yards,team_epa_per_play,neutral_pace_sec,run_epa,pass_epa,team_smyth,ol_2025_rank,ol_2026_score,qb_runs,playcaller,team_2025_ppg,team_2025_rank,rb_ppg,rb_rank,wr_ppg,wr_rank,personnel,pace_2025,scheme,motion_rank,width,screen_rank,smyth_gamescript,team_duracell_team,duracell_ol_rank,two_wr_set_pct,three_plus_wr_set_pct,two_wr_rank,duracell_proe,duracell_coach,nfl_talent_score,college_talent_score,z_avg_separation,z_contested_catch_rate,z_YAC_over_expected,z_MTF_rec,z_yprr,z_deep_explosive,z_MTF_rush,z_explosive_rush_rate,z_yards_after_contact,z_cpoe,z_passing_grade,z_designed_rushing,rookie_name,rookie_team,is_rookie,rookie_draft_round,rookie_draft_pick,rookie_hit_prob,rookie_hit_prob_draft,rookie_hit_prob_college,rookie_speed_score,rookie_forty,rookie_vertical,rookie_broad_jump,rookie_weight,rookie_dominator_pct,rookie_scrim_ypg,pct_speed_score,pct_cfb_final_dom,joscho_proj_pts,joscho_proj_pos_rank,joscho_adp_pos_rank,joscho_model_gap,joscho_p_clear_5_games,joscho_conditional_games,joscho_conditional_ppg,joscho_lightgbm_raw,joscho_extratrees_raw,joscho_ridge_raw,joscho_yahoo_adp,joscho_yahoo_pos_rank,fp_pos_rank,fp_pos_rank_num,fp_adp,fp_proj_pts_half_ppr,fp_proj_ppg_half_ppr,fp_auction_tier,fp_auction_value,hansen_top200_rank,hansen_fpts_per_game,breakout_catalyst,has_breakout_catalyst,is_top_offense_undervalued,top_offense_rank,top_offense_team,top_offense_note,pos_rank_num,replacement_pts,scarcity_ratio,vols,adp_delta_espn,adp_delta_yahoo,adp_delta_sleeper,adp_delta_cbs,max_adp,min_adp,adp_spread,cheapest_adp,most_expensive_adp,worst_value_platform,consensus_proj_pts,env_multiplier_component,upside_pct,adjusted_proj_pts,adjusted_vorp,pos_composite_rank,pos_composite_tier_label,projected_auction_value,sleeper_delta,joscho_talent_bonus,joscho_gap_bonus,adj_ppg_component,luck_regression_component,steam_component,duracell_tag_bonus,cheatsheet_bonus,big3_rb_bonus,hansen_bonus,contract_year_bonus,catalyst_bonus,top_offense_bonus,smyth_color_bonus,smyth_gold_mine_bonus,boris_tier_overall,boris_ecr_mean,boris_best_rank,boris_worst_rank,boris_rank_range,boris_variance_tag,pos_ecr_num,boris_tier_pos,pos_best_rank,pos_worst_rank,pos_rank_range
32,Josh Allen,QB,BUF,T4,49.21,49.21,10,QB1,23,22.5,-0.5,Fair Market Value,SLEEPER,22.07,19.8,22.5,22.5,2.7,372.47,19.76,22.0,0.0,0.0,90.0,90.0,0.03,0.32,0.655,16,3.0,2.5,90.0,0.55,42.0,Surging,False,True,Healthy,7,QB1,17.5,28.5,2.5,1,FP_BUF_JOSH_ALLEN,80.0,80.0,QB,BUF,335.9,0.0,0.0,0.0,0.0,118.13,585.97,11.82,3816.77,27.42,11.19,28.0,QB1,366.13,9.0,7.0,28.0,Neutral,Black,0.0,0.0,0.0,—,0.0,5.2,1.43,1.0,,,,,,,,Elite Dual Threats,,,Touch Vulture QB (Steals GL Carries),,🎯 **QB1 (Cost Caution)**,⚔️ **FP: QB1  vs  Guru: Pass at ADP (Run-heavy)**,FP: QB1  vs  Guru: Pass at ADP (Run-heavy),Tier 8,Round 3/4,3.5,Superman ceiling; 382 proj pts; 11 rush TDs; Guru cautions spending top-4 round capital.,https://www.fantasypoints.com/nfl/articles/2026/the-gurus-2026-fantasy-football-draft-plan,20.0,0.0,1.0,0.0,1.0,0.0,0.0,0.0,0.0,0.0,0.0,0.0,QB1,T1,,29.0,consensus,Medium,0.0,0.0,,,,,BUF,2450.0,0.155,26.9,0.08,0.2,BUF,2.0,4.5,True,Joe Brady,101.1,5.0,24.4,8.0,30.1,25.0,—,32.0,Gap,11.0,Very Spread,22.0,Shootouts (High Scoring Offense + Vulnerable Defense -> Max Fantasy Ceiling),BUF,7,23.56,76.44,28.0,-1.6,J.Brady,99.0,63.4,,,,,,,,,,,1.2481,,,,0,,,,,,,,,,,,,,,310.9,1.0,1.0,0.0,0.981,15.9,20.29,317.3,306.8,329.8,19.8,1.0,QB1,1.0,22.5,335.9,19.76,1.0,$31+,32.0,22.8,—,0,0,99,,—,1,272.9,1.231,63.0,-0.93,-3.2,-0.5,-0.5,22.5,19.8,2.7,22.5,19.8,YAHOO,337.21,4.7,0.0075,339.74,49.21,1,QB1,20.0,-9.5,6.0,0.0,337.21,0.0,42.0,0.8,0.0,0.0,0.0,0.0,0.0,0.0,0.0,0.0,Tier 3,23.0,17.5,28.5,11.0,⚡ High Variance (Boom/Bust Ceiling),1.0,Tier 1,1.0,2.9,1.9
59,Lamar Jackson,QB,BLT,T5,24.46,24.46,18,QB2,33,32.3,-0.7,Fair Market Value,ESPN,38.56,37.6,32.3,32.3,6.26,324.99,18.36,16.6,20.96,1.0,80.0,80.0,0.0,0.15,0.5,16,3.0,1.6,88.0,0.52,40.5,Surging,False,True,Healthy,13,QB2,27.299999999999997,38.3,2.5,1,FP_BLT_LAMAR_JACKSON,80.0,80.0,QB,BLT,312.2,0.0,0.0,0.0,0.0,118.72,640.41,3.23,3652.11,28.34,9.57,59.0,QB3,323.99,12.0,13.0,52.0,Avoid (Red),Red,0.0,0.0,1.0,—,10.78,0.0,0.0,0.0,,,,,,,,Elite Dual Threats,,,Touch Vulture QB (Steals GL Carries),,🎯 **QB2 Floor**,⚔️ **FP: QB2  vs  Guru: Decline Concerns**,FP: QB2  vs  Guru: Decline Concerns,Tier 9,Round 4/5,4.5,Declan Doyle offense; high rushing floor; 59.9% 2-WR heavy personnel scheme.,https://www.fantasypoints.com/nfl/articles/2026/the-gurus-2026-fantasy-football-draft-plan,16.0,0.0,1.0,0.0,1.0,0.0,0.0,0.0,0.0,0.0,0.0,0.0,QB2,T2,,32.0,guy,Low (High Floor Alpha),0.0,0.0,,,,,,,,,,,,,,,,,,,,,,,,,,,,,,16,35.0,65.0,,0.0,—,91.8,78.8,,,,,,,,,,,0.972,,,,0,,,,,,,,,,,,,,,279.8,5.0,2.0,-3.0,0.941,15.2,21.28,303.5,256.0,266.5,37.6,2.0,QB2,2.0,32.3,312.2,18.36,2.0,$19-21,53.0,19.5,—,0,0,99,,—,2,272.9,1.144,39.30000000000001,5.56,4.6,-0.7,-0.7,38.56,32.3,6.26,38.56,32.3,SLEEPER,307.05,0.6,-0.001,306.74,24.46,3,QB3,16.0,-26.7,6.0,-1.2,307.05,20.96,40.5,-0.1,0.0,0.0,0.0,0.0,0.0,0.0,-15.0,0.0,Tier 4,33.0,27.3,38.3,11.0,⚡ High Variance (Boom/Bust Ceiling),2.0,Tier 1,1.0,3.9,2.9
69,Jayden Daniels,QB,WAS,T5,16.35,16.35,19,QB3,65,64.4,-0.6,Fair Market Value,SLEEPER,50.91,54.0,64.4,64.4,13.49,322.53,18.18,16.7,12.45,1.0,40.0,40.0,0.012,0.23,0.65,16,4.0,1.6,142.0,0.85,78.5,Hyper-Surging,False,False,Healthy,7,QB3,59.400000000000006,70.4,2.5,1,FP_WAS_JAYDEN_DANIELS,80.0,80.0,QB,WAS,309.0,0.0,0.0,0.0,0.0,130.0,685.99,4.7,3679.55,23.79,10.96,85.0,QB6,303.17,13.0,7.0,58.0,Neutral,Black,0.0,0.0,0.0,—,10.91,0.0,0.0,0.0,,,,,,,,Elite Dual Threats,,,,,🎯 **Target (Price Caution)**,⚔️ **FP: High Ceiling  vs  Guru: Durability Caution**,FP: High Ceiling  vs  Guru: Durability Caution,Tier 12,Round 6,6.0,Dual-threat electricity; David Blough play-action scheme; Stefon Diggs & McLaurin weapons.,https://www.fantasypoints.com/nfl/articles/2026/the-gurus-2026-fantasy-football-draft-plan,12.0,0.0,1.0,0.0,1.0,0.0,0.0,0.0,0.0,0.0,0.0,0.0,QB3,T2,,41.0,guy,Low (High Floor Alpha),0.0,0.0,,,,,WAS,1780.0,0.088,25.1,0.07,0.1,WAS,24.0,2.0,True,David Blough,80.9,26.0,22.0,18.0,36.0,10.0,More 12P,5.0,Gap,12.0,Even,12.0,Shootouts (High Scoring Offense + Vulnerable Defense -> Max Fantasy Ceiling),WAS,25,30.3,69.7,21.0,0.0,Unknown,87.6,96.6,,,,,,,,,,,0.9211,,,,0,,,,,,,,,,,,,,,243.9,14.0,5.0,-9.0,0.883,12.6,19.4,216.2,204.4,216.4,54.0,5.0,QB3,3.0,64.4,309.0,18.18,2.0,$16-18,61.0,19.2,—,0,0,99,,—,3,272.9,1.132,36.10000000000002,-14.09,-11.0,-0.6,-0.6,64.4,50.91,13.49,64.4,50.91,ESPN,291.27,-3.84,0.016,295.93,16.35,5,QB5,12.0,-4.6,3.0,-3.6,291.27,12.45,78.5,1.6,0.0,0.0,0.0,0.0,0.0,0.0,0.0,0.0,Tier 7,65.0,59.4,70.4,11.0,⚡ High Variance (Boom/Bust Ceiling),3.0,Tier 2,1.1,4.9,3.8
54,Drake Maye,QB,NE,T5,27.06,27.06,20,QB4,48,47.4,-0.6,Fair Market Value,SLEEPER,47.34,47.3,47.4,47.4,0.1,320.4,18.0,18.8,0.0,0.0,60.0,60.0,-0.03,0.3,0.605,16,5.0,2.5,,,0.0,Neutral,False,True,Healthy,11,QB4,42.4,53.4,2.5,1,FP_NE_DRAKE_MAYE,80.0,80.0,QB,NE,306.0,0.0,0.0,0.0,0.0,99.35,492.97,3.68,3996.35,27.67,10.39,50.0,QB2,338.32,11.0,11.0,57.0,Neutral,Black,0.0,0.0,0.0,—,0.0,0.0,0.0,0.0,,,,,,,High Volume Value (Above Line),High Designed Runs,,,,,🎯 **Target / Ascending**,🤝 **Consensus Target**,Consensus Alignment,Tier 11,Round 6/7,6.5,"Only early-round QB Guru is willing to draft at ADP; young, ascending, dual-threat upside with McDaniels. | 🔥 Catalyst: Weapon Upgrades",https://www.fantasypoints.com/nfl/articles/2026/the-gurus-2026-fantasy-football-draft-plan,10.0,0.0,1.0,0.0,0.0,0.0,0.0,0.0,0.0,0.0,0.0,0.0,QB5,T2,,51.0,consensus,Medium,0.0,0.0,,,,,NE,2300.0,-0.055,29.4,-0.02,-0.07,NE,13.0,3.0,False,Josh McDaniels,104.9,4.0,24.9,6.0,34.6,13.0,—,24.0,Gap,21.0,Spread,4.0,Slugfests (Low Scoring Offense + Elite Defense -> Low Over/Unders / Grinding Games),NE,13,34.68,65.32,17.0,1.4,J.McDaniels,88.9,90.0,,,,,,,,,,,0.325,,,,0,,,,,,,,,,,,,,,283.1,2.0,3.0,1.0,0.986,15.5,18.59,284.4,303.0,255.6,47.3,3.0,QB4,4.0,47.4,306.0,18.0,2.0,$15-17,52.0,20.3,Weapon Upgrades,1,0,99,,—,4,272.9,1.121,33.10000000000002,-0.66,-0.7,-0.6,-0.6,47.4,47.3,0.1,47.4,47.3,YAHOO,308.36,-2.7,0.006,310.21,27.06,2,QB2,10.0,-6.6,3.0,0.4,308.36,0.0,0.0,0.6,0.0,0.0,0.0,0.0,6.0,0.0,0.0,0.0,Tier 6,48.0,42.4,53.4,11.0,⚡ High Variance (Boom/Bust Ceiling),4.0,Tier 2,2.1,5.9,3.8
61,Jalen Hurts,QB,PHI,T5,21.96,21.96,24,QB5,62,61.1,-0.9,Fair Market Value,SLEEPER,51.27,56.9,61.1,61.1,9.83,320.48,17.85,17.4,0.0,0.0,80.0,80.0,0.025,0.08,0.667,16,5.0,1.6,60.0,0.15,8.0,Neutral,False,False,Healthy,10,QB5,56.1,67.1,2.5,1,FP_PHI_JALEN_HURTS,80.0,80.0,QB,PHI,303.4,0.0,0.0,0.0,0.0,111.76,461.27,8.38,3570.53,24.17,7.39,65.0,QB5,320.71,12.0,10.0,67.0,Neutral,Black,0.0,0.0,0.0,—,0.0,5.25,1.75,1.0,,,,,,,,Elite Dual Threats,,,Touch Vulture QB (Steals GL Carries),,🎯 **Target / Discount**,🤝 **Consensus Target ($6-$8 Auction)**,Consensus Alignment,Tier 10,Round 5/6,5.5,58.6% goal line TD rate (69.6% tush push); Sean Mannion designing more QB runs; auction room discount.,https://www.fantasypoints.com/nfl/articles/2026/the-gurus-2026-fantasy-football-draft-plan,8.0,0.0,1.0,0.0,0.0,0.0,0.0,0.0,0.0,0.0,0.0,1.0,QB4,T2,,61.0,guy,Low (High Floor Alpha),0.0,0.0,,,,,PHI,640.0,0.138,27.2,0.12,0.15,PHI,14.0,4.0,True,Sean Mannion,85.2,24.0,23.0,13.0,36.3,9.0,—,16.0,Balanced,5.0,Condensed,15.0,Chew the Clock (High Scoring Offense + Elite Defense -> Run-Heavy Second Halves),PHI,2,35.05,64.95,16.0,0.0,Unknown,88.2,86.8,,,,,,,,,,,0.5233,,,,0,,,,,,,,,,,,,,,281.3,3.0,6.0,3.0,0.984,14.8,19.56,285.3,276.5,281.6,56.9,6.0,QB5,5.0,61.1,303.4,17.85,2.0,$13-15,78.0,19.0,—,0,0,99,,—,5,272.9,1.112,30.5,-10.73,-5.1,-0.9,-0.9,61.1,51.27,9.83,61.1,51.27,ESPN,302.2,3.35,0.004,303.41,21.96,4,QB4,8.0,0.1,3.0,1.2,302.2,0.0,8.0,0.4,0.0,0.0,0.0,0.0,0.0,0.0,0.0,0.0,Tier 7,62.0,56.1,67.1,11.0,⚡ High Variance (Boom/Bust Ceiling),5.0,Tier 2,3.1,6.9,3.8
71,Joe Burrow,QB,CIN,T5,12.67,12.67,34,QB6,52,51.5,-0.5,Fair Market Value,ESPN,58.65,49.0,51.5,51.5,9.65,310.89,17.39,17.3,16.32,1.0,60.0,60.0,0.05,0.18,0.751,16,5.0,2.5,48.0,0.12,6.0,Neutral,False,True,Healthy,6,QB6,46.5,57.5,2.5,1,FP_CIN_JOE_BURROW,80.0,80.0,QB,CIN,295.7,0.0,0.0,0.0,0.0,48.22,178.6,1.36,4174.57,33.34,11.63,63.0,QB4,322.32,12.0,6.0,66.0,Neutral,Black,0.0,0.0,0.0,—,14.39,0.0,0.0,0.0,,,,,,,,Pocket Passers,,,Best Friend QB (High Checkdowns / No GL Vultures),,🚫 **Overvalue / Pocket Trap**,🤝 **Consensus Avoid (Stack Only)**,Consensus Alignment,Tier 12,Round 5/6,5.5,Only pocket passer priced in R5-6; lacks rushing floor compared to Daniels/Maye/Hurts; only draft to stack Chase/Higgins.,https://www.fantasypoints.com/nfl/articles/2026/players-to-avoid-and-overvalues,6.0,0.0,0.0,1.0,0.0,0.0,1.0,0.0,0.0,0.0,0.0,1.0,QB8,T3,,65.0,consensus,Medium,0.0,0.0,,,,,CIN,1420.0,0.125,25.2,0.01,0.21,CIN,19.0,3.0,False,Zac Taylor,98.6,7.0,22.5,15.0,42.5,3.0,—,11.0,Gap,20.0,Very Spread,15.0,Shootouts (High Scoring Offense + Vulnerable Defense -> Max Fantasy Ceiling),CIN,28,31.69,68.31,19.0,3.6,Z.Taylor,94.7,95.3,,,,,,,,,,,1.7227,,,,0,,,,,,,,,,,,,,,252.7,11.0,4.0,-7.0,0.936,14.6,17.89,243.7,252.3,196.3,49.0,4.0,QB6,6.0,51.5,295.7,17.39,3.0,$12-14,60.0,19.4,—,0,0,99,,—,6,272.9,1.084,22.80000000000001,6.65,-3.0,-0.5,-0.5,58.65,49.0,9.65,58.65,49.0,YAHOO,291.61,-2.3,-0.002,291.03,12.67,6,QB6,6.0,-19.5,6.0,-2.8,291.61,16.32,6.0,-0.2,0.0,0.0,0.0,0.0,0.0,0.0,0.0,0.0,Tier 6,52.0,46.5,57.5,11.0,⚡ High Variance (Boom/Bust Ceiling),6.0,Tier 2,4.1,7.9,3.8
83,Dak Prescott,QB,DAL,T6,4.8,4.8,35,QB7,78,77.8,-0.2,Fair Market Value,ESPN,85.15,74.2,77.8,77.8,10.95,306.19,17.38,18.6,0.0,0.0,80.0,80.0,0.055,0.22,0.666,16,7.0,2.5,,,0.0,Neutral,False,False,Healthy,14,QB7,72.8,83.8,2.5,1,FP_DAL_DAK_PRESCOTT,80.0,80.0,QB,DAL,295.5,0.0,0.0,0.0,0.0,49.09,173.45,1.72,4291.15,30.94,11.3,89.0,QB8,300.01,14.0,14.0,88.0,Neutral,Black,0.0,0.0,0.0,—,0.0,16.41,5.23,1.0,,,,,,,High Volume Value (Above Line),,,,,,🎯 **Value QB ($3 Auction)**,🤝 **Consensus Value**,Consensus Alignment,Tier 14,Round 9/10,9.5,Scott Barrett Exodia QB in 6-point TD leagues; same projection as Burrow 3 rounds cheaper. | ⭐ #6 Cowboys Offense Most Undervalued Asset,https://www.fantasypoints.com/nfl/articles/2026/the-gurus-2026-fantasy-football-draft-plan,3.0,0.0,1.0,0.0,0.0,0.0,0.0,0.0,0.0,0.0,0.0,0.0,QB9,T5,,101.0,consensus,Medium,0.0,0.0,,,,,DAL,1680.0,0.115,24.8,-0.04,0.2,DAL,8.0,4.0,False,Brian Schottenheimer,109.1,2.0,24.1,10.0,39.9,4.0,High 11P,2.0,Gap,12.0,Very Condensed,24.0,Shootouts (High Scoring Offense + Vulnerable Defense -> Max Fantasy Ceiling),DAL,15,26.43,73.57,24.0,-3.4,B.Schottenheimer,86.0,69.3,,,,,,,,,,,1.0477,,,,0,,,,,,,,,,,,,,,231.1,17.0,11.0,-6.0,0.981,11.9,17.51,204.0,204.4,168.8,74.2,9.0,QB7,7.0,77.8,295.5,17.38,3.0,$10-12,79.0,19.0,—,0,1,6,Cowboys,#6 Cowboys Offense - Most Undervalued Asset,7,272.9,1.083,22.600000000000023,7.15,-3.8,-0.2,-0.2,85.15,74.2,10.95,85.15,74.2,YAHOO,280.53,2.25,0.0,280.53,4.8,11,QB11,3.0,-5.2,3.0,-2.4,280.53,0.0,0.0,0.0,0.0,0.0,0.0,0.0,0.0,4.0,0.0,0.0,Tier 9,78.0,72.8,83.8,11.0,⚡ High Variance (Boom/Bust Ceiling),7.0,Tier 3,5.1,8.9,3.8
77,Trevor Lawrence,QB,JAX,T6,9.69,9.69,47,QB8,98,100.8,2.8,Fair Market Value,SLEEPER,92.75,84.8,100.8,100.8,16.0,306.21,16.61,18.9,12.7,1.0,80.0,80.0,0.015,0.28,0.616,16,5.0,1.6,,,0.0,Neutral,True,False,Healthy,7,QB8,95.8,106.8,2.5,1,FP_JAX_TREVOR_LAWRENCE,80.0,80.0,QB,JAX,282.3,0.0,0.0,0.0,0.0,72.49,321.94,4.94,3908.45,26.97,12.99,90.0,QB9,298.69,14.0,7.0,75.0,Target (Green),Green,1.0,0.0,0.0,—,4.03,0.0,0.0,0.0,,,,,,,High Volume Value (Above Line),High Designed Runs,,,,,"🎯 **#1 QB Target / ""The Twelve""**",🤝 **Consensus #1 Value QB**,Consensus Alignment,Tier 13,Round 8 (8.09),8.09,"Guru's **#1 QB Target of 2026** (""The Twelve""); Liam Coen playcalling; #1 in FPG (23.5) final 10 weeks of 2025; 9 rush TDs; $3 in auctions. | 🔥 Catalyst: Weapon Upgrades",https://www.fantasypoints.com/nfl/articles/2026/the-gurus-2026-fantasy-football-draft-plan,3.0,0.0,1.0,0.0,0.0,1.0,0.0,0.0,0.0,0.0,0.0,1.0,QB7,T3,,68.0,guy,Low (High Floor Alpha),0.0,0.0,,,,,JAX,2100.0,0.052,27.9,-0.02,0.1,JAX,7.0,4.0,True,Liam Coen,97.4,9.0,26.0,5.0,37.0,8.0,High 11P,21.0,Balanced,7.0,Condensed,1.0,Shootouts (High Scoring Offense + Vulnerable Defense -> Max Fantasy Ceiling),JAX,23,24.71,75.29,26.0,0.9,L.Coen,79.5,85.0,,,,,,,,,,,0.7691,,,,0,,,,,,,,,,,,,,,247.7,12.0,10.0,-2.0,0.975,11.9,16.83,194.5,211.0,262.2,84.8,10.0,QB8,8.0,100.8,282.3,16.61,3.0,$5-7,76.0,19.1,Weapon Upgrades,1,0,99,,—,8,272.9,1.034,9.400000000000034,-5.25,-13.2,2.8,2.8,100.8,84.8,16.0,100.8,84.8,YAHOO,277.75,1.05,0.0335,287.05,9.69,8,QB8,3.0,23.8,0.0,-0.8,277.75,12.7,0.0,3.4,0.0,0.0,10.0,0.0,6.0,0.0,12.0,0.0,Tier 10,98.0,95.8,106.8,11.0,⚡ High Variance (Boom/Bust Ceiling),8.0,Tier 3,6.1,9.9,3.8
75,Justin Herbert,QB,LAC,T6,10.18,10.18,54,QB9,83,82.7,-0.3,Fair Market Value,ESPN,106.69,69.8,82.7,82.7,36.89,299.59,16.51,16.6,0.0,0.0,60.0,60.0,-0.035,0.38,0.663,16,6.0,1.6,,,0.0,Neutral,True,False,Healthy,7,QB9,77.7,88.7,2.5,1,FP_LAC_JUSTIN_HERBERT,80.0,80.0,QB,LAC,280.6,0.0,0.0,0.0,0.0,78.44,450.15,2.12,3857.94,26.21,11.66,88.0,QB7,300.13,14.0,7.0,79.0,Target (Green),Green,1.0,0.0,0.0,—,0.0,0.0,0.0,0.0,,,,,,,High Volume Value (Above Line),Sneaky Scramblers,,,,,"🎯 **Target / ""The Twelve""**",🤝 **Consensus Target**,Consensus Alignment,Tier 13,Round 8 (8.04),8.04,"Guru's ""The Twelve"" pick; 0.44 EPA/DB with Joe Alt healthy (led NFL); Jim Harbaugh + Mike McDaniel marriage; top-7 QB digits.",https://www.fantasypoints.com/nfl/articles/2026/the-gurus-2026-fantasy-football-draft-plan,4.0,0.0,1.0,0.0,0.0,1.0,0.0,0.0,0.0,0.0,0.0,1.0,QB10,T5,,98.0,guy,Low (High Floor Alpha),0.0,0.0,,,,,LAC,2900.0,0.06,29.2,0.05,0.07,LAC,32.0,3.0,False,Mike McDaniel,91.9,15.0,26.7,3.0,35.4,11.0,High 21P,31.0,Zone,1.0,Very Condensed,28.0,Chew the Clock (High Scoring Offense + Elite Defense -> Run-Heavy Second Halves),LAC,9,18.72,81.28,30.0,-1.4,M.McDaniel,88.7,66.7,,,,,,,,,,,0.835,,,,0,,,,,,,,,,,,,,,259.8,8.0,8.0,0.0,0.982,15.2,18.14,270.2,251.0,212.8,69.8,8.0,QB9,9.0,82.7,280.6,16.51,4.0,$5-7,77.0,19.0,—,0,0,99,,—,9,272.9,1.028,7.700000000000045,23.69,-13.2,-0.3,-0.3,106.69,69.8,36.89,106.69,69.8,YAHOO,280.28,-2.85,0.0265,287.71,10.18,7,QB7,4.0,7.7,3.0,0.0,280.28,0.0,0.0,2.6,0.0,0.0,10.0,0.0,0.0,0.0,12.0,0.0,Tier 9,83.0,77.7,88.7,11.0,⚡ High Variance (Boom/Bust Ceiling),9.0,Tier 3,7.1,10.9,3.8
81,Brock Purdy,QB,SF,T6,6.38,6.38,60,QB10,116,121.3,5.3,Value Target (Discounted),SLEEPER,102.76,98.3,121.3,121.3,23.0,307.53,16.41,17.2,0.0,0.0,80.0,80.0,-0.012,0.11,0.774,16,6.0,1.6,,,0.0,Neutral,True,False,Healthy,8,QB10,116.3,127.3,2.5,1,FP_SF_BROCK_PURDY,80.0,80.0,QB,SF,278.9,0.0,0.0,0.0,0.0,70.47,304.43,3.84,4156.5,27.69,14.3,109.0,QB12,292.36,17.0,8.0,87.0,Target (Green),Green,1.0,0.0,0.0,—,0.0,0.0,0.0,0.0,,,,,,,High Volume Value (Above Line),Sneaky Scramblers,,,Best Friend QB (High Checkdowns / No GL Vultures),,🎯 **Value / Target**,🤝 **Consensus Target**,Consensus Alignment,Tier 14,Round 9/10,9.5,QB5 in FPG (21.0) in 2025; 1st in EPA/DB over 3 years; 43 TD pace; Trent Williams & Mike Evans weapons.,https://www.fantasypoints.com/nfl/articles/2026/the-gurus-2026-fantasy-football-draft-plan,3.0,0.0,1.0,0.0,0.0,0.0,0.0,0.0,0.0,0.0,0.0,1.0,QB14,T6,,81.0,guy,Low (High Floor Alpha),0.0,0.0,,,,,SF,890.0,0.175,28.8,0.14,0.2,SF,6.0,4.0,False,Kyle Shanahan,100.9,6.0,26.4,4.0,32.9,17.0,High 21P,8.0,Zone,3.0,Most Condensed,14.0,Shootouts (High Scoring Offense + Vulnerable Defense -> Max Fantasy Ceiling),SF,6,48.24,51.76,3.0,-1.9,K.Shanahan,91.0,63.6,,,,,,,,,,,0.8453,,,,0,,,,,,,,,,,,,,,258.2,9.0,13.0,4.0,0.964,15.5,20.39,304.8,235.7,192.3,98.3,12.0,QB10,10.0,121.3,278.9,16.41,4.0,$4-6,112.0,18.4,—,0,0,99,,—,10,272.9,1.022,6.0,-13.24,-17.7,5.3,5.3,121.3,98.3,23.0,121.3,98.3,YAHOO,277.09,2.24,0.02,282.63,6.38,9,QB9,3.0,40.3,6.0,1.6,277.09,0.0,0.0,2.0,0.0,0.0,0.0,0.0,0.0,0.0,12.0,0.0,Tier 11,116.0,116.3,127.3,11.0,⚡ High Variance (Boom/Bust Ceiling),10.0,Tier 3,8.1,11.9,3.8
160,Jaxson Dart,QB,NYG,T7,-3.57,-3.57,82,QB11,89,89.1,0.1,Fair Market Value,SLEEPER,76.17,88.1,89.1,89.1,12.93,309.76,16.1,19.1,14.06,1.0,60.0,60.0,-0.01,0.31,0.558,16,5.0,2.5,,,0.0,Neutral,False,True,Healthy,8,QB11,84.1,95.1,2.5,1,FP_NYG_JAXSON_DART,80.0,80.0,QB,NYG,273.7,0.0,0.0,0.0,0.0,100.92,549.14,6.49,3591.43,22.26,11.05,118.0,QB14,287.86,17.0,8.0,80.0,Neutral,Black,0.0,0.0,0.0,—,6.36,0.0,0.0,0.0,,,,,,,High Volume Value (Above Line),High Designed Runs,,,,,🎯 **Superflex Target**,⚔️ **FP: Superflex Value  vs  Guru: Dirty 30 Overhyped**,FP: Superflex Value  vs  Guru: Dirty 30 Overhyped,Tier 13,Round 8/9,8.5,Dual-threat rookie with Malik Nabers; Harbaugh/Nagy system. | 🔥 Catalyst: Weapon Upgrades,https://www.fantasypoints.com/nfl/articles/2026/the-gurus-2026-fantasy-football-draft-plan,6.0,0.0,1.0,0.0,1.0,0.0,1.0,0.0,0.0,0.0,0.0,0.0,QB6,T3,,71.0,consensus,Medium,0.0,0.0,,,,,NYG,2350.0,-0.01,27.7,0.0,-0.02,NYG,18.0,3.0,True,Matt Nagy,89.6,19.0,24.1,12.0,32.6,21.0,—,21.0,Zone,17.0,Even,16.0,Shootouts (High Scoring Offense + Vulnerable Defense -> Max Fantasy Ceiling),NYG,18,38.25,61.75,12.0,1.3,M.Nagy,77.5,90.6,,,,,,,,,,,-0.4149,,,,0,,,,,,,,,,,,,,,247.1,13.0,7.0,-6.0,0.914,13.6,17.88,222.0,229.6,215.7,88.1,11.0,QB11,11.0,89.1,273.7,16.1,4.0,$3-5,125.0,17.6,Weapon Upgrades,1,0,99,,—,11,272.9,1.003,0.8000000000000114,-12.83,-0.9,0.1,0.1,89.1,76.17,12.93,89.1,76.17,ESPN,270.59,-2.1,-0.0045,269.37,-3.57,14,QB14,6.0,-70.9,0.0,-2.4,270.59,14.06,0.0,-0.4,0.0,0.0,0.0,0.0,6.0,0.0,0.0,0.0,Tier 10,89.0,84.1,95.1,11.0,⚡ High Variance (Boom/Bust Ceiling),11.0,Tier 3,9.1,12.9,3.8
82,Caleb Williams,QB,CHI,T6,6.14,6.14,91,QB12,73,71.7,-1.3,Fair Market Value,ESPN,92.25,68.0,71.7,71.7,24.25,301.42,16.05,17.8,0.0,0.0,80.0,80.0,0.01,0.26,0.63,16,7.0,2.5,58.0,0.28,16.0,Neutral,False,True,Healthy,10,QB12,66.7,77.7,2.5,1,FP_CHI_CALEB_WILLIAMS,80.0,80.0,QB,CHI,272.9,0.0,0.0,0.0,0.0,79.37,398.59,2.09,3866.29,27.42,9.31,91.0,QB10,298.94,14.0,10.0,74.0,Target (Green),Green,1.0,0.0,0.0,—,0.0,25.29,8.41,1.0,,,,,,,High Volume Value (Above Line),High Designed Runs,,,,,—,—,Consensus Alignment,—,—,99.0,,,1.0,0.0,0.0,0.0,0.0,0.0,0.0,0.0,0.0,0.0,0.0,0.0,—,—,,103.0,consensus,Medium,0.0,0.0,,,,,CHI,2020.0,0.048,27.6,0.01,0.07,CHI,3.0,4.0,False,Ben Johnson,98.3,8.0,29.3,1.0,37.2,7.0,High 12P,4.0,Zone,6.0,Even,11.0,Balanced Environment,CHI,4,41.16,58.84,7.0,-2.7,B.Johnson,75.0,87.4,,,,,,,,,,,-0.0807,,,,0,,,,,,,,,,,,,,,280.6,4.0,9.0,5.0,0.987,15.9,19.41,304.5,286.8,259.7,68.0,7.0,QB12,12.0,71.7,272.9,16.05,4.0,$2-4,80.0,18.8,—,0,0,99,,—,12,272.9,1.0,0.0,19.25,-5.0,-1.3,-1.3,92.25,68.0,24.25,92.25,68.0,YAHOO,281.33,2.9,0.0035,282.31,6.14,10,QB10,2.2,-10.3,0.0,2.0,281.33,0.0,16.0,0.4,0.0,0.0,0.0,0.0,0.0,0.0,12.0,0.0,Tier 8,73.0,66.7,77.7,11.0,⚡ High Variance (Boom/Bust Ceiling),12.0,Tier 4,10.1,13.9,3.8
176,Matthew Stafford,QB,LA,T7,-9.3,-9.3,102,QB13,95,95.7,0.7,Fair Market Value,YAHOO,80.04,100.5,95.7,95.7,20.46,293.96,15.98,,0.0,0.0,80.0,80.0,0.0,0.15,0.5,16,7.0,4.2,,,0.0,Neutral,False,True,Healthy,11,QB13,90.7,101.7,2.5,1,FP_LA_MATTHEW_STAFFORD,80.0,80.0,QB,LA,271.6,0.0,0.0,0.0,0.0,23.68,33.14,0.2,4190.54,33.98,8.56,119.0,QB15,289.23,17.0,11.0,102.0,Neutral,Black,0.0,0.0,0.0,—,0.0,7.42,2.29,1.0,,,,,,,,Pocket Passers,,,Best Friend QB (High Checkdowns / No GL Vultures),,—,—,Consensus Alignment,—,—,99.0,,,1.0,0.0,0.0,0.0,0.0,0.0,0.0,0.0,0.0,0.0,0.0,0.0,—,—,,133.0,fade,High (Overpriced Bust Risk),0.0,0.0,,,,,,,,,,,,,,,,,,,,,,,,,,,,,,16,35.0,65.0,,0.0,—,70.6,,,,,,,,,,,,1.3187,,,,0,,,,,,,,,,,,,,,228.8,18.0,14.0,-4.0,0.977,13.9,16.12,218.8,223.0,146.3,100.5,15.0,QB13,13.0,95.7,271.6,15.98,4.0,$1-3,114.0,17.8,—,0,0,99,,—,13,272.9,0.995,0.0,-14.96,5.5,0.7,0.7,100.5,80.04,20.46,100.5,80.04,ESPN,265.31,0.6,-0.0135,261.73,-9.3,16,QB16,1.0,-80.3,0.0,-1.6,265.31,0.0,0.0,-1.4,0.0,0.0,0.0,0.0,0.0,0.0,0.0,0.0,Tier 10,95.0,90.7,101.7,11.0,⚡ High Variance (Boom/Bust Ceiling),13.0,Tier 4,11.1,14.9,3.8
113,Bo Nix,QB,DEN,T6,0.0,0.0,108,QB14,115,120.0,5.0,Value Target (Discounted),SLEEPER,86.59,99.8,120.0,120.0,33.41,298.16,15.93,17.4,0.0,0.0,100.0,100.0,-0.018,0.27,0.563,16,7.0,2.5,,,0.0,Neutral,True,False,Healthy,10,QB14,115.0,126.0,2.5,1,FP_DEN_BO_NIX,80.0,80.0,QB,DEN,270.8,0.0,0.0,0.0,0.0,79.1,341.41,3.66,3744.8,26.84,11.04,105.0,QB11,296.8,16.0,10.0,95.0,Neutral,Black,0.0,0.0,0.0,—,0.0,16.6,5.64,1.0,,,,,,,High Volume Value (Above Line),High Designed Runs,,,,,💤 **Breakout Sleeper (+7 ADP Delta)**,—,Consensus Alignment,—,—,99.0,,,1.0,0.0,0.0,0.0,0.0,0.0,0.0,0.0,0.0,0.0,0.0,0.0,—,—,,116.0,consensus,Medium,0.0,0.0,,,,,DEN,2100.0,0.02,28.9,0.01,0.03,DEN,4.0,5.0,True,Sean Payton/Webb,94.5,13.0,24.2,9.0,32.6,21.0,—,7.0,Gap,26.0,Most Spread,2.0,Balanced Environment,DEN,1,17.22,82.78,31.0,1.7,S.Payton,75.4,88.4,,,,,,,,,,,0.4547,,,,0,,,,,,,,,,,,,,,268.1,7.0,15.0,8.0,0.985,15.6,17.71,272.3,290.0,224.3,99.8,13.0,QB14,14.0,120.0,270.8,15.93,4.0,$1-3,113.0,17.9,—,0,0,99,,—,14,272.9,0.992,0.0,-28.41,-15.2,5.0,5.0,120.0,86.59,33.41,120.0,86.59,ESPN,276.62,4.46,-0.009,274.13,0.0,13,QB13,1.0,7.0,0.0,3.2,276.62,0.0,0.0,-0.9,0.0,0.0,0.0,0.0,0.0,0.0,0.0,0.0,Tier 11,115.0,115.0,126.0,11.0,⚡ High Variance (Boom/Bust Ceiling),14.0,Tier 4,12.1,15.9,3.8
105,Patrick Mahomes,QB,KC,T6,0.39,0.39,114,QB15,103,106.6,3.6,Value Target (Discounted),ESPN,106.73,100.1,106.6,106.6,6.63,303.02,15.88,19.4,0.0,0.0,60.0,60.0,0.068,0.145,0.546,16,7.0,2.5,65.0,0.18,9.0,Neutral,False,False,Healthy,5,QB15,101.6,112.6,2.5,1,FP_KC_PATRICK_MAHOMES,80.0,80.0,QB,KC,269.9,0.0,0.0,0.0,0.0,60.35,359.66,3.42,3839.61,27.13,11.55,120.0,QB16,289.44,17.0,5.0,98.0,Neutral,Black,0.0,0.0,0.0,—,0.0,12.38,4.36,1.0,,,,,,,,Sneaky Scramblers,,,,,—,—,Consensus Alignment,—,—,99.0,,,1.0,0.0,0.0,0.0,0.0,0.0,0.0,0.0,0.0,0.0,0.0,0.0,—,—,,108.0,consensus,Medium,0.0,0.0,,,,,KC,1250.0,0.142,26.5,0.02,0.22,KC,22.0,3.0,False,Andy Reid,89.6,19.0,22.0,19.0,33.2,16.0,—,9.0,Zone,22.0,Condensed,6.0,Chew the Clock (High Scoring Offense + Elite Defense -> Run-Heavy Second Halves),KC,21,38.45,61.55,11.0,6.4,A.Reid,86.4,85.4,,,,,,,,,,,0.5044,,,,0,,,,,,,,,,,,,,,274.9,6.0,12.0,6.0,0.887,14.5,21.01,270.0,291.0,279.7,100.1,14.0,QB15,15.0,106.6,269.9,15.88,4.0,$1-3,115.0,17.7,—,0,0,99,,—,15,272.9,0.989,0.0,3.73,-2.9,3.6,3.6,106.73,100.1,6.63,106.73,100.1,YAHOO,276.03,0.24,-0.005,274.65,0.39,12,QB12,1.1,1.6,3.0,2.4,276.03,0.0,9.0,-0.5,0.0,0.0,0.0,0.0,0.0,0.0,0.0,0.0,Tier 10,103.0,101.6,112.6,11.0,⚡ High Variance (Boom/Bust Ceiling),15.0,Tier 4,13.1,16.9,3.8
195,Malik Willis,QB,MIA,T8,-21.22,-21.22,128,QB16,180,194.2,14.2,Screaming Steal (Huge Value),SLEEPER,166.71,124.8,194.2,194.2,69.4,270.18,15.63,,0.0,0.0,50.0,50.0,0.04,0.12,0.732,16,7.0,2.5,,,0.0,Neutral,False,False,Healthy,6,QB16,189.2,200.2,2.5,1,FP_MIA_MALIK_WILLIS,80.0,80.0,QB,MIA,265.7,0.0,0.0,0.0,0.0,124.87,642.77,4.14,3370.36,17.74,12.46,216.0,QB23,257.33,29.0,6.0,120.0,Target (Green),Green,1.0,0.0,0.0,—,0.0,0.0,0.0,0.0,,,,,,,,High Designed Runs,,,,,💥 **#1 Sleeper QB / Exodia ($1)**,🤝 **Consensus #1 Sleeper QB**,Consensus Alignment,Tier 14,Round 14+,14.0,"**#1 Sleeper QB of 2026**: 1.11 FP/DB (led NFL), 94.3% catchable throw rate; Slowik/Hafley Shanahan run scheme; $1 auction steal.",https://www.fantasypoints.com/nfl/articles/2026/mr-relevant-late-round-sleepers,1.0,1.0,1.0,0.0,0.0,0.0,0.0,0.0,0.0,0.0,0.0,1.0,QB12,T6,,142.0,consensus,Medium,0.0,0.0,,,,,MIA,950.0,0.118,24.2,0.06,0.16,MIA,31.0,2.5,True,Bobby Slowik,81.6,25.0,20.3,22.0,37.3,6.0,—,24.0,Balanced,15.0,Condensed,7.0,Passing / Garbage Time (Low Scoring Offense + Bad Defense -> Trailing Game Scripts / Air Volume),MIA,30,35.51,64.49,15.0,0.3,B.Slowik,,,,,,,,,,,,,,,,,0,,,,,,,,,,,,,,,171.1,23.0,18.0,-5.0,0.746,11.0,12.53,103.2,135.6,62.8,124.8,21.0,QB16,16.0,194.2,265.7,15.63,4.0,$1,137.0,17.6,—,0,0,99,,—,16,272.9,0.974,0.0,-13.29,-55.2,14.2,14.2,194.2,124.8,69.4,194.2,124.8,YAHOO,239.96,-3.8,0.0245,245.84,-21.22,22,QB22,1.0,-0.8,0.0,-2.0,239.96,0.0,0.0,2.4,22.0,0.0,0.0,0.0,0.0,0.0,12.0,0.0,Tier 12,180.0,189.2,200.2,11.0,⚡ High Variance (Boom/Bust Ceiling),16.0,Tier 4,14.1,17.9,3.8
189,Tyler Shough,QB,NO,T8,-17.8,-17.8,131,QB17,164,170.9,6.9,Screaming Steal (Huge Value),SLEEPER,155.54,130.0,170.9,170.9,40.9,285.38,15.58,16.2,0.0,0.0,60.0,60.0,0.005,0.15,0.663,16,7.0,3.8,,,0.0,Neutral,False,False,Healthy,8,QB17,165.9,176.9,2.5,1,FP_NO_TYLER_SHOUGH,80.0,80.0,QB,NO,264.9,0.0,0.0,0.0,0.0,78.23,330.19,4.1,3950.01,22.18,11.69,170.0,QB21,265.86,27.0,8.0,121.0,Neutral,Black,0.0,0.0,0.0,—,0.0,0.0,0.0,0.0,,,,,,,High Volume Value (Above Line),High Designed Runs,,,,,🎯 **Late Sleeper QB ($1)**,🤝 **Consensus Sleeper**,Consensus Alignment,Tier 14,Round 13 (13.07),13.07,10.94 Adjusted Net YPA (led NFL outside 1st reads); Kellen Moore fastest NFL pace (26.6s/play); 18.8 FPG in starts. | 🔥 Catalyst: Weapon Upgrades + O/S Top 100,https://www.fantasypoints.com/nfl/articles/2026/mr-relevant-late-round-sleepers,1.0,0.0,1.0,0.0,0.0,0.0,0.0,0.0,0.0,0.0,0.0,0.0,,,,107.0,dragon,High (Elite Ceiling),0.0,0.0,,,,,NO,1150.0,0.035,28.2,-0.03,0.08,NO,30.0,3.0,True,Kellen Moore,85.7,23.0,22.1,18.0,35.8,10.0,High 11P,1.0,Zone,5.0,Even,27.0,Passing / Garbage Time (Low Scoring Offense + Bad Defense -> Trailing Game Scripts / Air Volume),NO,22,25.49,74.51,25.0,-2.3,K.Moore,72.7,74.1,,,,,,,,,,,0.3175,,,,0,,,,,,,,,,,,,,,198.0,21.0,20.0,-1.0,0.695,12.0,16.49,137.0,180.2,123.7,130.0,24.0,QB17,17.0,170.9,264.9,15.58,5.0,$1,139.0,17.5,Weapon Upgrades + O/S Top 100,1,0,99,,—,17,272.9,0.971,0.0,-8.46,-34.0,6.9,6.9,170.9,130.0,40.9,170.9,130.0,YAHOO,248.41,-1.65,0.008,250.4,-17.8,19,QB19,1.0,-18.1,0.0,-0.4,248.41,0.0,0.0,0.8,0.0,0.0,0.0,0.0,6.0,0.0,0.0,0.0,Tier 12,164.0,165.9,176.9,11.0,⚡ High Variance (Boom/Bust Ceiling),17.0,Tier 5,15.1,18.9,3.8
172,Jared Goff,QB,DET,T7,-6.11,-6.11,142,QB18,125,133.7,8.7,Screaming Steal (Huge Value),ESPN,137.08,114.5,133.7,133.7,22.58,287.79,15.44,,0.0,0.0,70.0,70.0,0.018,0.09,0.62,16,7.0,2.5,,,0.0,Neutral,False,False,Healthy,6,QB18,128.7,139.7,2.5,1,FP_DET_JARED_GOFF,80.0,80.0,QB,DET,262.4,0.0,0.0,0.0,0.0,23.74,48.16,0.23,4308.02,31.68,9.99,130.0,QB17,282.32,20.0,6.0,111.0,Neutral,Black,0.0,0.0,0.0,—,0.0,0.0,0.0,0.0,,,,,,,,Pocket Passers,,,Best Friend QB (High Checkdowns / No GL Vultures),,—,—,Consensus Alignment,—,—,99.0,⭐ #3 Lions Offense Most Undervalued Asset,,1.0,0.0,0.0,0.0,0.0,0.0,0.0,0.0,0.0,0.0,0.0,0.0,—,—,,141.0,consensus,Medium,0.0,0.0,,,,,DET,720.0,0.16,26.4,0.11,0.19,DET,15.0,3.5,False,Drew Petzing,107.7,3.0,21.4,20.0,26.1,27.0,—,3.0,Gap,24.0,Even,11.0,Balanced Environment,DET,16,30.85,69.15,20.0,-1.1,D.Petzing,73.3,83.2,,,,,,,,,,,0.689,,,,0,,,,,,,,,,,,,,,254.7,10.0,17.0,7.0,0.986,14.4,17.69,252.1,261.8,211.9,114.5,17.0,QB18,18.0,133.7,262.4,15.44,5.0,$1,141.0,17.5,—,0,1,3,Lions,#3 Lions Offense - Most Undervalued Asset,18,272.9,0.962,0.0,12.08,-10.5,8.7,8.7,137.08,114.5,22.58,137.08,114.5,YAHOO,265.45,-0.06,0.002,265.98,-6.11,15,QB15,1.0,-38.3,0.0,2.8,265.45,0.0,0.0,0.2,0.0,0.0,0.0,0.0,0.0,4.0,0.0,0.0,Tier 11,125.0,128.7,139.7,11.0,⚡ High Variance (Boom/Bust Ceiling),18.0,Tier 5,16.1,19.9,3.8
187,Kyler Murray,QB,MIN,T8,-17.48,-17.48,152,QB19,156,159.7,3.7,Value Target (Discounted),SLEEPER,146.47,111.8,159.7,159.7,47.9,280.26,15.27,14.7,0.0,0.0,80.0,80.0,0.035,0.19,0.691,16,7.0,2.5,62.0,0.2,10.5,Neutral,False,False,Healthy,6,QB19,154.7,165.7,2.5,1,FP_MIN_KYLER_MURRAY,80.0,80.0,QB,MIN,259.6,0.0,0.0,0.0,0.0,79.64,476.59,3.36,3499.09,23.49,13.98,114.0,QB13,282.47,17.0,6.0,110.0,Target (Green),Green,1.0,0.0,0.0,—,0.0,0.0,0.0,0.0,,,,,,,,,,,Best Friend QB (High Checkdowns / No GL Vultures),,💥 **Expanded Exodia / Sleeper ($1)**,🤝 **Consensus High**,Consensus Alignment,Tier 14,Round 11/12,11.5,19.4 career FPG (4th among active QBs); 36.7 rush YPG; Kevin O'Connell pass-heavy offense; $1 auction staple.,https://www.fantasypoints.com/nfl/articles/2026/mr-relevant-late-round-sleepers,1.0,1.0,1.0,0.0,0.0,0.0,0.0,0.0,0.0,0.0,0.0,1.0,QB13,T6,,109.0,consensus,Medium,0.0,0.0,,,,,MIN,1580.0,0.085,27.1,-0.02,0.15,MIN,9.0,4.0,True,Kevin O'Connell,76.2,28.0,18.9,26.0,37.4,5.0,—,25.0,Balanced,23.0,Condensed,5.0,Shootouts (High Scoring Offense + Vulnerable Defense -> Max Fantasy Ceiling),MIN,12,31.97,68.03,18.0,1.4,K.O'Connell,78.1,99.0,,,,,,,,,,,0.3197,,,,0,,,,,,,,,,,,,,,177.6,22.0,21.0,-1.0,0.551,10.2,13.35,75.3,121.0,128.1,111.8,16.0,QB19,19.0,159.7,259.6,15.27,5.0,$1,124.0,17.7,—,0,0,99,,—,19,272.9,0.951,0.0,-9.53,-44.2,3.7,3.7,159.7,111.8,47.9,159.7,111.8,YAHOO,244.82,1.65,0.0245,250.82,-17.48,18,QB18,1.0,-27.3,0.0,-0.4,244.82,0.0,10.5,2.4,22.0,0.0,0.0,0.0,0.0,0.0,12.0,0.0,Tier 12,156.0,154.7,165.7,11.0,⚡ High Variance (Boom/Bust Ceiling),19.0,Tier 5,17.1,20.9,3.8
191,Jordan Love,QB,GB,T8,-18.35,-18.35,164,QB20,136,147.5,11.5,Screaming Steal (Huge Value),ESPN,158.24,124.3,147.5,147.5,33.94,267.68,15.02,16.5,0.0,0.0,40.0,40.0,0.02,0.16,0.667,16,7.0,2.5,42.0,0.1,5.0,Neutral,False,False,Healthy,11,QB20,142.5,153.5,2.5,1,FP_GB_JORDAN_LOVE,80.0,80.0,QB,GB,255.3,0.0,0.0,0.0,0.0,46.46,194.88,0.64,3846.17,26.67,10.23,149.0,QB20,271.46,23.0,11.0,134.0,Pass (Yellow),Yellow,0.0,1.0,0.0,—,0.0,0.0,0.0,0.0,,,,,,,,,,,,,—,—,Consensus Alignment,—,—,99.0,,,1.0,0.0,0.0,0.0,0.0,0.0,0.0,0.0,0.0,0.0,0.0,0.0,—,—,,140.0,consensus,Medium,0.0,0.0,,,,,GB,1300.0,0.112,27.8,0.04,0.16,GB,20.0,2.0,False,Matt LaFleur,90.5,16.0,23.0,13.0,36.3,9.0,High 12P,19.0,Balanced,8.0,Very Condensed,17.0,Chew the Clock (High Scoring Offense + Elite Defense -> Run-Heavy Second Halves),GB,27,38.22,61.78,13.0,-1.0,M.LaFleur,76.4,60.6,,,,,,,,,,,1.139,,,,0,,,,,,,,,,,,,,,231.3,16.0,16.0,0.0,0.941,13.6,15.86,203.1,201.2,195.0,124.3,20.0,QB20,20.0,147.5,255.3,15.02,5.0,$1,138.0,17.5,—,0,0,99,,—,20,272.9,0.936,0.0,22.24,-11.7,11.5,11.5,158.24,124.3,33.94,158.24,124.3,YAHOO,253.34,-5.6,-0.0145,249.67,-18.35,20,QB20,1.0,-43.5,0.0,0.0,253.34,0.0,5.0,-1.5,0.0,0.0,0.0,0.0,0.0,0.0,-5.0,0.0,Tier 12,136.0,142.5,153.5,11.0,⚡ High Variance (Boom/Bust Ceiling),20.0,Tier 5,18.1,21.9,3.8
181,Baker Mayfield,QB,TB,T7,-14.72,-14.72,168,QB21,130,141.7,11.7,Screaming Steal (Huge Value),ESPN,147.99,126.3,141.7,141.7,21.69,281.85,14.79,16.0,0.0,0.0,80.0,80.0,0.028,0.11,0.75,16,7.0,2.5,35.0,0.02,1.0,Neutral,False,False,Healthy,10,QB21,136.7,147.7,2.5,1,FP_TB_BAKER_MAYFIELD,80.0,80.0,QB,TB,251.4,0.0,0.0,0.0,0.0,57.69,362.41,1.46,3840.73,25.87,12.86,135.0,QB18,279.69,21.0,10.0,130.0,Neutral,Black,0.0,0.0,0.0,—,0.0,10.64,4.11,1.0,,,,,,,,Sneaky Scramblers,,,,,—,—,Consensus Alignment,—,—,99.0,,,1.0,0.0,0.0,0.0,0.0,0.0,0.0,0.0,0.0,0.0,0.0,0.0,—,—,,132.0,consensus,Medium,0.0,0.0,,,,,TB,820.0,0.078,27.5,-0.03,0.14,TB,26.0,4.0,False,Zac Robinson,89.8,18.0,27.9,2.0,30.4,24.0,High 12P,13.0,Zone,2.0,Condensed,20.0,Slugfests (Low Scoring Offense + Elite Defense -> Low Over/Unders / Grinding Games),TB,5,26.78,73.22,23.0,-6.6,Z.Robinson,75.3,94.7,,,,,,,,,,,0.2352,,,,0,,,,,,,,,,,,,,,241.7,15.0,19.0,4.0,0.93,13.6,18.47,233.9,245.2,184.6,126.3,23.0,QB21,21.0,141.7,251.4,14.79,5.0,$1,140.0,17.5,—,0,0,99,,—,21,272.9,0.921,0.0,17.99,-3.7,11.7,11.7,147.99,126.3,21.69,147.99,126.3,YAHOO,256.05,3.44,-0.006,254.51,-14.72,17,QB17,1.0,-39.3,0.0,1.6,256.05,0.0,1.0,-0.6,0.0,0.0,0.0,0.0,0.0,0.0,0.0,0.0,Tier 11,130.0,136.7,147.7,11.0,⚡ High Variance (Boom/Bust Ceiling),21.0,Tier 5,19.1,22.9,3.8
204,Sam Darnold,QB,SEA,T8,-25.88,-25.88,176,QB22,167,177.1,10.1,Screaming Steal (Huge Value),SLEEPER,162.06,122.7,177.1,177.1,54.4,266.58,14.54,13.5,0.0,0.0,70.0,70.0,0.0,0.17,0.774,16,5.0,,,,0.0,Neutral,False,False,Healthy,11,QB22,172.1,183.1,2.5,1,FP_SEA_SAM_DARNOLD,80.0,80.0,QB,SEA,247.2,0.0,0.0,0.0,0.0,44.02,131.86,0.62,4091.37,27.35,12.78,226.0,QB25,241.46,29.0,11.0,145.0,Neutral,Black,0.0,0.0,0.0,—,0.0,0.0,0.0,0.0,,,,,,,,,,,,,—,—,Consensus Alignment,—,—,99.0,,,1.0,0.0,0.0,0.0,0.0,0.0,0.0,0.0,0.0,0.0,0.0,0.0,—,—,,,consensus,,0.0,0.0,,,,,SEA,1340.0,0.058,28.0,0.02,0.08,SEA,10.0,3.5,False,Brian Fleury,96.6,11.0,26.4,4.0,32.9,17.0,—,16.0,Zone,4.0,Even,14.0,Chew the Clock (High Scoring Offense + Elite Defense -> Run-Heavy Second Halves),SEA,14,46.7,53.3,4.0,0.0,Unknown,78.5,71.7,,,,,,,,,,,0.7677,,,,0,,,,,,,,,,,,,,,225.5,19.0,23.0,4.0,0.989,14.0,16.01,222.2,225.7,139.7,122.7,19.0,QB22,22.0,177.1,247.2,14.54,6.0,$1,162.0,16.5,—,0,0,99,,—,22,272.9,0.906,0.0,-4.94,-44.3,10.1,10.1,177.1,122.7,54.4,177.1,122.7,YAHOO,240.34,-0.6,-0.003,239.62,-25.88,24,QB24,1.0,-26.9,0.0,1.6,240.34,0.0,0.0,-0.3,0.0,0.0,0.0,0.0,0.0,0.0,0.0,0.0,Tier 12,167.0,172.1,183.1,11.0,⚡ High Variance (Boom/Bust Ceiling),22.0,Tier 6,20.1,23.9,3.8
192,Daniel Jones,QB,IND,T8,-19.57,-19.57,184,QB24,188,205.8,17.8,Screaming Steal (Huge Value),ESPN,205.8,205.8,205.8,205.8,0.0,274.58,14.14,,0.0,0.0,90.0,90.0,0.005,0.13,0.691,16,5.0,,,,0.0,Neutral,False,False,Healthy,13,QB24,200.8,211.8,2.5,1,FP_IND_DANIEL_JONES,80.0,80.0,QB,IND,240.4,0.0,0.0,0.0,0.0,65.99,250.72,3.97,3761.48,23.53,11.38,146.0,QB19,265.58,21.0,13.0,,Neutral,Black,0.0,0.0,0.0,—,0.0,0.0,0.0,0.0,,,,,,,,,,,,,—,—,Consensus Alignment,—,—,99.0,,,1.0,0.0,0.0,0.0,0.0,0.0,0.0,0.0,0.0,0.0,0.0,0.0,—,—,,,consensus,,0.0,0.0,,,,,IND,980.0,0.068,27.3,0.06,0.07,IND,5.0,4.5,False,Shane Steichen,97.4,10.0,22.2,17.0,32.7,19.0,—,20.0,Gap,10.0,Even,25.0,Balanced Environment,IND,10,36.05,63.95,14.0,-3.5,S.Steichen,72.3,65.0,,,,,,,,,,,-0.2359,,,,0,,,,,,,,,,,,,,,,,,,,,,,,,,,QB24,24.0,205.8,240.4,14.14,6.0,$1,160.0,16.9,—,0,0,99,,—,24,272.9,0.881,0.0,17.8,17.8,17.8,17.8,205.8,205.8,0.0,205.8,205.8,ESPN,248.79,1.95,-0.003,248.04,-19.57,21,QB21,1.0,13.8,0.0,0.0,248.79,0.0,0.0,-0.3,0.0,0.0,0.0,0.0,0.0,0.0,0.0,0.0,Tier 12,188.0,200.8,211.8,11.0,⚡ High Variance (Boom/Bust Ceiling),23.0,Tier 6,21.1,24.9,3.8
223,Jacoby Brissett,QB,ARZ,T8,-38.4,-38.4,197,QB25,231,243.0,12.0,Screaming Steal (Huge Value),ESPN,243.0,243.0,243.0,243.0,0.0,230.83,13.55,,0.0,0.0,80.0,80.0,0.0,0.15,0.5,16,5.0,,,,0.0,Neutral,False,False,Healthy,14,QB25,238.0,249.0,2.5,1,FP_ARZ_JACOBY_BRISSETT,80.0,80.0,QB,ARZ,230.3,0.0,0.0,0.0,0.0,48.73,214.31,1.43,3590.83,19.3,10.39,243.0,QB28,210.21,29.0,14.0,,Neutral,Black,0.0,0.0,0.0,—,0.0,0.0,0.0,0.0,,,,,,,,,,,,,—,—,Consensus Alignment,—,—,99.0,,,1.0,0.0,0.0,0.0,0.0,0.0,0.0,0.0,0.0,0.0,0.0,0.0,—,—,,,consensus,,0.0,0.0,,,,,,,,,,,,,,,,,,,,,,,,,,,,,,16,35.0,65.0,,0.0,—,67.7,68.7,,,,,,,,,,,-0.1969,,,,0,,,,,,,,,,,,,,,,,,,,,,,,,,,QB25,25.0,243.0,230.3,13.55,7.0,$1,,,—,0,0,99,,—,25,272.9,0.844,0.0,12.0,12.0,12.0,12.0,243.0,243.0,0.0,243.0,243.0,ESPN,223.6,0.6,-0.003,222.93,-38.4,25,QB25,1.0,20.0,0.0,0.0,223.6,0.0,0.0,-0.3,0.0,0.0,0.0,0.0,0.0,0.0,0.0,0.0,Tier 12,231.0,227.9,220.0,-7.9,🎯 High Consensus (Safe Floor),24.0,Tier 6,22.1,25.9,3.8
230,Geno Smith,QB,NYJ,T8,-41.23,-41.23,206,QB26,322,999.0,677.0,Screaming Steal (Huge Value),ESPN,999.0,999.0,999.0,999.0,0.0,234.85,13.11,,0.0,0.0,60.0,60.0,0.015,0.21,0.613,16,5.0,,,,0.0,Neutral,False,False,Healthy,13,QB26,994.0,1005.0,2.5,1,FP_NYJ_GENO_SMITH,80.0,80.0,QB,NYJ,222.9,0.0,0.0,0.0,0.0,57.35,210.71,1.01,3459.41,22.14,14.78,251.0,QB29,213.65,29.0,13.0,,Neutral,Black,0.0,0.0,0.0,—,0.0,0.0,0.0,0.0,,,,,,,,,,,,,—,—,Consensus Alignment,—,—,99.0,,,1.0,0.0,0.0,0.0,0.0,0.0,0.0,0.0,0.0,0.0,0.0,0.0,—,—,,,consensus,,0.0,0.0,,,,,NYJ,1650.0,0.065,26.8,0.03,0.09,NYJ,17.0,3.0,False,Frank Reich,71.1,30.0,24.9,6.0,29.8,26.0,High 11P,10.0,Balanced,27.0,Spread,8.0,Balanced Environment,NYJ,17,23.57,76.43,27.0,-1.3,F.Reich,69.8,,,,,,,,,,,,0.054,,,,0,,,,,,,,,,,,,,,,,,,,,,,,,,,QB26,26.0,999.0,222.9,13.11,7.0,$1,199.0,15.1,—,0,0,99,,—,26,272.9,0.817,0.0,677.0,677.0,677.0,677.0,999.0,999.0,0.0,999.0,999.0,CONSENSUS,219.82,-1.35,-0.003,219.16,-41.23,27,QB27,1.0,769.0,0.0,0.0,219.82,0.0,0.0,-0.3,0.0,0.0,0.0,0.0,0.0,0.0,0.0,0.0,Tier 12,322.0,318.9,220.0,-98.9,🎯 High Consensus (Safe Floor),25.0,Tier 6,23.1,26.9,3.8
224,Bryce Young,QB,CAR,T8,-38.54,-38.54,229,QB27,207,227.1,20.1,Screaming Steal (Huge Value),ESPN,227.1,227.1,227.1,227.1,0.0,255.83,12.54,,0.0,0.0,60.0,60.0,-0.015,0.25,0.794,16,6.0,2.5,,,0.0,Neutral,False,False,Healthy,5,QB27,222.1,233.1,2.5,1,FP_CAR_BRYCE_YOUNG,80.0,80.0,QB,CAR,213.2,0.0,0.0,0.0,0.0,57.93,261.43,3.05,3459.25,22.76,12.04,223.0,QB24,242.16,29.0,5.0,,Neutral,Black,0.0,0.0,0.0,—,0.0,0.0,0.0,0.0,,,,,,,,,,,,,—,—,Consensus Alignment,—,—,99.0,,,1.0,0.0,0.0,0.0,0.0,0.0,0.0,0.0,0.0,0.0,0.0,0.0,—,—,,150.0,consensus,Medium,1.0,0.0,,,,,CAR,1900.0,-0.03,28.6,-0.01,-0.04,CAR,16.0,3.0,False,Dave Canales/Idzik,78.7,27.0,19.8,24.0,33.6,15.0,High 11P,22.0,Balanced,19.0,Spread,23.0,Passing / Garbage Time (Low Scoring Offense + Bad Defense -> Trailing Game Scripts / Air Volume),CAR,8,29.48,70.52,22.0,-2.0,D.Canales,73.9,82.6,,,,,,,,,,,-0.1957,,,,0,,,,,,,,,,,,,,,,,,,,,,,,,,,QB27,27.0,227.1,213.2,12.54,8.0,WW,173.0,15.9,—,0,0,99,,—,27,272.9,0.781,0.0,20.1,20.1,20.1,20.1,227.1,227.1,0.0,227.1,227.1,ESPN,222.85,-0.25,-0.0005,222.74,-38.54,26,QB26,1.0,3.1,0.0,0.0,222.85,0.0,0.0,-0.0,0.0,0.0,0.0,5.0,0.0,0.0,0.0,0.0,Tier 12,207.0,203.9,210.1,6.2,⚖️ Moderate Variance,26.0,Tier 7,24.1,27.9,3.8
232,Aaron Rodgers,QB,PIT,T8,-41.51,-41.51,231,QB28,209,228.8,19.8,Screaming Steal (Huge Value),ESPN,228.8,228.8,228.8,228.8,0.0,223.51,12.49,,0.0,0.0,70.0,70.0,-0.05,0.28,0.691,16,7.0,2.5,,,0.0,Neutral,False,False,Healthy,9,QB28,223.8,234.8,2.5,1,FP_PIT_AARON_RODGERS,80.0,80.0,QB,PIT,212.3,0.0,0.0,0.0,0.0,26.04,82.58,0.63,3485.43,21.73,9.37,231.0,QB26,233.76,29.0,9.0,,Neutral,Black,0.0,0.0,0.0,—,0.0,0.0,0.0,0.0,,,,,,,,,,,,,—,—,Consensus Alignment,—,—,99.0,,,1.0,0.0,0.0,0.0,0.0,0.0,0.0,0.0,0.0,0.0,0.0,0.0,—,—,,148.0,consensus,Medium,0.0,0.0,,,,,PIT,2150.0,0.03,29.6,0.04,0.02,PIT,12.0,3.5,False,Mike McCarthy,90.1,17.0,18.0,27.0,46.2,1.0,—,1.0,Zone,25.0,Spread,9.0,Slugfests (Low Scoring Offense + Elite Defense -> Low Over/Unders / Grinding Games),PIT,19,41.2,58.8,6.0,4.6,M.McCarthy,61.6,,,,,,,,,,,,0.1491,,,,0,,,,,,,,,,,,,,,,,,,,,,,,,,,QB28,28.0,228.8,212.3,12.49,8.0,WW,198.0,15.5,—,0,0,99,,—,28,272.9,0.778,0.0,19.8,19.8,19.8,19.8,228.8,228.8,0.0,228.8,228.8,ESPN,219.45,-2.1,-0.003,218.79,-41.51,28,QB28,1.0,-3.2,0.0,0.0,219.45,0.0,0.0,-0.3,0.0,0.0,0.0,0.0,0.0,0.0,0.0,0.0,Tier 12,209.0,205.9,212.1,6.2,⚖️ Moderate Variance,27.0,Tier 7,25.1,28.9,3.8
236,Cam Ward,QB,TEN,T8,-42.39,-42.39,234,QB29,196,213.7,17.7,Screaming Steal (Huge Value),ESPN,213.7,213.7,213.7,213.7,0.0,232.41,12.34,10.5,0.0,0.0,40.0,40.0,-0.02,0.33,0.588,16,5.0,,,,0.0,Neutral,False,False,Healthy,9,QB29,208.7,219.7,2.5,1,FP_TEN_CAM_WARD,80.0,80.0,QB,TEN,209.8,0.0,0.0,0.0,0.0,44.19,185.28,2.01,3587.56,19.87,10.42,233.0,QB27,234.54,29.0,9.0,144.0,Neutral,Black,0.0,0.0,0.0,—,0.0,0.0,0.0,0.0,,,,,,,,,,,,,—,—,Consensus Alignment,—,—,99.0,🔥 Catalyst: Weapon Upgrades + O/S Top 100,,1.0,0.0,0.0,0.0,0.0,0.0,0.0,0.0,0.0,0.0,0.0,0.0,—,—,,,consensus,,0.0,0.0,,,,,TEN,2550.0,0.01,29.0,0.03,-0.01,TEN,25.0,2.0,False,Brian Daboll,74.1,29.0,19.9,23.0,32.6,21.0,High 12P,12.0,Balanced,28.0,Very Spread,13.0,Slugfests (Low Scoring Offense + Elite Defense -> Low Over/Unders / Grinding Games),TEN,31,20.11,79.89,29.0,-1.4,B.Daboll,60.5,81.1,,,,,,,,,,,-1.0568,,,,0,,,,,,,,,,,,,,,,,,,,,,,,,,,QB29,29.0,213.7,209.8,12.34,8.0,WW,174.0,15.8,Weapon Upgrades + O/S Top 100,1,0,99,,—,29,272.9,0.769,0.0,17.7,17.7,17.7,17.7,213.7,213.7,0.0,213.7,213.7,ESPN,218.05,-6.8,-0.002,217.61,-42.39,29,QB29,1.0,-22.3,0.0,0.0,218.05,0.0,0.0,-0.2,0.0,0.0,0.0,0.0,6.0,0.0,0.0,0.0,Tier 12,196.0,208.7,219.7,11.0,⚡ High Variance (Boom/Bust Ceiling),28.0,Tier 7,26.1,29.9,3.8
294,Deshaun Watson,QB,CLV,T8,-72.37,-72.37,260,QB30,295,999.0,704.0,Screaming Steal (Huge Value),ESPN,999.0,999.0,999.0,999.0,0.0,135.23,11.41,,0.0,0.0,80.0,80.0,0.0,0.15,0.5,16,5.0,,,,0.0,Neutral,False,False,Healthy,11,QB30,994.0,1005.0,2.5,1,FP_CLV_DESHAUN_WATSON,80.0,80.0,QB,CLV,193.9,0.0,0.0,0.0,0.0,44.3,191.78,1.2,1993.74,10.8,7.46,271.0,QB31,146.7,29.0,11.0,,Neutral,Black,0.0,0.0,0.0,—,0.0,0.0,0.0,0.0,,,,,,,,,,,,,—,—,Consensus Alignment,—,—,99.0,,,1.0,0.0,0.0,0.0,0.0,0.0,0.0,0.0,0.0,0.0,0.0,0.0,—,—,,,consensus,,0.0,0.0,,,,,,,,,,,,,,,,,,,,,,,,,,,,,,16,35.0,65.0,,0.0,—,59.7,85.9,,,,,,,,,,,-0.575,,,,0,,,,,,,,,,,,,,,,,,,,,,,,,,,QB30,30.0,999.0,193.9,11.41,9.0,WW,,,—,0,0,99,,—,30,272.9,0.711,0.0,704.0,704.0,704.0,704.0,999.0,999.0,0.0,999.0,999.0,CONSENSUS,178.17,0.6,-0.003,177.64,-72.37,30,QB30,1.0,705.0,0.0,0.0,178.17,0.0,0.0,-0.3,0.0,0.0,0.0,0.0,0.0,0.0,0.0,0.0,Tier 12,295.0,291.9,220.0,-71.9,🎯 High Consensus (Safe Floor),29.0,Tier 7,27.1,30.9,3.8
321,Fernando Mendoza,QB,LV,T8,-98.92,-98.92,310,QB31,169,181.1,12.1,Screaming Steal (Huge Value),SLEEPER,167.56,119.9,181.1,181.1,61.2,191.77,9.12,,0.0,0.0,50.0,50.0,-0.005,0.29,0.696,16,5.0,,,,0.0,Neutral,False,False,Healthy,13,QB31,176.1,187.1,2.5,1,FP_LV_FERNANDO_MENDOZA,80.0,80.0,QB,LV,155.1,0.0,0.0,0.0,0.0,50.36,233.37,1.31,2881.96,15.73,12.17,267.0,QB30,110.39,29.0,13.0,,Neutral,Black,0.0,0.0,0.0,—,0.0,0.0,0.0,0.0,,,,,,,,,,,,,—,—,Consensus Alignment,—,—,99.0,,,1.0,0.0,0.0,0.0,0.0,0.0,0.0,0.0,0.0,0.0,0.0,0.0,—,—,,,consensus,,0.0,0.0,,,,,LV,2250.0,0.015,28.5,-0.04,0.05,LV,28.0,2.5,False,Klint Kubiak,70.9,31.0,22.8,14.0,34.5,14.0,—,27.0,Zone,13.0,Even,19.0,Passing / Garbage Time (Low Scoring Offense + Bad Defense -> Trailing Game Scripts / Air Volume),LV,24,40.2,59.8,8.0,-4.3,K.Kubiak,,81.1,,,,,,,,,,,,,Fernando Mendoza,LVR,1,1.0,1.0,48.0,46.5,30.8,,,,,236.0,8.4,32.5,,27.0,150.1,24.0,24.0,0.0,0.666,10.0,11.22,75.0,95.5,57.1,119.9,18.0,QB31,31.0,181.1,155.1,9.12,10.0,WW,,,—,0,0,99,,—,31,272.9,0.568,0.0,-1.44,-49.1,12.1,12.1,181.1,119.9,61.2,181.1,119.9,YAHOO,142.67,-3.15,-0.003,142.24,-98.92,31,QB31,1.0,-139.9,4.0,0.0,142.67,0.0,0.0,-0.3,0.0,0.0,0.0,0.0,0.0,0.0,0.0,0.0,Tier 12,169.0,176.1,187.1,11.0,⚡ High Variance (Boom/Bust Ceiling),30.0,Tier 7,28.1,31.9,3.8
335,Tua Tagovailoa,QB,ATL,T8,-115.09,-115.09,331,QB32,222,236.5,14.5,Screaming Steal (Huge Value),ESPN,236.5,236.5,236.5,236.5,0.0,120.91,7.49,,0.0,0.0,80.0,80.0,0.032,0.15,0.592,16,5.0,,,,0.0,Neutral,False,False,Healthy,11,QB32,231.5,242.5,2.5,1,FP_ATL_TUA_TAGOVAILOA,80.0,80.0,QB,ATL,127.3,0.0,0.0,0.0,0.0,14.96,36.64,0.09,2050.25,11.14,6.32,283.0,QB33,108.5,29.0,11.0,,Neutral,Black,0.0,0.0,0.0,—,0.0,0.0,0.0,0.0,,,,,,,,,,,,,—,—,Consensus Alignment,—,—,99.0,,,1.0,0.0,0.0,0.0,0.0,0.0,0.0,0.0,0.0,0.0,0.0,0.0,—,—,,,consensus,,0.0,0.0,,,,,ATL,1100.0,0.092,26.0,0.05,0.12,ATL,21.0,4.0,False,Kevin Stefanski/Rees,86.4,21.0,22.4,16.0,25.7,28.0,High 12P,10.0,Gap,18.0,Even,3.0,Passing / Garbage Time (Low Scoring Offense + Bad Defense -> Trailing Game Scripts / Air Volume),ATL,11,54.01,45.99,2.0,-4.2,K.Stefanski,50.7,80.0,,,,,,,,,,,0.1614,,,,0,,,,,,,,,,,,,,,,,,,,,,,,,,,QB32,32.0,236.5,127.3,7.49,11.0,WW,,,—,0,0,99,,—,32,272.9,0.466,0.0,14.5,14.5,14.5,14.5,236.5,236.5,0.0,236.5,236.5,ESPN,121.03,1.56,-0.003,120.67,-115.09,33,QB33,1.0,-98.5,-3.0,0.0,121.03,0.0,0.0,-0.3,0.0,0.0,0.0,0.0,0.0,0.0,0.0,0.0,Tier 12,222.0,218.9,220.0,1.1,🎯 High Consensus (Safe Floor),31.0,Tier 7,29.1,32.9,3.8
332,Michael Penix Jr.,QB,ATL,T8,-111.94,-111.94,340,QB33,208,227.9,19.9,Screaming Steal (Huge Value),ESPN,227.9,227.9,227.9,227.9,0.0,119.02,6.97,,0.0,0.0,80.0,80.0,0.032,0.15,0.592,16,5.0,,,,0.0,Neutral,False,False,Healthy,11,QB33,222.9,233.9,2.5,1,FP_ATL_MICHAEL_PENIX_JR.,80.0,80.0,QB,ATL,118.5,0.0,0.0,0.0,0.0,18.78,62.92,0.63,1864.78,10.82,5.03,272.0,QB32,138.79,29.0,11.0,,Neutral,Black,0.0,0.0,0.0,—,0.0,0.0,0.0,0.0,,,,,,,,,,,,,—,—,Consensus Alignment,—,—,99.0,,,1.0,0.0,0.0,0.0,0.0,0.0,0.0,0.0,0.0,0.0,0.0,0.0,—,—,,,consensus,,0.0,0.0,,,,,ATL,1100.0,0.092,26.0,0.05,0.12,ATL,21.0,4.0,False,Kevin Stefanski/Rees,86.4,21.0,22.4,16.0,25.7,28.0,High 12P,10.0,Gap,18.0,Even,3.0,Passing / Garbage Time (Low Scoring Offense + Bad Defense -> Trailing Game Scripts / Air Volume),ATL,11,54.01,45.99,2.0,-4.2,K.Stefanski,63.0,80.2,,,,,,,,,,,-0.9251,,,,0,,,,,,,,,,,,,,,,,,,,,,,,,,,QB33,33.0,227.9,118.5,6.97,11.0,WW,,,—,0,0,99,,—,33,272.9,0.434,0.0,19.9,19.9,19.9,19.9,227.9,227.9,0.0,227.9,227.9,ESPN,125.26,1.56,-0.003,124.88,-111.94,32,QB32,1.0,-104.1,0.0,0.0,125.26,0.0,0.0,-0.3,0.0,0.0,0.0,0.0,0.0,0.0,0.0,0.0,Tier 12,208.0,204.9,211.1,6.2,⚖️ Moderate Variance,32.0,Tier 7,30.1,33.9,3.8
338,Kirk Cousins,QB,LV,T8,-116.24,-116.24,344,QB34,240,999.0,759.0,Screaming Steal (Huge Value),ESPN,999.0,999.0,999.0,999.0,0.0,47.02,6.57,,0.0,0.0,50.0,50.0,-0.005,0.29,0.696,16,5.0,,,,0.0,Neutral,False,False,Healthy,13,QB34,994.0,1005.0,2.5,1,FP_LV_KIRK_COUSINS,80.0,80.0,QB,LV,111.7,0.0,0.0,0.0,0.0,5.23,8.99,0.09,780.8,5.03,3.89,284.0,QB34,135.09,29.0,13.0,,Neutral,Black,0.0,0.0,0.0,—,0.0,0.0,0.0,0.0,,,,,,,,,,,,,—,—,Consensus Alignment,—,—,99.0,,,1.0,0.0,0.0,0.0,0.0,0.0,0.0,0.0,0.0,0.0,0.0,0.0,—,—,,,consensus,,0.0,0.0,,,,,LV,2250.0,0.015,28.5,-0.04,0.05,LV,28.0,2.5,False,Klint Kubiak,70.9,31.0,22.8,14.0,34.5,14.0,—,27.0,Zone,13.0,Even,19.0,Passing / Garbage Time (Low Scoring Offense + Bad Defense -> Trailing Game Scripts / Air Volume),LV,24,40.2,59.8,8.0,-4.3,K.Kubiak,70.4,,,,,,,,,,,,0.4311,,,,0,,,,,,,,,,,,,,,,,,,,,,,,,,,QB34,34.0,999.0,111.7,6.57,12.0,WW,,,—,0,0,99,,—,34,272.9,0.409,0.0,759.0,759.0,759.0,759.0,999.0,999.0,0.0,999.0,999.0,CONSENSUS,119.5,-3.15,-0.003,119.14,-116.24,34,QB34,1.0,661.0,0.0,0.0,119.5,0.0,0.0,-0.3,0.0,0.0,0.0,0.0,0.0,0.0,0.0,0.0,Tier 12,240.0,236.9,220.0,-16.9,🎯 High Consensus (Safe Floor),33.0,Tier 7,31.1,34.9,3.8
347,J.J. McCarthy,QB,MIN,T8,-175.67,-175.67,345,QB35,202,224.2,22.2,Screaming Steal (Huge Value),ESPN,224.2,224.2,224.2,224.2,0.0,22.47,2.79,,0.0,0.0,80.0,80.0,0.035,0.19,0.691,16,5.0,,,,0.0,Neutral,False,False,Healthy,6,QB35,219.2,230.2,2.5,1,FP_MIN_J.J._MCCARTHY,80.0,80.0,QB,MIN,47.5,0.0,0.0,0.0,0.0,5.95,26.95,0.21,340.59,1.78,1.42,428.0,QB49,25.06,29.0,6.0,,Neutral,Black,0.0,0.0,0.0,—,0.0,0.0,0.0,0.0,,,,,,,,,,,,,—,—,Consensus Alignment,—,—,99.0,,,1.0,0.0,0.0,0.0,0.0,0.0,0.0,0.0,0.0,0.0,0.0,0.0,—,—,,,consensus,,0.0,0.0,,,,,MIN,1580.0,0.085,27.1,-0.02,0.15,MIN,9.0,4.0,True,Kevin O'Connell,76.2,28.0,18.9,26.0,37.4,5.0,—,25.0,Balanced,23.0,Condensed,5.0,Shootouts (High Scoring Offense + Vulnerable Defense -> Max Fantasy Ceiling),MIN,12,31.97,68.03,18.0,1.4,K.O'Connell,,80.9,,,,,,,,,,,,,,,0,,,,,,,,,,,,,,,,,,,,,,,,,,,QB35,35.0,224.2,47.5,2.79,13.0,WW,,,—,0,0,99,,—,35,272.9,0.174,0.0,22.2,22.2,22.2,22.2,224.2,224.2,0.0,224.2,224.2,ESPN,40.02,1.65,-0.003,39.9,-175.67,37,QB37,1.0,-122.8,4.0,0.0,40.02,0.0,0.0,-0.3,0.0,0.0,0.0,0.0,0.0,0.0,0.0,0.0,Tier 12,202.0,198.9,205.1,6.2,⚖️ Moderate Variance,34.0,Tier 7,32.1,35.9,3.8
345,Shedeur Sanders,QB,CLV,T8,-164.69,-164.69,346,QB36,221,236.1,15.1,Screaming Steal (Huge Value),ESPN,236.1,236.1,236.1,236.1,0.0,106.28,2.42,,0.0,0.0,80.0,80.0,0.0,0.15,0.5,16,5.0,,,,0.0,Neutral,False,False,Healthy,11,QB36,231.1,242.1,2.5,1,FP_CLV_SHEDEUR_SANDERS,80.0,80.0,QB,CLV,41.1,0.0,0.0,0.0,0.0,24.82,143.05,0.64,1632.75,8.1,6.49,328.0,QB35,81.9,29.0,11.0,,Neutral,Black,0.0,0.0,0.0,—,0.0,0.0,0.0,0.0,,,,,,,,,,,,,—,—,Consensus Alignment,—,—,99.0,,,1.0,0.0,0.0,0.0,0.0,0.0,0.0,0.0,0.0,0.0,0.0,0.0,—,—,,,consensus,,0.0,0.0,,,,,,,,,,,,,,,,,,,,,,,,,,,,,,16,35.0,65.0,,0.0,—,,88.4,,,,,,,,,,,,,,,0,,,,,,,,,,,,,,,,,,,,,,,,,,,QB36,36.0,236.1,41.1,2.42,13.0,WW,,,—,0,0,99,,—,36,272.9,0.151,0.0,15.1,15.1,15.1,15.1,236.1,236.1,0.0,236.1,236.1,ESPN,54.7,0.6,-0.003,54.54,-164.69,35,QB35,1.0,-108.9,4.0,0.0,54.7,0.0,0.0,-0.3,0.0,0.0,0.0,0.0,0.0,0.0,0.0,0.0,Tier 12,221.0,217.9,220.0,2.1,🎯 High Consensus (Safe Floor),35.0,Tier 7,33.1,36.0,2.9
346,Jameis Winston,QB,NYG,T8,-175.46,-175.46,347,QB37,314,999.0,685.0,Screaming Steal (Huge Value),ESPN,999.0,999.0,999.0,999.0,0.0,11.71,2.37,,0.0,0.0,60.0,60.0,-0.01,0.31,0.558,16,5.0,,,,0.0,Neutral,False,False,Healthy,8,QB37,994.0,1005.0,2.5,1,FP_NYG_JAMEIS_WINSTON,80.0,80.0,QB,NYG,40.3,0.0,0.0,0.0,0.0,2.58,10.89,0.01,194.74,1.31,1.3,,,,,8.0,,Neutral,Black,0.0,0.0,0.0,—,0.0,0.0,0.0,0.0,,,,,,,,,,,,,—,—,Consensus Alignment,—,—,99.0,,,1.0,0.0,0.0,0.0,0.0,0.0,0.0,0.0,0.0,0.0,0.0,0.0,—,—,,,consensus,,0.0,0.0,,,,,NYG,2350.0,-0.01,27.7,0.0,-0.02,NYG,18.0,3.0,True,Matt Nagy,89.6,19.0,24.1,12.0,32.6,21.0,—,21.0,Zone,17.0,Even,16.0,Shootouts (High Scoring Offense + Vulnerable Defense -> Max Fantasy Ceiling),NYG,18,38.25,61.75,12.0,1.3,M.Nagy,65.1,74.6,,,,,,,,,,,-0.1602,,,,0,,,,,,,,,,,,,,,,,,,,,,,,,,,QB37,37.0,999.0,40.3,2.37,13.0,WW,,,—,0,0,99,,—,37,272.9,0.148,0.0,685.0,685.0,685.0,685.0,999.0,999.0,0.0,999.0,999.0,CONSENSUS,40.3,-2.1,-0.003,40.18,-175.46,36,QB36,1.0,653.0,0.0,0.0,40.3,0.0,0.0,-0.3,0.0,0.0,0.0,0.0,0.0,0.0,0.0,0.0,Tier 12,314.0,310.9,220.0,-90.9,🎯 High Consensus (Safe Floor),36.0,Tier 7,34.1,36.0,1.9
349,Carson Beck,QB,ARZ,T8,-180.16,-180.16,348,QB38,311,999.0,688.0,Screaming Steal (Huge Value),ESPN,999.0,999.0,999.0,999.0,0.0,23.22,2.23,,0.0,0.0,80.0,80.0,0.0,0.15,0.5,16,5.0,,,,0.0,Neutral,False,False,Healthy,14,QB38,994.0,1005.0,2.5,1,FP_ARZ_CARSON_BECK,80.0,80.0,QB,ARZ,37.9,0.0,0.0,0.0,0.0,5.19,20.14,0.1,338.17,2.19,1.17,416.0,QB48,26.25,29.0,14.0,,Neutral,Black,0.0,0.0,0.0,—,0.0,0.0,0.0,0.0,,,,,,,,,,,,,—,—,Consensus Alignment,—,—,99.0,,,1.0,0.0,0.0,0.0,0.0,0.0,0.0,0.0,0.0,0.0,0.0,0.0,—,—,,,consensus,,0.0,0.0,,,,,,,,,,,,,,,,,,,,,,,,,,,,,,16,35.0,65.0,,0.0,—,,65.2,,,,,,,,,,,,,Carson Beck,ARI,1,3.0,65.0,8.6,15.4,9.1,,,,,,,,,,,,,,,,,,,,,,QB38,38.0,999.0,37.9,2.23,13.0,WW,,,—,0,0,99,,—,38,272.9,0.139,0.0,688.0,688.0,688.0,688.0,999.0,999.0,0.0,999.0,999.0,CONSENSUS,34.02,0.6,-0.003,33.92,-180.16,39,QB39,1.0,650.0,0.0,0.0,34.02,0.0,0.0,-0.3,0.0,0.0,0.0,0.0,0.0,0.0,0.0,0.0,Tier 12,311.0,307.9,220.0,-87.9,🎯 High Consensus (Safe Floor),37.0,Tier 7,35.1,37.0,1.9
348,Marcus Mariota,QB,WAS,T8,-178.53,-178.53,349,QB39,310,999.0,689.0,Screaming Steal (Huge Value),ESPN,999.0,999.0,999.0,999.0,0.0,18.01,2.13,,0.0,0.0,40.0,40.0,0.012,0.23,0.65,16,5.0,,,,0.0,Neutral,False,False,Healthy,7,QB39,994.0,1005.0,2.5,1,FP_WAS_MARCUS_MARIOTA,80.0,80.0,QB,WAS,36.2,0.0,0.0,0.0,0.0,1.38,7.89,0.03,254.03,1.98,0.84,,,,,7.0,,Neutral,Black,0.0,0.0,0.0,—,0.0,0.0,0.0,0.0,,,,,,,,,,,,,—,—,Consensus Alignment,—,—,99.0,,,1.0,0.0,0.0,0.0,0.0,0.0,0.0,0.0,0.0,0.0,0.0,0.0,—,—,,,consensus,,0.0,0.0,,,,,WAS,1780.0,0.088,25.1,0.07,0.1,WAS,24.0,2.0,True,David Blough,80.9,26.0,22.0,18.0,36.0,10.0,More 12P,5.0,Gap,12.0,Even,12.0,Shootouts (High Scoring Offense + Vulnerable Defense -> Max Fantasy Ceiling),WAS,25,30.3,69.7,21.0,0.0,Unknown,,98.3,,,,,,,,,,,,,,,0,,,,,,,,,,,,,,,,,,,,,,,,,,,QB39,39.0,999.0,36.2,2.13,13.0,WW,,,—,0,0,99,,—,39,272.9,0.133,0.0,689.0,689.0,689.0,689.0,999.0,999.0,0.0,999.0,999.0,CONSENSUS,36.2,-3.84,-0.003,36.09,-178.53,38,QB38,1.0,651.0,4.0,0.0,36.2,0.0,0.0,-0.3,0.0,0.0,0.0,0.0,0.0,0.0,0.0,0.0,Tier 12,310.0,306.9,220.0,-86.9,🎯 High Consensus (Safe Floor),38.0,Tier 7,36.1,36.0,-0.1
351,Justin Fields,QB,KC,T8,-182.32,-182.32,350,QB40,309,999.0,690.0,Screaming Steal (Huge Value),ESPN,999.0,999.0,999.0,999.0,0.0,12.06,2.04,,0.0,0.0,60.0,60.0,0.068,0.145,0.546,16,5.0,,,,0.0,Neutral,False,False,Healthy,5,QB40,994.0,1005.0,2.5,1,FP_KC_JUSTIN_FIELDS,80.0,80.0,QB,KC,34.6,0.0,0.0,0.0,0.0,3.59,18.44,0.05,175.17,0.98,0.81,364.0,QB40,24.16,29.0,5.0,,Neutral,Black,0.0,0.0,0.0,—,0.0,0.0,0.0,0.0,,,,,,,,,,,,,—,—,Consensus Alignment,—,—,99.0,,,1.0,0.0,0.0,0.0,0.0,0.0,0.0,0.0,0.0,0.0,0.0,0.0,—,—,,,consensus,,0.0,0.0,,,,,KC,1250.0,0.142,26.5,0.02,0.22,KC,22.0,3.0,False,Andy Reid,89.6,19.0,22.0,19.0,33.2,16.0,—,9.0,Zone,22.0,Condensed,6.0,Chew the Clock (High Scoring Offense + Elite Defense -> Run-Heavy Second Halves),KC,21,38.45,61.55,11.0,6.4,A.Reid,71.5,89.7,,,,,,,,,,,-0.3172,,,,0,,,,,,,,,,,,,,,,,,,,,,,,,,,QB40,40.0,999.0,34.6,2.04,13.0,WW,,,—,0,0,99,,—,40,272.9,0.127,0.0,690.0,690.0,690.0,690.0,999.0,999.0,0.0,999.0,999.0,CONSENSUS,31.12,0.24,-0.003,31.03,-182.32,41,QB41,1.0,648.0,0.0,0.0,31.12,0.0,0.0,-0.3,0.0,0.0,0.0,0.0,0.0,0.0,0.0,0.0,Tier 12,309.0,305.9,220.0,-85.9,🎯 High Consensus (Safe Floor),39.0,Tier 7,37.1,36.0,-1.1
353,Tyson Bagent,QB,CHI,T8,-184.66,-184.66,351,QB41,308,999.0,691.0,Screaming Steal (Huge Value),ESPN,999.0,999.0,999.0,999.0,0.0,11.48,1.96,,0.0,0.0,80.0,80.0,0.01,0.26,0.63,16,5.0,,,,0.0,Neutral,False,False,Healthy,10,QB41,994.0,1005.0,2.5,1,FP_CHI_TYSON_BAGENT,80.0,80.0,QB,CHI,33.3,0.0,0.0,0.0,0.0,2.84,8.64,0.03,169.64,1.01,0.18,514.0,QB59,17.36,29.0,10.0,,Neutral,Black,0.0,0.0,0.0,—,0.0,0.0,0.0,0.0,,,,,,,,,,,,,—,—,Consensus Alignment,—,—,99.0,,,1.0,0.0,0.0,0.0,0.0,0.0,0.0,0.0,0.0,0.0,0.0,0.0,—,—,,,consensus,,0.0,0.0,,,,,CHI,2020.0,0.048,27.6,0.01,0.07,CHI,3.0,4.0,False,Ben Johnson,98.3,8.0,29.3,1.0,37.2,7.0,High 12P,4.0,Zone,6.0,Even,11.0,Balanced Environment,CHI,4,41.16,58.84,7.0,-2.7,B.Johnson,,,,,,,,,,,,,,,,,0,,,,,,,,,,,,,,,,,,,,,,,,,,,QB41,41.0,999.0,33.3,1.96,13.0,WW,,,—,0,0,99,,—,41,272.9,0.122,0.0,691.0,691.0,691.0,691.0,999.0,999.0,0.0,999.0,999.0,CONSENSUS,27.99,2.9,-0.003,27.91,-184.66,43,QB43,1.0,646.0,0.0,0.0,27.99,0.0,0.0,-0.3,0.0,0.0,0.0,0.0,0.0,0.0,0.0,0.0,Tier 12,308.0,304.9,220.0,-84.9,🎯 High Consensus (Safe Floor),40.0,Tier 7,38.1,36.0,-2.1
354,Tanner McKee,QB,PHI,T8,-185.52,-185.52,351,QB41,307,999.0,692.0,Screaming Steal (Huge Value),ESPN,999.0,999.0,999.0,999.0,0.0,10.32,1.96,,0.0,0.0,80.0,80.0,0.025,0.08,0.667,16,5.0,,,,0.0,Neutral,False,False,Healthy,10,QB42,994.0,1005.0,2.5,1,FP_PHI_TANNER_MCKEE,80.0,80.0,QB,PHI,33.3,0.0,0.0,0.0,0.0,3.02,9.87,0.02,141.02,0.98,0.25,349.0,QB37,13.94,29.0,10.0,,Neutral,Black,0.0,0.0,0.0,—,0.0,0.0,0.0,0.0,,,,,,,,,,,,,—,—,Consensus Alignment,—,—,99.0,,,1.0,0.0,0.0,0.0,0.0,0.0,0.0,0.0,0.0,0.0,0.0,0.0,—,—,,,consensus,,0.0,0.0,,,,,PHI,640.0,0.138,27.2,0.12,0.15,PHI,14.0,4.0,True,Sean Mannion,85.2,24.0,23.0,13.0,36.3,9.0,—,16.0,Balanced,5.0,Condensed,15.0,Chew the Clock (High Scoring Offense + Elite Defense -> Run-Heavy Second Halves),PHI,2,35.05,64.95,16.0,0.0,Unknown,,58.8,,,,,,,,,,,,,,,0,,,,,,,,,,,,,,,,,,,,,,,,,,,QB42,42.0,999.0,33.3,1.96,13.0,WW,,,—,0,0,99,,—,41,272.9,0.122,0.0,692.0,692.0,692.0,692.0,999.0,999.0,0.0,999.0,999.0,CONSENSUS,26.85,3.35,-0.003,26.77,-185.52,44,QB44,1.0,645.0,0.0,0.0,26.85,0.0,0.0,-0.3,0.0,0.0,0.0,0.0,0.0,0.0,0.0,0.0,Tier 12,307.0,303.9,220.0,-83.9,🎯 High Consensus (Safe Floor),41.0,Tier 7,39.1,36.0,-3.1
350,Josh Johnson,QB,CIN,T8,-181.15,-181.15,353,QB43,360,544.0,184.0,Screaming Steal (Huge Value),ESPN,544.0,544.0,544.0,544.0,0.0,0.0,1.92,,0.0,0.0,60.0,60.0,0.05,0.18,0.751,16,5.0,,,,0.0,Neutral,False,False,Healthy,6,QB43,539.0,550.0,2.5,1,FP_CIN_JOSH_JOHNSON,80.0,80.0,QB,CIN,32.7,0.0,0.0,0.0,0.0,0.0,0.0,0.0,0.0,0.0,0.0,,,,,6.0,,Neutral,Black,0.0,0.0,0.0,—,0.0,0.0,0.0,0.0,,,,,,,,,,,,,—,—,Consensus Alignment,—,—,99.0,,,1.0,0.0,0.0,0.0,0.0,0.0,0.0,0.0,0.0,0.0,0.0,0.0,—,—,,,consensus,,0.0,0.0,,,,,CIN,1420.0,0.125,25.2,0.01,0.21,CIN,19.0,3.0,False,Zac Taylor,98.6,7.0,22.5,15.0,42.5,3.0,—,11.0,Gap,20.0,Very Spread,15.0,Shootouts (High Scoring Offense + Vulnerable Defense -> Max Fantasy Ceiling),CIN,28,31.69,68.31,19.0,3.6,Z.Taylor,,67.9,,,,,,,,,,,,,,,0,,,,,,,,,,,,,,,,,,,,,,,,,,,QB43,43.0,544.0,32.7,1.92,13.0,WW,,,—,0,0,99,,—,43,272.9,0.12,0.0,184.0,184.0,184.0,184.0,544.0,544.0,0.0,544.0,544.0,ESPN,32.7,-2.3,-0.003,32.6,-181.15,40,QB40,1.0,194.0,0.0,0.0,32.7,0.0,0.0,-0.3,0.0,0.0,0.0,0.0,0.0,0.0,0.0,0.0,Tier 12,360.0,356.9,220.0,-136.9,🎯 High Consensus (Safe Floor),42.0,Tier 7,40.1,36.0,-4.1
355,Joe Milton III,QB,DAL,T8,-186.31,-186.31,354,QB44,302,999.0,697.0,Screaming Steal (Huge Value),ESPN,999.0,999.0,999.0,999.0,0.0,8.54,1.91,,0.0,0.0,80.0,80.0,0.055,0.22,0.666,16,5.0,,,,0.0,Neutral,False,False,Healthy,14,QB44,994.0,1005.0,2.5,1,FP_DAL_JOE_MILTON_III,80.0,80.0,QB,DAL,32.5,0.0,0.0,0.0,0.0,3.0,14.33,0.0,119.33,0.67,0.33,525.0,QB62,12.38,29.0,14.0,,Neutral,Black,0.0,0.0,0.0,—,0.0,0.0,0.0,0.0,,,,,,,,,,,,,—,—,Consensus Alignment,—,—,99.0,,,1.0,0.0,0.0,0.0,0.0,0.0,0.0,0.0,0.0,0.0,0.0,0.0,—,—,,,consensus,,0.0,0.0,,,,,DAL,1680.0,0.115,24.8,-0.04,0.2,DAL,8.0,4.0,False,Brian Schottenheimer,109.1,2.0,24.1,10.0,39.9,4.0,High 11P,2.0,Gap,12.0,Very Condensed,24.0,Shootouts (High Scoring Offense + Vulnerable Defense -> Max Fantasy Ceiling),DAL,15,26.43,73.57,24.0,-3.4,B.Schottenheimer,,67.5,,,,,,,,,,,,,,,0,,,,,,,,,,,,,,,,,,,,,,,,,,,QB44,44.0,999.0,32.5,1.91,14.0,WW,,,—,0,0,99,,—,44,272.9,0.119,0.0,697.0,697.0,697.0,697.0,999.0,999.0,0.0,999.0,999.0,CONSENSUS,25.79,2.25,-0.003,25.71,-186.31,45,QB45,1.0,644.0,0.0,0.0,25.79,0.0,0.0,-0.3,0.0,0.0,0.0,0.0,0.0,0.0,0.0,0.0,Tier 12,302.0,298.9,220.0,-78.9,🎯 High Consensus (Safe Floor),43.0,Tier 7,41.1,36.0,-5.1
352,Mac Jones,QB,SF,T8,-184.6,-184.6,355,QB45,300,999.0,699.0,Screaming Steal (Huge Value),ESPN,999.0,999.0,999.0,999.0,0.0,10.54,1.88,,0.0,0.0,80.0,80.0,-0.012,0.11,0.774,16,5.0,,,,0.0,Neutral,False,False,Healthy,8,QB45,994.0,1005.0,2.5,1,FP_SF_MAC_JONES,80.0,80.0,QB,SF,31.9,0.0,0.0,0.0,0.0,2.65,8.41,0.0,160.23,0.98,0.52,398.0,QB43,20.42,29.0,8.0,,Neutral,Black,0.0,0.0,0.0,—,0.0,0.0,0.0,0.0,,,,,,,,,,,,,—,—,Consensus Alignment,—,—,99.0,,,1.0,0.0,0.0,0.0,0.0,0.0,0.0,0.0,0.0,0.0,0.0,0.0,—,—,,,consensus,,0.0,0.0,,,,,SF,890.0,0.175,28.8,0.14,0.2,SF,6.0,4.0,False,Kyle Shanahan,100.9,6.0,26.4,4.0,32.9,17.0,High 21P,8.0,Zone,3.0,Most Condensed,14.0,Shootouts (High Scoring Offense + Vulnerable Defense -> Max Fantasy Ceiling),SF,6,48.24,51.76,3.0,-1.9,K.Shanahan,64.4,92.2,,,,,,,,,,,-0.21,,,,0,,,,,,,,,,,,,,,,,,,,,,,,,,,QB45,45.0,999.0,31.9,1.88,14.0,WW,,,—,0,0,99,,—,45,272.9,0.117,0.0,699.0,699.0,699.0,699.0,999.0,999.0,0.0,999.0,999.0,CONSENSUS,28.07,2.24,-0.003,27.99,-184.6,42,QB42,1.0,647.0,0.0,0.0,28.07,0.0,0.0,-0.3,0.0,0.0,0.0,0.0,0.0,0.0,0.0,0.0,Tier 12,300.0,296.9,220.0,-76.9,🎯 High Consensus (Safe Floor),44.0,Tier 7,42.1,36.0,-6.1
201,CJ Stroud,QB,FA,T8,-23.92,-23.92,177,QB23,140,203.9,63.9,Screaming Steal (Huge Value),SLEEPER,165.35,125.6,203.9,203.9,78.3,260.84,14.52,,0.0,0.0,80.0,80.0,0.0,0.15,0.5,16,6.0,2.5,45.0,0.05,2.5,Neutral,False,False,Healthy,0,QB150,144.0,158.0,3.0,5,FP_DUR_CJ_STROUD,50.0,50.0,QB,FA,246.8,0.0,0.0,0.0,0.0,54.36,238.77,1.02,3877.67,23.5,11.35,211.0,QB22,264.13,29.0,8.0,,Neutral,Black,0.0,0.0,0.0,—,0.0,0.0,0.0,0.0,,,,,,,,,,,,,—,—,Consensus Alignment,—,—,99.0,,,1.0,0.0,0.0,0.0,0.0,0.0,0.0,0.0,0.0,0.0,0.0,0.0,—,—,,150.0,consensus,Medium,1.0,0.0,,,,,,,,,,,,,,,,,,,,,,,,,,,,,,16,35.0,65.0,,0.0,—,70.9,74.4,,,,,,,,,,,0.0448,,,,0,,,,,,,,,,,,,,,211.7,20.0,22.0,2.0,0.968,13.0,12.96,162.9,187.3,190.9,125.6,22.0,QB23,23.0,203.9,246.8,14.52,6.0,$1,161.0,16.8,—,0,0,99,,—,23,272.9,0.904,0.0,25.35,-14.4,63.9,63.9,203.9,125.6,78.3,203.9,125.6,YAHOO,242.36,0.6,-0.0005,242.24,-23.92,23,QB23,1.0,2.9,0.0,0.8,242.36,0.0,2.5,-0.0,0.0,0.0,0.0,5.0,0.0,0.0,0.0,0.0,Tier 12,140.0,144.0,158.0,14.0,⚡ High Variance (Boom/Bust Ceiling),45.0,Tier 7,42.8,36.0,-6.8
1,Jahmyr Gibbs,RB,DET,T1,189.18,189.18,1,RB1,1,1.0,0.0,Fair Market Value,ESPN,1.43,1.4,1.0,1.0,0.43,373.01,18.52,22.6,0.0,0.0,70.0,70.0,0.018,0.09,0.62,16,1.0,1.6,75.0,0.44,29.0,Surging,False,False,Healthy,6,RB1,1.0,7.0,2.5,1,FP_DET_JAHMYR_GIBBS,80.0,80.0,RB,DET,314.8,99.764,71.26,580.97,4.13,274.69,1382.53,13.82,0.0,0.0,0.0,1.0,RB1,343.78,1.0,6.0,1.0,Target (Green),Green,1.0,0.0,0.0,Gold Standard,0.0,19.0,5.47,1.0,,,,2.0,2.0,High,,,,,,🏆 RB's Dream QB (High Checkdowns / No GL Vultures),🎯 **Target / Core 1.01**,🤝 **Consensus #1 Overall**,Consensus Alignment,Tier 1,Round 1 (1.01),1.01,Hit all three Big 3 thresholds (kings sample); 24.6 Adj PPG; Tier 1 OL unit; contract year urgency; #1 overall player.,https://www.fantasypoints.com/nfl/articles/2026/the-gurus-2026-fantasy-football-draft-plan,60.0,0.0,1.0,0.0,0.0,0.0,0.0,8.0,4.0,3.5,0.0,0.0,RB1,T1,24.6,1.0,guy,Low (High Floor Alpha),1.0,1.0,1.0,1.0,,,DET,720.0,0.16,26.4,0.11,0.19,DET,15.0,3.5,False,Drew Petzing,107.7,3.0,21.4,20.0,26.1,27.0,—,3.0,Gap,24.0,Even,11.0,Balanced Environment,DET,16,30.85,69.15,20.0,-1.1,D.Petzing,97.2,82.8,,,,,,,1.1335,,,,,,,,0,,,,,,,,,,,,,,,276.2,1.0,2.0,1.0,0.948,15.0,17.18,244.5,230.1,265.4,1.4,1.0,RB1,1.0,1.0,314.8,18.52,1.0,$71+,1.0,23.1,—,0,0,99,,—,1,181.3,1.736,133.5,0.43,0.4,0.0,0.0,1.43,1.0,0.43,1.43,1.0,SLEEPER,312.39,0.98,0.074,335.51,189.18,1,RB1,60.0,0.0,6.0,0.4,312.39,0.0,29.0,7.4,0.0,0.0,0.0,5.0,0.0,0.0,12.0,6.0,Tier 1,1.0,1.0,7.0,6.0,⚖️ Moderate Variance,1.0,Tier 1,1.0,2.9,1.9
2,Bijan Robinson,RB,ATL,T1,174.33,174.33,2,RB2,2,2.1,0.1,Fair Market Value,ESPN,2.47,1.9,2.1,2.1,0.57,357.01,17.9,20.2,0.0,0.0,80.0,80.0,0.032,0.15,0.592,16,1.0,1.6,125.0,0.76,68.0,Hyper-Surging,False,False,Healthy,11,RB2,1.0,8.1,2.5,1,FP_ATL_BIJAN_ROBINSON,80.0,80.0,RB,ATL,304.3,108.164,77.26,705.21,3.46,285.17,1392.12,8.81,0.0,0.0,0.0,2.0,RB2,336.88,1.0,11.0,2.0,Neutral,Black,0.0,0.0,0.0,Gold Standard,0.0,6.78,1.87,1.0,,,,3.0,3.0,High,,,,,,,🎯 **Target / Core 1.02**,🤝 **Consensus #2 Overall**,Consensus Alignment,Tier 1,Round 1 (1.02),1.02,22.0 Adj PPG; Tier 3 OL run unit; contract year value; +31.2 Luck regression recovery; 54% heavy personnel volume boost.,https://www.fantasypoints.com/nfl/articles/2026/the-gurus-2026-fantasy-football-draft-plan,58.0,0.0,1.0,0.0,0.0,0.0,0.0,7.5,3.8,3.2,0.0,0.0,RB2,T2,22.0,2.0,guy,Low (High Floor Alpha),1.0,1.0,1.0,1.0,,,ATL,1100.0,0.092,26.0,0.05,0.12,ATL,21.0,4.0,False,Kevin Stefanski/Rees,86.4,21.0,22.4,16.0,25.7,28.0,High 12P,10.0,Gap,18.0,Even,3.0,Passing / Garbage Time (Low Scoring Offense + Bad Defense -> Trailing Game Scripts / Air Volume),ATL,11,54.01,45.99,2.0,-4.2,K.Stefanski,99.0,95.8,,,,,,,1.565,,,,,,,,0,,,,,,,,,,,,,,,276.1,2.0,1.0,-1.0,0.937,14.4,16.91,228.3,224.1,272.5,1.9,2.0,RB2,2.0,2.1,304.3,17.9,1.0,$65-73,2.0,21.9,—,0,0,99,,—,2,181.3,1.678,123.0,0.47,-0.1,0.1,0.1,2.47,1.9,0.57,2.47,1.9,YAHOO,305.39,4.77,0.05,320.66,174.33,2,RB2,58.0,0.1,6.0,-0.4,305.39,0.0,68.0,5.0,0.0,0.0,0.0,5.0,0.0,0.0,0.0,6.0,Tier 1,2.0,1.0,8.1,7.1,⚡ High Variance (Boom/Bust Ceiling),2.0,Tier 1,1.0,3.9,2.9
3,Jonathan Taylor,RB,IND,T1,137.15,137.15,3,RB3,7,7.0,0.0,Fair Market Value,ESPN,7.64,6.9,7.0,7.0,0.74,310.14,16.92,21.9,0.0,0.0,90.0,90.0,0.005,0.13,0.691,16,1.0,3.8,68.0,0.32,18.5,Neutral,False,False,Healthy,13,RB3,2.0,13.0,2.5,1,FP_IND_JONATHAN_TAYLOR,80.0,80.0,RB,IND,287.6,60.046,42.89,341.46,1.49,326.62,1504.59,12.86,0.0,0.0,0.0,6.0,RB4,280.83,4.0,13.0,6.0,Neutral,Black,0.0,0.0,0.0,Gold Diggers,0.0,16.84,4.72,1.0,10.0,4.0,Half-PPR Favored (TD Equity),5.0,4.0,High,,,,,,,🎯 **Target / Anchor**,🤝 **Consensus High**,Consensus Alignment,Tier 4,Round 1 (1.08),1.08,23.8 Adj PPG; #10 Consensus OL; Steichen run scheme; 0 tough playoff games; 249+ projected carries.,https://www.fantasypoints.com/nfl/articles/2026/the-gurus-2026-fantasy-football-draft-plan,42.0,0.0,1.0,0.0,0.0,0.0,0.0,2.0,4.5,3.5,0.0,0.0,RB4,T3,23.8,5.0,dragon,High (Elite Ceiling),0.0,0.0,4.0,0.0,,,IND,980.0,0.068,27.3,0.06,0.07,IND,5.0,4.5,False,Shane Steichen,97.4,10.0,22.2,17.0,32.7,19.0,—,20.0,Gap,10.0,Even,25.0,Balanced Environment,IND,10,36.05,63.95,14.0,-3.5,S.Steichen,70.0,95.1,,,,,,,-0.1271,,,,,,,,0,,,,,,,,,,,,,,,253.5,3.0,3.0,0.0,0.924,14.0,15.86,204.8,216.8,257.1,6.9,4.0,RB3,3.0,7.0,287.6,16.92,2.0,$57-65,5.0,20.6,—,0,0,99,,—,3,181.3,1.586,106.3,0.64,-0.1,0.0,0.0,7.64,6.9,0.74,7.64,6.9,YAHOO,277.38,2.17,0.022,283.48,137.15,3,RB3,42.0,4.0,0.0,0.0,277.38,0.0,18.5,2.2,0.0,0.0,0.0,0.0,0.0,0.0,0.0,0.0,Tier 2,7.0,3.9,10.1,6.2,⚖️ Moderate Variance,3.0,Tier 2,1.1,4.9,3.8
6,Christian McCaffrey,RB,SF,T2,112.07,112.07,5,RB4,5,5.6,0.6,Fair Market Value,ESPN,7.36,5.6,5.6,5.6,1.76,334.63,15.48,,0.0,0.0,80.0,80.0,-0.012,0.11,0.774,16,1.0,2.5,120.0,-0.48,-30.0,Fading,False,True,Healthy,8,RB4,1.0,11.6,2.5,1,FP_SF_CHRISTIAN_MCCAFFREY,80.0,80.0,RB,SF,263.2,109.704,78.36,691.85,4.58,269.73,1094.64,8.72,0.0,0.0,0.0,3.0,RB3,325.01,2.0,8.0,5.0,Neutral,Black,0.0,0.0,0.0,—,0.0,30.92,7.64,1.0,,,,1.0,1.0,High,,,,,,🏆 RB's Dream QB (High Checkdowns / No GL Vultures),🎯 **Target / Value**,⚔️ **FP: High  vs  Guru: Dirty 30 Fade (Age/Injury)**,FP: High  vs  Guru: Dirty 30 Fade (Age/Injury),Tier 2,Round 1 (1.04),1.04,24.8 Adj PPG; 13.9 Rec FPG (leads NFL); historic 3-bucket qualifier; Guru flags age/training camp calf/Achilles injury.,https://www.fantasypoints.com/nfl/articles/2026/anatomy-of-a-league-winning-running-back-2026,50.0,0.0,1.0,0.0,1.0,0.0,1.0,13.9,3.5,3.5,0.0,0.0,RB3,T3,24.8,7.0,consensus,Medium,0.0,0.0,3.0,1.0,,,SF,890.0,0.175,28.8,0.14,0.2,SF,6.0,4.0,False,Kyle Shanahan,100.9,6.0,26.4,4.0,32.9,17.0,High 21P,8.0,Zone,3.0,Most Condensed,14.0,Shootouts (High Scoring Offense + Vulnerable Defense -> Max Fantasy Ceiling),SF,6,48.24,51.76,3.0,-1.9,K.Shanahan,79.5,91.4,,,,,,,-0.4765,,,,,,,,0,,,,,,,,,,,,,,,206.5,11.0,4.0,-7.0,0.85,14.7,13.59,169.7,165.0,166.9,5.6,3.0,RB4,4.0,5.6,263.2,15.48,2.0,$52-58,15.0,17.0,—,0,0,99,,—,4,181.3,1.452,81.89999999999998,2.36,0.6,0.6,0.6,7.36,5.6,1.76,7.36,5.6,YAHOO,264.48,3.43,-0.023,258.4,112.07,4,RB4,50.0,-0.4,0.0,-2.8,264.48,0.0,-30.0,-2.3,0.0,0.0,0.0,0.0,0.0,0.0,0.0,0.0,Tier 1,5.0,1.0,11.6,10.6,⚡ High Variance (Boom/Bust Ceiling),4.0,Tier 2,2.1,5.9,3.8
7,James Cook,RB,BUF,T2,110.62,110.62,7,RB5,11,10.8,-0.2,Fair Market Value,ESPN,12.41,9.8,10.8,10.8,2.61,270.58,15.09,16.5,0.0,0.0,90.0,90.0,0.03,0.32,0.655,16,1.0,2.5,48.0,0.05,2.5,Neutral,False,False,Healthy,7,RB5,5.800000000000001,16.8,2.5,1,FP_BUF_JAMES_COOK,80.0,80.0,RB,BUF,256.6,46.634,33.31,283.69,1.87,287.68,1405.06,10.33,0.0,0.0,0.0,10.0,RB5,261.72,6.0,7.0,8.0,Target (Green),Green,1.0,0.0,0.0,Silver Lining,0.0,0.0,0.0,0.0,,,,8.0,14.0,High,,,,,,⚠️ Touch Vulture QB (Steals 30%+ GL Carries),🎯 **Target**,🤝 **Consensus High**,Consensus Alignment,Tier 4,Round 1 (1.09),1.09,"18.0 FPG in 2025; Buffalo top-6 scoring offense; high touch floor, though faces 5 tough run defense games.",https://www.fantasypoints.com/nfl/articles/2026/the-gurus-2026-fantasy-football-draft-plan,38.0,0.0,1.0,0.0,0.0,0.0,0.0,0.0,0.0,0.0,0.0,0.0,RB5,T3,,11.0,consensus,Medium,0.0,0.0,,,,,BUF,2450.0,0.155,26.9,0.08,0.2,BUF,2.0,4.5,True,Joe Brady,101.1,5.0,24.4,8.0,30.1,25.0,—,32.0,Gap,11.0,Very Spread,22.0,Shootouts (High Scoring Offense + Vulnerable Defense -> Max Fantasy Ceiling),BUF,7,23.56,76.44,28.0,-1.6,J.Brady,77.9,72.5,,,,,,,-0.1393,,,,,,,,0,,,,,,,,,,,,,,,233.7,6.0,5.0,-1.0,0.826,14.0,16.35,189.2,213.8,210.9,9.8,5.0,RB5,5.0,10.8,256.6,15.09,3.0,$49-55,9.0,18.1,—,0,0,99,,—,5,181.3,1.415,75.30000000000001,1.41,-1.2,-0.2,-0.2,12.41,9.8,2.61,12.41,9.8,YAHOO,252.16,1.8,0.019,256.95,110.62,5,RB5,38.0,3.8,0.0,-0.4,252.16,0.0,2.5,1.9,0.0,0.0,0.0,0.0,0.0,0.0,12.0,0.0,Tier 2,11.0,5.8,16.8,11.0,⚡ High Variance (Boom/Bust Ceiling),5.0,Tier 2,3.1,6.9,3.8
10,Saquon Barkley,RB,PHI,T2,100.36,100.36,9,RB6,14,13.4,-0.6,Fair Market Value,ESPN,15.58,12.1,13.4,13.4,3.48,264.67,14.55,13.4,0.0,0.0,80.0,80.0,0.025,0.08,0.667,16,1.0,1.6,78.0,0.42,28.5,Surging,True,False,Healthy,10,RB6,8.4,19.4,2.5,1,FP_PHI_SAQUON_BARKLEY,80.0,80.0,RB,PHI,247.3,58.436,41.74,330.38,2.1,295.82,1299.14,8.23,0.0,0.0,0.0,13.0,RB8,252.67,6.0,10.0,15.0,Neutral,Black,0.0,0.0,0.0,Silver Lining,0.0,0.0,0.0,0.0,,,,9.0,13.0,High,,,,,,⚠️ Touch Vulture QB (Steals 30%+ GL Carries),🎯 **Target / Bounce-Back**,⚔️ **Guru: Top Target  vs  FP Anatomy: Fade (Goal-line vultured)**,Guru: Top Target  vs  FP Anatomy: Fade (Goal-line vultured),Tier 6,Round 2,2.0,"Guru's ""The Twelve"" pick; projected to lead NFL in carries under Sean Mannion under-center scheme; 4 years durable.",https://www.fantasypoints.com/nfl/articles/2026/the-gurus-2026-fantasy-football-draft-plan,32.0,0.0,1.0,0.0,1.0,1.0,0.0,4.8,2.9,1.3,0.0,0.0,RB10,T3,,10.0,guy,Low (High Floor Alpha),0.0,0.0,3.0,2.0,,,PHI,640.0,0.138,27.2,0.12,0.15,PHI,14.0,4.0,True,Sean Mannion,85.2,24.0,23.0,13.0,36.3,9.0,—,16.0,Balanced,5.0,Condensed,15.0,Chew the Clock (High Scoring Offense + Elite Defense -> Run-Heavy Second Halves),PHI,2,35.05,64.95,16.0,0.0,Unknown,67.2,91.7,,,,,,,-0.16,,,,,,,,0,,,,,,,,,,,,,,,214.5,7.0,7.0,0.0,0.951,15.8,14.12,211.6,185.6,164.3,12.1,6.0,RB6,6.0,13.4,247.3,14.55,3.0,$45-51,12.0,16.9,—,0,0,99,,—,6,181.3,1.364,66.0,1.58,-1.9,-0.6,-0.6,15.58,12.1,3.48,15.58,12.1,YAHOO,240.44,3.38,0.026,246.69,100.36,6,RB6,32.0,3.4,0.0,0.0,240.44,0.0,28.5,2.6,0.0,0.0,10.0,0.0,0.0,0.0,0.0,0.0,Tier 3,14.0,8.4,19.4,11.0,⚡ High Variance (Boom/Bust Ceiling),6.0,Tier 3,4.1,7.9,3.8
12,De'Von Achane,RB,MIA,T2,92.88,92.88,11,RB7,13,11.5,-1.5,Fair Market Value,YAHOO,11.96,15.6,11.5,11.5,4.1,292.33,14.29,18.8,10.48,1.0,50.0,50.0,0.04,0.12,0.732,16,2.0,4.2,105.0,-0.42,-25.5,Fading,False,True,Healthy,6,RB7,6.5,17.5,2.5,1,FP_MIA_DE'VON_ACHANE,80.0,80.0,RB,MIA,243.0,91.33599999999998,65.24,490.71,3.98,238.32,1200.16,6.01,0.0,0.0,0.0,12.0,RB7,256.49,6.0,6.0,16.0,Avoid (Red),Red,0.0,0.0,1.0,Gold Standard,3.24,0.0,0.0,0.0,,,,6.0,7.0,High,,,,,,🏆 RB's Dream QB (High Checkdowns / No GL Vultures),🚫 **Fade / Overvalue**,⚔️ **FP: Hard Fade  vs  Joel: Target (#10 RB)**,FP: Hard Fade  vs  Joel: Target (#10 RB),Tier 5,Round 2,2.0,**FP Hard Fade:** 67.4% receiving came on McDaniel checkdowns with Tua; Malik Willis has 3.7% checkdown rate (last in NFL); Miami bottom-5 offense (4.5 win total).,https://www.fantasypoints.com/nfl/articles/2026/players-to-avoid-and-overvalues#/654,25.0,0.0,0.0,1.0,1.0,0.0,1.0,8.7,5.8,0.9,0.0,0.0,RB6,T3,,16.0,fade,High (Overpriced Bust Risk),1.0,0.0,2.0,0.0,,,MIA,950.0,0.118,24.2,0.06,0.16,MIA,31.0,2.5,True,Bobby Slowik,81.6,25.0,20.3,22.0,37.3,6.0,—,24.0,Balanced,15.0,Condensed,7.0,Passing / Garbage Time (Low Scoring Offense + Bad Defense -> Trailing Game Scripts / Air Volume),MIA,30,35.51,64.49,15.0,0.3,B.Slowik,93.9,79.4,,,,,,,0.2358,,,,,,,,0,,,,,,,,,,,,,,,247.0,4.0,6.0,2.0,0.921,14.5,17.56,235.0,202.9,248.8,15.6,8.0,RB7,7.0,11.5,243.0,14.29,3.0,$44-50,14.0,17.1,—,0,0,99,,—,7,181.3,1.34,61.69999999999999,-1.04,2.6,-1.5,-1.5,15.6,11.5,4.1,15.6,11.5,SLEEPER,247.37,-5.35,-0.033,239.21,92.88,8,RB8,25.0,-0.5,6.0,0.8,247.37,10.48,-25.5,-3.3,0.0,0.0,0.0,5.0,0.0,0.0,-15.0,6.0,Tier 3,13.0,6.5,17.5,11.0,⚡ High Variance (Boom/Bust Ceiling),7.0,Tier 3,5.1,8.9,3.8
13,Derrick Henry,RB,BLT,T2,88.72,88.72,13,RB8,21,20.8,-0.2,Fair Market Value,SLEEPER,18.83,18.0,20.8,20.8,2.8,273.83,13.88,15.5,0.0,0.0,80.0,80.0,0.0,0.15,0.5,16,2.0,2.5,68.0,-0.3,-16.0,Cooling,True,False,Healthy,13,RB8,15.8,26.8,2.5,1,FP_BLT_DERRICK_HENRY,80.0,80.0,RB,BLT,235.9,25.382,18.13,175.11,0.73,314.04,1569.84,13.38,0.0,0.0,0.0,19.0,RB11,240.62,7.0,13.0,19.0,Neutral,Black,0.0,0.0,0.0,Gold Diggers,0.0,0.0,0.0,0.0,25.0,6.0,Half-PPR Favored (TD Equity),14.0,18.0,High,,,,,,⚠️ Touch Vulture QB (Steals 30%+ GL Carries),🎯 **Target / Value**,🤝 **Consensus High**,Consensus Alignment,Tier 5,Round 2,2.0,Ravens highest implied win total in AFC; 0 tough playoff games; more perimeter runs & pass involvement in Doyle scheme.,https://www.fantasypoints.com/nfl/articles/2026/the-gurus-2026-fantasy-football-draft-plan,32.0,0.0,1.0,0.0,0.0,0.0,0.0,1.5,4.5,4.0,0.0,0.0,RB11,T3,,21.0,consensus,Medium,0.0,0.0,2.0,0.0,,,,,,,,,,,,,,,,,,,,,,,,,,,,16,35.0,65.0,,0.0,—,85.6,81.0,,,,,,,-0.1249,,,,,,,,0,,,,,,,,,,,,,,,200.4,12.0,13.0,1.0,0.821,15.3,15.91,199.4,153.8,145.3,18.0,11.0,RB8,8.0,20.8,235.9,13.88,4.0,$40-46,16.0,15.3,—,0,0,99,,—,8,181.3,1.301,54.599999999999994,-2.17,-3.0,-0.2,-0.2,20.8,18.0,2.8,20.8,18.0,YAHOO,228.2,2.75,0.03,235.05,88.72,9,RB9,32.0,7.8,3.0,0.4,228.2,0.0,-16.0,3.0,0.0,0.0,0.0,0.0,0.0,0.0,0.0,0.0,Tier 3,21.0,15.8,26.8,11.0,⚡ High Variance (Boom/Bust Ceiling),8.0,Tier 3,6.1,9.9,3.8
11,Kenneth Walker III,RB,KC,T2,96.1,96.1,17,RB9,20,19.7,-0.3,Fair Market Value,ESPN,19.7,16.4,19.7,19.7,3.3,258.11,13.21,12.2,0.0,0.0,60.0,60.0,0.068,0.145,0.546,16,2.0,1.6,65.0,0.35,20.0,Surging,True,False,Healthy,5,RB9,14.7,25.7,2.5,1,FP_KC_KENNETH_WALKER_III,80.0,80.0,RB,KC,224.6,64.106,45.79,353.42,1.23,262.54,1192.05,8.71,0.0,0.0,0.0,14.0,RB9,250.25,6.0,5.0,12.0,Target (Green),Green,1.0,0.0,0.0,Gold Standard,0.0,0.0,0.0,0.0,15.0,3.0,Half-PPR Favored (TD Equity),10.0,8.0,High,,,,,,,💥 **Must-Have / Exodia**,"⚔️ **FP: Super-High (#5 RB)  vs  Joel: Super-High (#9 RB, +14 vs ECR)**","FP: Super-High (#5 RB)  vs  Joel: Super-High (#9 RB, +14 vs ECR)",Tier 5,Round 2,2.0,24.9 FPG in playoffs (24.7 touches/gm); Chiefs $28.7M deal; Eric Bieniemy scheme (100+ RB targets); Kareem Hunt's 78.2% inside-5 role vacates to Walker.,https://www.fantasypoints.com/nfl/articles/2026/anatomy-of-a-league-winning-running-back-2026#/15,35.0,1.0,0.0,0.0,1.0,0.0,0.0,3.5,3.0,1.1,0.0,0.0,RB9,T3,,19.0,guy,Low (High Floor Alpha),0.0,0.0,4.0,1.0,,,KC,1250.0,0.142,26.5,0.02,0.22,KC,22.0,3.0,False,Andy Reid,89.6,19.0,22.0,19.0,33.2,16.0,—,9.0,Zone,22.0,Condensed,6.0,Chew the Clock (High Scoring Offense + Elite Defense -> Run-Heavy Second Halves),KC,21,38.45,61.55,11.0,6.4,A.Reid,91.8,53.4,,,,,,,1.8742,,,,,,,,0,,,,,,,,,,,,,,,194.3,14.0,11.0,-3.0,0.904,14.9,11.74,158.6,168.9,174.3,16.4,9.0,RB9,9.0,19.7,224.6,13.21,4.0,$38-42,21.0,15.1,—,0,0,99,,—,9,181.3,1.239,43.29999999999998,-0.3,-3.6,-0.3,-0.3,19.7,16.4,3.3,19.7,16.4,YAHOO,223.44,-3.27,0.085,242.43,96.1,7,RB7,35.0,8.7,6.0,-1.2,223.44,0.0,20.0,8.5,22.0,0.0,0.0,0.0,0.0,0.0,12.0,6.0,Tier 3,20.0,14.7,25.7,11.0,⚡ High Variance (Boom/Bust Ceiling),9.0,Tier 3,7.1,10.9,3.8
18,Josh Jacobs,RB,GB,T3,73.43,73.43,23,RB10,32,31.8,-0.2,Fair Market Value,ESPN,36.96,33.4,31.8,31.8,5.16,248.69,12.53,16.6,13.28,1.0,40.0,40.0,0.02,0.16,0.667,16,3.0,2.5,,,0.0,Neutral,True,False,Healthy,11,RB10,26.8,37.8,2.5,1,FP_GB_JOSH_JACOBS,80.0,80.0,RB,GB,213.0,49.448,35.32,279.97,1.21,274.22,1102.24,11.73,0.0,0.0,0.0,29.0,RB16,221.81,9.0,11.0,33.0,Neutral,Black,0.0,0.0,0.0,Gold Diggers,5.6,0.0,0.0,0.0,41.0,9.0,Half-PPR Favored (TD Equity),11.0,9.0,High,,,,,,,🎯 **Value / Risk**,⚔️ **FP: Borderline Dead Zone  vs  Guru: Target**,FP: Borderline Dead Zone  vs  Guru: Target,Tier 8,Round 3/4,3.5,Week 1 suspension/legal risk; groin injury; MarShawn Lloyd pushing for snaps.,https://www.fantasypoints.com/nfl/articles/2026/the-gurus-2026-fantasy-football-draft-plan,18.0,0.0,1.0,0.0,1.0,0.0,0.0,0.0,0.0,0.0,0.0,0.0,RB13,T5,,28.0,consensus,Medium,0.0,0.0,2.0,1.0,,,GB,1300.0,0.112,27.8,0.04,0.16,GB,20.0,2.0,False,Matt LaFleur,90.5,16.0,23.0,13.0,36.3,9.0,High 12P,19.0,Balanced,8.0,Very Condensed,17.0,Chew the Clock (High Scoring Offense + Elite Defense -> Run-Heavy Second Halves),GB,27,38.22,61.78,13.0,-1.0,M.LaFleur,81.9,78.8,,,,,,,0.2223,,,,,,,,0,,,,,,,,,,,,,,,212.3,10.0,14.0,4.0,0.973,16.1,14.65,229.3,210.1,153.7,33.4,15.0,RB10,10.0,31.8,213.0,12.53,4.0,$30-34,40.0,14.3,—,0,0,99,,—,10,181.3,1.175,31.69999999999999,4.96,1.4,-0.2,-0.2,36.96,31.8,5.16,36.96,31.8,SLEEPER,215.03,-3.55,0.022,219.76,73.43,13,RB13,18.0,13.8,3.0,1.6,215.03,13.28,0.0,2.2,0.0,0.0,0.0,0.0,0.0,0.0,0.0,0.0,Tier 4,32.0,26.8,37.8,11.0,⚡ High Variance (Boom/Bust Ceiling),10.0,Tier 3,8.1,11.9,3.8
14,Chase Brown,RB,CIN,T2,88.65,88.65,25,RB11,17,16.0,-1.0,Fair Market Value,ESPN,22.34,16.4,16.0,16.0,6.34,278.59,12.42,19.3,0.0,0.0,60.0,60.0,0.05,0.18,0.751,16,3.0,2.5,108.0,0.78,62.0,Hyper-Surging,True,False,Healthy,6,RB11,11.0,22.0,2.5,1,FP_CIN_CHASE_BROWN,80.0,80.0,RB,CIN,211.2,89.264,63.76,427.63,3.95,238.83,1037.45,7.8,0.0,0.0,0.0,11.0,RB6,260.48,6.0,6.0,13.0,Target (Green),Green,1.0,0.0,0.0,Gold Standard,0.0,5.46,2.07,1.0,,,,7.0,6.0,High,,,,,,🏆 RB's Dream QB (High Checkdowns / No GL Vultures),💥 **Exodia / League-Winner**,🤝 **Consensus #1 RB Breakout**,Consensus Alignment,Tier 5,Round 2,2.0,**#1 Most Mispriced RB**: Weeks 13-18 w/ Burrow: 22.3 FPG (RB2) on 60.5% snaps; 11.8 Rec FPG (2nd only to CMC); Burrow stated Brown is an every-down back & #2 target. Contract year. | ⭐ #4 Bengals Offense Most Undervalued Asset,https://www.fantasypoints.com/nfl/articles/2026/anatomy-of-a-league-winning-running-back-2026#/30,38.0,1.0,0.0,0.0,0.0,0.0,0.0,8.4,1.3,2.0,0.0,0.0,RB7,T3,,25.0,consensus,Medium,0.0,0.0,4.0,1.0,,,CIN,1420.0,0.125,25.2,0.01,0.21,CIN,19.0,3.0,False,Zac Taylor,98.6,7.0,22.5,15.0,42.5,3.0,—,11.0,Gap,20.0,Very Spread,15.0,Shootouts (High Scoring Offense + Vulnerable Defense -> Max Fantasy Ceiling),CIN,28,31.69,68.31,19.0,3.6,Z.Taylor,71.4,69.9,,,,,,,0.2014,,,,,,,,0,,,,,,,,,,,,,,,181.8,16.0,10.0,-6.0,0.891,14.0,12.6,157.3,191.3,111.0,16.4,9.0,RB11,11.0,16.0,211.2,12.42,4.0,$36-40,17.0,16.4,—,0,1,4,Bengals,#4 Bengals Offense - Most Undervalued Asset,11,181.3,1.165,29.899999999999977,5.34,-0.6,-1.0,-1.0,22.34,16.0,6.34,22.34,16.0,SLEEPER,216.17,-6.0,0.087,234.98,88.65,10,RB10,38.0,2.0,0.0,-2.4,216.17,0.0,62.0,8.7,22.0,0.0,0.0,0.0,0.0,4.0,12.0,6.0,Tier 3,17.0,11.0,22.0,11.0,⚡ High Variance (Boom/Bust Ceiling),11.0,Tier 3,9.1,12.9,3.8
19,Breece Hall,RB,NYJ,T3,72.62,72.62,26,RB12,34,33.7,-0.3,Fair Market Value,YAHOO,33.77,35.4,33.7,33.7,1.7,245.37,12.34,12.1,0.0,0.0,60.0,60.0,0.015,0.21,0.613,16,3.0,4.2,84.0,0.45,32.0,Surging,True,True,Healthy,13,RB12,28.700000000000003,39.7,2.5,1,FP_NYJ_BREECE_HALL,80.0,80.0,RB,NYJ,209.8,64.932,46.38,404.09,2.24,249.04,1113.5,6.19,0.0,0.0,0.0,24.0,RB14,230.49,8.0,13.0,34.0,Neutral,Black,0.0,0.0,0.0,Silver Lining,0.0,0.0,0.0,0.0,,,,15.0,24.0,High,,,,,,,💥 **Must-Have / Exodia**,"🤝 **Consensus Target / ""The Twelve""**",Consensus Alignment,Tier 8,Round 3/4,3.5,"Guru's ""The Twelve"" pick; 392 explosive rush yds (RB4); 22.7 FPG in wins; Frank Reich scheme + Geno Smith checkdowns restore 7.9 Rec FPG baseline.",https://www.fantasypoints.com/nfl/articles/2026/the-gurus-2026-fantasy-football-draft-plan,24.0,1.0,0.0,0.0,0.0,1.0,0.0,4.8,3.2,0.8,0.0,0.0,RB14,T5,,36.0,fade,High (Overpriced Bust Risk),0.0,0.0,3.0,1.0,,,NYJ,1650.0,0.065,26.8,0.03,0.09,NYJ,17.0,3.0,False,Frank Reich,71.1,30.0,24.9,6.0,29.8,26.0,High 11P,10.0,Balanced,27.0,Spread,8.0,Balanced Environment,NYJ,17,23.57,76.43,27.0,-1.3,F.Reich,75.8,80.6,,,,,,,-0.2454,,,,,,,,0,,,,,,,,,,,,,,,196.1,13.0,15.0,2.0,0.937,14.6,13.57,185.7,172.5,165.0,35.4,17.0,RB12,12.0,33.7,209.8,12.34,4.0,$29-33,37.0,14.5,—,0,0,99,,—,12,181.3,1.157,28.5,-0.23,1.4,-0.3,-0.3,35.4,33.7,1.7,35.4,33.7,SLEEPER,211.55,-2.48,0.035,218.95,72.62,14,RB14,24.0,14.7,0.0,0.8,211.55,0.0,32.0,3.5,22.0,0.0,10.0,0.0,0.0,0.0,0.0,0.0,Tier 4,34.0,28.7,39.7,11.0,⚡ High Variance (Boom/Bust Ceiling),12.0,Tier 3,10.1,13.9,3.8
30,Javonte Williams,RB,DAL,T3,51.14,51.14,36,RB13,37,35.2,-1.8,Fair Market Value,ESPN,35.48,34.6,35.2,35.2,0.88,234.25,11.96,14.9,0.0,0.0,80.0,80.0,0.055,0.22,0.666,16,3.0,2.5,,,0.0,Neutral,False,False,Healthy,14,RB13,30.200000000000003,41.2,2.5,1,FP_DAL_JAVONTE_WILLIAMS,80.0,80.0,RB,DAL,203.3,46.144,32.96,192.04,1.17,256.18,1160.38,10.37,0.0,0.0,0.0,26.0,RB15,226.25,9.0,14.0,29.0,Neutral,Black,0.0,0.0,0.0,—,0.0,0.0,0.0,0.0,37.0,6.0,Half-PPR Favored (TD Equity),12.0,10.0,High,,,,,,,"🎯 **Target / ""The Twelve""**",🤝 **Consensus Target**,Consensus Alignment,Tier 9,Round 3/4 (3.12),3.12,"Guru's ""The Twelve"" target; sneaky bellcow (287 touches in 16 games); 249.6 proj carries (11th in NFL); camp leader.",https://www.fantasypoints.com/nfl/articles/2026/the-gurus-2026-fantasy-football-draft-plan,20.0,0.0,1.0,0.0,0.0,0.0,0.0,0.0,0.0,0.0,0.0,0.0,RB18,T6,,33.0,consensus,Medium,0.0,0.0,4.0,1.0,,,DAL,1680.0,0.115,24.8,-0.04,0.2,DAL,8.0,4.0,False,Brian Schottenheimer,109.1,2.0,24.1,10.0,39.9,4.0,High 11P,2.0,Gap,12.0,Very Condensed,24.0,Shootouts (High Scoring Offense + Vulnerable Defense -> Max Fantasy Ceiling),DAL,15,26.43,73.57,24.0,-3.4,B.Schottenheimer,59.5,99.0,,,,,,,0.1646,,,,,,,,0,,,,,,,,,,,,,,,161.8,21.0,18.0,-3.0,0.98,14.9,10.3,150.6,154.3,99.9,34.6,16.0,RB13,13.0,35.2,203.3,11.96,5.0,$28-32,22.0,14.9,—,0,0,99,,—,13,181.3,1.121,22.0,-1.52,-2.4,-1.8,-1.8,35.48,34.6,0.88,35.48,34.6,YAHOO,198.66,-0.07,-0.006,197.47,51.14,16,RB16,20.0,5.2,0.0,-1.2,198.66,0.0,0.0,-0.6,0.0,0.0,0.0,0.0,0.0,0.0,0.0,0.0,Tier 5,37.0,30.2,41.2,11.0,⚡ High Variance (Boom/Bust Ceiling),13.0,Tier 4,11.1,14.9,3.8
34,David Montgomery,RB,HST,T4,48.16,48.16,38,RB14,50,49.8,-0.2,Fair Market Value,ESPN,69.81,52.4,49.8,49.8,20.01,195.88,11.92,9.1,0.0,0.0,80.0,80.0,0.0,0.15,0.5,16,5.0,1.6,68.0,0.46,34.0,Surging,True,False,Healthy,8,RB14,44.8,55.8,2.5,1,FP_HST_DAVID_MONTGOMERY,80.0,80.0,RB,HST,202.7,43.16199999999999,30.83,228.16,0.54,231.53,959.67,7.68,0.0,0.0,0.0,46.0,RB23,199.4,11.0,8.0,54.0,Neutral,Black,0.0,0.0,0.0,Silver Lining,0.0,14.7,9.19,1.0,58.0,12.0,Half-PPR Favored (TD Equity),21.0,35.0,High,,,,,,🏆 RB's Dream QB (High Checkdowns / No GL Vultures),💥 **Core Exodia / Value**,🤝 **Consensus High**,Consensus Alignment,Tier 9,Round 5 (5.08),5.08,Core Exodia target; 200+ carries locked in for 12-win Houston defense script; 3-down pass protection and goal-line hammer. | 🔥 Catalyst: New Situation + O/S Top 12 RBs,https://www.fantasypoints.com/nfl/articles/2026/anatomy-of-a-league-winning-running-back-2026,22.0,1.0,1.0,0.0,0.0,0.0,0.0,0.0,0.0,0.0,0.0,0.0,RB16,T5,,54.0,guy,Low (High Floor Alpha),0.0,0.0,3.0,1.0,,,,,,,,,,,,,,,,,,,,,,,,,,,,16,35.0,65.0,,0.0,—,81.3,92.7,,,,,,,0.2528,,,,,,,,0,,,,,,,,,,,,,,,141.8,26.0,26.0,0.0,0.95,15.0,8.46,120.4,129.9,85.2,52.4,21.0,RB14,14.0,49.8,202.7,11.92,5.0,$23-27,36.0,14.4,New Situation + O/S Top 12 RBs,1,0,99,,—,14,181.3,1.118,21.399999999999977,19.81,2.4,-0.2,-0.2,69.81,49.8,20.01,69.81,49.8,SLEEPER,186.65,0.75,0.042,194.49,48.16,18,RB18,22.0,15.8,3.0,0.0,186.65,0.0,34.0,4.2,22.0,0.0,0.0,0.0,6.0,0.0,0.0,0.0,Tier 6,50.0,44.8,55.8,11.0,⚡ High Variance (Boom/Bust Ceiling),14.0,Tier 4,12.1,15.9,3.8
25,Kyren Williams,RB,LA,T3,61.13,61.13,39,RB15,30,29.1,-0.9,Fair Market Value,ESPN,41.77,29.1,29.1,29.1,12.67,240.15,11.91,13.5,0.0,0.0,80.0,80.0,0.0,0.15,0.5,16,5.0,2.5,56.0,-0.22,-11.0,Cooling,False,True,Healthy,11,RB15,24.1,35.1,2.5,1,FP_LA_KYREN_WILLIAMS,80.0,80.0,RB,LA,202.4,47.31999999999999,33.8,239.62,2.21,240.17,1118.4,10.06,0.0,0.0,0.0,22.0,RB13,231.86,8.0,11.0,31.0,Neutral,Black,0.0,0.0,0.0,Gold Diggers,0.0,0.0,0.0,0.0,,,,22.0,19.0,Med,,,,,,🏆 RB's Dream QB (High Checkdowns / No GL Vultures),🎯 **Value**,⚔️ **FP: Value  vs  Guru: Dirty 30 Not Feeling It**,FP: Value  vs  Guru: Dirty 30 Not Feeling It,Tier 9,Round 4,4.0,40% heavy personnel in McVay scheme; Blake Corum rotational share risk.,https://www.fantasypoints.com/nfl/articles/2026/the-gurus-2026-fantasy-football-draft-plan,18.0,0.0,1.0,0.0,1.0,0.0,1.0,0.0,0.0,0.0,0.0,0.0,RB21,T6,,49.0,consensus,Medium,0.0,0.0,2.0,1.0,,,,,,,,,,,,,,,,,,,,,,,,,,,,16,35.0,65.0,,0.0,—,66.8,70.9,,,,,,,-0.2262,,,,,,,,0,,,,,,,,,,,,,,,212.7,9.0,16.0,7.0,0.891,16.1,15.73,225.8,177.8,191.7,29.1,14.0,RB15,15.0,29.1,202.4,11.91,5.0,$27-31,31.0,14.6,—,0,0,99,,—,15,181.3,1.116,21.09999999999999,11.77,-0.9,-0.9,-0.9,41.77,29.1,12.67,41.77,29.1,YAHOO,212.34,2.75,-0.023,207.46,61.13,15,RB15,18.0,4.1,0.0,2.8,212.34,0.0,-11.0,-2.3,0.0,0.0,0.0,0.0,0.0,0.0,0.0,0.0,Tier 4,30.0,24.1,35.1,11.0,⚡ High Variance (Boom/Bust Ceiling),15.0,Tier 4,13.1,16.9,3.8
15,Omarion Hampton,RB,LAC,T2,88.17,88.17,40,RB16,16,15.9,-0.1,Fair Market Value,ESPN,25.67,18.7,15.9,15.9,9.77,254.17,11.84,14.9,0.0,0.0,60.0,60.0,-0.035,0.38,0.663,16,2.0,1.6,,,0.0,Neutral,True,False,Healthy,7,RB16,10.9,21.9,2.5,1,FP_LAC_OMARION_HAMPTON,80.0,80.0,RB,LAC,201.3,70.294,50.21,342.77,1.92,243.66,1034.81,9.46,0.0,0.0,0.0,17.0,RB10,242.21,7.0,7.0,10.0,Target (Green),Green,1.0,0.0,0.0,Gold Standard,0.0,0.0,0.0,0.0,,,,13.0,11.0,Med-High,,,,,,,💥 **Must-Have / Exodia**,"⚔️ **FP: Target  vs  Joel: Super-High (#6 RB, +17 vs ECR)**","FP: Target  vs  Joel: Super-High (#6 RB, +17 vs ECR)",Tier 5,Round 2,2.0,Mike McDaniel offense (Miami 35.8 FPG backfield); stud OTs Slater & Alt healthy (Top-10 OL); 80% goal-line carries; 276 projected touches.,https://www.fantasypoints.com/nfl/articles/2026/anatomy-of-a-league-winning-running-back-2026#/13,34.0,1.0,0.0,0.0,1.0,0.0,0.0,6.4,2.8,2.2,0.0,0.0,RB12,T5,,13.0,guy,Low (High Floor Alpha),0.0,0.0,5.0,0.0,,,LAC,2900.0,0.06,29.2,0.05,0.07,LAC,32.0,3.0,False,Mike McDaniel,91.9,15.0,26.7,3.0,35.4,11.0,High 21P,31.0,Zone,1.0,Very Condensed,28.0,Chew the Clock (High Scoring Offense + Elite Defense -> Run-Heavy Second Halves),LAC,9,18.72,81.28,30.0,-1.4,M.McDaniel,84.6,87.8,,,,,,,1.3335,,,,,,,,0,,,,,,,,,,,,,,,213.4,8.0,9.0,1.0,0.945,13.7,13.91,180.1,183.0,202.5,18.7,12.0,RB16,16.0,15.9,201.3,11.84,5.0,$32-36,13.0,17.0,—,0,0,99,,—,16,181.3,1.11,20.0,9.67,2.7,-0.1,-0.1,25.67,15.9,9.77,25.67,15.9,SLEEPER,214.55,-1.73,0.093,234.5,88.17,11,RB11,34.0,0.9,3.0,0.4,214.55,0.0,0.0,9.3,22.0,0.0,0.0,0.0,0.0,0.0,12.0,6.0,Tier 3,16.0,10.9,21.9,11.0,⚡ High Variance (Boom/Bust Ceiling),16.0,Tier 4,14.1,17.9,3.8
16,Ashton Jeanty,RB,LV,T2,85.64,85.64,41,RB17,15,14.8,-0.2,Fair Market Value,ESPN,17.23,14.4,14.8,14.8,2.83,260.81,11.71,13.3,0.0,0.0,50.0,50.0,-0.005,0.29,0.696,16,1.0,3.8,,,0.0,Neutral,False,False,Healthy,13,RB17,9.8,20.8,2.5,1,FP_LV_ASHTON_JEANTY,80.0,80.0,RB,LV,199.0,79.43599999999999,56.74,400.6,3.01,258.03,1040.24,7.36,0.0,0.0,0.0,20.0,RB12,231.95,7.0,13.0,11.0,Neutral,Black,0.0,0.0,0.0,Gold Standard,0.0,0.0,0.0,0.0,,,,4.0,11.0,Med-High,,,,,,,💥 **Exodia / League-Winner**,🤝 **Consensus High (Buy the Dip)**,Consensus Alignment,Tier 7,Round 3,3.0,69 rookie targets (3.19 college YPRR); 83.3% goal-line share; Klint Kubiak + Tyler Linderbaum + Kolton Miller. Sprained ankle creates massive discount.,https://www.fantasypoints.com/nfl/articles/2026/anatomy-of-a-league-winning-running-back-2026#/12,28.0,1.0,0.0,0.0,0.0,0.0,0.0,7.0,1.7,1.1,0.0,0.0,RB8,T3,,8.0,dragon,High (Elite Ceiling),0.0,0.0,4.0,1.0,,,LV,2250.0,0.015,28.5,-0.04,0.05,LV,28.0,2.5,False,Klint Kubiak,70.9,31.0,22.8,14.0,34.5,14.0,—,27.0,Zone,13.0,Even,19.0,Passing / Garbage Time (Low Scoring Offense + Bad Defense -> Trailing Game Scripts / Air Volume),LV,24,40.2,59.8,8.0,-4.3,K.Kubiak,66.0,99.0,,,,,,,0.8063,,,,,,,,0,,,,,,,,,,,,,,,240.5,5.0,8.0,3.0,0.973,14.5,15.73,221.9,214.3,213.8,14.4,7.0,RB17,17.0,14.8,199.0,11.71,5.0,$34-38,20.0,16.0,—,0,0,99,,—,17,181.3,1.098,17.69999999999999,2.23,-0.6,-0.2,-0.2,17.23,14.4,2.83,17.23,14.4,YAHOO,217.61,-3.67,0.066,231.97,85.64,12,RB12,28.0,-1.2,0.0,1.2,217.61,0.0,0.0,6.6,22.0,0.0,0.0,0.0,0.0,0.0,0.0,6.0,Tier 3,15.0,9.8,20.8,11.0,⚡ High Variance (Boom/Bust Ceiling),17.0,Tier 4,15.1,18.9,3.8
49,Bucky Irving,RB,TB,T4,29.47,29.47,51,RB18,42,41.0,-1.0,Fair Market Value,YAHOO,53.6,55.2,41.0,41.0,14.2,219.56,11.14,12.9,0.0,0.0,80.0,80.0,0.028,0.11,0.75,16,5.0,4.2,,,0.0,Neutral,False,True,Healthy,10,RB18,36.0,47.0,2.5,1,FP_TB_BUCKY_IRVING,80.0,80.0,RB,TB,189.4,55.44,39.6,333.35,2.25,252.75,1004.74,5.77,0.0,0.0,0.0,44.0,RB22,201.55,11.0,10.0,48.0,Neutral,Black,0.0,0.0,0.0,Silver Lining,0.0,0.0,0.0,0.0,,,,20.0,14.0,High,,,,,,,🚫 **Overvalue / Fade**,🤝 **Consensus Avoid (Dirty 30)**,Consensus Alignment,Tier 11,Round 4/5,4.5,Shoulder surgery; Kenneth Gainwell signed for $9.8M guaranteed (1A/1B split); Sean Tucker goal-line vulture; 3-way committee.,https://www.fantasypoints.com/nfl/articles/2026/players-to-avoid-and-overvalues,10.0,0.0,0.0,1.0,0.0,0.0,1.0,0.0,0.0,0.0,0.0,0.0,RB26,T7,,62.0,fade,High (Overpriced Bust Risk),0.0,0.0,1.0,1.0,,,TB,820.0,0.078,27.5,-0.03,0.14,TB,26.0,4.0,False,Zac Robinson,89.8,18.0,27.9,2.0,30.4,24.0,High 12P,13.0,Zone,2.0,Condensed,20.0,Slugfests (Low Scoring Offense + Elite Defense -> Low Over/Unders / Grinding Games),TB,5,26.78,73.22,23.0,-6.6,Z.Robinson,81.2,89.1,,,,,,,0.3817,,,,,,,,0,,,,,,,,,,,,,,,144.6,25.0,20.0,-5.0,0.96,13.6,8.49,110.8,129.1,107.1,55.2,23.0,RB18,18.0,41.0,189.4,11.14,6.0,$20-24,44.0,13.7,—,0,0,99,,—,18,181.3,1.045,8.099999999999994,11.6,13.2,-1.0,-1.0,55.2,41.0,14.2,55.2,41.0,SLEEPER,181.24,5.33,-0.03,175.8,29.47,23,RB23,10.0,-8.0,3.0,-2.0,181.24,0.0,0.0,-3.0,0.0,0.0,0.0,0.0,0.0,0.0,0.0,0.0,Tier 5,42.0,36.0,47.0,11.0,⚡ High Variance (Boom/Bust Ceiling),18.0,Tier 5,16.1,19.9,3.8
43,Quinshon Judkins,RB,CLV,T4,36.15,36.15,53,RB19,55,53.2,-1.8,Fair Market Value,ESPN,55.01,53.2,53.2,53.2,1.81,215.16,11.13,11.5,0.0,0.0,80.0,80.0,0.0,0.15,0.5,16,5.0,2.5,,,0.0,Neutral,True,True,Healthy,11,RB19,48.2,59.2,2.5,1,FP_CLV_QUINSHON_JUDKINS,80.0,80.0,RB,CLV,189.2,44.855999999999995,32.04,219.28,0.58,289.9,1107.29,8.12,0.0,0.0,0.0,32.0,RB18,217.62,9.0,11.0,51.0,Pass (Yellow),Yellow,0.0,1.0,0.0,Silver Lining,0.0,6.92,4.08,1.0,,,,18.0,17.0,Med,,,,,,,🚫 **Overvalue / Fade**,🤝 **Consensus Avoid**,Consensus Alignment,Tier 11,Round 5,5.0,Fractured fibula / dislocated ankle surgery; Browns dead last in adjusted YBC/ATT (1.14); Dylan Sampson takes passing downs; 5.5 win total. | 🔥 Catalyst: New Situation + O/S Top 12 RBs,https://www.fantasypoints.com/nfl/articles/2026/players-to-avoid-and-overvalues,10.0,0.0,0.0,1.0,0.0,0.0,1.0,0.0,0.0,0.0,0.0,0.0,RB24,T6,,50.0,consensus,Medium,0.0,0.0,4.0,1.0,,,,,,,,,,,,,,,,,,,,,,,,,,,,16,35.0,65.0,,0.0,—,63.0,77.6,,,,,,,-0.203,,,,,,,,0,,,,,,,,,,,,,,,165.9,19.0,24.0,5.0,0.893,13.4,11.01,132.0,161.3,144.6,53.2,22.0,RB19,19.0,53.2,189.2,11.13,6.0,$21-25,58.0,13.2,New Situation + O/S Top 12 RBs,1,0,99,,—,19,181.3,1.044,7.899999999999977,0.01,-1.8,-1.8,-1.8,55.01,53.2,1.81,55.01,53.2,YAHOO,190.48,0.75,-0.042,182.48,36.15,21,RB21,10.0,10.2,0.0,2.0,190.48,0.0,0.0,-4.2,0.0,0.0,0.0,0.0,6.0,0.0,-5.0,0.0,Tier 6,55.0,48.2,59.2,11.0,⚡ High Variance (Boom/Bust Ceiling),19.0,Tier 5,17.1,20.9,3.8
56,Bhayshul Tuten,RB,JAX,T5,26.23,26.23,58,RB20,63,62.7,-0.3,Fair Market Value,ESPN,72.81,62.5,62.7,62.7,10.31,207.31,11.06,,0.0,0.0,80.0,80.0,0.015,0.28,0.616,16,5.0,4.2,,,0.0,Neutral,True,True,Healthy,7,RB20,57.7,68.7,2.5,1,FP_JAX_BHAYSHUL_TUTEN,80.0,80.0,RB,JAX,188.0,40.93599999999999,29.24,222.09,2.14,239.39,979.58,8.24,0.0,0.0,0.0,72.0,RB28,171.96,13.0,7.0,55.0,Target (Green),Green,1.0,0.0,0.0,—,0.0,0.0,0.0,0.0,,,,27.0,99.0,Rookie,,,,,,,💥 **Exodia League-Winner**,🤝 **Consensus High**,Consensus Alignment,Tier 9,Round 7 (7.04),7.04,Liam Coen 7th in backfield XFP/G; Year 2 breakout profile; potent screen game; faces 3 bottom-8 run defenses W1-5. | 🔥 Catalyst: New Situation + O/S Top 12 RBs,https://www.fantasypoints.com/nfl/articles/2026/anatomy-of-a-league-winner,16.0,1.0,0.0,0.0,0.0,0.0,0.0,0.0,0.0,0.0,0.0,0.0,RB23,T6,,60.0,fade,High (Overpriced Bust Risk),0.0,0.0,5.0,1.0,,,JAX,2100.0,0.052,27.9,-0.02,0.1,JAX,7.0,4.0,True,Liam Coen,97.4,9.0,26.0,5.0,37.0,8.0,High 11P,21.0,Balanced,7.0,Condensed,1.0,Shootouts (High Scoring Offense + Vulnerable Defense -> Max Fantasy Ceiling),JAX,23,24.71,75.29,26.0,0.9,L.Coen,,70.6,,,,,,,,,,,,,,,0,,,,,,,,,,,,,,,113.2,37.0,22.0,-15.0,0.962,13.1,7.9,99.4,97.5,59.2,62.5,24.0,RB20,20.0,62.7,188.0,11.06,6.0,$19-23,72.0,13.1,New Situation + O/S Top 12 RBs,1,0,99,,—,20,181.3,1.037,6.699999999999989,9.81,-0.5,-0.3,-0.3,72.81,62.5,10.31,72.81,62.5,YAHOO,165.29,0.53,0.044,172.56,26.23,25,RB25,16.0,6.7,0.0,-6.0,165.29,0.0,0.0,4.4,22.0,0.0,0.0,0.0,6.0,0.0,12.0,0.0,Tier 7,63.0,57.7,68.7,11.0,⚡ High Variance (Boom/Bust Ceiling),20.0,Tier 5,18.1,21.9,3.8
39,D'Andre Swift,RB,CHI,T4,37.98,37.98,61,RB21,56,55.6,-0.4,Fair Market Value,ESPN,64.37,47.4,55.6,55.6,16.97,223.52,11.0,11.9,0.0,0.0,80.0,80.0,0.01,0.26,0.63,16,4.0,1.6,,,0.0,Neutral,True,False,Healthy,10,RB21,50.6,61.6,2.5,1,FP_CHI_D'ANDRE_SWIFT,80.0,80.0,RB,CHI,187.0,49.196,35.14,303.46,1.04,233.44,1054.43,8.05,0.0,0.0,0.0,33.0,RB19,216.27,9.0,10.0,50.0,Neutral,Black,0.0,0.0,0.0,Fool's Gold,0.0,5.06,2.27,1.0,61.0,11.0,Half-PPR Favored (TD Equity),26.0,22.0,Med,,,,,,,🎯 **Target / Value**,🤝 **Consensus High**,Consensus Alignment,Tier 10,Round 5/6,5.5,"Top-15 in YPG, YPC, explosive run %, and success rate; 5.27 YPC on zone runs; Bears top-5 OL; Monangai knee injury opens runway.",https://www.fantasypoints.com/nfl/articles/2026/the-gurus-2026-fantasy-football-draft-plan,16.0,0.0,1.0,0.0,0.0,0.0,0.0,0.0,0.0,0.0,0.0,0.0,RB22,T6,,42.0,guy,Low (High Floor Alpha),0.0,0.0,3.0,1.0,,,CHI,2020.0,0.048,27.6,0.01,0.07,CHI,3.0,4.0,False,Ben Johnson,98.3,8.0,29.3,1.0,37.2,7.0,High 12P,4.0,Zone,6.0,Even,11.0,Balanced Environment,CHI,4,41.16,58.84,7.0,-2.7,B.Johnson,67.5,76.0,,,,,,,-0.3114,,,,,,,,0,,,,,,,,,,,,,,,162.0,20.0,23.0,3.0,0.935,13.2,12.08,149.2,153.1,113.6,47.4,20.0,RB21,21.0,55.6,187.0,11.0,6.0,$19-23,38.0,14.3,—,0,0,99,,—,21,181.3,1.031,5.699999999999989,8.37,-8.6,-0.4,-0.4,64.37,47.4,16.97,64.37,47.4,YAHOO,188.07,3.6,-0.02,184.31,37.98,19,RB19,16.0,16.6,0.0,1.2,188.07,0.0,0.0,-2.0,0.0,0.0,0.0,0.0,0.0,0.0,0.0,-5.0,Tier 6,56.0,50.6,61.6,11.0,⚡ High Variance (Boom/Bust Ceiling),21.0,Tier 5,19.1,22.9,3.8
51,Jeremiyah Love,RB,ARZ,T4,28.18,28.18,66,RB22,27,26.2,-0.8,Fair Market Value,YAHOO,22.76,28.3,26.2,26.2,5.54,255.99,10.91,,0.0,0.0,80.0,80.0,0.0,0.15,0.5,16,2.0,2.5,,,0.0,Neutral,False,True,Healthy,14,RB22,21.2,32.2,2.5,1,FP_ARZ_JEREMIYAH_LOVE,80.0,80.0,RB,ARZ,185.5,76.60799999999999,54.72,429.12,2.08,237.21,1068.92,7.22,0.0,0.0,0.0,38.0,RB20,204.28,10.0,14.0,32.0,Neutral,Black,0.0,0.0,0.0,Silver Lining,0.0,0.0,0.0,0.0,,,,16.0,99.0,Rookie,,,,,,,🚫 **Bust / Avoid**,🤝 **Consensus Avoid (Dirty 30)**,Consensus Alignment,Tier 7,Round 3,3.0,Tyler Allgeier $8M deal; Arizona 3.5 win total; pass-heavy under Mike LaFleur; high-ankle sprain in preseason (~25% production dip in month 1).,https://www.fantasypoints.com/nfl/articles/2026/players-to-avoid-and-overvalues#/654,18.0,0.0,0.0,1.0,0.0,0.0,1.0,0.0,0.0,0.0,0.0,0.0,RB17,T6,,24.0,consensus,Medium,0.0,0.0,3.0,1.0,,,,,,,,,,,,,,,,,,,,,,,,,,,,16,35.0,65.0,,0.0,—,,95.6,,,,,,,,,,,,,Jeremiyah Love,ARI,1,1.0,3.0,78.7,86.7,66.1,117.3,4.36,,,212.0,24.6,87.3,95.0,40.0,145.1,24.0,12.0,-12.0,0.873,12.7,10.74,118.9,122.9,73.9,28.3,13.0,RB22,22.0,26.2,185.5,10.91,6.0,$26-30,41.0,14.4,—,0,0,99,,—,22,181.3,1.023,4.199999999999989,-4.24,1.3,-0.8,-0.8,28.3,22.76,5.54,28.3,22.76,ESPN,180.09,0.75,-0.031,174.51,28.18,24,RB24,18.0,-24.8,4.0,-4.8,180.09,0.0,0.0,-3.1,0.0,0.0,0.0,0.0,0.0,0.0,0.0,0.0,Tier 4,27.0,21.2,32.2,11.0,⚡ High Variance (Boom/Bust Ceiling),22.0,Tier 5,20.1,23.9,3.8
45,Rhamondre Stevenson,RB,NE,T4,35.75,35.75,88,RB23,82,81.0,-1.0,Fair Market Value,ESPN,84.14,80.1,81.0,81.0,4.04,192.77,10.69,,18.32,1.0,60.0,60.0,-0.03,0.3,0.605,16,6.0,2.5,,,0.0,Neutral,True,False,Healthy,11,RB23,76.0,87.0,2.5,1,FP_NE_RHAMONDRE_STEVENSON,80.0,80.0,RB,NE,181.7,55.27199999999999,39.48,334.7,1.7,168.57,723.09,6.92,0.0,0.0,0.0,54.0,RB25,187.63,12.0,11.0,62.0,Target (Green),Green,1.0,0.0,0.0,Silver Lining,12.81,0.0,0.0,0.0,73.0,11.0,Half-PPR Favored (TD Equity),29.0,25.0,Med,,,,,,,🎯 **Target / Value**,🤝 **Consensus High (Over TreVeyon)**,Consensus Alignment,Tier 11,Round 7 (7.08),7.08,Dominated playoff snaps (70%) and touches over Henderson; McDaniels trusted goal-line and pass pro back; 80+ ADP bargain.,https://www.fantasypoints.com/nfl/articles/2026/the-gurus-2026-fantasy-football-draft-plan,10.0,0.0,1.0,0.0,0.0,0.0,0.0,0.0,0.0,0.0,0.0,0.0,RB28,T7,,80.0,consensus,Medium,0.0,0.0,,,,,NE,2300.0,-0.055,29.4,-0.02,-0.07,NE,13.0,3.0,False,Josh McDaniels,104.9,4.0,24.9,6.0,34.6,13.0,—,24.0,Gap,21.0,Spread,4.0,Slugfests (Low Scoring Offense + Elite Defense -> Low Over/Unders / Grinding Games),NE,13,34.68,65.32,17.0,1.4,J.McDaniels,75.4,83.2,,,,,,,0.6915,,,,,,,,0,,,,,,,,,,,,,,,155.4,22.0,28.0,6.0,0.941,14.3,10.61,142.6,148.0,118.1,80.1,28.0,RB23,23.0,81.0,181.7,10.69,6.0,$16-18,74.0,13.3,—,0,0,99,,—,23,181.3,1.002,0.3999999999999772,2.14,-1.9,-1.0,-1.0,84.14,80.1,4.04,84.14,80.1,YAHOO,176.61,-1.8,0.031,182.08,35.75,22,RB22,10.0,36.0,0.0,2.4,176.61,18.32,0.0,3.1,0.0,0.0,0.0,0.0,0.0,0.0,12.0,0.0,Tier 9,82.0,76.0,87.0,11.0,⚡ High Variance (Boom/Bust Ceiling),23.0,Tier 5,21.1,24.9,3.8
40,Travis Etienne,RB,NO,T4,37.97,37.97,91,RB24,45,44.7,-0.3,Fair Market Value,SLEEPER,43.88,43.2,44.7,44.7,1.5,236.58,10.66,14.2,0.0,0.0,60.0,60.0,0.005,0.15,0.663,16,4.0,2.5,,,0.0,Neutral,False,True,Healthy,8,RB24,39.7,50.7,2.5,1,FP_NO_TRAVIS_ETIENNE,80.0,80.0,RB,NO,181.3,63.36399999999999,45.26,356.82,3.04,253.23,1070.68,5.39,0.0,0.0,0.0,30.0,RB17,220.63,9.0,8.0,38.0,Neutral,Black,0.0,0.0,0.0,Silver Lining,0.0,11.75,4.71,1.0,,,,19.0,16.0,Med,,,,,,,🚫 **Overvalue / Fade**,🤝 **Consensus Avoid (Dirty 30)**,Consensus Alignment,Tier 11,Round 5,5.0,46.5% success rate; Alvin Kamara contract extension means Kamara steals passing-game snaps; low-end RB2 cap. | 🔥 Catalyst: New Situation + O/S Top 12 RBs,https://www.fantasypoints.com/nfl/articles/2026/players-to-avoid-and-overvalues,10.0,0.0,0.0,1.0,0.0,0.0,1.0,0.0,0.0,0.0,0.0,0.0,,,,43.0,consensus,Medium,0.0,0.0,1.0,1.0,,,NO,1150.0,0.035,28.2,-0.03,0.08,NO,30.0,3.0,True,Kellen Moore,85.7,23.0,22.1,18.0,35.8,10.0,High 11P,1.0,Zone,5.0,Even,27.0,Passing / Garbage Time (Low Scoring Offense + Bad Defense -> Trailing Game Scripts / Air Volume),NO,22,25.49,74.51,25.0,-2.3,K.Moore,66.9,96.2,,,,,,,-0.1837,,,,,,,,0,,,,,,,,,,,,,,,174.4,17.0,17.0,0.0,0.96,13.8,12.06,159.4,162.3,119.9,43.2,19.0,RB24,24.0,44.7,181.3,10.66,6.0,$20-24,45.0,13.8,New Situation + O/S Top 12 RBs,1,0,99,,—,24,181.3,1.0,0.0,-1.12,-1.8,-0.3,-0.3,44.7,43.2,1.5,44.7,43.2,YAHOO,189.41,-0.33,-0.027,184.3,37.97,20,RB20,10.0,4.7,0.0,0.0,189.41,0.0,0.0,-2.7,0.0,0.0,0.0,0.0,6.0,0.0,0.0,0.0,Tier 6,45.0,39.7,50.7,11.0,⚡ High Variance (Boom/Bust Ceiling),24.0,Tier 6,22.1,25.9,3.8
33,Cam Skattebo,RB,NYG,T4,48.85,48.85,161,RB25,44,43.0,-1.0,Fair Market Value,ESPN,44.0,41.7,43.0,43.0,2.3,233.84,9.68,17.6,0.0,0.0,60.0,60.0,-0.01,0.31,0.558,16,4.0,2.5,65.0,0.44,32.0,Surging,True,False,Healthy,8,RB25,38.0,49.0,2.5,1,FP_NYG_CAM_SKATTEBO,80.0,80.0,RB,NYG,164.5,60.605999999999995,43.29,343.34,2.16,236.71,987.34,7.94,0.0,0.0,0.0,51.0,RB24,193.76,11.0,8.0,41.0,Neutral,Black,0.0,0.0,0.0,Gold Standard,0.0,0.0,0.0,0.0,65.0,17.0,Half-PPR Favored (TD Equity),17.0,5.0,High,,,,,,,"💥 **Must-Have / ""The Twelve""**",🤝 **Consensus Target**,Consensus Alignment,Tier 11,Round 4 (4.06),4.06,"Guru's ""The Twelve"" pick; 2.82 YACO/Att (5th), 69.5% YAC (2nd); 19.3 FPG in 6 starts; 80% GL share (50% TD rate); Greg Roman power scheme. | 🔥 Catalyst: New Situation + O/S Top 12 RBs",https://www.fantasypoints.com/nfl/articles/2026/the-gurus-2026-fantasy-football-draft-plan,18.0,1.0,0.0,0.0,0.0,1.0,0.0,7.1,1.0,3.2,0.0,0.0,RB15,T5,,48.0,consensus,Medium,0.0,0.0,3.0,0.0,,,NYG,2350.0,-0.01,27.7,0.0,-0.02,NYG,18.0,3.0,True,Matt Nagy,89.6,19.0,24.1,12.0,32.6,21.0,—,21.0,Zone,17.0,Even,16.0,Shootouts (High Scoring Offense + Vulnerable Defense -> Max Fantasy Ceiling),NYG,18,38.25,61.75,12.0,1.3,M.Nagy,85.8,95.6,,,,,,,0.5789,,,,,,,,0,,,,,,,,,,,,,,,188.3,15.0,21.0,6.0,0.965,15.8,13.0,197.8,169.0,154.1,41.7,18.0,RB25,25.0,43.0,164.5,9.68,7.0,$16-18,39.0,14.4,New Situation + O/S Top 12 RBs,1,0,99,,—,25,181.3,0.907,0.0,0.0,-2.3,-1.0,-1.0,44.0,41.7,2.3,44.0,41.7,YAHOO,177.76,-2.1,0.098,195.18,48.85,17,RB17,18.0,10.0,3.0,2.4,177.76,0.0,32.0,9.8,22.0,0.0,10.0,0.0,6.0,0.0,0.0,6.0,Tier 5,44.0,38.0,49.0,11.0,⚡ High Variance (Boom/Bust Ceiling),25.0,Tier 6,23.1,26.9,3.8
65,Jaylen Warren,RB,PIT,T5,18.63,18.63,162,RB26,74,73.0,-1.0,Fair Market Value,ESPN,98.24,76.8,73.0,73.0,25.24,193.33,9.67,12.3,0.0,0.0,70.0,70.0,-0.05,0.28,0.691,16,6.0,2.5,,,0.0,Neutral,True,True,Healthy,9,RB26,68.0,79.0,2.5,1,FP_PIT_JAYLEN_WARREN,80.0,80.0,RB,PIT,164.4,59.31799999999999,42.37,322.06,1.49,188.05,827.46,4.83,0.0,0.0,0.0,42.0,RB21,202.54,11.0,9.0,68.0,Neutral,Black,0.0,0.0,0.0,Gold Standard,0.0,0.0,0.0,0.0,34.0,-13.0,Full PPR Favored (Targets),24.0,20.0,Med,,,,,,,🚫 **Overvalue / Committee**,🤝 **Consensus Avoid (Dirty 30)**,Consensus Alignment,Tier 13,Round 8,8.0,100+ rush yds only 4 times in 4 seasons; Dowdle preferred by McCarthy; faces 5 tough run defenses.,https://www.fantasypoints.com/nfl/articles/2026/players-to-avoid-and-overvalues,6.0,0.0,0.0,1.0,0.0,0.0,1.0,0.0,0.0,0.0,0.0,0.0,RB39,T9,,76.0,consensus,Medium,0.0,0.0,5.0,1.0,,,PIT,2150.0,0.03,29.6,0.04,0.02,PIT,12.0,3.5,False,Mike McCarthy,90.1,17.0,18.0,27.0,46.2,1.0,—,1.0,Zone,25.0,Spread,9.0,Slugfests (Low Scoring Offense + Elite Defense -> Low Over/Unders / Grinding Games),PIT,19,41.2,58.8,6.0,4.6,M.McCarthy,86.6,70.7,,,,,,,1.4619,,,,,,,,0,,,,,,,,,,,,,,,133.8,29.0,27.0,-2.0,0.935,14.1,10.36,137.0,126.7,69.6,76.8,27.0,RB26,26.0,73.0,164.4,9.67,7.0,$11-13,96.0,10.2,—,0,0,99,,—,26,181.3,0.907,0.0,24.24,2.8,-1.0,-1.0,98.24,73.0,25.24,98.24,73.0,SLEEPER,166.29,0.0,-0.008,164.96,18.63,26,RB26,6.0,8.0,3.0,-0.8,166.29,0.0,0.0,-0.8,0.0,0.0,0.0,0.0,0.0,0.0,0.0,6.0,Tier 8,74.0,68.0,79.0,11.0,⚡ High Variance (Boom/Bust Ceiling),26.0,Tier 6,24.1,27.9,3.8
152,Tony Pollard,RB,TEN,T7,-2.59,-2.59,165,RB27,84,83.5,-0.5,Fair Market Value,ESPN,106.67,85.5,83.5,83.5,23.17,187.81,9.58,9.9,0.0,0.0,40.0,40.0,-0.02,0.33,0.588,16,6.0,4.2,50.0,-0.3,-15.0,Cooling,False,True,Healthy,9,RB27,78.5,89.5,2.5,1,FP_TEN_TONY_POLLARD,80.0,80.0,RB,TEN,162.8,44.66,31.9,208.2,0.5,236.15,1034.07,5.48,0.0,0.0,0.0,77.0,RB31,168.16,13.0,9.0,86.0,Avoid (Red),Red,0.0,0.0,1.0,Fool's Gold,0.0,0.0,0.0,0.0,,,,28.0,26.0,Med-Low,,,,,,🏆 RB's Dream QB (High Checkdowns / No GL Vultures),🚫 **Fade / Committee**,🤝 **Consensus Fade**,Consensus Alignment,Tier 13,Round 8,8.0,Out-snapped by Tyjae Spears in preseason; new coaching staff committee.,https://www.fantasypoints.com/nfl/articles/2026/the-gurus-2026-fantasy-football-draft-plan,6.0,0.0,0.0,1.0,0.0,0.0,1.0,0.0,0.0,0.0,0.0,0.0,RB27,T7,,79.0,fade,High (Overpriced Bust Risk),0.0,0.0,4.0,1.0,,,TEN,2550.0,0.01,29.0,0.03,-0.01,TEN,25.0,2.0,False,Brian Daboll,74.1,29.0,19.9,23.0,32.6,21.0,High 12P,12.0,Balanced,28.0,Very Spread,13.0,Slugfests (Low Scoring Offense + Elite Defense -> Low Over/Unders / Grinding Games),TEN,31,20.11,79.89,29.0,-1.4,B.Daboll,53.0,63.3,,,,,,,-0.4792,,,,,,,,0,,,,,,,,,,,,,,,131.2,30.0,31.0,1.0,0.926,13.6,8.57,107.9,135.6,86.6,85.5,30.0,RB27,27.0,83.5,162.8,9.58,7.0,$11-13,81.0,11.5,—,0,0,99,,—,27,181.3,0.898,0.0,22.67,1.5,-0.5,-0.5,106.67,83.5,23.17,106.67,83.5,SLEEPER,156.24,-7.95,-0.08,143.74,-2.59,31,RB31,6.0,-68.5,-3.0,0.4,156.24,0.0,-15.0,-8.0,0.0,0.0,0.0,0.0,0.0,0.0,-15.0,-5.0,Tier 9,84.0,78.5,89.5,11.0,⚡ High Variance (Boom/Bust Ceiling),27.0,Tier 7,25.1,28.9,3.8
76,TreVeyon Henderson,RB,NE,T6,9.94,9.94,170,RB28,54,53.2,-0.8,Fair Market Value,ESPN,77.93,62.8,53.2,53.2,24.73,191.46,9.29,,0.0,0.0,60.0,60.0,-0.03,0.3,0.605,16,5.0,2.5,78.0,-0.38,-21.0,Cooling,False,True,Healthy,11,RB28,48.2,59.2,2.5,1,FP_NE_TREVEYON_HENDERSON,80.0,80.0,RB,NE,158.0,49.336,35.24,244.19,1.15,185.75,852.23,6.89,0.0,0.0,0.0,64.0,RB26,179.33,12.0,11.0,63.0,Pass (Yellow),Yellow,0.0,1.0,0.0,Fool's Gold,0.0,0.0,0.0,0.0,,,,31.0,34.0,Med,,,,,,,🚫 **Overvalue / Fade**,🤝 **Consensus Avoid**,Consensus Alignment,Tier 11,Round 5,5.0,Rhamondre Stevenson dominated playoff snaps (70% vs 31%) and touches; McDaniels trusts Stevenson in pass pro; Henderson overpriced by 3 rounds.,https://www.fantasypoints.com/nfl/articles/2026/players-to-avoid-and-overvalues,10.0,0.0,0.0,1.0,0.0,0.0,1.0,0.0,0.0,0.0,0.0,0.0,RB29,T7,,64.0,consensus,Medium,0.0,0.0,3.0,1.0,,,NE,2300.0,-0.055,29.4,-0.02,-0.07,NE,13.0,3.0,False,Josh McDaniels,104.9,4.0,24.9,6.0,34.6,13.0,—,24.0,Gap,21.0,Spread,4.0,Slugfests (Low Scoring Offense + Elite Defense -> Low Over/Unders / Grinding Games),NE,13,34.68,65.32,17.0,1.4,J.McDaniels,70.0,80.8,,,,,,,-0.8086,,,,,,,,0,,,,,,,,,,,,,,,173.9,18.0,19.0,1.0,0.95,15.8,10.61,159.0,155.3,159.7,62.8,25.0,RB28,28.0,53.2,158.0,9.29,7.0,$11-13,73.0,13.1,—,0,0,99,,—,28,181.3,0.871,0.0,23.93,8.8,-0.8,-0.8,77.93,53.2,24.73,77.93,53.2,SLEEPER,167.31,-1.8,-0.066,156.27,9.94,27,RB27,10.0,-22.8,0.0,0.4,167.31,0.0,-21.0,-6.6,0.0,0.0,0.0,0.0,0.0,0.0,-5.0,-5.0,Tier 6,54.0,48.2,59.2,11.0,⚡ High Variance (Boom/Bust Ceiling),28.0,Tier 7,26.1,29.9,3.8
102,Rico Dowdle,RB,PIT,T6,0.4,0.4,175,RB29,86,85.8,-0.2,Fair Market Value,ESPN,103.73,87.0,85.8,85.8,17.93,180.26,9.18,10.8,0.0,0.0,70.0,70.0,-0.05,0.28,0.691,16,6.0,2.5,,,0.0,Neutral,False,True,Healthy,9,RB29,80.8,91.8,2.5,1,FP_PIT_RICO_DOWDLE,80.0,80.0,RB,PIT,156.1,44.45,31.75,222.29,1.03,200.01,870.14,5.84,0.0,0.0,0.0,73.0,RB29,170.33,13.0,9.0,69.0,Neutral,Black,0.0,0.0,0.0,Silver Lining,0.0,6.49,3.05,1.0,,,,25.0,23.0,Med,,,,,,,🎯 **Target / Workhorse**,🤝 **Consensus High (Over Warren)**,Consensus Alignment,Tier 13,Round 9/10,9.5,"Mike McCarthy physical runner; 177 carries, 32 catches projected; 1-2 rounds cheaper than Jaylen Warren.",https://www.fantasypoints.com/nfl/articles/2026/the-gurus-2026-fantasy-football-draft-plan,8.0,0.0,1.0,0.0,0.0,0.0,0.0,0.0,0.0,0.0,0.0,0.0,RB33,T8,,95.0,consensus,Medium,0.0,0.0,,,,,PIT,2150.0,0.03,29.6,0.04,0.02,PIT,12.0,3.5,False,Mike McCarthy,90.1,17.0,18.0,27.0,46.2,1.0,—,1.0,Zone,25.0,Spread,9.0,Slugfests (Low Scoring Offense + Elite Defense -> Low Over/Unders / Grinding Games),PIT,19,41.2,58.8,6.0,4.6,M.McCarthy,65.4,55.6,,,,,,,-0.4861,,,,,,,,0,,,,,,,,,,,,,,,111.5,38.0,32.0,-6.0,0.959,13.9,8.21,109.2,106.2,50.7,87.0,31.0,RB29,29.0,85.8,156.1,9.18,7.0,$9-11,71.0,13.1,—,0,0,99,,—,29,181.3,0.861,0.0,17.73,1.0,-0.2,-0.2,103.73,85.8,17.93,103.73,85.8,SLEEPER,148.51,0.0,-0.012,146.73,0.4,29,RB29,8.0,-16.2,0.0,-2.4,148.51,0.0,0.0,-1.2,0.0,0.0,0.0,0.0,0.0,0.0,0.0,0.0,Tier 9,86.0,80.8,91.8,11.0,⚡ High Variance (Boom/Bust Ceiling),29.0,Tier 7,27.1,30.9,3.8
113,Jadarian Price,RB,SEA,T6,0.0,0.0,178,RB30,68,67.6,-0.4,Fair Market Value,ESPN,76.24,65.8,67.6,67.6,10.44,189.97,9.12,,0.0,0.0,70.0,70.0,0.0,0.17,0.774,16,6.0,2.5,,,0.0,Neutral,False,True,Healthy,11,RB30,62.599999999999994,73.6,2.5,1,FP_SEA_JADARIAN_PRICE,80.0,80.0,RB,SEA,155.0,36.89,26.35,220.12,1.08,215.53,913.16,7.97,0.0,0.0,0.0,71.0,RB27,172.47,13.0,11.0,61.0,Neutral,Black,0.0,0.0,0.0,Fool's Gold,0.0,0.0,0.0,0.0,,,,30.0,99.0,Rookie,,,,,,,🎯 **Target / Sleeper**,🤝 **Consensus High**,Consensus Alignment,Tier 11,Round 6 (6.06),6.06,"Explosive home-run back; Zach Charbonnet out until Nov; Ryan Grubb scheme; ""unstoppable"" camp buzz; top-25 RB early runway.",https://www.fantasypoints.com/nfl/articles/2026/mr-relevant-late-round-sleepers,14.0,0.0,1.0,0.0,0.0,0.0,0.0,0.0,0.0,0.0,0.0,0.0,RB19,T6,,75.0,consensus,Medium,0.0,0.0,2.0,1.0,,,SEA,1340.0,0.058,28.0,0.02,0.08,SEA,10.0,3.5,False,Brian Fleury,96.6,11.0,26.4,4.0,32.9,17.0,—,16.0,Zone,4.0,Even,14.0,Chew the Clock (High Scoring Offense + Elite Defense -> Run-Heavy Second Halves),SEA,14,46.7,53.3,4.0,0.0,Unknown,,67.4,,,,,,,,,,,,,Jadarian Price,SEA,1,1.0,32.0,44.8,64.4,17.5,99.9,4.49,35.0,124.0,203.0,11.9,47.0,35.0,11.0,118.5,32.0,25.0,-7.0,0.772,13.8,8.0,85.0,107.5,75.6,65.8,26.0,RB30,30.0,67.6,155.0,9.12,8.0,$11-13,59.0,13.3,—,0,0,99,,—,30,181.3,0.855,0.0,8.24,-2.2,-0.4,-0.4,76.24,65.8,10.44,76.24,65.8,YAHOO,150.24,3.75,-0.026,146.33,0.0,30,RB30,14.0,-45.4,0.0,-2.8,150.24,0.0,0.0,-2.6,0.0,0.0,0.0,0.0,0.0,0.0,0.0,-5.0,Tier 8,68.0,62.6,73.6,11.0,⚡ High Variance (Boom/Bust Ceiling),30.0,Tier 8,28.1,31.9,3.8
86,Chuba Hubbard,RB,CAR,T6,3.36,3.36,180,RB31,79,77.9,-1.1,Fair Market Value,ESPN,122.21,84.4,77.9,77.9,44.31,173.61,8.94,9.9,0.0,0.0,60.0,60.0,-0.015,0.25,0.794,16,6.0,4.2,30.0,-0.08,-4.0,Neutral,False,True,Healthy,5,RB31,72.9,83.9,2.5,1,FP_CAR_CHUBA_HUBBARD,80.0,80.0,RB,CAR,151.9,50.988,36.42,256.35,1.8,178.18,728.88,4.95,0.0,0.0,0.0,96.0,RB33,155.07,15.0,5.0,83.0,Target (Green),Green,1.0,0.0,0.0,Silver Lining,0.0,0.0,0.0,0.0,,,,23.0,27.0,Med,,,,,,,🎯 **Target / Even-Year**,🤝 **Consensus Value Target**,Consensus Alignment,Tier 13,Round 7/8,7.5,Even-numbered year breakout history; Panthers 400+ RB carries; hamstring injury drops price 1-2 rounds.,https://www.fantasypoints.com/nfl/articles/2026/the-gurus-2026-fantasy-football-draft-plan,8.0,0.0,1.0,0.0,0.0,0.0,0.0,0.0,0.0,0.0,0.0,0.0,RB32,T8,,93.0,fade,High (Overpriced Bust Risk),0.0,0.0,3.0,1.0,,,CAR,1900.0,-0.03,28.6,-0.01,-0.04,CAR,16.0,3.0,False,Dave Canales/Idzik,78.7,27.0,19.8,24.0,33.6,15.0,High 11P,22.0,Balanced,19.0,Spread,23.0,Passing / Garbage Time (Low Scoring Offense + Bad Defense -> Trailing Game Scripts / Air Volume),CAR,8,29.48,70.52,22.0,-2.0,D.Canales,56.5,71.7,,,,,,,-0.714,,,,,,,,0,,,,,,,,,,,,,,,137.5,28.0,33.0,5.0,0.962,12.5,9.33,112.6,134.7,93.4,84.4,29.0,RB31,31.0,77.9,151.9,8.94,8.0,$7-9,75.0,12.6,—,0,0,99,,—,31,181.3,0.838,0.0,43.21,5.4,-1.1,-1.1,122.21,77.9,44.31,122.21,77.9,SLEEPER,149.09,-2.02,0.004,149.69,3.36,28,RB28,8.0,-8.1,0.0,2.0,149.09,0.0,-4.0,0.4,0.0,0.0,0.0,0.0,0.0,0.0,12.0,0.0,Tier 9,79.0,72.9,83.9,11.0,⚡ High Variance (Boom/Bust Ceiling),31.0,Tier 8,29.1,32.9,3.8
173,Kenny Gainwell,RB,TB,T7,-7.94,-7.94,187,RB32,109,112.0,3.0,Value Target (Discounted),YAHOO,117.54,118.1,112.0,112.0,6.1,171.55,8.64,,0.0,0.0,80.0,80.0,0.028,0.11,0.75,16,6.0,2.5,,,0.0,Neutral,False,True,Healthy,10,RB32,107.0,118.0,2.5,1,FP_TB_KENNY_GAINWELL,80.0,80.0,RB,TB,146.8,69.58,49.7,351.95,2.01,116.59,512.09,4.19,0.0,0.0,0.0,74.0,RB30,170.22,13.0,10.0,116.0,Avoid (Red),Red,0.0,0.0,1.0,Silver Lining,0.0,0.0,0.0,0.0,,,,36.0,30.0,Med,,,,,,,—,—,Consensus Alignment,—,—,99.0,,,1.0,0.0,0.0,0.0,0.0,0.0,0.0,0.0,0.0,0.0,0.0,0.0,—,—,,84.0,consensus,Medium,0.0,0.0,,,,,TB,820.0,0.078,27.5,-0.03,0.14,TB,26.0,4.0,False,Zac Robinson,89.8,18.0,27.9,2.0,30.4,24.0,High 12P,13.0,Zone,2.0,Condensed,20.0,Slugfests (Low Scoring Offense + Elite Defense -> Low Over/Unders / Grinding Games),TB,5,26.78,73.22,23.0,-6.6,Z.Robinson,,,,,,,,,,,,,,,,,0,,,,,,,,,,,,,,,113.4,36.0,37.0,1.0,0.982,15.8,8.76,135.9,104.5,53.1,118.1,39.0,RB32,32.0,112.0,146.8,8.64,8.0,$6-8,107.0,10.0,—,0,0,99,,—,32,181.3,0.81,0.0,8.54,9.1,3.0,3.0,118.1,112.0,6.1,118.1,112.0,SLEEPER,144.31,3.33,-0.041,138.39,-7.94,32,RB32,1.0,-61.0,0.0,0.4,144.31,0.0,0.0,-4.1,0.0,0.0,0.0,0.0,0.0,0.0,-15.0,0.0,Tier 11,109.0,107.0,118.0,11.0,⚡ High Variance (Boom/Bust Ceiling),32.0,Tier 8,30.1,33.9,3.8
180,Aaron Jones,RB,MIN,T7,-14.25,-14.25,188,RB33,119,124.9,5.9,Value Target (Discounted),ESPN,132.66,123.1,124.9,124.9,9.56,161.18,8.58,9.2,0.0,0.0,80.0,80.0,0.035,0.19,0.691,16,7.0,2.5,,,0.0,Neutral,False,False,Healthy,6,RB33,119.9,130.9,2.5,1,FP_MIN_AARON_JONES,80.0,80.0,RB,MIN,145.8,56.937999999999995,40.67,300.74,1.69,149.94,638.75,3.07,0.0,0.0,0.0,99.0,RB34,153.23,15.0,6.0,127.0,Avoid (Red),Red,0.0,0.0,1.0,Fool's Gold,0.0,0.0,0.0,0.0,,,,,,,,,,,,🏆 RB's Dream QB (High Checkdowns / No GL Vultures),—,—,Consensus Alignment,—,—,99.0,,,1.0,0.0,0.0,0.0,0.0,0.0,0.0,0.0,0.0,0.0,0.0,0.0,—,—,,118.0,consensus,Medium,0.0,0.0,1.0,1.0,,,MIN,1580.0,0.085,27.1,-0.02,0.15,MIN,9.0,4.0,True,Kevin O'Connell,76.2,28.0,18.9,26.0,37.4,5.0,—,25.0,Balanced,23.0,Condensed,5.0,Shootouts (High Scoring Offense + Vulnerable Defense -> Max Fantasy Ceiling),MIN,12,31.97,68.03,18.0,1.4,K.O'Connell,61.4,74.7,,,,,,,-0.7601,,,,,,,,0,,,,,,,,,,,,,,,117.8,34.0,36.0,2.0,0.887,13.8,7.94,97.0,132.2,60.0,123.1,43.0,RB33,33.0,124.9,145.8,8.58,8.0,$5-7,111.0,9.4,—,0,0,99,,—,33,181.3,0.804,0.0,13.66,4.1,5.9,5.9,132.66,123.1,9.56,132.66,123.1,YAHOO,140.66,2.23,-0.061,132.08,-14.25,33,RB33,1.0,-55.1,0.0,0.8,140.66,0.0,0.0,-6.1,0.0,0.0,0.0,0.0,0.0,0.0,-15.0,-5.0,Tier 11,119.0,119.9,130.9,11.0,⚡ High Variance (Boom/Bust Ceiling),33.0,Tier 9,31.1,34.9,3.8
194,Blake Corum,RB,LA,T8,-20.74,-20.74,202,RB34,101,103.0,2.0,Fair Market Value,ESPN,136.18,99.6,103.0,103.0,36.58,138.56,7.86,8.1,0.0,0.0,80.0,80.0,0.0,0.15,0.5,16,7.0,2.5,,,0.0,Neutral,False,True,Healthy,11,RB34,98.0,109.0,2.5,1,FP_LA_BLAKE_CORUM,80.0,80.0,RB,LA,133.7,16.646,11.89,80.37,0.2,167.65,801.5,6.44,0.0,0.0,0.0,112.0,RB40,136.71,17.0,11.0,89.0,Neutral,Black,0.0,0.0,0.0,Fool's Gold,0.0,0.0,0.0,0.0,,,,40.0,36.0,Handcuff,,,,,,🏆 RB's Dream QB (High Checkdowns / No GL Vultures),—,—,Consensus Alignment,—,—,99.0,⭐ #1 Rams Offense Most Undervalued Asset,,1.0,0.0,0.0,0.0,0.0,0.0,0.0,0.0,0.0,0.0,0.0,0.0,—,—,,110.0,consensus,Medium,0.0,0.0,,,,,,,,,,,,,,,,,,,,,,,,,,,,,,16,35.0,65.0,,0.0,—,61.3,72.6,,,,,,,-0.4385,,,,,,,,0,,,,,,,,,,,,,,,106.4,42.0,34.0,-8.0,0.974,14.9,7.08,102.7,99.7,53.2,99.6,34.0,RB34,34.0,103.0,133.7,7.86,9.0,$1,83.0,10.0,—,0,1,1,Rams,#1 Rams Offense - Most Undervalued Asset,34,181.3,0.737,0.0,35.18,-1.4,2.0,2.0,136.18,99.6,36.58,136.18,99.6,YAHOO,127.63,0.75,-0.016,125.59,-20.74,35,RB35,1.0,-91.0,0.0,-3.2,127.63,0.0,0.0,-1.6,0.0,0.0,0.0,0.0,0.0,4.0,0.0,-5.0,Tier 10,101.0,98.0,109.0,11.0,⚡ High Variance (Boom/Bust Ceiling),34.0,Tier 9,32.1,35.9,3.8
197,Kyle Monangai,RB,CHI,T8,-23.18,-23.18,214,RB35,97,99.1,2.1,Fair Market Value,ESPN,128.36,104.3,99.1,99.1,29.26,156.24,7.63,8.7,0.0,0.0,80.0,80.0,0.01,0.26,0.63,16,7.0,2.5,,,0.0,Neutral,False,True,Healthy,10,RB35,94.1,105.1,2.5,1,FP_CHI_KYLE_MONANGAI,80.0,80.0,RB,CHI,129.7,32.032,22.88,194.99,0.43,191.3,817.95,5.16,0.0,0.0,0.0,116.0,RB41,129.94,17.0,10.0,91.0,Neutral,Black,0.0,0.0,0.0,Fool's Gold,0.0,0.0,0.0,0.0,,,,37.0,33.0,Rookie,,,,,,,—,—,Consensus Alignment,—,—,99.0,,,1.0,0.0,0.0,0.0,0.0,0.0,0.0,0.0,0.0,0.0,0.0,0.0,—,—,,111.0,consensus,Medium,0.0,0.0,,,,,CHI,2020.0,0.048,27.6,0.01,0.07,CHI,3.0,4.0,False,Ben Johnson,98.3,8.0,29.3,1.0,37.2,7.0,High 12P,4.0,Zone,6.0,Even,11.0,Balanced Environment,CHI,4,41.16,58.84,7.0,-2.7,B.Johnson,60.0,65.5,,,,,,,-0.6055,,,,,,,,0,,,,,,,,,,,,,,,116.4,35.0,30.0,-5.0,0.975,13.6,7.38,98.0,113.5,66.2,104.3,36.0,RB35,35.0,99.1,129.7,7.63,9.0,$1,97.0,9.3,—,0,0,99,,—,35,181.3,0.715,0.0,31.36,7.3,2.1,2.1,128.36,99.1,29.26,128.36,99.1,SLEEPER,126.44,3.6,-0.026,123.15,-23.18,36,RB36,1.0,-97.9,0.0,-2.0,126.44,0.0,0.0,-2.6,0.0,0.0,0.0,0.0,0.0,0.0,0.0,-5.0,Tier 10,97.0,94.1,105.1,11.0,⚡ High Variance (Boom/Bust Ceiling),35.0,Tier 9,33.1,36.9,3.8
198,Jonathon Brooks,RB,CAR,T8,-23.22,-23.22,215,RB36,107,110.6,3.6,Value Target (Discounted),ESPN,116.37,97.2,110.6,110.6,19.17,164.11,7.59,,0.0,0.0,60.0,60.0,-0.015,0.25,0.794,16,7.0,1.6,60.0,0.28,15.0,Neutral,False,True,Healthy,5,RB36,105.6,116.6,2.5,1,FP_CAR_JONATHON_BROOKS,80.0,80.0,RB,CAR,129.1,41.398,29.57,225.21,1.08,188.32,777.86,5.11,0.0,0.0,0.0,86.0,RB32,157.74,14.0,5.0,82.0,Target (Green),Green,1.0,0.0,0.0,—,0.0,0.0,0.0,0.0,,,,38.0,99.0,Injury Return,,,,,,,💥 **Core Exodia / League-Winner**,🤝 **Consensus High**,Consensus Alignment,Tier 12,Round 8/9,8.5,Core Exodia target ($11); more productive college receiver than Bijan; Dave Canales backfield meritocracy; Chuba Hubbard hamstring injury opens door.,https://www.fantasypoints.com/nfl/articles/2026/anatomy-of-a-league-winner,11.0,1.0,0.0,0.0,0.0,0.0,0.0,0.0,0.0,0.0,0.0,0.0,RB25,T7,,102.0,guy,Low (High Floor Alpha),0.0,0.0,,,,,CAR,1900.0,-0.03,28.6,-0.01,-0.04,CAR,16.0,3.0,False,Dave Canales/Idzik,78.7,27.0,19.8,24.0,33.6,15.0,High 11P,22.0,Balanced,19.0,Spread,23.0,Passing / Garbage Time (Low Scoring Offense + Bad Defense -> Trailing Game Scripts / Air Volume),CAR,8,29.48,70.52,22.0,-2.0,D.Canales,,86.2,,,,,,,,,,,,,,,0,,,,,,,,,,,,,,,50.8,59.0,39.0,-20.0,0.774,10.8,6.57,54.7,55.1,41.7,97.2,33.0,RB36,36.0,110.6,129.1,7.59,9.0,$1-3,82.0,10.7,—,0,0,99,,—,36,181.3,0.712,0.0,9.37,-9.8,3.6,3.6,116.37,97.2,19.17,116.37,97.2,YAHOO,116.69,-2.02,0.055,123.11,-23.22,37,RB37,11.0,-87.4,4.0,-6.0,116.69,0.0,15.0,5.5,22.0,0.0,0.0,0.0,0.0,0.0,12.0,0.0,Tier 10,107.0,105.6,116.6,11.0,⚡ High Variance (Boom/Bust Ceiling),36.0,Tier 9,34.1,37.9,3.8
190,RJ Harvey,RB,DEN,T8,-18.04,-18.04,218,RB37,80,79.5,-0.5,Fair Market Value,ESPN,138.44,103.9,79.5,79.5,58.94,162.13,7.48,9.2,0.0,0.0,100.0,100.0,-0.018,0.27,0.563,16,6.0,4.2,,,0.0,Neutral,False,True,Healthy,10,RB37,74.5,85.5,2.5,1,FP_DEN_RJ_HARVEY,80.0,80.0,RB,DEN,127.2,64.27399999999999,45.91,341.62,3.19,107.6,406.31,3.95,0.0,0.0,0.0,100.0,RB35,153.52,15.0,10.0,77.0,Pass (Yellow),Yellow,0.0,1.0,0.0,Silver Lining,0.0,18.28,9.07,1.0,,,,32.0,28.0,Med,,,,,,,🎯 **Target / Contingent Value**,⚔️ **FP: High XFP/RR Target  vs  Guru: Dirty 30 (Coleman threat)**,FP: High XFP/RR Target  vs  Guru: Dirty 30 (Coleman threat),Tier 13,Round 8/9,8.5,16.6 FPG post-bye in 2025; led all NFL RBs in XFP/RR (0.50); 4.6 expected receiving TDs (2nd only to CMC); Sean Payton red-zone weapon.,https://www.fantasypoints.com/nfl/articles/2026/ryan-heaths-2026-fantasy-football-rankings-and-targets,10.0,0.0,1.0,0.0,1.0,0.0,1.0,0.0,0.0,0.0,0.0,0.0,RB37,T9,,94.0,fade,High (Overpriced Bust Risk),0.0,0.0,,,,,DEN,2100.0,0.02,28.9,0.01,0.03,DEN,4.0,5.0,True,Sean Payton/Webb,94.5,13.0,24.2,9.0,32.6,21.0,—,7.0,Gap,26.0,Most Spread,2.0,Balanced Environment,DEN,1,17.22,82.78,31.0,1.7,S.Payton,71.9,88.7,,,,,,,-0.0129,,,,,,,,0,,,,,,,,,,,,,,,140.9,27.0,35.0,8.0,0.97,14.8,8.28,118.7,132.6,135.4,103.9,35.0,RB37,37.0,79.5,127.2,7.48,9.0,$1,106.0,9.7,—,0,0,99,,—,37,181.3,0.702,0.0,58.44,23.9,-0.5,-0.5,138.44,79.5,58.94,138.44,79.5,SLEEPER,137.21,7.02,-0.065,128.29,-18.04,34,RB34,10.0,-110.5,0.0,3.2,137.21,0.0,0.0,-6.5,0.0,0.0,0.0,0.0,0.0,0.0,-5.0,0.0,Tier 9,80.0,74.5,85.5,11.0,⚡ High Variance (Boom/Bust Ceiling),37.0,Tier 9,35.1,38.9,3.8
209,Rachaad White,RB,WAS,T8,-27.88,-27.88,228,RB38,123,131.6,8.6,Screaming Steal (Huge Value),ESPN,136.37,122.3,131.6,131.6,14.07,161.27,7.16,10.7,0.0,0.0,40.0,40.0,0.012,0.23,0.65,16,7.0,2.5,,,0.0,Neutral,False,False,Healthy,7,RB38,126.6,137.6,2.5,1,FP_WAS_RACHAAD_WHITE,80.0,80.0,RB,WAS,121.7,50.092,35.78,247.93,1.6,136.99,605.64,5.36,0.0,0.0,0.0,104.0,RB38,144.41,16.0,7.0,109.0,Avoid (Red),Red,0.0,0.0,1.0,Silver Lining,0.0,0.0,0.0,0.0,,,,34.0,21.0,Low,,,,,,,🎯 **Target / Value**,🤝 **Consensus Target**,Consensus Alignment,Tier 13,Round 10/11,10.5,175+ touches with college teammate Jayden Daniels; David Blough play-action scheme; Jerome Ford on IR.,https://www.fantasypoints.com/nfl/articles/2026/the-gurus-2026-fantasy-football-draft-plan,4.0,0.0,1.0,0.0,0.0,0.0,0.0,0.0,0.0,0.0,0.0,0.0,RB38,T9,,124.0,consensus,Medium,0.0,0.0,3.0,1.0,,,WAS,1780.0,0.088,25.1,0.07,0.1,WAS,24.0,2.0,True,David Blough,80.9,26.0,22.0,18.0,36.0,10.0,More 12P,5.0,Gap,12.0,Even,12.0,Shootouts (High Scoring Offense + Vulnerable Defense -> Max Fantasy Ceiling),WAS,25,30.3,69.7,21.0,0.0,Unknown,69.0,85.5,,,,,,,-0.2657,,,,,,,,0,,,,,,,,,,,,,,,110.4,39.0,43.0,4.0,0.978,15.3,7.74,115.8,96.3,79.6,122.3,42.0,RB38,38.0,131.6,121.7,7.16,9.0,$1,116.0,9.2,—,0,0,99,,—,38,181.3,0.671,0.0,13.37,-0.7,8.6,8.6,136.37,122.3,14.07,136.37,122.3,YAHOO,124.55,-5.43,-0.049,118.45,-27.88,39,RB39,4.0,-77.4,0.0,1.6,124.55,0.0,0.0,-4.9,0.0,0.0,0.0,0.0,0.0,0.0,-15.0,0.0,Tier 11,123.0,126.6,137.6,11.0,⚡ High Variance (Boom/Bust Ceiling),38.0,Tier 9,36.1,39.9,3.8
252,Isiah Pacheco,RB,DET,T8,-50.31,-50.31,239,RB39,172,185.1,13.1,Screaming Steal (Huge Value),SLEEPER,163.9,126.2,185.1,185.1,58.9,124.36,6.69,6.2,0.0,0.0,70.0,70.0,0.018,0.09,0.62,16,7.0,2.5,36.0,-0.12,-6.0,Neutral,False,False,Healthy,6,RB39,180.1,191.1,2.5,1,FP_DET_ISIAH_PACHECO,80.0,80.0,RB,DET,113.7,30.226,21.59,135.12,0.9,148.25,628.67,3.76,0.0,0.0,0.0,154.0,RB49,96.49,23.0,6.0,136.0,Neutral,Black,0.0,0.0,0.0,—,0.0,0.0,0.0,0.0,,,,,,,,,,,,,🎯 **Contingent Stash**,🤝 **Consensus Stash**,Consensus Alignment,Tier 14,Round 15+,15.0,Handcuff for Jahmyr Gibbs on Vegas #3 scoring offense (David Montgomery gone).,https://www.fantasypoints.com/nfl/articles/2026/mr-relevant-late-round-sleepers,1.0,0.0,1.0,0.0,0.0,0.0,0.0,0.0,0.0,0.0,0.0,0.0,,,,149.0,consensus,Medium,0.0,0.0,,,,,DET,720.0,0.16,26.4,0.11,0.19,DET,15.0,3.5,False,Drew Petzing,107.7,3.0,21.4,20.0,26.1,27.0,—,3.0,Gap,24.0,Even,11.0,Balanced Environment,DET,16,30.85,69.15,20.0,-1.1,D.Petzing,50.0,50.8,,,,,,,-1.1998,,,,,,,,0,,,,,,,,,,,,,,,62.5,54.0,60.0,6.0,0.915,11.5,5.15,54.0,61.6,55.3,126.2,46.0,RB39,39.0,185.1,113.7,6.69,10.0,$1,178.0,5.9,—,0,0,99,,—,39,181.3,0.627,0.0,-8.1,-45.8,13.1,13.1,185.1,126.2,58.9,185.1,126.2,YAHOO,96.6,-1.02,-0.006,96.02,-50.31,45,RB45,1.0,-66.9,-3.0,2.4,96.6,0.0,-6.0,-0.6,0.0,0.0,0.0,0.0,0.0,0.0,0.0,0.0,Tier 12,172.0,180.1,191.1,11.0,⚡ High Variance (Boom/Bust Ceiling),39.0,Tier 9,37.1,40.9,3.8
225,Tyjae Spears,RB,TEN,T8,-38.9,-38.9,244,RB40,162,167.2,5.2,Value Target (Discounted),SLEEPER,160.37,133.4,167.2,167.2,33.8,138.09,6.48,8.5,0.0,0.0,40.0,40.0,-0.02,0.33,0.588,16,5.0,,,,0.0,Neutral,False,False,Healthy,9,RB40,162.2,173.2,2.5,1,FP_TEN_TYJAE_SPEARS,80.0,80.0,RB,TEN,110.2,64.19,45.85,306.12,1.2,94.84,379.57,2.99,0.0,0.0,0.0,128.0,RB43,120.74,20.0,9.0,137.0,Neutral,Black,0.0,0.0,0.0,—,0.0,0.0,0.0,0.0,,,,,,,,,,,,🏆 RB's Dream QB (High Checkdowns / No GL Vultures),—,—,Consensus Alignment,—,—,99.0,,,1.0,0.0,0.0,0.0,0.0,0.0,0.0,0.0,0.0,0.0,0.0,0.0,—,—,,,consensus,,0.0,0.0,,,,,TEN,2550.0,0.01,29.0,0.03,-0.01,TEN,25.0,2.0,False,Brian Daboll,74.1,29.0,19.9,23.0,32.6,21.0,High 12P,12.0,Balanced,28.0,Very Spread,13.0,Slugfests (Low Scoring Offense + Elite Defense -> Low Over/Unders / Grinding Games),TEN,31,20.11,79.89,29.0,-1.4,B.Daboll,77.0,87.3,,,,,,,0.473,,,,,,,,0,,,,,,,,,,,,,,,94.7,44.0,52.0,8.0,0.963,14.6,5.5,77.3,86.1,79.4,133.4,55.0,RB40,40.0,167.2,110.2,6.48,10.0,$1,157.0,6.8,—,0,0,99,,—,40,181.3,0.608,0.0,-1.63,-28.6,5.2,5.2,167.2,133.4,33.8,167.2,133.4,YAHOO,108.96,-7.95,-0.014,107.43,-38.9,41,RB41,1.0,-57.8,0.0,3.2,108.96,0.0,0.0,-1.4,0.0,0.0,0.0,0.0,0.0,0.0,0.0,0.0,Tier 12,162.0,162.2,173.2,11.0,⚡ High Variance (Boom/Bust Ceiling),40.0,Tier 9,38.1,41.9,3.8
205,J.K. Dobbins,RB,DEN,T8,-26.25,-26.25,249,RB41,93,94.5,1.5,Fair Market Value,ESPN,116.55,96.6,94.5,94.5,22.05,176.09,6.35,10.7,0.0,0.0,100.0,100.0,-0.018,0.27,0.563,16,6.0,2.5,,,0.0,Neutral,False,True,Healthy,10,RB41,89.5,100.5,2.5,1,FP_DEN_J.K._DOBBINS,80.0,80.0,RB,DEN,107.9,27.229999999999997,19.45,104.46,0.61,219.92,1027.8,6.87,0.0,0.0,0.0,102.0,RB36,147.66,15.0,10.0,96.0,Pass (Yellow),Yellow,0.0,1.0,0.0,Fool's Gold,0.0,0.0,0.0,0.0,,,,33.0,29.0,Low,,,,,,,🚫 **Overvalue / Committee**,🤝 **Consensus Avoid (Dirty 30)**,Consensus Alignment,Tier 13,Round 9,9.0,Jonah Coleman pushing for early carries; TD-or-bust with 11 catches; 8 games/yr average.,https://www.fantasypoints.com/nfl/articles/2026/players-to-avoid-and-overvalues,4.0,0.0,0.0,1.0,0.0,0.0,1.0,0.0,0.0,0.0,0.0,0.0,RB31,T8,,90.0,consensus,Medium,0.0,0.0,3.0,1.0,,,DEN,2100.0,0.02,28.9,0.01,0.03,DEN,4.0,5.0,True,Sean Payton/Webb,94.5,13.0,24.2,9.0,32.6,21.0,—,7.0,Gap,26.0,Most Spread,2.0,Balanced Environment,DEN,1,17.22,82.78,31.0,1.7,S.Payton,62.0,76.1,,,,,,,0.2621,,,,,,,,0,,,,,,,,,,,,,,,146.4,23.0,29.0,6.0,0.951,14.1,10.45,140.5,122.3,122.9,96.6,32.0,RB41,41.0,94.5,107.9,6.35,10.0,$1-3,105.0,9.3,—,0,0,99,,—,41,181.3,0.595,0.0,23.55,3.6,1.5,1.5,116.55,94.5,22.05,116.55,94.5,SLEEPER,127.47,7.02,-0.058,120.08,-26.25,38,RB38,4.0,-110.5,0.0,2.4,127.47,0.0,0.0,-5.8,0.0,0.0,0.0,0.0,0.0,0.0,-5.0,-5.0,Tier 10,93.0,89.5,100.5,11.0,⚡ High Variance (Boom/Bust Ceiling),41.0,Tier 10,39.1,42.9,3.8
218,Jacory Croskey-Merritt,RB,WAS,T8,-34.16,-34.16,256,RB42,110,113.1,3.1,Value Target (Discounted),ESPN,131.69,111.0,113.1,113.1,20.69,147.39,6.19,,0.0,0.0,40.0,40.0,0.012,0.23,0.65,16,5.0,,,,0.0,Neutral,False,True,Healthy,7,RB42,108.1,119.1,2.5,1,FP_WAS_JACORY_CROSKEY-MERRITT,80.0,80.0,RB,WAS,105.3,17.29,12.35,91.34,0.22,185.11,831.68,7.48,0.0,0.0,0.0,108.0,RB39,139.7,17.0,7.0,97.0,Pass (Yellow),Yellow,0.0,1.0,0.0,Fool's Gold,0.0,0.0,0.0,0.0,,,,39.0,37.0,Low,,,,,,,🎯 **Sleeper / Value**,🤝 **Consensus Target**,Consensus Alignment,Tier 13,Round 11/12,11.5,4.9 YPC in Daniels starts; 13.5% explosive run rate; Commanders 23.5 implied PPG (highest of late backfields).,https://www.fantasypoints.com/nfl/articles/2026/ryan-heaths-2026-fantasy-football-rankings-and-targets,3.0,0.0,1.0,0.0,0.0,0.0,0.0,0.0,0.0,0.0,0.0,0.0,RB30,T8,,,consensus,,0.0,0.0,,,,,WAS,1780.0,0.088,25.1,0.07,0.1,WAS,24.0,2.0,True,David Blough,80.9,26.0,22.0,18.0,36.0,10.0,More 12P,5.0,Gap,12.0,Even,12.0,Shootouts (High Scoring Offense + Vulnerable Defense -> Max Fantasy Ceiling),WAS,25,30.3,69.7,21.0,0.0,Unknown,70.9,84.4,,,,,,,0.1137,,,,,,,,0,,,,,,,,,,,,,,,121.5,31.0,42.0,11.0,0.937,14.6,8.05,109.9,136.4,75.1,111.0,37.0,RB42,42.0,113.1,105.3,6.19,11.0,$1,95.0,10.0,—,0,0,99,,—,42,181.3,0.581,0.0,21.69,1.0,3.1,3.1,131.69,111.0,20.69,131.69,111.0,YAHOO,117.95,-5.43,-0.049,112.17,-34.16,40,RB40,3.0,-104.9,0.0,4.4,117.95,0.0,0.0,-4.9,0.0,0.0,0.0,0.0,0.0,0.0,-5.0,-5.0,Tier 11,110.0,108.1,119.1,11.0,⚡ High Variance (Boom/Bust Ceiling),42.0,Tier 10,40.1,43.9,3.8
253,Keaton Mitchell,RB,LAC,T8,-50.33,-50.33,264,RB43,170,182.0,12.0,Screaming Steal (Huge Value),SLEEPER,168.7,131.8,182.0,182.0,50.2,84.39,5.98,,0.0,0.0,60.0,60.0,-0.035,0.38,0.663,16,5.0,,,,0.0,Neutral,False,False,Healthy,7,RB43,177.0,188.0,2.5,1,FP_LAC_KEATON_MITCHELL,80.0,80.0,RB,LAC,101.6,21.741999999999997,15.53,114.48,0.39,95.64,432.78,2.21,0.0,0.0,0.0,137.0,RB45,110.94,21.0,7.0,131.0,Target (Green),Green,1.0,0.0,0.0,—,0.0,0.0,0.0,0.0,,,,,,,,,,,,⚠️ Touch Vulture QB (Steals 30%+ GL Carries),—,—,Consensus Alignment,—,—,99.0,,,1.0,0.0,0.0,0.0,0.0,0.0,0.0,0.0,0.0,0.0,0.0,0.0,—,—,,,consensus,,0.0,0.0,,,,,LAC,2900.0,0.06,29.2,0.05,0.07,LAC,32.0,3.0,False,Mike McDaniel,91.9,15.0,26.7,3.0,35.4,11.0,High 21P,31.0,Zone,1.0,Very Condensed,28.0,Chew the Clock (High Scoring Offense + Elite Defense -> Run-Heavy Second Halves),LAC,9,18.72,81.28,30.0,-1.4,M.McDaniel,77.8,80.0,,,,,,,0.1184,,,,,,,,0,,,,,,,,,,,,,,,62.7,53.0,59.0,6.0,0.871,11.7,5.15,52.4,43.6,36.2,131.8,53.0,RB43,43.0,182.0,101.6,5.98,10.0,$1,163.0,6.1,—,0,0,99,,—,43,181.3,0.56,0.0,-1.3,-38.2,12.0,12.0,182.0,131.8,50.2,182.0,131.8,YAHOO,94.21,-1.73,0.019,96.0,-50.33,46,RB46,1.0,-71.0,0.0,2.4,94.21,0.0,0.0,1.9,0.0,0.0,0.0,0.0,0.0,0.0,12.0,0.0,Tier 12,170.0,177.0,188.0,11.0,⚡ High Variance (Boom/Bust Ceiling),43.0,Tier 10,41.1,44.9,3.8
247,Justice Hill,RB,BLT,T8,-49.71,-49.71,272,RB44,326,999.0,673.0,Screaming Steal (Huge Value),ESPN,999.0,999.0,999.0,999.0,0.0,112.1,5.69,,0.0,0.0,80.0,80.0,0.0,0.15,0.5,16,5.0,,,,0.0,Neutral,False,False,Healthy,13,RB44,994.0,1005.0,2.5,1,FP_BLT_JUSTICE_HILL,80.0,80.0,RB,BLT,96.7,45.80799999999999,32.72,283.43,1.84,56.4,273.71,2.18,0.0,0.0,0.0,156.0,RB50,95.89,23.0,13.0,,Neutral,Black,0.0,0.0,0.0,—,0.0,0.0,0.0,0.0,,,,,,,,,,,,,—,—,Consensus Alignment,—,—,99.0,,,1.0,0.0,0.0,0.0,0.0,0.0,0.0,0.0,0.0,0.0,0.0,0.0,—,—,,,consensus,,0.0,0.0,,,,,,,,,,,,,,,,,,,,,,,,,,,,,,16,35.0,65.0,,0.0,—,82.3,70.2,,,,,,,0.8276,,,,,,,,0,,,,,,,,,,,,,,,,,,,,,,,,,,,RB44,44.0,999.0,96.7,5.69,10.0,$1,196.0,6.0,—,0,0,99,,—,44,181.3,0.533,0.0,673.0,673.0,673.0,673.0,999.0,999.0,0.0,999.0,999.0,CONSENSUS,96.43,0.75,0.002,96.62,-49.71,43,RB43,1.0,752.0,3.0,0.0,96.43,0.0,0.0,0.2,0.0,0.0,0.0,0.0,0.0,0.0,0.0,0.0,Tier 12,326.0,322.9,220.0,-102.9,🎯 High Consensus (Safe Floor),44.0,Tier 10,42.1,45.9,3.8
263,Dylan Sampson,RB,CLV,T8,-57.66,-57.66,278,RB45,177,190.3,13.3,Screaming Steal (Huge Value),YAHOO,170.97,190.3,190.3,190.3,19.33,108.73,5.49,,0.0,0.0,80.0,80.0,0.0,0.15,0.5,16,5.0,,,,0.0,Neutral,False,False,Healthy,11,RB45,185.3,196.3,2.5,1,FP_CLV_DYLAN_SAMPSON,80.0,80.0,RB,CLV,93.4,50.792,36.28,285.14,2.07,74.2,257.2,1.36,0.0,0.0,0.0,174.0,RB55,89.24,28.0,11.0,,Neutral,Black,0.0,0.0,0.0,—,0.0,0.0,0.0,0.0,,,,,,,,,,,,,🎯 **PPR Sleeper**,🤝 **Consensus Sleeper**,Consensus Alignment,Tier 14,Round 15+,15.0,33/271/2 rec at age 21; Todd Monken Justice Hill role; Quinshon Judkins leg recovery.,https://www.fantasypoints.com/nfl/articles/2026/mr-relevant-late-round-sleepers,1.0,0.0,1.0,0.0,0.0,0.0,0.0,0.0,0.0,0.0,0.0,0.0,,,,,consensus,,0.0,0.0,,,,,,,,,,,,,,,,,,,,,,,,,,,,,,16,35.0,65.0,,0.0,—,,84.0,,,,,,,,,,,,,,,0,,,,,,,,,,,,,,,80.8,47.0,53.0,6.0,0.85,12.8,8.03,87.6,66.6,56.7,,,RB45,45.0,190.3,93.4,5.49,10.0,$1,182.0,6.1,—,0,0,99,,—,45,181.3,0.515,0.0,-6.03,13.3,13.3,13.3,190.3,170.97,19.33,190.3,170.97,ESPN,89.21,0.75,-0.006,88.67,-57.66,49,RB49,1.0,-72.7,4.0,2.4,89.21,0.0,0.0,-0.6,0.0,0.0,0.0,0.0,0.0,0.0,0.0,0.0,Tier 12,177.0,185.3,196.3,11.0,⚡ High Variance (Boom/Bust Ceiling),45.0,Tier 10,43.1,46.9,3.8
280,Ty Johnson,RB,BUF,T8,-66.13,-66.13,284,RB46,341,999.0,658.0,Screaming Steal (Huge Value),ESPN,999.0,999.0,999.0,999.0,0.0,94.32,5.35,,0.0,0.0,90.0,90.0,0.03,0.32,0.655,16,5.0,,,,0.0,Neutral,False,False,Healthy,7,RB46,994.0,1005.0,2.5,1,FP_BUF_TY_JOHNSON,80.0,80.0,RB,BUF,90.9,31.947999999999997,22.82,243.98,2.15,51.89,222.22,2.07,0.0,0.0,0.0,227.0,RB63,60.23,29.0,7.0,,Neutral,Black,0.0,0.0,0.0,—,0.0,0.0,0.0,0.0,,,,,,,,,,,,,—,—,Consensus Alignment,—,—,99.0,,,1.0,0.0,0.0,0.0,0.0,0.0,0.0,0.0,0.0,0.0,0.0,0.0,—,—,,,consensus,,0.0,0.0,,,,,BUF,2450.0,0.155,26.9,0.08,0.2,BUF,2.0,4.5,True,Joe Brady,101.1,5.0,24.4,8.0,30.1,25.0,—,32.0,Gap,11.0,Very Spread,22.0,Shootouts (High Scoring Offense + Vulnerable Defense -> Max Fantasy Ceiling),BUF,7,23.56,76.44,28.0,-1.6,J.Brady,78.1,68.4,,,,,,,-0.6519,,,,,,,,0,,,,,,,,,,,,,,,,,,,,,,,,,,,RB46,46.0,999.0,90.9,5.35,11.0,$1,,,—,0,0,99,,—,46,181.3,0.501,0.0,658.0,658.0,658.0,658.0,999.0,999.0,0.0,999.0,999.0,CONSENSUS,80.68,1.8,-0.006,80.2,-66.13,54,RB54,1.0,719.0,0.0,0.0,80.68,0.0,0.0,-0.6,0.0,0.0,0.0,0.0,0.0,0.0,0.0,0.0,Tier 12,341.0,337.9,220.0,-117.9,🎯 High Consensus (Safe Floor),46.0,Tier 10,44.1,47.9,3.8
266,Tyler Allgeier,RB,ARZ,T8,-58.81,-58.81,294,RB47,134,145.7,11.7,Screaming Steal (Huge Value),ESPN,164.25,129.9,145.7,145.7,34.35,98.53,5.01,6.6,0.0,0.0,80.0,80.0,0.0,0.15,0.5,16,5.0,,,,0.0,Neutral,False,False,Healthy,14,RB47,140.7,151.7,2.5,1,FP_ARZ_TYLER_ALLGEIER,80.0,80.0,RB,ARZ,85.1,23.87,17.05,110.88,0.2,111.68,425.33,4.66,0.0,0.0,0.0,143.0,RB47,106.59,21.0,14.0,129.0,Neutral,Black,0.0,0.0,0.0,—,0.0,0.0,0.0,0.0,,,,,,,,,,,,,—,—,Consensus Alignment,—,—,99.0,,,1.0,0.0,0.0,0.0,0.0,0.0,0.0,0.0,0.0,0.0,0.0,0.0,—,—,,,consensus,,0.0,0.0,,,,,,,,,,,,,,,,,,,,,,,,,,,,,,16,35.0,65.0,,0.0,—,70.2,,,,,,,,0.4098,,,,,,,,0,,,,,,,,,,,,,,,75.4,49.0,38.0,-11.0,0.93,14.6,6.18,84.0,77.6,38.4,129.9,48.0,RB47,47.0,145.7,85.1,5.01,12.0,$1,127.0,7.3,—,0,0,99,,—,47,181.3,0.469,0.0,30.25,-4.1,11.7,11.7,164.25,129.9,34.35,164.25,129.9,YAHOO,88.05,0.75,-0.006,87.52,-58.81,50,RB50,1.0,-120.3,0.0,-4.4,88.05,0.0,0.0,-0.6,0.0,0.0,0.0,0.0,0.0,0.0,0.0,0.0,Tier 12,134.0,140.7,151.7,11.0,⚡ High Variance (Boom/Bust Ceiling),47.0,Tier 10,45.1,48.9,3.8
274,Samaje Perine,RB,CIN,T8,-63.07,-63.07,295,RB48,350,999.0,649.0,Screaming Steal (Huge Value),ESPN,999.0,999.0,999.0,999.0,0.0,96.13,4.96,,0.0,0.0,60.0,60.0,0.05,0.18,0.751,16,5.0,,,,0.0,Neutral,False,False,Healthy,6,RB48,994.0,1005.0,2.5,1,FP_CIN_SAMAJE_PERINE,80.0,80.0,RB,CIN,84.4,25.059999999999995,17.9,135.68,0.37,98.53,441.81,3.68,0.0,0.0,0.0,199.0,RB57,84.51,29.0,6.0,,Neutral,Black,0.0,0.0,0.0,—,0.0,0.0,0.0,0.0,,,,,,,,,,,,,—,—,Consensus Alignment,—,—,99.0,,,1.0,0.0,0.0,0.0,0.0,0.0,0.0,0.0,0.0,0.0,0.0,0.0,—,—,,,consensus,,0.0,0.0,,,,,CIN,1420.0,0.125,25.2,0.01,0.21,CIN,19.0,3.0,False,Zac Taylor,98.6,7.0,22.5,15.0,42.5,3.0,—,11.0,Gap,20.0,Very Spread,15.0,Shootouts (High Scoring Offense + Vulnerable Defense -> Max Fantasy Ceiling),CIN,28,31.69,68.31,19.0,3.6,Z.Taylor,67.8,74.8,,,,,,,0.0436,,,,,,,,0,,,,,,,,,,,,,,,,,,,,,,,,,,,RB48,48.0,999.0,84.4,4.96,12.0,$1,,,—,0,0,99,,—,48,181.3,0.466,0.0,649.0,649.0,649.0,649.0,999.0,999.0,0.0,999.0,999.0,CONSENSUS,84.44,-6.0,-0.014,83.26,-63.07,51,RB51,1.0,725.0,0.0,0.0,84.44,0.0,0.0,-1.4,0.0,0.0,0.0,0.0,0.0,0.0,0.0,0.0,Tier 12,350.0,346.9,220.0,-126.9,🎯 High Consensus (Safe Floor),48.0,Tier 10,46.1,49.9,3.8
240,Zach Charbonnet,RB,SEA,T8,-45.79,-45.79,297,RB50,133,143.3,10.3,Screaming Steal (Huge Value),ESPN,156.49,129.5,143.3,143.3,26.99,123.08,4.81,10.4,0.0,0.0,70.0,70.0,0.0,0.17,0.774,16,5.0,,,,0.0,Neutral,False,False,Healthy,11,RB50,138.3,149.3,2.5,1,FP_SEA_ZACH_CHARBONNET,80.0,80.0,RB,SEA,81.7,27.677999999999997,19.77,147.01,0.48,130.54,533.05,5.62,0.0,0.0,0.0,117.0,RB42,118.75,17.0,11.0,128.0,Neutral,Black,0.0,0.0,0.0,—,0.0,0.0,0.0,0.0,,,,,,,,,,,,,—,—,Consensus Alignment,—,—,99.0,⭐ #9 Seahawks Offense Most Undervalued Asset,,1.0,0.0,0.0,0.0,0.0,0.0,0.0,0.0,0.0,0.0,0.0,0.0,—,—,,,consensus,,0.0,0.0,,,,,SEA,1340.0,0.058,28.0,0.02,0.08,SEA,10.0,3.5,False,Brian Fleury,96.6,11.0,26.4,4.0,32.9,17.0,—,16.0,Zone,4.0,Even,14.0,Chew the Clock (High Scoring Offense + Elite Defense -> Run-Heavy Second Halves),SEA,14,46.7,53.3,4.0,0.0,Unknown,75.4,87.8,,,,,,,0.8393,,,,,,,,0,,,,,,,,,,,,,,,118.4,33.0,44.0,11.0,0.947,15.6,9.03,133.6,115.0,110.8,129.5,47.0,RB50,50.0,143.3,81.7,4.81,12.0,$1,142.0,6.6,—,0,1,9,Seahawks,#9 Seahawks Offense - Most Undervalued Asset,50,181.3,0.451,0.0,23.49,-3.5,10.3,10.3,156.49,129.5,26.99,156.49,129.5,YAHOO,100.14,1.75,0.004,100.54,-45.79,42,RB42,1.0,-96.7,0.0,4.4,100.14,0.0,0.0,0.4,0.0,0.0,0.0,0.0,0.0,4.0,0.0,0.0,Tier 12,133.0,138.3,149.3,11.0,⚡ High Variance (Boom/Bust Ceiling),49.0,Tier 10,47.1,50.9,3.8
281,Mike Washington Jr.,RB,LV,T8,-66.53,-66.53,299,RB52,165,173.7,8.7,Screaming Steal (Huge Value),ESPN,173.7,121.8,173.7,173.7,51.9,100.86,4.71,,0.0,0.0,50.0,50.0,-0.005,0.29,0.696,16,5.0,,,,0.0,Neutral,False,False,Healthy,13,RB51,168.7,179.7,2.5,1,FP_LV_MIKE_WASHINGTON_JR.,80.0,80.0,RB,LV,80.0,24.766,17.69,143.49,0.64,126.0,487.11,3.12,0.0,0.0,0.0,153.0,RB48,97.63,23.0,13.0,140.0,Neutral,Black,0.0,0.0,0.0,—,0.0,0.0,0.0,0.0,,,,,,,,,,,,,🎯 **Sleeper / Handcuff**,🤝 **Consensus Sleeper**,Consensus Alignment,Tier 14,Round 14+,14.0,4.33 40-yd dash at 223 lbs (2nd-fastest speed score since 2014); Ashton Jeanty ankle opening.,https://www.fantasypoints.com/nfl/articles/2026/mr-relevant-late-round-sleepers,1.0,0.0,1.0,0.0,0.0,0.0,0.0,0.0,0.0,0.0,0.0,0.0,,,,,consensus,,0.0,0.0,,,,,LV,2250.0,0.015,28.5,-0.04,0.05,LV,28.0,2.5,False,Klint Kubiak,70.9,31.0,22.8,14.0,34.5,14.0,—,27.0,Zone,13.0,Even,19.0,Passing / Garbage Time (Low Scoring Offense + Bad Defense -> Trailing Game Scripts / Air Volume),LV,24,40.2,59.8,8.0,-4.3,K.Kubiak,,57.3,,,,,,,,,,,,,Mike Washington Jr.,LVR,1,4.0,122.0,42.8,15.2,43.0,126.9,4.33,39.0,128.0,223.0,,,99.0,,63.5,52.0,55.0,3.0,0.873,11.7,4.91,50.2,66.2,49.3,121.8,41.0,RB51,51.0,173.7,80.0,4.71,12.0,$1,135.0,7.4,—,0,0,99,,—,52,181.3,0.441,0.0,8.7,-43.2,8.7,8.7,173.7,121.8,51.9,173.7,121.8,YAHOO,80.28,-3.67,-0.006,79.8,-66.53,55,RB55,1.0,-107.3,0.0,1.2,80.28,0.0,0.0,-0.6,0.0,0.0,0.0,0.0,0.0,0.0,0.0,0.0,Tier 12,165.0,168.7,179.7,11.0,⚡ High Variance (Boom/Bust Ceiling),50.0,Tier 10,48.1,51.9,3.8
251,Woody Marks,RB,HST,T8,-50.3,-50.3,300,RB53,159,163.1,4.1,Value Target (Discounted),SLEEPER,149.02,131.4,163.1,163.1,31.7,124.31,4.7,9.8,0.0,0.0,80.0,80.0,0.0,0.15,0.5,16,7.0,2.5,,,0.0,Neutral,False,False,Healthy,8,RB52,158.1,169.1,2.5,1,FP_HST_WOODY_MARKS,80.0,80.0,RB,HST,79.9,33.67,24.05,196.99,1.78,142.69,555.84,2.66,0.0,0.0,0.0,129.0,RB44,120.04,20.0,8.0,126.0,Neutral,Black,0.0,0.0,0.0,—,0.0,0.0,0.0,0.0,,,,,,,,,,,,,—,—,Consensus Alignment,—,—,99.0,,,1.0,0.0,0.0,0.0,0.0,0.0,0.0,0.0,0.0,0.0,0.0,0.0,—,—,,143.0,consensus,Medium,0.0,0.0,,,,,,,,,,,,,,,,,,,,,,,,,,,,,,16,35.0,65.0,,0.0,—,56.1,69.8,,,,,,,-1.137,,,,,,,,0,,,,,,,,,,,,,,,106.6,41.0,46.0,5.0,0.97,14.1,9.07,124.4,104.6,80.9,131.4,52.0,RB52,52.0,163.1,79.9,4.7,12.0,$1,136.0,7.4,—,0,0,99,,—,53,181.3,0.441,0.0,-9.98,-27.6,4.1,4.1,163.1,131.4,31.7,163.1,131.4,YAHOO,96.61,0.75,-0.006,96.03,-50.3,44,RB44,1.0,-87.9,0.0,2.0,96.61,0.0,0.0,-0.6,0.0,0.0,0.0,0.0,0.0,0.0,0.0,0.0,Tier 12,159.0,158.1,169.1,11.0,⚡ High Variance (Boom/Bust Ceiling),51.0,Tier 10,49.1,52.9,3.8
305,Jaydon Blue,RB,DAL,T8,-77.14,-77.14,301,RB54,213,231.8,18.8,Screaming Steal (Huge Value),ESPN,231.8,231.8,231.8,231.8,0.0,54.65,4.47,,0.0,0.0,80.0,80.0,0.055,0.22,0.666,16,5.0,,,,0.0,Neutral,False,False,Healthy,14,RB53,226.8,237.8,2.5,1,FP_DAL_JAYDON_BLUE,80.0,80.0,RB,DAL,76.0,12.208,8.72,61.74,0.39,62.36,263.0,1.95,0.0,0.0,0.0,237.0,RB65,56.84,29.0,14.0,,Neutral,Black,0.0,0.0,0.0,—,0.0,0.0,0.0,0.0,,,,,,,,,,,,,—,—,Consensus Alignment,—,—,99.0,,,1.0,0.0,0.0,0.0,0.0,0.0,0.0,0.0,0.0,0.0,0.0,0.0,—,—,,,consensus,,0.0,0.0,,,,,DAL,1680.0,0.115,24.8,-0.04,0.2,DAL,8.0,4.0,False,Brian Schottenheimer,109.1,2.0,24.1,10.0,39.9,4.0,High 11P,2.0,Gap,12.0,Very Condensed,24.0,Shootouts (High Scoring Offense + Vulnerable Defense -> Max Fantasy Ceiling),DAL,15,26.43,73.57,24.0,-3.4,B.Schottenheimer,,63.8,,,,,,,,,,,,,,,0,,,,,,,,,,,,,,,,,,,,,,,,,,,RB53,53.0,231.8,76.0,4.47,12.0,WW,159.0,6.5,—,0,0,99,,—,54,181.3,0.419,0.0,18.8,18.8,18.8,18.8,231.8,231.8,0.0,231.8,231.8,ESPN,69.61,-0.07,-0.006,69.19,-77.14,60,RB60,1.0,-73.2,0.0,0.0,69.61,0.0,0.0,-0.6,0.0,0.0,0.0,0.0,0.0,0.0,0.0,0.0,Tier 12,213.0,209.9,216.1,6.2,⚖️ Moderate Variance,52.0,Tier 10,50.1,53.9,3.8
262,Chris Rodriguez Jr.,RB,JAX,T8,-56.55,-56.55,302,RB55,131,142.1,11.1,Screaming Steal (Huge Value),ESPN,142.1,131.8,142.1,142.1,10.3,95.59,4.26,,0.0,0.0,80.0,80.0,0.015,0.28,0.616,16,7.0,2.5,,,0.0,Neutral,False,False,Healthy,7,RB54,137.1,148.1,2.5,1,FP_JAX_CHRIS_RODRIGUEZ_JR.,80.0,80.0,RB,JAX,72.4,7.518,5.37,42.83,0.05,135.5,560.76,5.14,0.0,0.0,0.0,139.0,RB46,110.28,21.0,7.0,117.0,Neutral,Black,0.0,0.0,0.0,—,0.0,0.0,0.0,0.0,,,,,,,,,,,,,🎯 **Goal-Line Stash**,🤝 **Consensus Stash**,Consensus Alignment,Tier 14,Round 14 (14.05),14.05,"Liam Coen college connection; 1st in YAC/att, 2nd in success rate, 3rd in EPA/run of 67 qualifying RBs; goal-line vulture.",https://www.fantasypoints.com/nfl/articles/2026/the-gurus-2026-fantasy-football-draft-plan,1.0,0.0,1.0,0.0,0.0,0.0,0.0,0.0,0.0,0.0,0.0,0.0,,,,125.0,consensus,Medium,0.0,0.0,,,,,JAX,2100.0,0.052,27.9,-0.02,0.1,JAX,7.0,4.0,True,Liam Coen,97.4,9.0,26.0,5.0,37.0,8.0,High 11P,21.0,Balanced,7.0,Condensed,1.0,Shootouts (High Scoring Offense + Vulnerable Defense -> Max Fantasy Ceiling),JAX,23,24.71,75.29,26.0,0.9,L.Coen,69.8,78.1,,,,,,,0.4184,,,,,,,,0,,,,,,,,,,,,,,,106.2,43.0,57.0,14.0,0.964,14.3,8.75,120.5,78.6,58.6,131.8,53.0,RB54,54.0,142.1,72.4,4.26,13.0,WW,126.0,8.0,—,0,0,99,,—,55,181.3,0.399,0.0,11.1,0.8,11.1,11.1,142.1,131.8,10.3,142.1,131.8,YAHOO,90.32,0.53,-0.006,89.78,-56.55,48,RB48,1.0,-119.9,0.0,5.6,90.32,0.0,0.0,-0.6,0.0,0.0,0.0,0.0,0.0,0.0,0.0,0.0,Tier 12,131.0,137.1,148.1,11.0,⚡ High Variance (Boom/Bust Ceiling),53.0,Tier 10,51.1,54.9,3.8
299,Jonah Coleman,RB,DEN,T8,-74.67,-74.67,303,RB56,163,167.9,4.9,Value Target (Discounted),ESPN,169.5,130.1,167.9,167.9,39.4,49.41,4.11,,0.0,0.0,100.0,100.0,-0.018,0.27,0.563,16,5.0,,,,0.0,Neutral,False,False,Healthy,10,RB55,162.9,173.9,2.5,1,FP_DEN_JONAH_COLEMAN,80.0,80.0,RB,DEN,69.8,14.308,10.22,74.82,0.4,48.76,203.2,1.56,0.0,0.0,0.0,201.0,RB58,83.53,29.0,10.0,141.0,Target (Green),Green,1.0,0.0,0.0,—,0.0,0.0,0.0,0.0,,,,,,,,,,,,,🎯 **Sleeper / Handcuff**,🤝 **Consensus Sleeper**,Consensus Alignment,Tier 14,Round 14+,14.0,"Sean Payton pulled him after 12 snaps (""no more evidence needed""); 228-lb 3-down vision; Dobbins standalone/handcuff.",https://www.fantasypoints.com/nfl/articles/2026/mr-relevant-late-round-sleepers,1.0,0.0,1.0,0.0,0.0,0.0,0.0,0.0,0.0,0.0,0.0,0.0,,,,,consensus,,0.0,0.0,,,,,DEN,2100.0,0.02,28.9,0.01,0.03,DEN,4.0,5.0,True,Sean Payton/Webb,94.5,13.0,24.2,9.0,32.6,21.0,—,7.0,Gap,26.0,Most Spread,2.0,Balanced Environment,DEN,1,17.22,82.78,31.0,1.7,S.Payton,,82.2,,,,,,,,,,,,,Jonah Coleman,DEN,1,4.0,108.0,18.9,17.8,22.6,,,,,220.0,33.4,93.4,,65.0,56.0,57.0,40.0,-17.0,0.829,12.8,4.07,43.2,54.2,42.9,130.1,49.0,RB55,55.0,167.9,69.8,4.11,12.0,WW,128.0,7.6,—,0,0,99,,—,56,181.3,0.385,0.0,6.5,-32.9,4.9,4.9,169.5,130.1,39.4,169.5,130.1,YAHOO,69.78,7.02,0.027,71.66,-74.67,59,RB59,1.0,-131.1,4.0,-6.0,69.78,0.0,0.0,2.7,0.0,0.0,0.0,0.0,0.0,0.0,12.0,0.0,Tier 12,163.0,162.9,173.9,11.0,⚡ High Variance (Boom/Bust Ceiling),54.0,Tier 10,52.1,55.9,3.8
261,Jordan Mason,RB,MIN,T8,-56.53,-56.53,304,RB57,114,117.4,3.4,Value Target (Discounted),ESPN,139.93,115.9,117.4,117.4,24.03,145.22,4.02,5.8,0.0,0.0,80.0,80.0,0.035,0.19,0.691,16,7.0,2.5,,,0.0,Neutral,False,True,Healthy,6,RB56,112.4,123.4,2.5,1,FP_MIN_JORDAN_MASON,80.0,80.0,RB,MIN,68.4,20.258,14.47,75.79,0.11,192.78,878.7,6.13,0.0,0.0,0.0,103.0,RB37,145.18,16.0,6.0,94.0,Neutral,Black,0.0,0.0,0.0,Fool's Gold,0.0,0.0,0.0,0.0,,,,35.0,38.0,Handcuff,,,,,,🏆 RB's Dream QB (High Checkdowns / No GL Vultures),🎯 **Target / Value**,🤝 **Consensus Target**,Consensus Alignment,Tier 14,Round 11 (11.01),11.01,"4.77 YPC (15th), 13th in explosive run rate (higher than Bijan Robinson); healthy Minnesota OL; 200+ touches.",https://www.fantasypoints.com/nfl/articles/2026/the-gurus-2026-fantasy-football-draft-plan,2.0,0.0,1.0,0.0,0.0,0.0,0.0,0.0,0.0,0.0,0.0,0.0,,,,119.0,consensus,Medium,0.0,0.0,,,,,MIN,1580.0,0.085,27.1,-0.02,0.15,MIN,9.0,4.0,True,Kevin O'Connell,76.2,28.0,18.9,26.0,37.4,5.0,—,25.0,Balanced,23.0,Condensed,5.0,Shootouts (High Scoring Offense + Vulnerable Defense -> Max Fantasy Ceiling),MIN,12,31.97,68.03,18.0,1.4,K.O'Connell,67.7,62.5,,,,,,,0.3481,,,,,,,,0,,,,,,,,,,,,,,,86.8,45.0,48.0,3.0,0.936,13.8,5.97,76.8,81.7,33.6,115.9,38.0,RB56,56.0,117.4,68.4,4.02,13.0,$1,94.0,10.0,—,0,0,99,,—,57,181.3,0.377,0.0,25.93,1.9,3.4,3.4,139.93,115.9,24.03,139.93,115.9,YAHOO,92.2,0.22,-0.026,89.8,-56.53,47,RB47,2.0,-143.6,0.0,1.2,92.2,0.0,0.0,-2.6,0.0,0.0,0.0,0.0,0.0,0.0,0.0,-5.0,Tier 11,114.0,112.4,123.4,11.0,⚡ High Variance (Boom/Bust Ceiling),55.0,Tier 10,53.1,56.9,3.8
298,MarShawn Lloyd,RB,GB,T8,-73.61,-73.61,305,RB58,184,199.3,15.3,Screaming Steal (Huge Value),ESPN,199.3,199.3,199.3,199.3,0.0,89.55,3.94,,0.0,0.0,40.0,40.0,0.02,0.16,0.667,16,5.0,,,,0.0,Neutral,False,False,Healthy,11,RB57,194.3,205.3,2.5,1,FP_GB_MARSHAWN_LLOYD,80.0,80.0,RB,GB,67.0,22.427999999999997,16.02,115.35,0.37,93.79,401.5,3.42,0.0,0.0,0.0,169.0,RB53,87.24,27.0,11.0,143.0,Neutral,Black,0.0,0.0,0.0,—,0.0,0.0,0.0,0.0,,,,,,,,,,,,,🎯 **Upside Stash**,🤝 **Consensus Stash**,Consensus Alignment,Tier 14,Round 15+,15.0,Played every snap with starters in preseason; Josh Jacobs legal/suspension risk opening.,https://www.fantasypoints.com/nfl/articles/2026/mr-relevant-late-round-sleepers,1.0,0.0,1.0,0.0,0.0,0.0,0.0,0.0,0.0,0.0,0.0,0.0,,,,,consensus,,0.0,0.0,,,,,GB,1300.0,0.112,27.8,0.04,0.16,GB,20.0,2.0,False,Matt LaFleur,90.5,16.0,23.0,13.0,36.3,9.0,High 12P,19.0,Balanced,8.0,Very Condensed,17.0,Chew the Clock (High Scoring Offense + Elite Defense -> Run-Heavy Second Halves),GB,27,38.22,61.78,13.0,-1.0,M.LaFleur,,75.8,,,,,,,,,,,,,,,0,,,,,,,,,,,,,,,,,,,,,,,,,,,RB57,57.0,199.3,67.0,3.94,13.0,WW,143.0,6.9,—,0,0,99,,—,58,181.3,0.37,0.0,15.3,15.3,15.3,15.3,199.3,199.3,0.0,199.3,199.3,ESPN,73.75,-5.55,-0.014,72.72,-73.61,58,RB58,1.0,-98.7,0.0,0.0,73.75,0.0,0.0,-1.4,0.0,0.0,0.0,0.0,0.0,0.0,0.0,0.0,Tier 12,184.0,194.3,205.3,11.0,⚡ High Variance (Boom/Bust Ceiling),56.0,Tier 10,54.1,57.9,3.8
293,Alvin Kamara,RB,NO,T8,-72.24,-72.24,306,RB59,157,160.7,3.7,Value Target (Discounted),SLEEPER,160.27,126.1,160.7,160.7,34.6,117.88,3.94,8.9,0.0,0.0,60.0,60.0,0.005,0.15,0.663,16,5.0,,,,0.0,Neutral,False,False,Healthy,8,RB58,155.7,166.7,2.5,1,FP_NO_ALVIN_KAMARA,80.0,80.0,RB,NO,66.9,45.682,32.63,228.28,0.97,113.98,440.08,2.37,0.0,0.0,0.0,168.0,RB52,82.06,27.0,8.0,150.0,Neutral,Black,0.0,0.0,0.0,—,0.0,0.0,0.0,0.0,,,,,,,,,,,,,—,—,Consensus Alignment,—,—,99.0,,,1.0,0.0,0.0,0.0,0.0,0.0,0.0,0.0,0.0,0.0,0.0,0.0,—,—,,,consensus,,0.0,0.0,,,,,NO,1150.0,0.035,28.2,-0.03,0.08,NO,30.0,3.0,True,Kellen Moore,85.7,23.0,22.1,18.0,35.8,10.0,High 11P,1.0,Zone,5.0,Even,27.0,Passing / Garbage Time (Low Scoring Offense + Bad Defense -> Trailing Game Scripts / Air Volume),NO,22,25.49,74.51,25.0,-2.3,K.Moore,50.3,85.7,,,,,,,-0.5541,,,,,,,,0,,,,,,,,,,,,,,,82.3,46.0,51.0,5.0,0.934,14.2,8.05,106.7,83.7,62.2,126.1,45.0,RB58,58.0,160.7,66.9,3.94,13.0,WW,180.0,6.0,—,0,0,99,,—,59,181.3,0.369,0.0,3.27,-30.9,3.7,3.7,160.7,126.1,34.6,160.7,126.1,YAHOO,74.54,-2.33,-0.006,74.09,-72.24,56,RB56,1.0,-132.3,-3.0,2.0,74.54,0.0,0.0,-0.6,0.0,0.0,0.0,0.0,0.0,0.0,0.0,0.0,Tier 12,157.0,155.7,166.7,11.0,⚡ High Variance (Boom/Bust Ceiling),57.0,Tier 10,55.1,58.9,3.8
296,Tyrone Tracy Jr.,RB,NYG,T8,-72.7,-72.7,308,RB61,158,161.3,3.3,Value Target (Discounted),ESPN,161.3,130.9,161.3,161.3,30.4,94.95,3.79,,0.0,0.0,60.0,60.0,-0.01,0.31,0.558,16,7.0,2.5,,,0.0,Neutral,False,False,Healthy,8,RB59,156.3,167.3,2.5,1,FP_NYG_TYRONE_TRACY_JR.,80.0,80.0,RB,NYG,64.5,33.096,23.64,180.97,1.14,86.53,366.05,1.83,0.0,0.0,0.0,232.0,RB64,59.2,29.0,8.0,,Neutral,Black,0.0,0.0,0.0,—,0.0,0.0,0.0,0.0,,,,,,,,,,,,,—,—,Consensus Alignment,—,—,99.0,,,1.0,0.0,0.0,0.0,0.0,0.0,0.0,0.0,0.0,0.0,0.0,0.0,—,—,,137.0,consensus,Medium,0.0,0.0,,,,,NYG,2350.0,-0.01,27.7,0.0,-0.02,NYG,18.0,3.0,True,Matt Nagy,89.6,19.0,24.1,12.0,32.6,21.0,—,21.0,Zone,17.0,Even,16.0,Shootouts (High Scoring Offense + Vulnerable Defense -> Max Fantasy Ceiling),NYG,18,38.25,61.75,12.0,1.3,M.Nagy,59.2,50.0,,,,,,,-0.6066,,,,,,,,0,,,,,,,,,,,,,,,108.1,40.0,47.0,7.0,0.966,14.8,7.63,108.9,104.4,75.8,130.9,51.0,RB59,59.0,161.3,64.5,3.79,13.0,WW,179.0,6.1,—,0,0,99,,—,61,181.3,0.356,0.0,3.3,-27.1,3.3,3.3,161.3,130.9,30.4,161.3,130.9,YAHOO,74.07,-2.1,-0.006,73.63,-72.7,57,RB57,1.0,-134.7,0.0,2.8,74.07,0.0,0.0,-0.6,0.0,0.0,0.0,0.0,0.0,0.0,0.0,0.0,Tier 12,158.0,156.3,167.3,11.0,⚡ High Variance (Boom/Bust Ceiling),58.0,Tier 10,56.1,59.9,3.8
312,Emmett Johnson,RB,KC,T8,-89.8,-89.8,309,RB62,181,195.5,14.5,Screaming Steal (Huge Value),YAHOO,170.02,195.5,195.5,195.5,25.48,46.39,3.76,,0.0,0.0,60.0,60.0,0.068,0.145,0.546,16,5.0,,,,0.0,Neutral,False,False,Healthy,5,RB60,190.5,201.5,2.5,1,FP_KC_EMMETT_JOHNSON,80.0,80.0,RB,KC,63.9,11.774,8.41,59.49,0.39,49.54,206.3,1.59,0.0,0.0,0.0,240.0,RB66,55.99,29.0,5.0,,Neutral,Black,0.0,0.0,0.0,—,0.0,0.0,0.0,0.0,,,,,,,,,,,,,—,—,Consensus Alignment,—,—,99.0,,,1.0,0.0,0.0,0.0,0.0,0.0,0.0,0.0,0.0,0.0,0.0,0.0,—,—,,,consensus,,0.0,0.0,,,,,KC,1250.0,0.142,26.5,0.02,0.22,KC,22.0,3.0,False,Andy Reid,89.6,19.0,22.0,19.0,33.2,16.0,—,9.0,Zone,22.0,Condensed,6.0,Chew the Clock (High Scoring Offense + Elite Defense -> Run-Heavy Second Halves),KC,21,38.45,61.55,11.0,6.4,A.Reid,,75.5,,,,,,,,,,,,,Emmett Johnson,KAN,1,5.0,161.0,29.9,22.7,32.6,93.4,4.56,35.5,120.0,202.0,10.2,67.2,12.0,8.0,43.7,60.0,49.0,-11.0,0.774,10.0,3.36,26.0,30.3,34.0,,,RB60,60.0,195.5,63.9,3.76,13.0,WW,158.0,6.4,—,0,0,99,,—,62,181.3,0.352,0.0,-10.98,14.5,14.5,14.5,195.5,170.02,25.48,195.5,170.02,ESPN,56.87,-3.27,-0.006,56.53,-89.8,66,RB66,1.0,-116.5,0.0,-4.4,56.87,0.0,0.0,-0.6,0.0,0.0,0.0,0.0,0.0,0.0,0.0,0.0,Tier 12,181.0,190.5,201.5,11.0,⚡ High Variance (Boom/Bust Ceiling),59.0,Tier 10,57.1,60.9,3.8
315,Isaiah Davis,RB,NYJ,T8,-91.17,-91.17,312,RB63,267,999.0,732.0,Screaming Steal (Huge Value),ESPN,999.0,999.0,999.0,999.0,0.0,43.38,3.56,,0.0,0.0,60.0,60.0,0.015,0.21,0.613,16,5.0,,,,0.0,Neutral,False,False,Healthy,13,RB61,994.0,1005.0,2.5,1,FP_NYJ_ISAIAH_DAVIS,80.0,80.0,RB,NYJ,60.5,13.916,9.94,78.57,0.21,35.06,174.69,1.16,0.0,0.0,0.0,261.0,RB72,45.48,29.0,13.0,,Neutral,Black,0.0,0.0,0.0,—,0.0,0.0,0.0,0.0,,,,,,,,,,,,,—,—,Consensus Alignment,—,—,99.0,,,1.0,0.0,0.0,0.0,0.0,0.0,0.0,0.0,0.0,0.0,0.0,0.0,—,—,,,consensus,,0.0,0.0,,,,,NYJ,1650.0,0.065,26.8,0.03,0.09,NYJ,17.0,3.0,False,Frank Reich,71.1,30.0,24.9,6.0,29.8,26.0,High 11P,10.0,Balanced,27.0,Spread,8.0,Balanced Environment,NYJ,17,23.57,76.43,27.0,-1.3,F.Reich,,,,,,,,,,,,,,,,,0,,,,,,,,,,,,,,,,,,,,,,,,,,,RB61,61.0,999.0,60.5,3.56,13.0,WW,,,—,0,0,99,,—,63,181.3,0.334,0.0,732.0,732.0,732.0,732.0,999.0,999.0,0.0,999.0,999.0,CONSENSUS,55.49,-2.48,-0.006,55.16,-91.17,68,RB68,1.0,684.0,0.0,0.0,55.49,0.0,0.0,-0.6,0.0,0.0,0.0,0.0,0.0,0.0,0.0,0.0,Tier 12,267.0,263.9,220.0,-43.9,🎯 High Consensus (Safe Floor),60.0,Tier 10,58.1,61.9,3.8
320,Demond Claiborne,RB,MIN,T8,-97.35,-97.35,313,RB64,230,242.0,12.0,Screaming Steal (Huge Value),ESPN,242.0,242.0,242.0,242.0,0.0,20.05,3.51,,0.0,0.0,80.0,80.0,0.035,0.19,0.691,16,5.0,,,,0.0,Neutral,False,False,Healthy,6,RB62,237.0,248.0,2.5,1,FP_MIN_DEMOND_CLAIBORNE,80.0,80.0,RB,MIN,59.7,4.55,3.25,25.22,0.09,21.59,96.15,0.71,0.0,0.0,0.0,312.0,RB90,28.45,29.0,6.0,,Neutral,Black,0.0,0.0,0.0,—,0.0,0.0,0.0,0.0,,,,,,,,,,,,,—,—,Consensus Alignment,—,—,99.0,,,1.0,0.0,0.0,0.0,0.0,0.0,0.0,0.0,0.0,0.0,0.0,0.0,—,—,,,consensus,,0.0,0.0,,,,,MIN,1580.0,0.085,27.1,-0.02,0.15,MIN,9.0,4.0,True,Kevin O'Connell,76.2,28.0,18.9,26.0,37.4,5.0,—,25.0,Balanced,23.0,Condensed,5.0,Shootouts (High Scoring Offense + Vulnerable Defense -> Max Fantasy Ceiling),MIN,12,31.97,68.03,18.0,1.4,K.O'Connell,,52.8,,,,,,,,,,,,,Demond Claiborne,MIN,1,6.0,198.0,9.5,4.3,15.7,103.1,4.37,,122.0,188.0,40.1,110.2,51.0,86.0,,,,,,,,,,,,,RB62,62.0,242.0,59.7,3.51,13.0,WW,,,—,0,0,99,,—,64,181.3,0.329,0.0,12.0,12.0,12.0,12.0,242.0,242.0,0.0,242.0,242.0,ESPN,49.28,0.22,-0.006,48.98,-97.35,73,RB73,1.0,-78.0,0.0,0.0,49.28,0.0,0.0,-0.6,0.0,0.0,0.0,0.0,0.0,0.0,0.0,0.0,Tier 12,230.0,226.9,220.0,-6.9,🎯 High Consensus (Safe Floor),61.0,Tier 10,59.1,62.9,3.8
309,Najee Harris,RB,NYG,T8,-84.98,-84.98,314,RB65,200,221.4,21.4,Screaming Steal (Huge Value),ESPN,221.4,221.4,221.4,221.4,0.0,73.89,3.36,,0.0,0.0,60.0,60.0,-0.01,0.31,0.558,16,5.0,,58.0,-0.34,-18.0,Cooling,False,False,Healthy,8,RB63,216.4,227.4,2.5,1,FP_NYG_NAJEE_HARRIS,80.0,80.0,RB,NYG,57.1,14.826,10.59,75.59,0.21,93.37,390.8,2.63,0.0,0.0,0.0,205.0,RB59,70.96,29.0,8.0,,Neutral,Black,0.0,0.0,0.0,—,0.0,0.0,0.0,0.0,,,,,,,,,,,,,—,—,Consensus Alignment,—,—,99.0,,,1.0,0.0,0.0,0.0,0.0,0.0,0.0,0.0,0.0,0.0,0.0,0.0,—,—,,,consensus,,0.0,0.0,,,,,NYG,2350.0,-0.01,27.7,0.0,-0.02,NYG,18.0,3.0,True,Matt Nagy,89.6,19.0,24.1,12.0,32.6,21.0,—,21.0,Zone,17.0,Even,16.0,Shootouts (High Scoring Offense + Vulnerable Defense -> Max Fantasy Ceiling),NYG,18,38.25,61.75,12.0,1.3,M.Nagy,69.2,95.2,,,,,,,0.5544,,,,,,,,0,,,,,,,,,,,,,,,,,,,,,,,,,,,RB63,63.0,221.4,57.1,3.36,13.0,WW,,,—,0,0,99,,—,65,181.3,0.315,0.0,21.4,21.4,21.4,21.4,221.4,221.4,0.0,221.4,221.4,ESPN,61.72,-2.1,-0.006,61.35,-84.98,63,RB63,1.0,-87.6,0.0,0.0,61.72,0.0,-18.0,-0.6,0.0,0.0,0.0,0.0,0.0,0.0,0.0,0.0,Tier 12,200.0,196.9,203.1,6.2,⚖️ Moderate Variance,62.0,Tier 10,60.1,63.9,3.8
317,Jaylen Wright,RB,MIA,T8,-92.8,-92.8,315,RB66,233,247.9,14.9,Screaming Steal (Huge Value),ESPN,247.9,247.9,247.9,247.9,0.0,50.74,3.29,,0.0,0.0,50.0,50.0,0.04,0.12,0.732,16,5.0,,,,0.0,Neutral,False,False,Healthy,6,RB64,242.9,253.9,2.5,1,FP_MIA_JAYLEN_WRIGHT,80.0,80.0,RB,MIA,55.9,10.122,7.23,52.46,0.1,79.95,308.92,1.55,0.0,0.0,0.0,252.0,RB70,51.07,29.0,6.0,,Neutral,Black,0.0,0.0,0.0,—,0.0,0.0,0.0,0.0,,,,,,,,,,,,,—,—,Consensus Alignment,—,—,99.0,,,1.0,0.0,0.0,0.0,0.0,0.0,0.0,0.0,0.0,0.0,0.0,0.0,—,—,,,consensus,,0.0,0.0,,,,,MIA,950.0,0.118,24.2,0.06,0.16,MIA,31.0,2.5,True,Bobby Slowik,81.6,25.0,20.3,22.0,37.3,6.0,—,24.0,Balanced,15.0,Condensed,7.0,Passing / Garbage Time (Low Scoring Offense + Bad Defense -> Trailing Game Scripts / Air Volume),MIA,30,35.51,64.49,15.0,0.3,B.Slowik,63.2,74.8,,,,,,,0.4486,,,,,,,,0,,,,,,,,,,,,,,,,,,,,,,,,,,,RB64,64.0,247.9,55.9,3.29,13.0,WW,,,—,0,0,99,,—,66,181.3,0.308,0.0,14.9,14.9,14.9,14.9,247.9,247.9,0.0,247.9,247.9,ESPN,54.29,-7.35,-0.014,53.53,-92.8,70,RB70,1.0,-69.1,0.0,0.0,54.29,0.0,0.0,-1.4,0.0,0.0,0.0,0.0,0.0,0.0,0.0,0.0,Tier 12,233.0,229.9,220.0,-9.9,🎯 High Consensus (Safe Floor),63.0,Tier 10,61.1,64.9,3.8
313,LeQuint Allen Jr.,RB,JAX,T8,-89.9,-89.9,315,RB66,273,999.0,726.0,Screaming Steal (Huge Value),ESPN,999.0,999.0,999.0,999.0,0.0,43.83,3.29,,0.0,0.0,80.0,80.0,0.015,0.28,0.616,16,5.0,,,,0.0,Neutral,False,False,Healthy,7,RB65,994.0,1005.0,2.5,1,FP_JAX_LEQUINT_ALLEN_JR.,80.0,80.0,RB,JAX,55.9,21.476,15.34,99.12,0.43,32.02,126.0,0.6,0.0,0.0,0.0,225.0,RB62,58.51,29.0,7.0,,Neutral,Black,0.0,0.0,0.0,—,0.0,0.0,0.0,0.0,,,,,,,,,,,,,—,—,Consensus Alignment,—,—,99.0,,,1.0,0.0,0.0,0.0,0.0,0.0,0.0,0.0,0.0,0.0,0.0,0.0,—,—,,,consensus,,0.0,0.0,,,,,JAX,2100.0,0.052,27.9,-0.02,0.1,JAX,7.0,4.0,True,Liam Coen,97.4,9.0,26.0,5.0,37.0,8.0,High 11P,21.0,Balanced,7.0,Condensed,1.0,Shootouts (High Scoring Offense + Vulnerable Defense -> Max Fantasy Ceiling),JAX,23,24.71,75.29,26.0,0.9,L.Coen,,68.3,,,,,,,,,,,,,,,0,,,,,,,,,,,,,,,,,,,,,,,,,,,RB65,65.0,999.0,55.9,3.29,13.0,WW,197.0,5.7,—,0,0,99,,—,66,181.3,0.308,0.0,726.0,726.0,726.0,726.0,999.0,999.0,0.0,999.0,999.0,CONSENSUS,56.77,0.53,-0.006,56.43,-89.9,67,RB67,1.0,686.0,0.0,0.0,56.77,0.0,0.0,-0.6,0.0,0.0,0.0,0.0,0.0,0.0,0.0,0.0,Tier 12,273.0,269.9,220.0,-49.9,🎯 High Consensus (Safe Floor),64.0,Tier 10,62.1,65.9,3.8
319,Kaytron Allen,RB,WAS,T8,-95.37,-95.37,317,RB68,224,239.1,15.1,Screaming Steal (Huge Value),ESPN,239.1,239.1,239.1,239.1,0.0,21.48,3.19,,0.0,0.0,40.0,40.0,0.012,0.23,0.65,16,5.0,,,,0.0,Neutral,False,False,Healthy,7,RB66,234.1,245.1,2.5,1,FP_WAS_KAYTRON_ALLEN,80.0,80.0,RB,WAS,54.2,4.241999999999999,3.03,25.69,0.1,23.64,110.88,0.72,0.0,0.0,0.0,259.0,RB71,46.63,29.0,7.0,,Neutral,Black,0.0,0.0,0.0,—,0.0,0.0,0.0,0.0,,,,,,,,,,,,,—,—,Consensus Alignment,—,—,99.0,,,1.0,0.0,0.0,0.0,0.0,0.0,0.0,0.0,0.0,0.0,0.0,0.0,—,—,,,consensus,,0.0,0.0,,,,,WAS,1780.0,0.088,25.1,0.07,0.1,WAS,24.0,2.0,True,David Blough,80.9,26.0,22.0,18.0,36.0,10.0,More 12P,5.0,Gap,12.0,Even,12.0,Shootouts (High Scoring Offense + Vulnerable Defense -> Max Fantasy Ceiling),WAS,25,30.3,69.7,21.0,0.0,Unknown,,72.9,,,,,,,,,,,,,Kaytron Allen,WAS,1,6.0,187.0,9.8,4.7,17.9,,,,,216.0,17.4,76.7,,19.0,,,,,,,,,,,,,RB66,66.0,239.1,54.2,3.19,14.0,WW,,,—,0,0,99,,—,68,181.3,0.299,0.0,15.1,15.1,15.1,15.1,239.1,239.1,0.0,239.1,239.1,ESPN,51.68,-5.43,-0.014,50.96,-95.37,72,RB72,1.0,-79.9,0.0,0.0,51.68,0.0,0.0,-1.4,0.0,0.0,0.0,0.0,0.0,0.0,0.0,0.0,Tier 12,224.0,220.9,220.0,-0.9,🎯 High Consensus (Safe Floor),65.0,Tier 10,63.1,66.9,3.8
311,George Holani,RB,SEA,T8,-89.44,-89.44,318,RB69,349,999.0,650.0,Screaming Steal (Huge Value),ESPN,999.0,999.0,999.0,999.0,0.0,41.13,3.18,,0.0,0.0,70.0,70.0,0.0,0.17,0.774,16,5.0,,,,0.0,Neutral,False,False,Healthy,11,RB67,994.0,1005.0,2.5,1,FP_SEA_GEORGE_HOLANI,80.0,80.0,RB,SEA,54.0,11.214,8.01,62.22,0.28,38.85,164.14,1.53,0.0,0.0,0.0,220.0,RB61,63.7,29.0,11.0,,Neutral,Black,0.0,0.0,0.0,—,0.0,0.0,0.0,0.0,,,,,,,,,,,,,—,—,Consensus Alignment,—,—,99.0,,,1.0,0.0,0.0,0.0,0.0,0.0,0.0,0.0,0.0,0.0,0.0,0.0,—,—,,,consensus,,0.0,0.0,,,,,SEA,1340.0,0.058,28.0,0.02,0.08,SEA,10.0,3.5,False,Brian Fleury,96.6,11.0,26.4,4.0,32.9,17.0,—,16.0,Zone,4.0,Even,14.0,Chew the Clock (High Scoring Offense + Elite Defense -> Run-Heavy Second Halves),SEA,14,46.7,53.3,4.0,0.0,Unknown,,80.0,,,,,,,,,,,,,,,0,,,,,,,,,,,,,,,,,,,,,,,,,,,RB67,67.0,999.0,54.0,3.18,13.0,WW,,,—,0,0,99,,—,69,181.3,0.298,0.0,650.0,650.0,650.0,650.0,999.0,999.0,0.0,999.0,999.0,CONSENSUS,57.23,1.75,-0.006,56.89,-89.44,65,RB65,1.0,688.0,4.0,0.0,57.23,0.0,0.0,-0.6,0.0,0.0,0.0,0.0,0.0,0.0,0.0,0.0,Tier 12,349.0,345.9,220.0,-125.9,🎯 High Consensus (Safe Floor),66.0,Tier 10,64.1,67.9,3.8
318,Chris Brooks,RB,GB,T8,-95.19,-95.19,319,RB70,306,999.0,693.0,Screaming Steal (Huge Value),ESPN,999.0,999.0,999.0,999.0,0.0,63.24,3.06,,0.0,0.0,40.0,40.0,0.02,0.16,0.667,16,5.0,,,,0.0,Neutral,False,False,Healthy,11,RB68,994.0,1005.0,2.5,1,FP_GB_CHRIS_BROOKS,80.0,80.0,RB,GB,52.0,18.76,13.4,93.26,0.22,72.7,324.65,1.31,0.0,0.0,0.0,249.0,RB68,51.61,29.0,11.0,,Neutral,Black,0.0,0.0,0.0,—,0.0,0.0,0.0,0.0,,,,,,,,,,,,,—,—,Consensus Alignment,—,—,99.0,,,1.0,0.0,0.0,0.0,0.0,0.0,0.0,0.0,0.0,0.0,0.0,0.0,—,—,,,consensus,,0.0,0.0,,,,,GB,1300.0,0.112,27.8,0.04,0.16,GB,20.0,2.0,False,Matt LaFleur,90.5,16.0,23.0,13.0,36.3,9.0,High 12P,19.0,Balanced,8.0,Very Condensed,17.0,Chew the Clock (High Scoring Offense + Elite Defense -> Run-Heavy Second Halves),GB,27,38.22,61.78,13.0,-1.0,M.LaFleur,,67.4,,,,,,,,,,,,,,,0,,,,,,,,,,,,,,,,,,,,,,,,,,,RB68,68.0,999.0,52.0,3.06,14.0,WW,,,—,0,0,99,,—,70,181.3,0.287,0.0,693.0,693.0,693.0,693.0,999.0,999.0,0.0,999.0,999.0,CONSENSUS,51.87,-5.55,-0.014,51.14,-95.19,71,RB71,1.0,681.0,0.0,0.0,51.87,0.0,0.0,-1.4,0.0,0.0,0.0,0.0,0.0,0.0,0.0,0.0,Tier 12,306.0,302.9,220.0,-82.9,🎯 High Consensus (Safe Floor),67.0,Tier 10,65.1,68.9,3.8
308,Tank Bigsby,RB,PHI,T8,-83.06,-83.06,320,RB71,168,179.3,11.3,Screaming Steal (Huge Value),SLEEPER,169.27,130.5,179.3,179.3,48.8,82.17,2.84,,0.0,0.0,80.0,80.0,0.025,0.08,0.667,16,5.0,,,,0.0,Neutral,False,False,Healthy,10,RB69,174.3,185.3,2.5,1,FP_PHI_TANK_BIGSBY,80.0,80.0,RB,PHI,48.3,5.348,3.82,31.84,0.07,104.61,510.9,4.18,0.0,0.0,0.0,173.0,RB54,89.5,28.0,10.0,138.0,Neutral,Black,0.0,0.0,0.0,—,0.0,0.0,0.0,0.0,,,,,,,,,,,,,🎯 **#1 Pure Handcuff**,🤝 **Consensus #1 Handcuff**,Consensus Alignment,Tier 14,Round 14+,14.0,"5.93 YPC, 26% explosive run rate, 3.36 YACO/Att; 5th-ranked OL under Sean Mannion; Scott Barrett & Guru favorite.",https://www.fantasypoints.com/nfl/articles/2026/mr-relevant-late-round-sleepers,1.0,0.0,1.0,0.0,0.0,0.0,0.0,0.0,0.0,0.0,0.0,0.0,,,,,consensus,,0.0,0.0,,,,,PHI,640.0,0.138,27.2,0.12,0.15,PHI,14.0,4.0,True,Sean Mannion,85.2,24.0,23.0,13.0,36.3,9.0,—,16.0,Balanced,5.0,Condensed,15.0,Chew the Clock (High Scoring Offense + Elite Defense -> Run-Heavy Second Halves),PHI,2,35.05,64.95,16.0,0.0,Unknown,69.6,75.1,,,,,,,1.5466,,,,,,,,0,,,,,,,,,,,,,,,68.5,51.0,58.0,7.0,0.894,13.5,6.82,82.5,61.9,44.5,130.5,50.0,RB69,69.0,179.3,48.3,2.84,14.0,WW,177.0,5.7,—,0,0,99,,—,71,181.3,0.266,0.0,1.27,-37.5,11.3,11.3,179.3,130.5,48.8,179.3,130.5,YAHOO,63.65,3.38,-0.006,63.27,-83.06,62,RB62,1.0,-128.7,0.0,2.8,63.65,0.0,0.0,-0.6,0.0,0.0,0.0,0.0,0.0,0.0,0.0,0.0,Tier 12,168.0,174.3,185.3,11.0,⚡ High Variance (Boom/Bust Ceiling),68.0,Tier 10,66.1,69.9,3.8
325,Ollie Gordon II,RB,MIA,T8,-104.61,-104.61,321,RB72,316,999.0,683.0,Screaming Steal (Huge Value),ESPN,999.0,999.0,999.0,999.0,0.0,34.81,2.77,,0.0,0.0,50.0,50.0,0.04,0.12,0.732,16,5.0,,,,0.0,Neutral,False,False,Healthy,6,RB70,994.0,1005.0,2.5,1,FP_MIA_OLLIE_GORDON_II,80.0,80.0,RB,MIA,47.1,5.502,3.93,27.73,0.12,49.44,203.47,1.23,0.0,0.0,0.0,296.0,RB83,32.74,29.0,6.0,,Neutral,Black,0.0,0.0,0.0,—,0.0,0.0,0.0,0.0,,,,,,,,,,,,,—,—,Consensus Alignment,—,—,99.0,,,1.0,0.0,0.0,0.0,0.0,0.0,0.0,0.0,0.0,0.0,0.0,0.0,—,—,,,consensus,,0.0,0.0,,,,,MIA,950.0,0.118,24.2,0.06,0.16,MIA,31.0,2.5,True,Bobby Slowik,81.6,25.0,20.3,22.0,37.3,6.0,—,24.0,Balanced,15.0,Condensed,7.0,Passing / Garbage Time (Low Scoring Offense + Bad Defense -> Trailing Game Scripts / Air Volume),MIA,30,35.51,64.49,15.0,0.3,B.Slowik,,70.6,,,,,,,,,,,,,,,0,,,,,,,,,,,,,,,,,,,,,,,,,,,RB70,70.0,999.0,47.1,2.77,14.0,WW,,,—,0,0,99,,—,72,181.3,0.26,0.0,683.0,683.0,683.0,683.0,999.0,999.0,0.0,999.0,999.0,CONSENSUS,42.31,-7.35,-0.014,41.72,-104.61,76,RB76,1.0,674.0,0.0,0.0,42.31,0.0,0.0,-1.4,0.0,0.0,0.0,0.0,0.0,0.0,0.0,0.0,Tier 12,316.0,312.9,220.0,-92.9,🎯 High Consensus (Safe Floor),69.0,Tier 10,67.1,70.0,2.9
316,Ray Davis,RB,BUF,T8,-91.18,-91.18,322,RB73,210,229.5,19.5,Screaming Steal (Huge Value),ESPN,229.5,229.5,229.5,229.5,0.0,35.86,2.72,,0.0,0.0,90.0,90.0,0.03,0.32,0.655,16,5.0,,,,0.0,Neutral,False,False,Healthy,7,RB71,224.5,235.5,2.5,1,FP_BUF_RAY_DAVIS,80.0,80.0,RB,BUF,46.2,10.85,7.75,59.95,0.39,32.31,137.93,1.06,0.0,0.0,0.0,212.0,RB60,69.95,29.0,7.0,139.0,Target (Green),Green,1.0,0.0,0.0,—,0.0,0.0,0.0,0.0,,,,,,,,,,,,⚠️ Touch Vulture QB (Steals 30%+ GL Carries),—,—,Consensus Alignment,—,—,99.0,,,1.0,0.0,0.0,0.0,0.0,0.0,0.0,0.0,0.0,0.0,0.0,0.0,—,—,,,consensus,,0.0,0.0,,,,,BUF,2450.0,0.155,26.9,0.08,0.2,BUF,2.0,4.5,True,Joe Brady,101.1,5.0,24.4,8.0,30.1,25.0,—,32.0,Gap,11.0,Very Spread,22.0,Shootouts (High Scoring Offense + Vulnerable Defense -> Max Fantasy Ceiling),BUF,7,23.56,76.44,28.0,-1.6,J.Brady,77.0,76.2,,,,,,,0.4386,,,,,,,,0,,,,,,,,,,,,,,,,,,,,,,,,,,,RB71,71.0,229.5,46.2,2.72,14.0,WW,,,—,0,0,99,,—,73,181.3,0.255,0.0,19.5,19.5,19.5,19.5,229.5,229.5,0.0,229.5,229.5,ESPN,54.12,1.8,0.019,55.15,-91.18,69,RB69,1.0,-86.5,0.0,0.0,54.12,0.0,0.0,1.9,0.0,0.0,0.0,0.0,0.0,0.0,12.0,0.0,Tier 12,210.0,206.9,213.1,6.2,⚖️ Moderate Variance,70.0,Tier 10,68.1,70.0,1.9
327,Brashard Smith,RB,KC,T8,-105.58,-105.58,322,RB73,205,226.3,21.3,Screaming Steal (Huge Value),ESPN,226.3,226.3,226.3,226.3,0.0,32.55,2.72,,0.0,0.0,60.0,60.0,0.068,0.145,0.546,16,5.0,,,,0.0,Neutral,False,False,Healthy,5,RB72,221.3,232.3,2.5,1,FP_KC_BRASHARD_SMITH,80.0,80.0,RB,KC,46.2,14.7,10.5,71.0,0.5,25.0,89.5,0.5,0.0,0.0,0.0,304.0,RB87,30.6,29.0,5.0,,Neutral,Black,0.0,0.0,0.0,—,0.0,0.0,0.0,0.0,,,,,,,,,,,,,—,—,Consensus Alignment,—,—,99.0,,,1.0,0.0,0.0,0.0,0.0,0.0,0.0,0.0,0.0,0.0,0.0,0.0,—,—,,,consensus,,0.0,0.0,,,,,KC,1250.0,0.142,26.5,0.02,0.22,KC,22.0,3.0,False,Andy Reid,89.6,19.0,22.0,19.0,33.2,16.0,—,9.0,Zone,22.0,Condensed,6.0,Chew the Clock (High Scoring Offense + Elite Defense -> Run-Heavy Second Halves),KC,21,38.45,61.55,11.0,6.4,A.Reid,,67.6,,,,,,,,,,,,,,,0,,,,,,,,,,,,,,,,,,,,,,,,,,,RB72,72.0,226.3,46.2,2.72,14.0,WW,,,—,0,0,99,,—,73,181.3,0.255,0.0,21.3,21.3,21.3,21.3,226.3,226.3,0.0,226.3,226.3,ESPN,41.0,-3.27,-0.006,40.75,-105.58,78,RB78,1.0,-100.7,0.0,0.0,41.0,0.0,0.0,-0.6,0.0,0.0,0.0,0.0,0.0,0.0,0.0,0.0,Tier 12,205.0,201.9,208.1,6.2,⚖️ Moderate Variance,71.0,Tier 10,69.1,71.0,1.9
329,Seth McGowan,RB,IND,T8,-107.04,-107.04,324,RB75,317,999.0,682.0,Screaming Steal (Huge Value),ESPN,999.0,999.0,999.0,999.0,0.0,23.12,2.58,,0.0,0.0,90.0,90.0,0.005,0.13,0.691,16,5.0,,,,0.0,Neutral,False,False,Healthy,13,RB73,994.0,1005.0,2.5,1,FP_IND_SETH_MCGOWAN,80.0,80.0,RB,IND,43.8,4.409999999999999,3.15,27.31,0.08,22.25,96.37,1.2,0.0,0.0,0.0,302.0,RB86,30.99,29.0,13.0,,Neutral,Black,0.0,0.0,0.0,—,0.0,0.0,0.0,0.0,,,,,,,,,,,,,—,—,Consensus Alignment,—,—,99.0,,,1.0,0.0,0.0,0.0,0.0,0.0,0.0,0.0,0.0,0.0,0.0,0.0,—,—,,,consensus,,0.0,0.0,,,,,IND,980.0,0.068,27.3,0.06,0.07,IND,5.0,4.5,False,Shane Steichen,97.4,10.0,22.2,17.0,32.7,19.0,—,20.0,Gap,10.0,Even,25.0,Balanced Environment,IND,10,36.05,63.95,14.0,-3.5,S.Steichen,,57.6,,,,,,,,,,,,,Seth McGowan,IND,1,7.0,237.0,6.0,4.3,17.4,109.7,4.49,42.5,131.0,223.0,27.0,88.2,82.0,47.0,,,,,,,,,,,,,RB73,73.0,999.0,43.8,2.58,14.0,WW,,,—,0,0,99,,—,75,181.3,0.242,0.0,682.0,682.0,682.0,682.0,999.0,999.0,0.0,999.0,999.0,CONSENSUS,39.53,2.17,-0.006,39.29,-107.04,80,RB80,1.0,670.0,0.0,0.0,39.53,0.0,0.0,-0.6,0.0,0.0,0.0,0.0,0.0,0.0,0.0,0.0,Tier 12,317.0,313.9,220.0,-93.9,🎯 High Consensus (Safe Floor),72.0,Tier 10,70.1,70.0,-0.1
310,Braelon Allen,RB,NYJ,T8,-87.93,-87.93,325,RB76,191,208.6,17.6,Screaming Steal (Huge Value),YAHOO,170.79,208.6,208.6,208.6,37.81,96.47,2.56,,0.0,0.0,60.0,60.0,0.015,0.21,0.613,16,5.0,,,,0.0,Neutral,False,False,Healthy,13,RB74,203.6,214.6,2.5,1,FP_NYJ_BRAELON_ALLEN,80.0,80.0,RB,NYJ,43.6,19.403999999999996,13.86,100.61,0.72,111.79,449.03,4.46,0.0,0.0,0.0,163.0,RB51,90.7,26.0,13.0,,Neutral,Black,0.0,0.0,0.0,—,0.0,0.0,0.0,0.0,,,,,,,,,,,,,—,—,Consensus Alignment,—,—,99.0,,,1.0,0.0,0.0,0.0,0.0,0.0,0.0,0.0,0.0,0.0,0.0,0.0,—,—,,,consensus,,0.0,0.0,,,,,NYJ,1650.0,0.065,26.8,0.03,0.09,NYJ,17.0,3.0,False,Frank Reich,71.1,30.0,24.9,6.0,29.8,26.0,High 11P,10.0,Balanced,27.0,Spread,8.0,Balanced Environment,NYJ,17,23.57,76.43,27.0,-1.3,F.Reich,,62.9,,,,,,,,,,,,,,,0,,,,,,,,,,,,,,,57.1,55.0,54.0,-1.0,0.804,12.0,6.94,67.2,41.6,41.7,,,RB74,74.0,208.6,43.6,2.56,14.0,WW,,,—,0,0,99,,—,76,181.3,0.24,0.0,-20.21,17.6,17.6,17.6,208.6,170.79,37.81,208.6,170.79,ESPN,58.75,-2.48,-0.006,58.4,-87.93,64,RB64,1.0,-101.4,0.0,-0.4,58.75,0.0,0.0,-0.6,0.0,0.0,0.0,0.0,0.0,0.0,0.0,0.0,Tier 12,191.0,203.6,214.6,11.0,⚡ High Variance (Boom/Bust Ceiling),73.0,Tier 10,71.1,70.0,-1.1
326,Jordan James,RB,SF,T8,-105.0,-105.0,326,RB77,315,999.0,684.0,Screaming Steal (Huge Value),ESPN,999.0,999.0,999.0,999.0,0.0,75.84,2.39,,0.0,0.0,80.0,80.0,-0.012,0.11,0.774,16,5.0,,,,0.0,Neutral,False,False,Healthy,8,RB75,994.0,1005.0,2.5,1,FP_SF_JORDAN_JAMES,80.0,80.0,RB,SF,40.7,19.67,14.05,131.59,0.59,80.69,322.58,2.51,0.0,0.0,0.0,266.0,RB75,43.34,29.0,8.0,,Neutral,Black,0.0,0.0,0.0,—,0.0,0.0,0.0,0.0,,,,,,,,,,,,,—,—,Consensus Alignment,—,—,99.0,,,1.0,0.0,0.0,0.0,0.0,0.0,0.0,0.0,0.0,0.0,0.0,0.0,—,—,,,consensus,,0.0,0.0,,,,,SF,890.0,0.175,28.8,0.14,0.2,SF,6.0,4.0,False,Kyle Shanahan,100.9,6.0,26.4,4.0,32.9,17.0,High 21P,8.0,Zone,3.0,Most Condensed,14.0,Shootouts (High Scoring Offense + Vulnerable Defense -> Max Fantasy Ceiling),SF,6,48.24,51.76,3.0,-1.9,K.Shanahan,,77.7,,,,,,,,,,,,,,,0,,,,,,,,,,,,,,,,,,,,,,,,,,,RB75,75.0,999.0,40.7,2.39,15.0,WW,,,—,0,0,99,,—,77,181.3,0.224,0.0,684.0,684.0,684.0,684.0,999.0,999.0,0.0,999.0,999.0,CONSENSUS,41.58,3.43,-0.006,41.33,-105.0,77,RB77,1.0,673.0,0.0,0.0,41.58,0.0,0.0,-0.6,0.0,0.0,0.0,0.0,0.0,0.0,0.0,0.0,Tier 12,315.0,311.9,220.0,-91.9,🎯 High Consensus (Safe Floor),74.0,Tier 10,72.1,70.0,-2.1
324,Kaelon Black,RB,SF,T8,-101.89,-101.89,327,RB78,303,999.0,696.0,Screaming Steal (Huge Value),ESPN,999.0,999.0,999.0,999.0,0.0,88.65,2.32,,0.0,0.0,80.0,80.0,-0.012,0.11,0.774,16,5.0,,,,0.0,Neutral,False,False,Healthy,8,RB76,994.0,1005.0,2.5,1,FP_SF_KAELON_BLACK,80.0,80.0,RB,SF,39.4,14.812,10.58,94.91,0.68,113.59,452.73,3.6,0.0,0.0,0.0,241.0,RB67,55.33,29.0,8.0,,Neutral,Black,0.0,0.0,0.0,—,0.0,0.0,0.0,0.0,,,,,,,,,,,,,🎯 **Deep Stash**,🤝 **Consensus Stash**,Consensus Alignment,Tier 14,Round 16+,16.0,49ers #2 RB in draft class; national championship star; CMC/Jordan James injury stash.,https://www.fantasypoints.com/nfl/articles/2026/the-gurus-2026-fantasy-football-draft-plan,1.0,0.0,1.0,0.0,0.0,0.0,0.0,0.0,0.0,0.0,0.0,0.0,,,,,consensus,,0.0,0.0,,,,,SF,890.0,0.175,28.8,0.14,0.2,SF,6.0,4.0,False,Kyle Shanahan,100.9,6.0,26.4,4.0,32.9,17.0,High 21P,8.0,Zone,3.0,Most Condensed,14.0,Shootouts (High Scoring Offense + Vulnerable Defense -> Max Fantasy Ceiling),SF,6,48.24,51.76,3.0,-1.9,K.Shanahan,,62.2,,,,,,,,,,,,,Kaelon Black,SFO,1,3.0,90.0,16.4,33.5,16.1,,,,,,4.7,23.5,,3.0,,,,,,,,,,,,,RB76,76.0,999.0,39.4,2.32,15.0,WW,176.0,5.7,—,0,0,99,,—,78,181.3,0.217,0.0,696.0,696.0,696.0,696.0,999.0,999.0,0.0,999.0,999.0,CONSENSUS,44.71,3.43,-0.006,44.44,-101.89,75,RB75,1.0,675.0,0.0,0.0,44.71,0.0,0.0,-0.6,0.0,0.0,0.0,0.0,0.0,0.0,0.0,0.0,Tier 12,303.0,299.9,220.0,-79.9,🎯 High Consensus (Safe Floor),75.0,Tier 10,73.1,70.0,-3.1
322,James Conner,RB,ARZ,T8,-99.15,-99.15,328,RB79,197,215.2,18.2,Screaming Steal (Huge Value),SLEEPER,170.18,125.8,215.2,215.2,89.4,62.15,2.31,,0.0,0.0,80.0,80.0,0.0,0.15,0.5,16,5.0,,,,0.0,Neutral,False,False,Healthy,14,RB77,210.2,221.2,2.5,1,FP_ARZ_JAMES_CONNER,80.0,80.0,RB,ARZ,39.2,25.2,18.0,138.0,1.0,42.5,153.5,1.5,0.0,0.0,0.0,275.0,RB77,40.24,29.0,14.0,,Neutral,Black,0.0,0.0,0.0,—,0.0,0.0,0.0,0.0,,,,,,,,,,,,,—,—,Consensus Alignment,—,—,99.0,,,1.0,0.0,0.0,0.0,0.0,0.0,0.0,0.0,0.0,0.0,0.0,0.0,—,—,,,consensus,,0.0,0.0,,,,,,,,,,,,,,,,,,,,,,,,,,,,,,16,35.0,65.0,,0.0,—,86.9,78.9,,,,,,,1.5368,,,,,,,,0,,,,,,,,,,,,,,,69.7,50.0,41.0,-9.0,0.81,12.9,7.66,79.9,54.1,58.5,125.8,44.0,RB77,77.0,215.2,39.2,2.31,14.0,WW,181.0,5.7,—,0,0,99,,—,79,181.3,0.216,0.0,-26.82,-71.2,18.2,18.2,215.2,125.8,89.4,215.2,125.8,YAHOO,47.09,0.75,0.002,47.18,-99.15,74,RB74,1.0,-106.8,3.0,-3.6,47.09,0.0,0.0,0.2,0.0,0.0,0.0,0.0,0.0,0.0,0.0,0.0,Tier 12,197.0,193.9,200.1,6.2,⚖️ Moderate Variance,76.0,Tier 10,74.1,70.0,-4.1
336,Tahj Brooks,RB,CIN,T8,-115.21,-115.21,329,RB80,272,999.0,727.0,Screaming Steal (Huge Value),ESPN,999.0,999.0,999.0,999.0,0.0,18.24,2.19,,0.0,0.0,60.0,60.0,0.05,0.18,0.751,16,5.0,,,,0.0,Neutral,False,False,Healthy,6,RB78,994.0,1005.0,2.5,1,FP_CIN_TAHJ_BROOKS,80.0,80.0,RB,CIN,37.3,0.0,0.0,0.0,0.0,30.32,128.42,0.94,0.0,0.0,0.0,341.0,RB98,20.07,29.0,6.0,,Neutral,Black,0.0,0.0,0.0,—,0.0,0.0,0.0,0.0,,,,,,,,,,,,,—,—,Consensus Alignment,—,—,99.0,,,1.0,0.0,0.0,0.0,0.0,0.0,0.0,0.0,0.0,0.0,0.0,0.0,—,—,,,consensus,,0.0,0.0,,,,,CIN,1420.0,0.125,25.2,0.01,0.21,CIN,19.0,3.0,False,Zac Taylor,98.6,7.0,22.5,15.0,42.5,3.0,—,11.0,Gap,20.0,Very Spread,15.0,Shootouts (High Scoring Offense + Vulnerable Defense -> Max Fantasy Ceiling),CIN,28,31.69,68.31,19.0,3.6,Z.Taylor,,72.7,,,,,,,,,,,,,,,0,,,,,,,,,,,,,,,,,,,,,,,,,,,RB78,78.0,999.0,37.3,2.19,15.0,WW,,,—,0,0,99,,—,80,181.3,0.206,0.0,727.0,727.0,727.0,727.0,999.0,999.0,0.0,999.0,999.0,CONSENSUS,31.56,-6.0,-0.014,31.12,-115.21,85,RB85,1.0,663.0,0.0,0.0,31.56,0.0,0.0,-1.4,0.0,0.0,0.0,0.0,0.0,0.0,0.0,0.0,Tier 12,272.0,268.9,220.0,-48.9,🎯 High Consensus (Safe Floor),77.0,Tier 10,75.1,70.0,-5.1
333,DJ Giddens,RB,IND,T8,-113.83,-113.83,330,RB81,271,999.0,728.0,Screaming Steal (Huge Value),ESPN,999.0,999.0,999.0,999.0,0.0,35.84,2.18,,0.0,0.0,90.0,90.0,0.005,0.13,0.691,16,5.0,,,,0.0,Neutral,False,False,Healthy,13,RB79,994.0,1005.0,2.5,1,FP_IND_DJ_GIDDENS,80.0,80.0,RB,IND,37.0,11.816,8.44,58.3,0.31,33.32,140.47,1.0,0.0,0.0,0.0,269.0,RB76,24.11,29.0,13.0,,Neutral,Black,0.0,0.0,0.0,—,0.0,0.0,0.0,0.0,,,,,,,,,,,,,—,—,Consensus Alignment,—,—,99.0,,,1.0,0.0,0.0,0.0,0.0,0.0,0.0,0.0,0.0,0.0,0.0,0.0,—,—,,,consensus,,0.0,0.0,,,,,IND,980.0,0.068,27.3,0.06,0.07,IND,5.0,4.5,False,Shane Steichen,97.4,10.0,22.2,17.0,32.7,19.0,—,20.0,Gap,10.0,Even,25.0,Balanced Environment,IND,10,36.05,63.95,14.0,-3.5,S.Steichen,,72.0,,,,,,,,,,,,,,,0,,,,,,,,,,,,,,,,,,,,,,,,,,,RB79,79.0,999.0,37.0,2.18,15.0,WW,,,—,0,0,99,,—,81,181.3,0.204,0.0,728.0,728.0,728.0,728.0,999.0,999.0,0.0,999.0,999.0,CONSENSUS,32.7,2.17,-0.006,32.5,-113.83,83,RB83,1.0,666.0,0.0,0.0,32.7,0.0,0.0,-0.6,0.0,0.0,0.0,0.0,0.0,0.0,0.0,0.0,Tier 12,271.0,267.9,220.0,-47.9,🎯 High Consensus (Safe Floor),78.0,Tier 10,76.1,70.0,-6.1
330,Nicholas Singleton,RB,TEN,T8,-108.55,-108.55,332,RB82,192,209.5,17.5,Screaming Steal (Huge Value),ESPN,209.5,209.5,209.5,209.5,0.0,19.74,2.09,,0.0,0.0,40.0,40.0,-0.02,0.33,0.588,16,5.0,,,,0.0,Neutral,False,False,Healthy,9,RB80,204.5,215.5,2.5,1,FP_TEN_NICHOLAS_SINGLETON,80.0,80.0,RB,TEN,35.6,6.005999999999999,4.29,30.16,0.16,20.29,83.72,0.55,0.0,0.0,0.0,265.0,RB74,43.75,29.0,9.0,,Neutral,Black,0.0,0.0,0.0,—,0.0,0.0,0.0,0.0,,,,,,,,,,,,,—,—,Consensus Alignment,—,—,99.0,,,1.0,0.0,0.0,0.0,0.0,0.0,0.0,0.0,0.0,0.0,0.0,0.0,—,—,,,consensus,,0.0,0.0,,,,,TEN,2550.0,0.01,29.0,0.03,-0.01,TEN,25.0,2.0,False,Brian Daboll,74.1,29.0,19.9,23.0,32.6,21.0,High 12P,12.0,Balanced,28.0,Very Spread,13.0,Slugfests (Low Scoring Offense + Elite Defense -> Low Over/Unders / Grinding Games),TEN,31,20.11,79.89,29.0,-1.4,B.Daboll,,62.7,,,,,,,,,,,,,Nicholas Singleton,TEN,1,5.0,165.0,4.2,22.1,19.9,,,,,,,,,,,,,,,,,,,,,,RB80,80.0,209.5,35.6,2.09,15.0,WW,,,—,0,0,99,,—,82,181.3,0.196,0.0,17.5,17.5,17.5,17.5,209.5,209.5,0.0,209.5,209.5,ESPN,38.32,-7.95,-0.014,37.78,-108.55,81,RB81,1.0,-120.5,0.0,0.0,38.32,0.0,0.0,-1.4,0.0,0.0,0.0,0.0,0.0,0.0,0.0,0.0,Tier 12,192.0,204.5,215.5,11.0,⚡ High Variance (Boom/Bust Ceiling),79.0,Tier 10,77.1,70.0,-7.1
341,Emanuel Wilson,RB,SEA,T8,-117.01,-117.01,333,RB83,356,250.3,-105.7,Severe Reach (Overpriced),ESPN,250.3,250.3,250.3,250.3,0.0,51.27,2.07,,0.0,0.0,70.0,70.0,0.0,0.17,0.774,16,5.0,,,,0.0,Neutral,False,False,Healthy,11,RB81,245.3,256.3,2.5,1,FP_SEA_EMANUEL_WILSON,80.0,80.0,RB,SEA,35.2,10.752,7.68,52.13,0.03,70.21,290.48,1.71,0.0,0.0,0.0,346.0,RB99,18.11,29.0,11.0,,Neutral,Black,0.0,0.0,0.0,—,0.0,0.0,0.0,0.0,,,,,,,,,,,,,—,—,Consensus Alignment,—,—,99.0,,,1.0,0.0,0.0,0.0,0.0,0.0,0.0,0.0,0.0,0.0,0.0,0.0,—,—,,,consensus,,0.0,0.0,,,,,SEA,1340.0,0.058,28.0,0.02,0.08,SEA,10.0,3.5,False,Brian Fleury,96.6,11.0,26.4,4.0,32.9,17.0,—,16.0,Zone,4.0,Even,14.0,Chew the Clock (High Scoring Offense + Elite Defense -> Run-Heavy Second Halves),SEA,14,46.7,53.3,4.0,0.0,Unknown,58.6,,,,,,,,-0.3508,,,,,,,,0,,,,,,,,,,,,,,,,,,,,,,,,,,,RB81,81.0,250.3,35.2,2.07,15.0,WW,,,—,0,0,99,,—,83,181.3,0.194,0.0,-105.7,-105.7,-105.7,-105.7,250.3,250.3,0.0,250.3,250.3,ESPN,29.5,1.75,-0.006,29.32,-117.01,89,RB89,1.0,-90.7,0.0,0.0,29.5,0.0,0.0,-0.6,0.0,0.0,0.0,0.0,0.0,0.0,0.0,0.0,Tier 12,356.0,352.9,220.0,-132.9,🎯 High Consensus (Safe Floor),80.0,Tier 10,78.1,70.0,-8.1
334,Trevor Etienne,RB,CAR,T8,-114.06,-114.06,334,RB84,270,999.0,729.0,Screaming Steal (Huge Value),ESPN,999.0,999.0,999.0,999.0,0.0,14.79,1.95,,0.0,0.0,60.0,60.0,-0.015,0.25,0.794,16,5.0,,,,0.0,Neutral,False,False,Healthy,5,RB82,994.0,1005.0,2.5,1,FP_CAR_TREVOR_ETIENNE,80.0,80.0,RB,CAR,33.2,5.768,4.12,29.26,0.14,12.32,52.39,0.3,0.0,0.0,0.0,301.0,RB85,30.99,29.0,5.0,,Neutral,Black,0.0,0.0,0.0,—,0.0,0.0,0.0,0.0,,,,,,,,,,,,,—,—,Consensus Alignment,—,—,99.0,,,1.0,0.0,0.0,0.0,0.0,0.0,0.0,0.0,0.0,0.0,0.0,0.0,—,—,,,consensus,,0.0,0.0,,,,,CAR,1900.0,-0.03,28.6,-0.01,-0.04,CAR,16.0,3.0,False,Dave Canales/Idzik,78.7,27.0,19.8,24.0,33.6,15.0,High 11P,22.0,Balanced,19.0,Spread,23.0,Passing / Garbage Time (Low Scoring Offense + Bad Defense -> Trailing Game Scripts / Air Volume),CAR,8,29.48,70.52,22.0,-2.0,D.Canales,,73.0,,,,,,,,,,,,,,,0,,,,,,,,,,,,,,,,,,,,,,,,,,,RB82,82.0,999.0,33.2,1.95,15.0,WW,,,—,0,0,99,,—,84,181.3,0.183,0.0,729.0,729.0,729.0,729.0,999.0,999.0,0.0,999.0,999.0,CONSENSUS,32.46,-2.02,-0.006,32.27,-114.06,84,RB84,1.0,665.0,0.0,0.0,32.46,0.0,0.0,-0.6,0.0,0.0,0.0,0.0,0.0,0.0,0.0,0.0,Tier 12,270.0,266.9,220.0,-46.9,🎯 High Consensus (Safe Floor),81.0,Tier 10,79.1,70.0,-9.1
331,Kyle Juszczyk,RB,SF,T8,-111.82,-111.82,335,RB85,269,1655.0,1386.0,Screaming Steal (Huge Value),ESPN,1655.0,1655.0,1655.0,1655.0,0.0,54.65,1.92,,0.0,0.0,80.0,80.0,-0.012,0.11,0.774,16,5.0,,,,0.0,Neutral,False,False,Healthy,8,RB83,1650.0,1661.0,2.5,1,FP_SF_KYLE_JUSZCZYK,80.0,80.0,RB,SF,32.7,33.194,23.71,207.75,1.47,4.21,10.3,0.08,0.0,0.0,0.0,280.0,RB79,38.75,29.0,8.0,,Neutral,Black,0.0,0.0,0.0,—,0.0,0.0,0.0,0.0,,,,,,,,,,,,,—,—,Consensus Alignment,—,—,99.0,,,1.0,0.0,0.0,0.0,0.0,0.0,0.0,0.0,0.0,0.0,0.0,0.0,—,—,,,consensus,,0.0,0.0,,,,,SF,890.0,0.175,28.8,0.14,0.2,SF,6.0,4.0,False,Kyle Shanahan,100.9,6.0,26.4,4.0,32.9,17.0,High 21P,8.0,Zone,3.0,Most Condensed,14.0,Shootouts (High Scoring Offense + Vulnerable Defense -> Max Fantasy Ceiling),SF,6,48.24,51.76,3.0,-1.9,K.Shanahan,,,,,,,,,,,,,,,,,0,,,,,,,,,,,,,,,,,,,,,,,,,,,RB83,83.0,1655.0,32.7,1.92,15.0,WW,,,—,0,0,99,,—,85,181.3,0.18,0.0,1386.0,1386.0,1386.0,1386.0,1655.0,1655.0,0.0,1655.0,1655.0,CONSENSUS,34.72,3.43,-0.006,34.51,-111.82,82,RB82,1.0,1324.0,0.0,0.0,34.72,0.0,0.0,-0.6,0.0,0.0,0.0,0.0,0.0,0.0,0.0,0.0,Tier 12,269.0,265.9,220.0,-45.9,🎯 High Consensus (Safe Floor),82.0,Tier 10,80.1,70.0,-10.1
328,Kimani Vidal,RB,LAC,T8,-105.84,-105.84,336,RB86,228,241.0,13.0,Screaming Steal (Huge Value),YAHOO,170.88,241.0,241.0,241.0,70.12,58.99,1.8,,0.0,0.0,60.0,60.0,-0.035,0.38,0.663,16,5.0,,,,0.0,Neutral,False,False,Healthy,7,RB84,236.0,247.0,2.5,1,FP_LAC_KIMANI_VIDAL,80.0,80.0,RB,LAC,30.6,16.688,11.92,104.02,0.69,60.16,234.18,1.55,0.0,0.0,0.0,263.0,RB73,44.72,29.0,7.0,,Neutral,Black,0.0,0.0,0.0,—,0.0,0.0,0.0,0.0,,,,,,,,,,,,,—,—,Consensus Alignment,—,—,99.0,,,1.0,0.0,0.0,0.0,0.0,0.0,0.0,0.0,0.0,0.0,0.0,0.0,—,—,,,consensus,,0.0,0.0,,,,,LAC,2900.0,0.06,29.2,0.05,0.07,LAC,32.0,3.0,False,Mike McDaniel,91.9,15.0,26.7,3.0,35.4,11.0,High 21P,31.0,Zone,1.0,Very Condensed,28.0,Chew the Clock (High Scoring Offense + Elite Defense -> Run-Heavy Second Halves),LAC,9,18.72,81.28,30.0,-1.4,M.McDaniel,65.1,81.5,,,,,,,-0.175,,,,,,,,0,,,,,,,,,,,,,,,57.0,56.0,56.0,0.0,0.93,12.8,5.41,64.3,61.8,40.5,,,RB84,84.0,241.0,30.6,1.8,15.0,WW,,,—,0,0,99,,—,86,181.3,0.169,0.0,-57.12,13.0,13.0,13.0,241.0,170.88,70.12,241.0,170.88,ESPN,40.73,-1.73,-0.006,40.49,-105.84,79,RB79,1.0,-87.0,0.0,0.0,40.73,0.0,0.0,-0.6,0.0,0.0,0.0,0.0,0.0,0.0,0.0,0.0,Tier 12,228.0,224.9,220.0,-4.9,🎯 High Consensus (Safe Floor),83.0,Tier 10,81.1,70.0,-11.1
337,Devin Singletary,RB,NYG,T8,-115.69,-115.69,337,RB87,344,999.0,655.0,Screaming Steal (Huge Value),ESPN,999.0,999.0,999.0,999.0,0.0,0.0,1.74,,0.0,0.0,60.0,60.0,-0.01,0.31,0.558,16,5.0,,,,0.0,Neutral,False,False,Healthy,8,RB85,994.0,1005.0,2.5,1,FP_NYG_DEVIN_SINGLETARY,80.0,80.0,RB,NYG,29.6,0.0,0.0,0.0,0.0,0.0,0.0,0.0,0.0,0.0,0.0,294.0,RB82,33.25,29.0,8.0,,Neutral,Black,0.0,0.0,0.0,—,0.0,0.0,0.0,0.0,,,,,,,,,,,,,—,—,Consensus Alignment,—,—,99.0,,,1.0,0.0,0.0,0.0,0.0,0.0,0.0,0.0,0.0,0.0,0.0,0.0,—,—,,,consensus,,0.0,0.0,,,,,NYG,2350.0,-0.01,27.7,0.0,-0.02,NYG,18.0,3.0,True,Matt Nagy,89.6,19.0,24.1,12.0,32.6,21.0,—,21.0,Zone,17.0,Even,16.0,Shootouts (High Scoring Offense + Vulnerable Defense -> Max Fantasy Ceiling),NYG,18,38.25,61.75,12.0,1.3,M.Nagy,57.2,89.0,,,,,,,-0.4607,,,,,,,,0,,,,,,,,,,,,,,,,,,,,,,,,,,,RB85,85.0,999.0,29.6,1.74,15.0,WW,,,—,0,0,99,,—,87,181.3,0.163,0.0,655.0,655.0,655.0,655.0,999.0,999.0,0.0,999.0,999.0,CONSENSUS,30.82,-2.1,-0.006,30.64,-115.69,86,RB86,1.0,662.0,0.0,0.0,30.82,0.0,0.0,-0.6,0.0,0.0,0.0,0.0,0.0,0.0,0.0,0.0,Tier 12,344.0,340.9,220.0,-120.9,🎯 High Consensus (Safe Floor),84.0,Tier 10,82.1,70.0,-12.1
339,Will Shipley,RB,PHI,T8,-116.34,-116.34,338,RB88,266,999.0,733.0,Screaming Steal (Huge Value),ESPN,999.0,999.0,999.0,999.0,0.0,27.59,1.72,,0.0,0.0,80.0,80.0,0.025,0.08,0.667,16,5.0,,,,0.0,Neutral,False,False,Healthy,10,RB86,994.0,1005.0,2.5,1,FP_PHI_WILL_SHIPLEY,80.0,80.0,RB,PHI,29.3,15.834,11.31,83.45,0.4,9.25,39.57,0.3,0.0,0.0,0.0,297.0,RB84,31.91,29.0,10.0,,Neutral,Black,0.0,0.0,0.0,—,0.0,0.0,0.0,0.0,,,,,,,,,,,,,—,—,Consensus Alignment,—,—,99.0,,,1.0,0.0,0.0,0.0,0.0,0.0,0.0,0.0,0.0,0.0,0.0,0.0,—,—,,,consensus,,0.0,0.0,,,,,PHI,640.0,0.138,27.2,0.12,0.15,PHI,14.0,4.0,True,Sean Mannion,85.2,24.0,23.0,13.0,36.3,9.0,—,16.0,Balanced,5.0,Condensed,15.0,Chew the Clock (High Scoring Offense + Elite Defense -> Run-Heavy Second Halves),PHI,2,35.05,64.95,16.0,0.0,Unknown,,65.6,,,,,,,,,,,,,,,0,,,,,,,,,,,,,,,,,,,,,,,,,,,RB86,86.0,999.0,29.3,1.72,15.0,WW,,,—,0,0,99,,—,88,181.3,0.162,0.0,733.0,733.0,733.0,733.0,999.0,999.0,0.0,999.0,999.0,CONSENSUS,30.17,3.38,-0.006,29.99,-116.34,87,RB87,1.0,660.0,0.0,0.0,30.17,0.0,0.0,-0.6,0.0,0.0,0.0,0.0,0.0,0.0,0.0,0.0,Tier 12,266.0,262.9,220.0,-42.9,🎯 High Consensus (Safe Floor),85.0,Tier 10,83.1,70.0,-13.1
340,Sean Tucker,RB,TB,T8,-116.79,-116.79,339,RB89,232,243.9,11.9,Screaming Steal (Huge Value),ESPN,243.9,243.9,243.9,243.9,0.0,32.11,1.61,,0.0,0.0,80.0,80.0,0.028,0.11,0.75,16,5.0,,,,0.0,Neutral,False,False,Healthy,10,RB87,238.9,249.9,2.5,1,FP_TB_SEAN_TUCKER,80.0,80.0,RB,TB,27.3,2.086,1.49,10.2,0.04,39.31,163.61,2.22,0.0,0.0,0.0,290.0,RB80,34.56,29.0,10.0,,Neutral,Black,0.0,0.0,0.0,—,0.0,0.0,0.0,0.0,,,,,,,,,,,,,—,—,Consensus Alignment,—,—,99.0,,,1.0,0.0,0.0,0.0,0.0,0.0,0.0,0.0,0.0,0.0,0.0,0.0,—,—,,,consensus,,0.0,0.0,,,,,TB,820.0,0.078,27.5,-0.03,0.14,TB,26.0,4.0,False,Zac Robinson,89.8,18.0,27.9,2.0,30.4,24.0,High 12P,13.0,Zone,2.0,Condensed,20.0,Slugfests (Low Scoring Offense + Elite Defense -> Low Over/Unders / Grinding Games),TB,5,26.78,73.22,23.0,-6.6,Z.Robinson,62.7,70.0,,,,,,,-1.4079,,,,,,,,0,,,,,,,,,,,,,,,,,,,,,,,,,,,RB87,87.0,243.9,27.3,1.61,15.0,WW,,,—,0,0,99,,—,89,181.3,0.151,0.0,11.9,11.9,11.9,11.9,243.9,243.9,0.0,243.9,243.9,ESPN,29.72,3.33,-0.006,29.54,-116.79,88,RB88,1.0,-96.1,0.0,0.0,29.72,0.0,0.0,-0.6,0.0,0.0,0.0,0.0,0.0,0.0,0.0,0.0,Tier 12,232.0,228.9,220.0,-8.9,🎯 High Consensus (Safe Floor),86.0,Tier 10,84.1,70.0,-14.1
342,Kendre Miller,RB,NO,T8,-119.4,-119.4,341,RB90,204,224.8,20.8,Screaming Steal (Huge Value),ESPN,224.8,224.8,224.8,224.8,0.0,22.41,1.58,,0.0,0.0,60.0,60.0,0.005,0.15,0.663,16,5.0,,,,0.0,Neutral,False,False,Healthy,8,RB88,219.8,230.8,2.5,1,FP_NO_KENDRE_MILLER,80.0,80.0,RB,NO,26.8,2.464,1.76,10.95,0.02,29.42,119.95,1.25,0.0,0.0,0.0,315.0,RB91,27.66,29.0,8.0,,Neutral,Black,0.0,0.0,0.0,—,0.0,0.0,0.0,0.0,,,,,,,,,,,,,—,—,Consensus Alignment,—,—,99.0,,,1.0,0.0,0.0,0.0,0.0,0.0,0.0,0.0,0.0,0.0,0.0,0.0,—,—,,,consensus,,0.0,0.0,,,,,NO,1150.0,0.035,28.2,-0.03,0.08,NO,30.0,3.0,True,Kellen Moore,85.7,23.0,22.1,18.0,35.8,10.0,High 11P,1.0,Zone,5.0,Even,27.0,Passing / Garbage Time (Low Scoring Offense + Bad Defense -> Trailing Game Scripts / Air Volume),NO,22,25.49,74.51,25.0,-2.3,K.Moore,,79.2,,,,,,,,,,,,,,,0,,,,,,,,,,,,,,,,,,,,,,,,,,,RB88,88.0,224.8,26.8,1.58,16.0,WW,,,—,0,0,99,,—,90,181.3,0.148,0.0,20.8,20.8,20.8,20.8,224.8,224.8,0.0,224.8,224.8,ESPN,27.09,-2.33,-0.006,26.93,-119.4,90,RB90,1.0,-117.2,0.0,0.0,27.09,0.0,0.0,-0.6,0.0,0.0,0.0,0.0,0.0,0.0,0.0,0.0,Tier 12,204.0,200.9,207.1,6.2,⚖️ Moderate Variance,87.0,Tier 10,85.1,70.0,-15.1
344,Jawhar Jordan,RB,HST,T8,-122.61,-122.61,342,RB91,268,999.0,731.0,Screaming Steal (Huge Value),ESPN,999.0,999.0,999.0,999.0,0.0,50.14,1.51,,0.0,0.0,80.0,80.0,0.0,0.15,0.5,16,5.0,,,,0.0,Neutral,False,False,Healthy,8,RB89,994.0,1005.0,2.5,1,FP_HST_JAWHAR_JORDAN,80.0,80.0,RB,HST,25.6,15.4,11.0,86.0,0.5,51.31,218.04,1.13,0.0,0.0,0.0,338.0,RB95,20.38,29.0,8.0,,Neutral,Black,0.0,0.0,0.0,—,0.0,0.0,0.0,0.0,,,,,,,,,,,,,—,—,Consensus Alignment,—,—,99.0,,,1.0,0.0,0.0,0.0,0.0,0.0,0.0,0.0,0.0,0.0,0.0,0.0,—,—,,,consensus,,0.0,0.0,,,,,,,,,,,,,,,,,,,,,,,,,,,,,,16,35.0,65.0,,0.0,—,,69.3,,,,,,,,,,,,,,,0,,,,,,,,,,,,,,,,,,,,,,,,,,,RB89,89.0,999.0,25.6,1.51,16.0,WW,,,—,0,0,99,,—,91,181.3,0.141,0.0,731.0,731.0,731.0,731.0,999.0,999.0,0.0,999.0,999.0,CONSENSUS,23.86,0.75,-0.006,23.72,-122.61,92,RB92,1.0,655.0,0.0,0.0,23.86,0.0,0.0,-0.6,0.0,0.0,0.0,0.0,0.0,0.0,0.0,0.0,Tier 12,268.0,264.9,220.0,-44.9,🎯 High Consensus (Safe Floor),88.0,Tier 10,86.1,70.0,-16.1
343,Zavier Scott,RB,MIN,T8,-120.98,-120.98,343,RB92,362,693.0,331.0,Screaming Steal (Huge Value),ESPN,693.0,693.0,693.0,693.0,0.0,0.0,1.5,,0.0,0.0,80.0,80.0,0.035,0.19,0.691,16,5.0,,,,0.0,Neutral,False,False,Healthy,6,RB90,688.0,699.0,2.5,1,FP_MIN_ZAVIER_SCOTT,80.0,80.0,RB,MIN,25.5,0.0,0.0,0.0,0.0,0.0,0.0,0.0,0.0,0.0,0.0,519.0,RB136,0.5,29.0,6.0,,Neutral,Black,0.0,0.0,0.0,—,0.0,0.0,0.0,0.0,,,,,,,,,,,,,—,—,Consensus Alignment,—,—,99.0,,,1.0,0.0,0.0,0.0,0.0,0.0,0.0,0.0,0.0,0.0,0.0,0.0,—,—,,,consensus,,0.0,0.0,,,,,MIN,1580.0,0.085,27.1,-0.02,0.15,MIN,9.0,4.0,True,Kevin O'Connell,76.2,28.0,18.9,26.0,37.4,5.0,—,25.0,Balanced,23.0,Condensed,5.0,Shootouts (High Scoring Offense + Vulnerable Defense -> Max Fantasy Ceiling),MIN,12,31.97,68.03,18.0,1.4,K.O'Connell,,,,,,,,,,,,,,,,,0,,,,,,,,,,,,,,,,,,,,,,,,,,,RB90,90.0,693.0,25.5,1.5,15.0,WW,,,—,0,0,99,,—,92,181.3,0.141,0.0,331.0,331.0,331.0,331.0,693.0,693.0,0.0,693.0,693.0,ESPN,25.5,0.22,-0.006,25.35,-120.98,91,RB91,1.0,350.0,0.0,0.0,25.5,0.0,0.0,-0.6,0.0,0.0,0.0,0.0,0.0,0.0,0.0,0.0,Tier 12,362.0,358.9,220.0,-138.9,🎯 High Consensus (Safe Floor),89.0,Tier 10,87.1,70.0,-17.1
276,Brian Robinson Jr.,RB,FA,T8,-64.02,-64.02,296,RB49,138,153.4,15.4,Screaming Steal (Huge Value),ESPN,164.76,121.6,153.4,153.4,43.16,86.08,4.91,,0.0,0.0,80.0,80.0,0.0,0.15,0.5,16,7.0,2.5,,,0.0,Neutral,False,False,Healthy,0,RB150,144.0,158.0,3.0,5,FP_DUR_BRIAN_ROBINSON_JR.,50.0,50.0,RB,FA,83.5,10.15,7.25,46.7,0.1,120.19,517.14,3.89,0.0,0.0,0.0,181.0,RB56,88.84,28.0,11.0,,Neutral,Black,0.0,0.0,0.0,—,0.0,0.0,0.0,0.0,,,,,,,,,,,,,—,—,Consensus Alignment,—,—,99.0,,,1.0,0.0,0.0,0.0,0.0,0.0,0.0,0.0,0.0,0.0,0.0,0.0,—,—,,150.0,consensus,Medium,0.0,0.0,,,,,,,,,,,,,,,,,,,,,,,,,,,,,,16,35.0,65.0,,0.0,—,65.9,77.4,,,,,,,0.1525,,,,,,,,0,,,,,,,,,,,,,,,75.4,48.0,45.0,-3.0,0.953,13.0,6.85,84.8,63.2,56.4,121.6,40.0,RB49,49.0,153.4,83.5,4.91,12.0,$2-4,175.0,6.0,—,0,0,99,,—,49,181.3,0.461,0.0,26.76,-16.4,15.4,15.4,164.76,121.6,43.16,164.76,121.6,YAHOO,82.81,0.75,-0.006,82.31,-64.02,52,RB52,1.0,-122.6,0.0,-1.2,82.81,0.0,0.0,-0.6,0.0,0.0,0.0,0.0,0.0,0.0,0.0,0.0,Tier 12,138.0,144.0,158.0,14.0,⚡ High Variance (Boom/Bust Ceiling),90.0,Tier 10,87.8,70.0,-17.8
307,Zachariah Branch,RB,FA,T8,-80.4,-80.4,307,RB60,148,148.0,0.0,Fair Market Value,ESPN,148.0,148.0,148.0,148.0,0.0,80.28,3.8,,0.0,0.0,80.0,80.0,0.0,0.15,0.5,16,7.0,1.6,,,0.0,Neutral,False,False,Healthy,0,RB150,144.0,158.0,3.0,5,FP_DUR_ZACHARIAH_BRANCH,50.0,50.0,RB,FA,65.21499999999999,43.974,31.41,381.69,1.89,0.0,0.0,0.0,0.0,0.0,0.0,242.0,WR98,66.65,29.0,,,Neutral,Black,0.0,0.0,0.0,—,0.0,0.0,0.0,0.0,,,,,,,,,,,,,—,—,Consensus Alignment,—,—,99.0,,,1.0,0.0,0.0,0.0,0.0,0.0,0.0,0.0,0.0,0.0,0.0,0.0,—,—,,136.0,guy,Low (High Floor Alpha),0.0,0.0,,,,,,,,,,,,,,,,,,,,,,,,,,,,,,16,35.0,65.0,,0.0,—,,78.4,,,,,,,,,,,,,Zachariah Branch,ATL,1,3.0,79.0,29.7,20.9,30.8,98.9,4.35,38.0,125.0,177.0,4.4,43.9,43.0,7.0,,,,,,,,,,,,,,,,,,,,,,—,0,0,99,,—,60,181.3,0.36,0.0,0.0,0.0,0.0,0.0,148.0,148.0,0.0,148.0,148.0,ESPN,65.93,0.75,0.0,65.93,-80.4,61,RB61,1.0,-159.0,0.0,0.0,65.93,0.0,0.0,0.0,0.0,0.0,0.0,0.0,0.0,0.0,0.0,0.0,Tier 12,148.0,144.0,158.0,14.0,⚡ High Variance (Boom/Bust Ceiling),91.0,Tier 10,88.8,70.0,-18.8
278,Amon-Ra St.Brown,RB,FA,T8,-65.85,-65.85,298,RB51,151,151.0,0.0,Fair Market Value,ESPN,151.0,151.0,151.0,151.0,0.0,80.47649999999999,4.7,,0.0,0.0,80.0,80.0,0.0,0.15,0.5,16,1.0,1.6,,,0.0,Neutral,False,False,Healthy,0,RB150,144.0,158.0,3.0,5,FP_DUR_AMON-RA_ST.BROWN,50.0,50.0,RB,FA,80.47649999999999,,,,,,,,,,,,,,,,,Neutral,Black,0.0,0.0,0.0,—,0.0,0.0,0.0,0.0,,,,,,,,,,,,,—,—,Consensus Alignment,—,—,99.0,,,1.0,0.0,0.0,0.0,0.0,0.0,0.0,0.0,0.0,0.0,0.0,0.0,—,—,,9.0,guy,Low (High Floor Alpha),0.0,0.0,,,4.0,2.0,,,,,,,,,,,,,,,,,,,,,,,,,,16,35.0,65.0,,0.0,—,,,,,,,,,,,,,,,,,0,,,,,,,,,,,,,,,,,,,,,,,,,,,,,,,,,,,,—,0,0,99,,—,51,181.3,0.444,0.0,0.0,0.0,0.0,0.0,151.0,151.0,0.0,151.0,151.0,ESPN,80.48,0.75,0.0,80.48,-65.85,53,RB53,1.0,-127.0,0.0,0.0,80.48,0.0,0.0,0.0,0.0,0.0,0.0,0.0,0.0,0.0,0.0,0.0,Tier 12,151.0,144.0,158.0,14.0,⚡ High Variance (Boom/Bust Ceiling),92.0,Tier 10,89.8,70.0,-19.8
4,Puka Nacua,WR,LA,T1,130.05,130.05,4,WR1,4,4.9,0.9,Fair Market Value,ESPN,5.23,4.8,4.9,4.9,0.43,339.8,15.25,21.3,20.81,1.0,80.0,80.0,0.0,0.15,0.5,16,1.0,2.5,70.0,0.4,26.0,Surging,False,False,Healthy,11,WR1,1.0,10.9,2.5,1,FP_LA_PUKA_NACUA,80.0,80.0,WR,LA,259.3,163.79999999999998,117.0,1539.0,9.0,13.64,85.0,1.39,0.0,0.0,0.0,5.0,WR2,314.28,3.0,11.0,4.0,Neutral,Black,0.0,0.0,0.0,—,5.95,0.0,0.0,0.0,2.0,-2.0,Full PPR Favored (Receptions),,,,,,,,,,🎯 **Target / WR1**,🤝 **Consensus High**,Consensus Alignment,Tier 2,Round 1 (1.03),1.03,#2 WR for Joel; 24.6 Adj PPG leader; unmatched 36.8% TPRR; only 2 shadow CB matchups in 2026 (greenest in NFL); contract year.,https://www.fantasypoints.com/nfl/articles/2026/the-gurus-2026-fantasy-football-draft-plan,52.0,0.0,1.0,0.0,0.0,0.0,0.0,0.0,0.0,0.0,0.179,0.0,WR2,T1,24.6,4.0,consensus,Medium,1.0,1.0,,,2.0,2.0,,,,,,,,,,,,,,,,,,,,,,,,,,16,35.0,65.0,,0.0,—,99.0,,0.1641,0.7003,1.129,1.1027,3.3344,0.5676,,,,,,,,,0,,,,,,,,,,,,,,,209.1,3.0,2.0,-1.0,0.98,13.7,15.0,201.5,183.5,220.0,4.8,2.0,WR1,1.0,4.9,259.3,15.25,1.0,$55+,4.0,18.8,—,0,0,99,,—,1,158.5,1.636,100.8,1.23,0.8,0.9,0.9,5.23,4.8,0.43,5.23,4.8,YAHOO,260.49,-1.4,0.032,268.83,130.05,1,WR1,52.0,0.9,6.0,-0.4,260.49,20.81,26.0,3.2,0.0,0.0,0.0,5.0,0.0,0.0,0.0,0.0,Tier 1,4.0,1.0,10.9,9.9,⚡ High Variance (Boom/Bust Ceiling),1.0,Tier 1,1.0,2.9,1.9
5,Ja'Marr Chase,WR,CIN,T1,123.37,123.37,6,WR2,3,3.9,0.9,Fair Market Value,SLEEPER,3.87,3.4,3.9,3.9,0.5,335.99,13.76,18.1,22.78,1.0,60.0,60.0,0.05,0.18,0.751,16,1.0,2.5,110.0,0.6,50.0,Hyper-Surging,False,False,Healthy,6,WR2,1.0,9.9,2.5,1,FP_CIN_JA'MARR_CHASE,80.0,80.0,WR,CIN,234.0,169.722,121.23,1511.23,10.6,3.01,16.97,0.05,0.0,0.0,0.0,4.0,WR1,335.26,2.0,6.0,3.0,Neutral,Black,0.0,0.0,0.0,—,7.87,0.0,0.0,0.0,,,,,,,,,,,,,🎯 **Target / WR1**,🤝 **Consensus High**,Consensus Alignment,Tier 2,Round 1 (1.05),1.05,#1 WR for Joel; 20.1 Adj PPG; exactly 200 targets in last 17 games with Burrow; Zac Taylor +3.6% PROE pass volume.,https://www.fantasypoints.com/nfl/articles/2026/the-gurus-2026-fantasy-football-draft-plan,50.0,0.0,1.0,0.0,0.0,0.0,0.0,0.0,0.0,0.0,0.119,0.0,WR1,T1,20.1,3.0,consensus,Medium,0.0,0.0,,,6.0,0.0,CIN,1420.0,0.125,25.2,0.01,0.21,CIN,19.0,3.0,False,Zac Taylor,98.6,7.0,22.5,15.0,42.5,3.0,—,11.0,Gap,20.0,Very Spread,15.0,Shootouts (High Scoring Offense + Vulnerable Defense -> Max Fantasy Ceiling),CIN,28,31.69,68.31,19.0,3.6,Z.Taylor,94.5,94.7,0.4443,0.2863,1.2978,0.9114,1.4415,0.1318,,,,,,,,,0,,,,,,,,,,,,,,,225.8,1.0,1.0,0.0,0.979,16.2,15.4,244.5,199.6,243.3,3.4,1.0,WR2,2.0,3.9,234.0,13.76,2.0,$48-54,3.0,18.9,—,0,0,99,,—,2,158.5,1.476,75.5,0.87,0.4,0.9,0.9,3.9,3.4,0.5,3.9,3.4,YAHOO,257.26,-6.8,0.019,262.15,123.37,2,WR2,50.0,-1.1,6.0,0.0,257.26,22.78,50.0,1.9,0.0,0.0,0.0,0.0,0.0,0.0,0.0,0.0,Tier 1,3.0,1.0,9.9,8.9,⚡ High Variance (Boom/Bust Ceiling),2.0,Tier 1,1.0,3.9,2.9
8,Jaxon Smith-Njigba,WR,SEA,T2,105.26,105.26,8,WR3,6,6.0,0.0,Fair Market Value,YAHOO,5.71,6.8,6.0,6.0,1.09,326.21,13.49,18.4,0.0,0.0,70.0,70.0,0.0,0.17,0.774,16,1.0,2.5,70.0,0.48,36.0,Surging,False,False,Healthy,11,WR3,1.0,12.0,2.5,1,FP_SEA_JAXON_SMITH-NJIGBA,80.0,80.0,WR,SEA,229.4,155.27399999999997,110.91,1570.02,9.51,5.53,30.39,0.06,0.0,0.0,0.0,8.0,WR4,286.69,5.0,11.0,9.0,Target (Green),Green,1.0,0.0,0.0,—,0.0,0.0,0.0,0.0,,,,,,,,,1D/RR Alpha (>0.120),2.55,,,🎯 **Target**,🤝 **Consensus High**,Consensus Alignment,Tier 3,Round 1 (1.07),1.07,#4 WR for Joel; 23.8 Adj PPG smash candidate; Ryan Grubb scheme; top-3 deep ball catch rate.,https://www.fantasypoints.com/nfl/articles/2026/the-gurus-2026-fantasy-football-draft-plan,44.0,0.0,1.0,0.0,0.0,0.0,0.0,0.0,0.0,0.0,0.165,0.0,WR4,T3,23.8,6.0,consensus,Medium,0.0,0.0,,,6.0,0.0,SEA,1340.0,0.058,28.0,0.02,0.08,SEA,10.0,3.5,False,Brian Fleury,96.6,11.0,26.4,4.0,32.9,17.0,—,16.0,Zone,4.0,Even,14.0,Chew the Clock (High Scoring Offense + Elite Defense -> Run-Heavy Second Halves),SEA,14,46.7,53.3,4.0,0.0,Unknown,97.3,99.0,0.5193,0.277,0.2153,0.3023,2.1123,0.8815,,,,,,,,,0,,,,,,,,,,,,,,,200.4,4.0,3.0,-1.0,0.982,12.9,14.12,178.6,172.8,239.1,6.8,3.0,WR3,3.0,6.0,229.4,13.49,2.0,$45-51,7.0,16.8,—,0,0,99,,—,3,158.5,1.447,70.9,-0.29,0.8,0.0,0.0,6.8,5.71,1.09,6.8,5.71,ESPN,236.47,-5.1,0.032,244.04,105.26,3,WR3,44.0,-2.0,6.0,-0.4,236.47,0.0,36.0,3.2,0.0,0.0,0.0,0.0,0.0,0.0,12.0,0.0,Tier 2,6.0,2.9,9.1,6.2,⚖️ Moderate Variance,3.0,Tier 1,1.1,4.9,3.8
9,Amon-Ra St. Brown,WR,DET,T2,103.59,103.59,12,WR4,9,8.8,-0.2,Fair Market Value,SLEEPER,8.23,7.9,8.8,8.8,0.9,319.84,12.92,18.3,22.19,1.0,70.0,70.0,0.018,0.09,0.62,16,5.0,,80.0,0.52,35.0,Surging,False,False,Healthy,6,WR4,3.8000000000000007,14.8,2.5,1,FP_DET_AMON-RA_ST._BROWN,80.0,80.0,WR,DET,219.6,164.31799999999998,117.37,1390.88,10.46,3.11,11.81,0.04,0.0,0.0,0.0,7.0,WR3,287.81,5.0,6.0,7.0,Neutral,Black,0.0,0.0,0.0,—,7.41,0.0,0.0,0.0,3.0,-4.0,Full PPR Favored (Receptions),,,,,,,,,,🎯 **Target**,🤝 **Consensus High**,Consensus Alignment,Tier 3,Round 1 (1.06),1.06,#3 WR for Joel; 22.0 Adj PPG; ultra-consistent target floor; Vegas #3 scoring offense.,https://www.fantasypoints.com/nfl/articles/2026/the-gurus-2026-fantasy-football-draft-plan,45.0,0.0,1.0,0.0,0.0,0.0,0.0,0.0,0.0,0.0,0.135,0.0,WR3,T2,22.0,,consensus,,0.0,0.0,,,,,DET,720.0,0.16,26.4,0.11,0.19,DET,15.0,3.5,False,Drew Petzing,107.7,3.0,21.4,20.0,26.1,27.0,—,3.0,Gap,24.0,Even,11.0,Balanced Environment,DET,16,30.85,69.15,20.0,-1.1,D.Petzing,95.2,69.2,0.2809,0.4225,-0.0633,0.2501,1.7835,0.4386,,,,,,,,,0,,,,,,,,,,,,,,,217.0,2.0,4.0,2.0,0.984,15.3,15.86,239.2,215.3,217.1,7.9,4.0,WR4,4.0,8.8,219.6,12.92,3.0,$42-48,6.0,18.1,—,0,0,99,,—,4,158.5,1.385,61.099999999999994,-0.77,-1.1,-0.2,-0.2,8.8,7.9,0.9,8.8,7.9,YAHOO,236.0,-0.06,0.027,242.37,103.59,4,WR4,45.0,-0.2,6.0,0.8,236.0,22.19,35.0,2.7,0.0,0.0,0.0,0.0,0.0,0.0,0.0,0.0,Tier 2,9.0,5.9,12.1,6.2,⚖️ Moderate Variance,4.0,Tier 2,2.1,5.9,3.8
17,CeeDee Lamb,WR,DAL,T3,78.04,78.04,14,WR5,10,9.5,-0.5,Fair Market Value,ESPN,10.64,10.4,9.5,9.5,1.14,273.01,12.24,14.9,35.49,1.0,80.0,80.0,0.055,0.22,0.666,16,2.0,4.2,94.0,0.5,38.0,Surging,False,True,Healthy,14,WR5,4.5,15.5,2.5,1,FP_DAL_CEEDEE_LAMB,80.0,80.0,WR,DAL,208.1,136.458,97.47,1295.61,7.53,2.41,12.56,0.04,0.0,0.0,0.0,15.0,WR5,264.85,6.0,14.0,14.0,Neutral,Black,0.0,0.0,0.0,—,17.73,0.0,0.0,0.0,,,,,,,,,1D/RR Alpha (>0.120),2.45,,,🎯 **Target**,🤝 **Consensus High**,Consensus Alignment,Tier 4,Round 1 (1.10),1.1,#5 WR for Joel; 16.6 Adj PPG; unquestioned alpha; Guru's top Round 1 target at 1.09.,https://www.fantasypoints.com/nfl/articles/2026/the-gurus-2026-fantasy-football-draft-plan,40.0,0.0,1.0,0.0,0.0,0.0,0.0,0.0,0.0,0.0,0.0,0.0,WR7,T3,16.6,14.0,fade,High (Overpriced Bust Risk),0.0,0.0,,,5.0,1.0,DAL,1680.0,0.115,24.8,-0.04,0.2,DAL,8.0,4.0,False,Brian Schottenheimer,109.1,2.0,24.1,10.0,39.9,4.0,High 11P,2.0,Gap,12.0,Very Condensed,24.0,Shootouts (High Scoring Offense + Vulnerable Defense -> Max Fantasy Ceiling),DAL,15,26.43,73.57,24.0,-3.4,B.Schottenheimer,88.4,96.8,-0.1985,0.2088,0.6226,0.574,1.6809,1.0292,,,,,,,,,0,,,,,,,,,,,,,,,181.9,7.0,5.0,-2.0,0.964,13.3,12.93,166.1,174.9,180.2,10.4,5.0,WR5,5.0,9.5,208.1,12.24,3.0,$38-42,8.0,16.9,—,0,0,99,,—,5,158.5,1.313,49.599999999999994,0.64,0.4,-0.5,-0.5,10.64,9.5,1.14,10.64,9.5,SLEEPER,215.74,0.25,0.005,216.82,78.04,5,WR5,40.0,-7.5,3.0,-0.8,215.74,35.49,38.0,0.5,0.0,0.0,0.0,0.0,0.0,0.0,0.0,0.0,Tier 2,10.0,4.5,15.5,11.0,⚡ High Variance (Boom/Bust Ceiling),5.0,Tier 2,3.1,6.9,3.8
21,Justin Jefferson,WR,MIN,T3,71.82,71.82,16,WR6,12,11.3,-0.7,Fair Market Value,YAHOO,12.07,12.8,11.3,11.3,1.5,272.82,12.18,,0.0,0.0,80.0,80.0,0.035,0.19,0.691,16,1.0,2.5,92.0,0.48,36.5,Surging,False,True,Healthy,6,WR6,6.300000000000001,17.3,2.5,1,FP_MIN_JUSTIN_JEFFERSON,80.0,80.0,WR,MIN,207.1,138.474,98.91,1310.88,7.12,1.34,5.54,0.03,0.0,0.0,0.0,21.0,WR8,253.12,7.0,6.0,17.0,Pass (Yellow),Yellow,0.0,1.0,0.0,—,0.0,0.0,0.0,0.0,,,,,,,,,,,,,🎯 **Target / Anchor**,🤝 **Consensus High**,Consensus Alignment,Tier 6,Round 2,2.0,18.0 FPG floor; Kevin O'Connell pass-heavy offense; Darrisaw healthy; only 4 shadow CB matchups.,https://www.fantasypoints.com/nfl/articles/2026/the-gurus-2026-fantasy-football-draft-plan,32.0,0.0,1.0,0.0,0.0,0.0,0.0,0.0,0.0,0.0,0.0,0.0,WR6,T3,,12.0,consensus,Medium,0.0,0.0,,,4.0,3.0,MIN,1580.0,0.085,27.1,-0.02,0.15,MIN,9.0,4.0,True,Kevin O'Connell,76.2,28.0,18.9,26.0,37.4,5.0,—,25.0,Balanced,23.0,Condensed,5.0,Shootouts (High Scoring Offense + Vulnerable Defense -> Max Fantasy Ceiling),MIN,12,31.97,68.03,18.0,1.4,K.O'Connell,85.5,87.3,0.3996,0.2475,0.1538,0.3253,1.2946,-0.0257,,,,,,,,,0,,,,,,,,,,,,,,,181.0,8.0,6.0,-2.0,0.97,14.7,12.9,183.7,169.5,184.3,12.8,6.0,WR6,6.0,11.3,207.1,12.18,4.0,$37-41,11.0,15.6,—,0,0,99,,—,6,158.5,1.307,48.599999999999994,0.07,0.8,-0.7,-0.7,12.8,11.3,1.5,12.8,11.3,SLEEPER,212.08,-0.35,-0.007,210.6,71.82,6,WR6,32.0,-9.7,3.0,-0.8,212.08,0.0,36.5,-0.7,0.0,0.0,0.0,0.0,0.0,0.0,-5.0,0.0,Tier 3,12.0,6.3,17.3,11.0,⚡ High Variance (Boom/Bust Ceiling),6.0,Tier 2,4.1,7.9,3.8
22,Drake London,WR,ATL,T3,71.09,71.09,22,WR7,19,17.7,-1.3,Fair Market Value,YAHOO,18.52,19.1,17.7,17.7,1.4,276.29,11.22,17.7,0.0,0.0,80.0,80.0,0.032,0.15,0.592,16,2.0,1.6,78.0,0.62,44.0,Surging,False,True,Healthy,11,WR7,12.7,23.7,2.5,1,FP_ATL_DRAKE_LONDON,80.0,80.0,WR,ATL,190.7,137.718,98.37,1272.88,8.76,0.0,0.0,0.0,0.0,0.0,0.0,18.0,WR7,256.42,7.0,11.0,22.0,Neutral,Black,0.0,0.0,0.0,—,0.0,0.0,0.0,0.0,,,,,,,,,1D/RR Alpha (>0.115),2.2,,,💥 **Must-Have / Exodia**,⚔️ **FP: Exodia  vs  Guru: Dirty 30 Shaky Supporting Cast**,FP: Exodia  vs  Guru: Dirty 30 Shaky Supporting Cast,Tier 6,Round 2,2.0,19.7 Adj PPG; Alpha First-Read Rate ($>30\%$) + 0.130 1D/RR (top-4 in NFL); contract year value flag.,https://www.fantasypoints.com/nfl/articles/2026/anatomy-of-a-league-winner#/3383,30.0,1.0,0.0,0.0,1.0,0.0,1.0,0.0,0.0,0.0,0.131,0.0,WR5,T3,19.7,15.0,guy,Low (High Floor Alpha),1.0,1.0,,,4.0,0.0,ATL,1100.0,0.092,26.0,0.05,0.12,ATL,21.0,4.0,False,Kevin Stefanski/Rees,86.4,21.0,22.4,16.0,25.7,28.0,High 12P,10.0,Gap,18.0,Even,3.0,Passing / Garbage Time (Low Scoring Offense + Bad Defense -> Trailing Game Scripts / Air Volume),ATL,11,54.01,45.99,2.0,-4.2,K.Stefanski,85.5,85.1,-0.7692,0.2709,0.1024,-0.1282,1.4242,0.1231,,,,,,,,,0,,,,,,,,,,,,,,,182.0,6.0,7.0,1.0,0.956,14.7,12.71,179.1,168.5,199.0,19.1,7.0,WR7,7.0,17.7,190.7,11.22,5.0,$35-39,27.0,14.8,—,0,0,99,,—,7,158.5,1.203,32.19999999999999,-0.48,0.1,-1.3,-1.3,19.1,17.7,1.4,19.1,17.7,SLEEPER,204.95,-2.44,0.024,209.87,71.09,7,WR7,30.0,-4.3,3.0,0.4,204.95,0.0,44.0,2.4,22.0,0.0,0.0,5.0,0.0,0.0,0.0,0.0,Tier 3,19.0,12.7,23.7,11.0,⚡ High Variance (Boom/Bust Ceiling),7.0,Tier 2,5.1,8.9,3.8
36,Rashee Rice,WR,KC,T4,43.84,43.84,27,WR8,28,27.0,-1.0,Fair Market Value,YAHOO,22.11,34.5,27.0,27.0,12.39,268.27,10.99,16.9,0.0,0.0,60.0,60.0,0.068,0.145,0.546,16,3.0,2.5,,,0.0,Neutral,False,True,Healthy,5,WR8,22.0,33.0,2.5,1,FP_KC_RASHEE_RICE,80.0,80.0,WR,KC,186.8,135.63199999999998,96.88,1071.38,9.6,5.42,25.61,0.87,0.0,0.0,0.0,36.0,WR14,221.86,9.0,5.0,27.0,Pass (Yellow),Yellow,0.0,1.0,0.0,—,0.0,0.0,0.0,0.0,,,,,,,,,,,,,🎯 **Target / Contract Yr**,🤝 **Consensus High**,Consensus Alignment,Tier 8,Round 4,4.0,WR6 with 18.8 FPG in 2025; Andy Reid + Patrick Mahomes; contract year urgency.,https://www.fantasypoints.com/nfl/articles/2026/the-gurus-2026-fantasy-football-draft-plan,18.0,0.0,1.0,0.0,0.0,0.0,0.0,0.0,0.0,0.0,0.0,0.0,WR27,T7,,26.0,consensus,Medium,1.0,0.0,,,5.0,0.0,KC,1250.0,0.142,26.5,0.02,0.22,KC,22.0,3.0,False,Andy Reid,89.6,19.0,22.0,19.0,33.2,16.0,—,9.0,Zone,22.0,Condensed,6.0,Chew the Clock (High Scoring Offense + Elite Defense -> Run-Heavy Second Halves),KC,21,38.45,61.55,11.0,6.4,A.Reid,86.2,84.4,1.7831,-1.1636,0.5672,0.5384,1.3227,0.5768,,,,,,,,,0,,,,,,,,,,,,,,,140.9,22.0,13.0,-9.0,0.912,14.1,11.37,146.4,109.9,143.8,34.5,15.0,WR8,8.0,27.0,186.8,10.99,5.0,$29-33,26.0,14.8,—,0,0,99,,—,8,158.5,1.179,28.30000000000001,-5.89,6.5,-1.0,-1.0,34.5,22.11,12.39,34.5,22.11,ESPN,184.09,-1.76,-0.008,182.62,43.84,16,WR16,18.0,-9.0,3.0,-3.6,184.09,0.0,0.0,-0.8,0.0,0.0,0.0,5.0,0.0,0.0,-5.0,0.0,Tier 4,28.0,22.0,33.0,11.0,⚡ High Variance (Boom/Bust Ceiling),8.0,Tier 2,6.1,9.9,3.8
28,Chris Olave,WR,NO,T3,53.32,53.32,28,WR9,31,29.2,-1.8,Fair Market Value,YAHOO,30.72,32.9,29.2,29.2,3.7,262.0,10.88,16.9,23.46,1.0,60.0,60.0,0.005,0.15,0.663,16,3.0,2.5,,,0.0,Neutral,False,False,Healthy,8,WR9,24.2,35.2,2.5,1,FP_NO_CHRIS_OLAVE,80.0,80.0,WR,NO,184.9,134.07799999999995,95.77,1195.49,7.88,0.33,0.0,0.0,0.0,0.0,0.0,37.0,WR15,226.93,9.0,8.0,26.0,Neutral,Black,0.0,0.0,0.0,—,8.73,0.0,0.0,0.0,,,,,,,,,1D/RR Alpha (>0.110),2.05,,,🎯 **Target / Value**,🤝 **Consensus High**,Consensus Alignment,Tier 7,Round 2/3,2.5,"Added 8-10 lbs of muscle; Weeks 8-17: 2.23 YPRR, 26.2% target share, 34% 1st-read share w/ Shough; Jordyn Tyson out 2 months. Contract year value.",https://www.fantasypoints.com/nfl/players/20111/chris-olave,25.0,0.0,1.0,0.0,0.0,0.0,0.0,0.0,0.0,0.0,0.11,0.0,WR14,T5,,27.0,consensus,Medium,1.0,1.0,,,5.0,2.0,NO,1150.0,0.035,28.2,-0.03,0.08,NO,30.0,3.0,True,Kellen Moore,85.7,23.0,22.1,18.0,35.8,10.0,High 11P,1.0,Zone,5.0,Even,27.0,Passing / Garbage Time (Low Scoring Offense + Bad Defense -> Trailing Game Scripts / Air Volume),NO,22,25.49,74.51,25.0,-2.3,K.Moore,77.6,78.0,0.1511,0.1947,-1.2459,-0.7262,1.058,-0.0698,,,,,,,,,0,,,,,,,,,,,,,,,163.3,12.0,11.0,-1.0,0.972,15.4,10.14,152.0,127.0,190.6,32.9,13.0,WR9,9.0,29.2,184.9,10.88,5.0,$27-31,29.0,14.7,—,0,0,99,,—,9,158.5,1.167,26.40000000000001,-0.28,1.9,-1.8,-1.8,32.9,29.2,3.7,32.9,29.2,SLEEPER,190.01,-3.65,0.011,192.1,53.32,12,WR12,25.0,1.2,0.0,-0.4,190.01,23.46,0.0,1.1,0.0,0.0,0.0,5.0,0.0,0.0,0.0,0.0,Tier 4,31.0,24.2,35.2,11.0,⚡ High Variance (Boom/Bust Ceiling),9.0,Tier 2,7.1,10.9,3.8
24,Nico Collins,WR,HST,T3,62.56,62.56,29,WR10,26,25.5,-0.5,Fair Market Value,ESPN,26.97,22.3,25.5,25.5,4.67,247.92,10.86,13.5,0.0,0.0,80.0,80.0,0.0,0.15,0.5,16,2.0,2.5,85.0,0.61,45.0,Surging,False,False,Healthy,8,WR10,20.5,31.5,2.5,1,FP_HST_NICO_COLLINS,80.0,80.0,WR,HST,184.7,115.514,82.51,1207.15,7.23,1.37,8.27,0.36,0.0,0.0,0.0,27.0,WR10,241.53,9.0,8.0,21.0,Neutral,Black,0.0,0.0,0.0,—,0.0,0.0,0.0,0.0,15.0,-5.0,Full PPR Favored (Receptions),,,,,,,,,,🎯 **Target / Value**,🤝 **Consensus High**,Consensus Alignment,Tier 7,Round 2/3,2.5,Top-10 wideout; 2.44 YPRR; Jayden Higgins torn ACL locks in undisputed WR1 target dominance.,https://www.fantasypoints.com/nfl/articles/2026/the-gurus-2026-fantasy-football-draft-plan,26.0,0.0,1.0,0.0,0.0,0.0,0.0,0.0,0.0,0.0,0.0,0.0,WR9,T5,,18.0,consensus,Medium,0.0,0.0,,,5.0,3.0,,,,,,,,,,,,,,,,,,,,,,,,,,16,35.0,65.0,,0.0,—,95.5,70.2,-0.4504,0.5779,1.1365,0.2773,1.949,0.5625,,,,,,,,,0,,,,,,,,,,,,,,,182.5,5.0,9.0,4.0,0.954,14.4,13.58,186.1,181.4,181.1,22.3,8.0,WR10,10.0,25.5,184.7,10.86,5.0,$30-34,23.0,14.9,—,0,0,99,,—,10,158.5,1.165,26.19999999999999,0.97,-3.7,-0.5,-0.5,26.97,22.3,4.67,26.97,22.3,YAHOO,198.36,-1.4,0.015,201.34,62.56,9,WR9,26.0,1.5,6.0,1.6,198.36,0.0,45.0,1.5,0.0,0.0,0.0,0.0,0.0,0.0,0.0,0.0,Tier 4,26.0,20.5,31.5,11.0,⚡ High Variance (Boom/Bust Ceiling),10.0,Tier 2,8.1,11.9,3.8
26,A.J. Brown,WR,NE,T3,57.23,57.23,31,WR11,18,17.4,-0.6,Fair Market Value,ESPN,26.89,24.7,17.4,17.4,9.49,256.23,10.73,12.7,0.0,0.0,60.0,60.0,-0.03,0.3,0.605,16,2.0,2.5,,,0.0,Neutral,False,True,Healthy,11,WR11,12.4,23.4,2.5,1,FP_NE_A.J._BROWN,80.0,80.0,WR,NE,182.4,122.612,87.58,1231.98,7.67,0.0,0.0,0.0,0.0,0.0,0.0,16.0,WR6,260.3,7.0,11.0,20.0,Neutral,Black,0.0,0.0,0.0,—,0.0,0.0,0.0,0.0,,,,,,,,,,,,,🎯 **Target**,🤝 **Consensus High**,Consensus Alignment,Tier 7,Round 2/3,2.5,New alpha in New England; only 3 shadow CB matchups in 2026; high target floor.,https://www.fantasypoints.com/nfl/articles/2026/the-gurus-2026-fantasy-football-draft-plan,25.0,0.0,1.0,0.0,0.0,0.0,0.0,0.0,0.0,0.0,0.0,0.0,WR10,T5,,20.0,consensus,Medium,1.0,0.0,,,3.0,2.0,NE,2300.0,-0.055,29.4,-0.02,-0.07,NE,13.0,3.0,False,Josh McDaniels,104.9,4.0,24.9,6.0,34.6,13.0,—,24.0,Gap,21.0,Spread,4.0,Slugfests (Low Scoring Offense + Elite Defense -> Low Over/Unders / Grinding Games),NE,13,34.68,65.32,17.0,1.4,J.McDaniels,89.9,87.3,-1.234,0.3073,1.202,0.6579,1.3951,0.3095,,,,,,,,,0,,,,,,,,,,,,,,,153.5,17.0,8.0,-9.0,0.913,13.2,11.45,137.5,132.2,152.6,24.7,10.0,WR11,11.0,17.4,182.4,10.73,5.0,$28-32,18.0,14.9,—,0,0,99,,—,11,158.5,1.151,23.90000000000001,8.89,6.7,-0.6,-0.6,26.89,17.4,9.49,26.89,17.4,SLEEPER,194.65,-4.7,0.007,196.01,57.23,10,WR10,25.0,-8.6,3.0,-3.6,194.65,0.0,0.0,0.7,0.0,0.0,0.0,5.0,0.0,0.0,0.0,0.0,Tier 3,18.0,12.4,23.4,11.0,⚡ High Variance (Boom/Bust Ceiling),11.0,Tier 2,9.1,12.9,3.8
27,Tee Higgins,WR,CIN,T3,56.05,56.05,32,WR12,35,34.2,-0.8,Fair Market Value,ESPN,55.56,33.5,34.2,34.2,22.06,221.7,10.72,13.7,14.7,1.0,60.0,60.0,0.05,0.18,0.751,16,4.0,2.5,42.0,0.02,1.0,Neutral,True,False,Healthy,6,WR12,29.200000000000003,40.2,2.5,1,FP_CIN_TEE_HIGGINS,80.0,80.0,WR,CIN,182.3,99.05,70.75,965.35,9.14,0.0,0.0,0.0,0.0,0.0,0.0,41.0,WR18,221.48,10.0,6.0,35.0,Neutral,Black,0.0,0.0,0.0,—,7.61,0.0,0.0,0.0,,,,,,,,,,,,,💥 **Exodia Target**,🤝 **Consensus High**,Consensus Alignment,Tier 7,Round 3,3.0,17.5 FPG across 18 games with Burrow active; Zac Taylor +3.6% PROE; under-center dropback beneficiary.,https://www.fantasypoints.com/nfl/articles/2026/ryan-heaths-2026-fantasy-football-rankings-and-targets#/1723,24.0,1.0,1.0,0.0,0.0,0.0,0.0,0.0,0.0,0.0,0.0,0.0,WR12,T5,,37.0,consensus,Medium,0.0,0.0,,,,,CIN,1420.0,0.125,25.2,0.01,0.21,CIN,19.0,3.0,False,Zac Taylor,98.6,7.0,22.5,15.0,42.5,3.0,—,11.0,Gap,20.0,Very Spread,15.0,Shootouts (High Scoring Offense + Vulnerable Defense -> Max Fantasy Ceiling),CIN,28,31.69,68.31,19.0,3.6,Z.Taylor,80.0,92.6,-1.5561,0.0485,0.3151,0.5433,0.5672,0.7815,,,,,,,,,0,,,,,,,,,,,,,,,160.4,13.0,14.0,1.0,0.93,14.2,11.66,153.6,159.2,161.1,33.5,14.0,WR12,12.0,34.2,182.3,10.72,6.0,$23-27,25.0,14.5,—,0,0,99,,—,12,158.5,1.15,23.80000000000001,20.56,-1.5,-0.8,-0.8,55.56,33.5,22.06,55.56,33.5,YAHOO,186.62,-2.3,0.044,194.83,56.05,11,WR11,24.0,7.2,3.0,0.4,186.62,14.7,1.0,4.4,22.0,0.0,0.0,0.0,0.0,0.0,0.0,0.0,Tier 5,35.0,29.2,40.2,11.0,⚡ High Variance (Boom/Bust Ceiling),12.0,Tier 3,10.1,13.9,3.8
31,George Pickens,WR,DAL,T3,50.92,50.92,37,WR13,25,24.0,-1.0,Fair Market Value,ESPN,30.63,22.4,24.0,24.0,8.23,252.03,10.58,14.5,0.0,0.0,80.0,80.0,0.055,0.22,0.666,16,2.0,2.5,,,0.0,Neutral,False,True,Healthy,14,WR13,19.0,30.0,2.5,1,FP_DAL_GEORGE_PICKENS,80.0,80.0,WR,DAL,179.9,115.528,82.52,1200.61,8.39,0.33,0.0,0.0,0.0,0.0,0.0,25.0,WR9,245.3,8.0,14.0,23.0,Neutral,Black,0.0,0.0,0.0,—,0.0,0.0,0.0,0.0,,,,,,,,,1D/RR Alpha (>0.115),2.3,,,🎯 **Value**,⚔️ **FP: Target  vs  Guru: Dirty 30 Volatile**,FP: Target  vs  Guru: Dirty 30 Volatile,Tier 7,Round 3,3.0,Alpha boundary receiver for Dak Prescott; high explosive play ceiling.,https://www.fantasypoints.com/nfl/articles/2026/the-gurus-2026-fantasy-football-draft-plan,22.0,0.0,1.0,0.0,1.0,0.0,1.0,0.0,0.0,0.0,0.125,0.0,WR11,T5,,23.0,consensus,Medium,0.0,0.0,,,,,DAL,1680.0,0.115,24.8,-0.04,0.2,DAL,8.0,4.0,False,Brian Schottenheimer,109.1,2.0,24.1,10.0,39.9,4.0,High 11P,2.0,Gap,12.0,Very Condensed,24.0,Shootouts (High Scoring Offense + Vulnerable Defense -> Max Fantasy Ceiling),DAL,15,26.43,73.57,24.0,-3.4,B.Schottenheimer,91.3,71.7,-1.1067,0.2161,1.8225,1.1423,1.4308,0.6255,,,,,,,,,0,,,,,,,,,,,,,,,166.0,10.0,12.0,2.0,0.976,13.2,12.31,158.6,148.3,168.4,22.4,9.0,WR13,13.0,24.0,179.9,10.58,6.0,$27-31,24.0,14.8,—,0,0,99,,—,13,158.5,1.135,21.40000000000001,5.63,-2.6,-1.0,-1.0,30.63,22.4,8.23,30.63,22.4,YAHOO,192.78,2.25,-0.016,189.7,50.92,14,WR14,22.0,-7.0,6.0,0.8,192.78,0.0,0.0,-1.6,0.0,0.0,0.0,0.0,0.0,0.0,0.0,0.0,Tier 3,25.0,19.0,30.0,11.0,⚡ High Variance (Boom/Bust Ceiling),13.0,Tier 3,11.1,14.9,3.8
23,Zay Flowers,WR,BLT,T3,63.88,63.88,42,WR14,43,41.9,-1.1,Fair Market Value,SLEEPER,40.68,36.3,41.9,41.9,5.6,241.79,10.34,13.5,12.16,1.0,80.0,80.0,0.0,0.15,0.5,16,4.0,2.5,85.0,0.65,48.0,Surging,True,False,Healthy,13,WR14,36.9,47.9,2.5,1,FP_BLT_ZAY_FLOWERS,80.0,80.0,WR,BLT,175.7,113.736,81.24,1157.48,6.5,9.92,58.8,0.48,0.0,0.0,0.0,39.0,WR16,222.68,10.0,13.0,39.0,Target (Green),Green,1.0,0.0,0.0,—,5.72,0.0,0.0,0.0,,,,,,,,,,,,,"🎯 **Target / ""The Twelve""**",🤝 **Consensus High**,Consensus Alignment,Tier 8,Round 4,4.0,"Guru's ""The Twelve"" pick; 92.1% route share (3rd in NFL), 27.7% target share; Declan Doyle explosive offense; Likely/Kolar gone. | 🔥 Catalyst: New OC",https://www.fantasypoints.com/nfl/articles/2026/the-gurus-2026-fantasy-football-draft-plan,20.0,0.0,1.0,0.0,0.0,1.0,0.0,0.0,0.0,0.0,0.0,0.0,WR13,T5,,40.0,consensus,Medium,1.0,0.0,,,6.0,0.0,,,,,,,,,,,,,,,,,,,,,,,,,,16,35.0,65.0,,0.0,—,92.7,75.1,1.5095,0.4271,0.1572,1.2449,1.5215,0.7887,,,,,,,,,0,,,,,,,,,,,,,,,171.7,9.0,24.0,15.0,0.987,14.3,11.99,168.6,159.6,185.4,36.3,16.0,WR14,14.0,41.9,175.7,10.34,6.0,$22-26,33.0,14.3,New OC,1,0,99,,—,14,158.5,1.109,17.19999999999999,-2.32,-6.7,-1.1,-1.1,41.9,36.3,5.6,41.9,36.3,YAHOO,186.44,-3.9,0.087,202.66,63.88,8,WR8,20.0,18.9,6.0,6.0,186.44,12.16,48.0,8.7,0.0,0.0,10.0,5.0,6.0,0.0,12.0,0.0,Tier 5,43.0,36.9,47.9,11.0,⚡ High Variance (Boom/Bust Ceiling),14.0,Tier 3,12.1,15.9,3.8
42,Garrett Wilson,WR,NYJ,T4,36.75,36.75,43,WR15,46,45.5,-0.5,Fair Market Value,YAHOO,36.43,49.4,45.5,45.5,12.97,242.76,10.33,,0.0,0.0,60.0,60.0,0.015,0.21,0.613,16,3.0,2.5,76.0,0.38,24.5,Surging,False,False,Healthy,13,WR15,40.5,51.5,2.5,1,FP_NYJ_GARRETT_WILSON,80.0,80.0,WR,NYJ,175.6,134.89,96.35,1094.46,6.41,1.06,4.26,0.03,0.0,0.0,0.0,40.0,WR17,221.68,10.0,13.0,43.0,Pass (Yellow),Yellow,0.0,1.0,0.0,—,0.0,0.0,0.0,0.0,,,,,,,,,,,,,🎯 **Target / Bounce-Back**,🤝 **Consensus High**,Consensus Alignment,Tier 8,Round 4,4.0,+33.5 Luck Metric lost points; Geno Smith upgrade over 2025 QB carousel; WR coverage advantage score 5.,https://www.fantasypoints.com/nfl/articles/2026/ryan-heaths-2026-fantasy-football-rankings-and-targets,18.0,0.0,1.0,0.0,0.0,0.0,0.0,0.0,0.0,0.0,0.0,0.0,WR23,T6,,31.0,consensus,Medium,0.0,0.0,,,5.0,5.0,NYJ,1650.0,0.065,26.8,0.03,0.09,NYJ,17.0,3.0,False,Frank Reich,71.1,30.0,24.9,6.0,29.8,26.0,High 11P,10.0,Balanced,27.0,Spread,8.0,Balanced Environment,NYJ,17,23.57,76.43,27.0,-1.3,F.Reich,75.2,84.8,0.1317,-0.1183,-0.4338,1.3825,0.414,-0.0538,,,,,,,,,0,,,,,,,,,,,,,,,144.3,21.0,17.0,-4.0,0.927,13.8,10.0,127.7,116.1,145.5,49.4,21.0,WR15,15.0,45.5,175.6,10.33,6.0,$22-26,55.0,13.5,—,0,0,99,,—,15,158.5,1.108,17.099999999999994,-9.57,3.4,-0.5,-0.5,49.4,36.43,12.97,49.4,36.43,ESPN,179.3,-3.35,-0.021,175.53,36.75,18,WR18,18.0,3.5,0.0,-1.6,179.3,0.0,24.5,-2.1,0.0,0.0,0.0,0.0,0.0,0.0,-5.0,0.0,Tier 6,46.0,40.5,51.5,11.0,⚡ High Variance (Boom/Bust Ceiling),15.0,Tier 4,13.1,16.9,3.8
29,DeVonta Smith,WR,PHI,T3,52.17,52.17,44,WR16,38,37.0,-1.0,Fair Market Value,ESPN,41.08,29.5,37.0,37.0,11.58,236.87,10.14,10.9,10.14,1.0,80.0,80.0,0.025,0.08,0.667,16,3.0,1.6,,,0.0,Neutral,True,False,Healthy,10,WR16,32.0,43.0,2.5,1,FP_PHI_DEVONTA_SMITH,80.0,80.0,WR,PHI,172.3,122.976,87.84,1134.94,6.02,0.0,0.0,0.0,0.0,0.0,0.0,31.0,WR11,235.44,9.0,10.0,30.0,Target (Green),Green,1.0,0.0,0.0,—,5.24,0.0,0.0,0.0,,,,,,,,,,,,,🎯 **Target / Value**,🤝 **Consensus High**,Consensus Alignment,Tier 7,Round 3,3.0,"""Skinny Batman"" takes undisputed #1 role with AJ Brown gone; Sean Mannion scheme upgrade; #1 in WR coverage advantage (score 6).",https://www.fantasypoints.com/nfl/articles/2026/the-gurus-2026-fantasy-football-draft-plan,22.0,0.0,1.0,0.0,0.0,0.0,0.0,0.0,0.0,0.0,0.109,0.0,WR15,T6,,30.0,guy,Low (High Floor Alpha),0.0,0.0,,,6.0,6.0,PHI,640.0,0.138,27.2,0.12,0.15,PHI,14.0,4.0,True,Sean Mannion,85.2,24.0,23.0,13.0,36.3,9.0,—,16.0,Balanced,5.0,Condensed,15.0,Chew the Clock (High Scoring Offense + Elite Defense -> Run-Heavy Second Halves),PHI,2,35.05,64.95,16.0,0.0,Unknown,81.6,99.0,-0.0711,-0.2136,-0.6272,-0.1716,0.9151,0.8955,,,,,,,,,0,,,,,,,,,,,,,,,155.1,16.0,15.0,-1.0,0.979,14.5,10.5,148.9,145.1,151.9,29.5,11.0,WR16,16.0,37.0,172.3,10.14,6.0,$22-26,34.0,14.2,—,0,0,99,,—,16,158.5,1.087,13.800000000000011,3.08,-8.5,-1.0,-1.0,41.08,29.5,11.58,41.08,29.5,YAHOO,183.78,-1.15,0.039,190.95,52.17,13,WR13,22.0,8.0,3.0,-0.4,183.78,10.14,0.0,3.9,0.0,0.0,0.0,0.0,0.0,0.0,12.0,0.0,Tier 5,38.0,32.0,43.0,11.0,⚡ High Variance (Boom/Bust Ceiling),16.0,Tier 4,14.1,17.9,3.8
51,Davante Adams,WR,LA,T4,28.18,28.18,45,WR17,51,50.9,-0.1,Fair Market Value,YAHOO,45.99,53.9,50.9,50.9,7.91,221.95,10.06,13.8,17.5,1.0,80.0,80.0,0.0,0.15,0.5,16,4.0,2.5,54.0,-0.28,-14.0,Cooling,False,True,Healthy,11,WR17,45.9,56.9,2.5,1,FP_LA_DAVANTE_ADAMS,80.0,80.0,WR,LA,171.1,95.9,68.5,926.15,10.2,0.0,0.0,0.0,0.0,0.0,0.0,52.0,WR24,207.36,11.0,11.0,56.0,Neutral,Black,0.0,0.0,0.0,—,7.86,0.0,0.0,0.0,,,,,,,,,,,,,🎯 **Value**,⚔️ **FP: Value  vs  Guru: Dirty 30 Too Old**,FP: Value  vs  Guru: Dirty 30 Too Old,Tier 10,Round 5/6,5.5,Matthew Stafford passing attack; high TD equity when Puka faces brackets.,https://www.fantasypoints.com/nfl/articles/2026/the-gurus-2026-fantasy-football-draft-plan,14.0,0.0,1.0,0.0,1.0,0.0,1.0,0.0,0.0,0.0,0.134,0.0,WR24,T6,,39.0,consensus,Medium,0.0,0.0,,,,,,,,,,,,,,,,,,,,,,,,,,,,,,16,35.0,65.0,,0.0,—,73.0,,-0.646,-0.5121,-0.6072,-0.4212,0.9192,-0.1784,,,,,,,,,0,,,,,,,,,,,,,,,131.2,29.0,26.0,-3.0,0.958,13.1,10.29,129.0,128.7,103.8,53.9,22.0,WR17,17.0,50.9,171.1,10.06,6.0,$19-23,65.0,12.5,—,0,0,99,,—,17,158.5,1.079,12.599999999999994,-5.01,2.9,-0.1,-0.1,53.9,45.99,7.91,53.9,45.99,ESPN,170.19,0.6,-0.019,166.96,28.18,23,WR23,14.0,-0.1,0.0,-1.2,170.19,17.5,-14.0,-1.9,0.0,0.0,0.0,0.0,0.0,0.0,0.0,0.0,Tier 6,51.0,45.9,56.9,11.0,⚡ High Variance (Boom/Bust Ceiling),17.0,Tier 4,15.1,18.9,3.8
35,Ladd McConkey,WR,LAC,T4,46.73,46.73,46,WR18,39,38.5,-0.5,Fair Market Value,ESPN,50.53,45.5,38.5,38.5,12.03,220.27,9.96,9.9,10.0,1.0,60.0,60.0,-0.035,0.38,0.663,16,3.0,1.6,95.0,0.68,54.0,Hyper-Surging,False,False,Healthy,7,WR18,33.5,44.5,2.5,1,FP_LAC_LADD_MCCONKEY,80.0,80.0,WR,LAC,169.3,110.894,79.21,1010.12,6.77,0.0,0.0,0.0,0.0,0.0,0.0,34.0,WR12,230.09,9.0,7.0,45.0,Neutral,Black,0.0,0.0,0.0,—,5.53,0.0,0.0,0.0,,,,,,,,,,,,,🎯 **Target**,🤝 **Consensus High**,Consensus Alignment,Tier 8,Round 4,4.0,"11.0 Adj PPG; Mike McDaniel ""do-everything"" receiver; no veteran addition; top target for Justin Herbert. | 🔥 Catalyst: New OC",https://www.fantasypoints.com/nfl/articles/2026/ryan-heaths-2026-fantasy-football-rankings-and-targets#/1720,18.0,0.0,1.0,0.0,0.0,0.0,0.0,0.0,0.0,0.0,0.11,0.0,WR22,T6,11.0,34.0,guy,Low (High Floor Alpha),0.0,0.0,,,4.0,4.0,LAC,2900.0,0.06,29.2,0.05,0.07,LAC,32.0,3.0,False,Mike McDaniel,91.9,15.0,26.7,3.0,35.4,11.0,High 21P,31.0,Zone,1.0,Very Condensed,28.0,Chew the Clock (High Scoring Offense + Elite Defense -> Run-Heavy Second Halves),LAC,9,18.72,81.28,30.0,-1.4,M.McDaniel,78.5,74.7,0.5421,-0.242,0.5915,0.8198,0.5606,-0.3246,,,,,,,,,0,,,,,,,,,,,,,,,157.4,14.0,18.0,4.0,0.977,15.5,10.26,155.0,152.0,156.5,45.5,20.0,WR18,18.0,38.5,169.3,9.96,6.0,$19-23,48.0,13.5,New OC,1,0,99,,—,18,158.5,1.068,10.800000000000011,11.53,6.5,-0.5,-0.5,50.53,38.5,12.03,50.53,38.5,SLEEPER,181.52,-4.85,0.022,185.51,46.73,15,WR15,18.0,3.5,0.0,1.6,181.52,10.0,54.0,2.2,0.0,0.0,0.0,0.0,6.0,0.0,0.0,0.0,Tier 5,39.0,33.5,44.5,11.0,⚡ High Variance (Boom/Bust Ceiling),18.0,Tier 4,16.1,19.9,3.8
37,Malik Nabers,WR,NYG,T4,41.09,41.09,48,WR19,29,28.6,-0.4,Fair Market Value,ESPN,34.12,32.3,28.6,28.6,5.52,240.59,9.86,,0.0,0.0,60.0,60.0,-0.01,0.31,0.558,16,4.0,2.5,138.0,0.82,75.2,Hyper-Surging,False,True,Healthy,8,WR19,23.6,34.6,2.5,1,FP_NYG_MALIK_NABERS,80.0,80.0,WR,NYG,167.6,113.918,81.37,1083.07,8.42,2.82,8.31,0.05,0.0,0.0,0.0,35.0,WR13,223.37,9.0,8.0,25.0,Neutral,Black,0.0,0.0,0.0,—,0.0,0.0,0.0,0.0,,,,,,,,,,,,,🎯 **Target / Alpha**,🤝 **Consensus High**,Consensus Alignment,Tier 7,Round 2/3,2.5,Unquestioned target hog for Jaxson Dart/Giants; explosive playmaker profile.,https://www.fantasypoints.com/nfl/articles/2026/the-gurus-2026-fantasy-football-draft-plan,27.0,0.0,1.0,0.0,0.0,0.0,0.0,0.0,0.0,0.0,0.112,0.0,WR8,T5,,47.0,consensus,Medium,0.0,0.0,,,5.0,3.0,NYG,2350.0,-0.01,27.7,0.0,-0.02,NYG,18.0,3.0,True,Matt Nagy,89.6,19.0,24.1,12.0,32.6,21.0,—,21.0,Zone,17.0,Even,16.0,Shootouts (High Scoring Offense + Vulnerable Defense -> Max Fantasy Ceiling),NYG,18,38.25,61.75,12.0,1.3,M.Nagy,84.4,94.6,-0.2957,-0.0009,0.1551,0.7232,1.1664,-0.1674,,,,,,,,,0,,,,,,,,,,,,,,,151.0,19.0,10.0,-9.0,0.933,12.9,12.07,145.2,127.0,143.4,32.3,12.0,WR19,19.0,28.6,167.6,9.86,6.0,$22-26,28.0,14.6,—,0,0,99,,—,19,158.5,1.057,9.099999999999994,5.12,3.3,-0.4,-0.4,34.12,28.6,5.52,34.12,28.6,SLEEPER,177.39,-4.1,0.014,179.87,41.09,17,WR17,27.0,-8.4,3.0,-3.6,177.39,0.0,75.2,1.4,0.0,0.0,0.0,0.0,0.0,0.0,0.0,0.0,Tier 4,29.0,23.6,34.6,11.0,⚡ High Variance (Boom/Bust Ceiling),19.0,Tier 4,17.1,20.9,3.8
44,Jameson Williams,WR,DET,T4,35.93,35.93,49,WR20,59,58.5,-0.5,Fair Market Value,ESPN,67.23,65.9,58.5,58.5,8.73,217.26,9.84,10.9,0.0,0.0,70.0,70.0,0.018,0.09,0.62,16,6.0,4.2,,,0.0,Neutral,True,True,Healthy,6,WR20,53.5,64.5,2.5,1,FP_DET_JAMESON_WILLIAMS,80.0,80.0,WR,DET,167.2,90.16,64.4,1065.39,6.56,7.32,42.02,0.53,0.0,0.0,0.0,45.0,WR20,216.95,11.0,6.0,65.0,Neutral,Black,0.0,0.0,0.0,—,0.0,0.0,0.0,0.0,,,,,,,,,,,,,💤 **Breakout Sleeper (+14 ADP Delta)**,—,Consensus Alignment,—,—,99.0,,,1.0,0.0,0.0,0.0,0.0,0.0,0.0,0.0,0.0,0.0,0.0,0.0,—,—,,77.0,fade,High (Overpriced Bust Risk),0.0,0.0,,,,,DET,720.0,0.16,26.4,0.11,0.19,DET,15.0,3.5,False,Drew Petzing,107.7,3.0,21.4,20.0,26.1,27.0,—,3.0,Gap,24.0,Even,11.0,Balanced Environment,DET,16,30.85,69.15,20.0,-1.1,D.Petzing,83.3,82.9,0.641,0.6037,1.5796,0.4151,0.7351,0.3648,,,,,,,,,0,,,,,,,,,,,,,,,156.7,15.0,25.0,10.0,0.971,13.7,11.63,154.4,152.6,148.8,65.9,26.0,WR20,20.0,58.5,167.2,9.84,7.0,$16-18,47.0,13.3,—,0,0,99,,—,20,158.5,1.055,8.699999999999989,8.23,6.9,-0.5,-0.5,67.23,58.5,8.73,67.23,58.5,SLEEPER,177.01,-0.06,-0.013,174.71,35.93,19,WR19,12.4,14.5,3.0,4.0,177.01,0.0,0.0,-1.3,0.0,0.0,0.0,0.0,0.0,0.0,0.0,0.0,Tier 7,59.0,53.5,64.5,11.0,⚡ High Variance (Boom/Bust Ceiling),20.0,Tier 4,18.1,21.9,3.8
62,Mike Evans,WR,SF,T5,20.94,20.94,67,WR21,61,60.0,-1.0,Fair Market Value,ESPN,93.95,67.1,60.0,60.0,33.95,203.04,9.52,10.9,0.0,0.0,80.0,80.0,-0.012,0.11,0.774,16,5.0,1.6,,,0.0,Neutral,False,True,Healthy,8,WR21,55.0,66.0,2.5,1,FP_SF_MIKE_EVANS,80.0,80.0,WR,SF,161.9,94.13599999999998,67.24,945.64,6.94,0.0,0.0,0.0,0.0,0.0,0.0,61.0,WR29,195.43,12.0,8.0,72.0,Neutral,Black,0.0,0.0,0.0,—,0.0,0.0,0.0,0.0,,,,,,,,,,,,,💥 **Core Exodia / Value**,⚔️ **FP: Core Exodia Target  vs  Guru: Dirty 30 Too Old**,FP: Core Exodia Target  vs  Guru: Dirty 30 Too Old,Tier 10,Round 5/6,5.5,Core Exodia target ($22); 4th in 1D/RR (0.130) over past 2 seasons; Kyle Shanahan scheme red-zone monster.,https://www.fantasypoints.com/nfl/articles/2026/anatomy-of-a-league-winner,22.0,1.0,1.0,0.0,1.0,0.0,1.0,0.0,0.0,0.0,0.0,0.0,WR19,T6,,52.0,guy,Low (High Floor Alpha),0.0,0.0,,,4.0,2.0,SF,890.0,0.175,28.8,0.14,0.2,SF,6.0,4.0,False,Kyle Shanahan,100.9,6.0,26.4,4.0,32.9,17.0,High 21P,8.0,Zone,3.0,Most Condensed,14.0,Shootouts (High Scoring Offense + Vulnerable Defense -> Max Fantasy Ceiling),SF,6,48.24,51.76,3.0,-1.9,K.Shanahan,76.9,55.1,-1.2326,0.4743,-0.2919,-0.6734,1.2087,0.0845,,,,,,,,,0,,,,,,,,,,,,,,,116.5,41.0,22.0,-19.0,0.9,12.5,8.51,95.9,112.0,73.7,67.1,27.0,WR21,21.0,60.0,161.9,9.52,7.0,$13-15,62.0,12.4,—,0,0,99,,—,21,158.5,1.021,3.4000000000000057,32.95,6.1,-1.0,-1.0,93.95,60.0,33.95,93.95,60.0,SLEEPER,158.93,0.24,0.005,159.72,20.94,29,WR29,22.0,-2.0,0.0,-6.0,158.93,0.0,0.0,0.5,22.0,0.0,0.0,0.0,0.0,0.0,0.0,0.0,Tier 7,61.0,55.0,66.0,11.0,⚡ High Variance (Boom/Bust Ceiling),21.0,Tier 4,19.1,22.9,3.8
48,Terry McLaurin,WR,WAS,T4,29.53,29.53,71,WR22,57,56.5,-0.5,Fair Market Value,ESPN,59.84,54.0,56.5,56.5,5.84,209.83,9.45,10.3,0.0,0.0,40.0,40.0,0.012,0.23,0.65,16,4.0,2.5,45.0,0.08,3.5,Neutral,True,False,Healthy,7,WR22,51.5,62.5,2.5,1,FP_WAS_TERRY_MCLAURIN,80.0,80.0,WR,WAS,160.7,96.614,69.01,972.12,7.37,0.33,0.33,0.0,0.0,0.0,0.0,55.0,WR26,201.34,12.0,7.0,53.0,Target (Green),Green,1.0,0.0,0.0,—,0.0,0.0,0.0,0.0,,,,,,,,,1D/RR Alpha (>0.115),2.15,,,"🎯 **Target / ""The Twelve""**",🤝 **Consensus High**,Consensus Alignment,Tier 10,Round 5 (5.04),5.04,"Guru's ""The Twelve"" pick; David Blough moving him around formation; Jayden Daniels deep ball connection; Stefon Diggs arrival lowers ADP.",https://www.fantasypoints.com/nfl/articles/2026/the-gurus-2026-fantasy-football-draft-plan,16.0,0.0,1.0,0.0,0.0,1.0,0.0,0.0,0.0,0.0,0.135,0.0,WR18,T6,,38.0,consensus,Medium,0.0,0.0,,,5.0,4.0,WAS,1780.0,0.088,25.1,0.07,0.1,WAS,24.0,2.0,True,David Blough,80.9,26.0,22.0,18.0,36.0,10.0,More 12P,5.0,Gap,12.0,Even,12.0,Shootouts (High Scoring Offense + Vulnerable Defense -> Max Fantasy Ceiling),WAS,25,30.3,69.7,21.0,0.0,Unknown,82.6,65.6,-0.6062,0.765,-0.0344,-0.1964,0.8976,0.0882,,,,,,,,,0,,,,,,,,,,,,,,,125.2,34.0,27.0,-7.0,0.952,13.0,9.03,112.1,119.6,95.8,54.0,23.0,WR22,22.0,56.5,160.7,9.45,7.0,$15-17,49.0,13.3,—,0,0,99,,—,22,158.5,1.014,2.1999999999999886,2.84,-3.0,-0.5,-0.5,59.84,54.0,5.84,59.84,54.0,YAHOO,161.99,-5.84,0.039,168.31,29.53,21,WR21,16.0,8.5,3.0,-2.8,161.99,0.0,3.5,3.9,0.0,0.0,10.0,0.0,0.0,0.0,12.0,0.0,Tier 6,57.0,51.5,62.5,11.0,⚡ High Variance (Boom/Bust Ceiling),22.0,Tier 5,20.1,23.9,3.8
53,Emeka Egbuka,WR,TB,T5,27.5,27.5,72,WR23,40,39.2,-0.8,Fair Market Value,ESPN,47.97,43.9,39.2,39.2,8.77,228.25,9.43,11.8,0.0,0.0,80.0,80.0,0.028,0.11,0.75,16,3.0,1.6,,,0.0,Neutral,False,True,Healthy,10,WR23,34.2,45.2,2.5,1,FP_TB_EMEKA_EGBUKA,80.0,80.0,WR,TB,160.3,102.48,73.2,1097.77,7.49,1.39,7.29,0.03,0.0,0.0,0.0,53.0,WR25,203.05,11.0,10.0,40.0,Neutral,Black,0.0,0.0,0.0,—,0.0,0.0,0.0,0.0,,,,,,,,,,,,,🚫 **Overvalue / Risk**,🤝 **Consensus Avoid (Dirty 30)**,Consensus Alignment,Tier 8,Round 4/5,4.5,Turf toe injury threatens Week 1 and early September effectiveness; Jalen McMillan & Godwin competition. | 🔥 Catalyst: New OC / Role,https://www.fantasypoints.com/nfl/articles/2026/players-to-avoid-and-overvalues,14.0,0.0,0.0,1.0,0.0,0.0,1.0,0.0,0.0,0.0,0.0,0.0,WR21,T6,,35.0,guy,Low (High Floor Alpha),0.0,0.0,,,6.0,5.0,TB,820.0,0.078,27.5,-0.03,0.14,TB,26.0,4.0,False,Zac Robinson,89.8,18.0,27.9,2.0,30.4,24.0,High 12P,13.0,Zone,2.0,Condensed,20.0,Slugfests (Low Scoring Offense + Elite Defense -> Low Over/Unders / Grinding Games),TB,5,26.78,73.22,23.0,-6.6,Z.Robinson,70.5,81.9,-0.5275,-0.8599,0.2546,0.0358,0.6463,0.4259,,,,,,,,,0,,,,,,,,,,,,,,,151.6,18.0,20.0,2.0,0.98,14.2,11.02,153.4,149.3,143.3,43.9,19.0,WR23,23.0,39.2,160.3,9.43,7.0,$17-19,51.0,13.2,New OC / Role,1,0,99,,—,23,158.5,1.011,1.8000000000000114,7.97,3.9,-0.8,-0.8,47.97,39.2,8.77,47.97,39.2,SLEEPER,168.81,-1.06,-0.015,166.28,27.5,24,WR24,14.0,-13.8,0.0,0.8,168.81,0.0,0.0,-1.5,0.0,0.0,0.0,0.0,6.0,0.0,0.0,0.0,Tier 5,40.0,34.2,45.2,11.0,⚡ High Variance (Boom/Bust Ceiling),23.0,Tier 5,21.1,24.9,3.8
55,Christian Watson,WR,GB,T5,27.03,27.03,91,WR24,71,70.0,-1.0,Fair Market Value,ESPN,95.63,67.7,70.0,70.0,27.93,195.54,9.32,11.1,0.0,0.0,40.0,40.0,0.02,0.16,0.667,16,5.0,3.8,,,0.0,Neutral,True,False,Healthy,11,WR24,65.0,76.0,2.5,1,FP_GB_CHRISTIAN_WATSON,80.0,80.0,WR,GB,158.5,81.13,57.95,930.02,7.34,1.75,8.03,0.04,0.0,0.0,0.0,78.0,WR34,182.52,13.0,11.0,60.0,Target (Green),Green,1.0,0.0,0.0,—,0.0,0.0,0.0,0.0,,,,,,,,,1D/RR Alpha (>0.120),2.4,,,"💥 **#1 Target / ""The Twelve""**",🤝 **Consensus High / Exodia**,Consensus Alignment,Tier 10,Round 6 (6.08),6.08,"Guru's **#1 Target of 2026** (""The Twelve""); 17.5 FPG in $>75\%$ route games; Romeo Doubs & Dontayvion Wicks off roster; Jordan Love's clear #1 X-receiver.",https://www.fantasypoints.com/nfl/articles/2026/the-gurus-2026-fantasy-football-draft-plan,18.0,1.0,1.0,0.0,0.0,1.0,0.0,0.0,0.0,0.0,0.122,0.0,WR26,T7,,53.0,dragon,High (Elite Ceiling),0.0,0.0,,,6.0,2.0,GB,1300.0,0.112,27.8,0.04,0.16,GB,20.0,2.0,False,Matt LaFleur,90.5,16.0,23.0,13.0,36.3,9.0,High 12P,19.0,Balanced,8.0,Very Condensed,17.0,Chew the Clock (High Scoring Offense + Elite Defense -> Run-Heavy Second Halves),GB,27,38.22,61.78,13.0,-1.0,M.LaFleur,77.9,,-1.1978,0.2853,0.2118,-1.1233,1.2539,0.2621,,,,,,,,,0,,,,,,,,,,,,,,,118.6,38.0,29.0,-9.0,0.967,12.4,8.49,101.7,103.8,98.6,67.7,29.0,WR24,24.0,70.0,158.5,9.32,7.0,$12-14,46.0,13.4,—,0,0,99,,—,24,158.5,1.0,0.0,24.63,-3.3,-1.0,-1.0,95.63,67.7,27.93,95.63,67.7,YAHOO,154.53,-10.1,0.073,165.81,27.03,25,WR25,18.0,15.0,0.0,-3.6,154.53,0.0,0.0,7.3,22.0,0.0,10.0,0.0,0.0,0.0,12.0,0.0,Tier 8,71.0,65.0,76.0,11.0,⚡ High Variance (Boom/Bust Ceiling),24.0,Tier 5,22.1,25.9,3.8
47,Jaylen Waddle,WR,DEN,T4,32.14,32.14,113,WR25,47,46.9,-0.1,Fair Market Value,ESPN,56.77,41.9,46.9,46.9,14.87,210.19,9.16,11.6,17.06,1.0,100.0,100.0,-0.018,0.27,0.563,16,5.0,4.2,,,0.0,Neutral,False,True,Healthy,10,WR25,41.9,52.9,2.5,1,FP_DEN_JAYLEN_WADDLE,80.0,80.0,WR,DEN,155.7,103.866,74.19,991.85,6.01,1.68,12.39,0.03,0.0,0.0,0.0,43.0,WR19,217.32,11.0,10.0,36.0,Target (Green),Green,1.0,0.0,0.0,—,8.81,0.0,0.0,0.0,,,,,,,,,1D/RR Alpha (>0.115),2.25,,,💥 **Exodia Target / Value**,⚔️ **FP: Exodia Target  vs  Guru: Dirty 30 Not Feeling It**,FP: Exodia Target  vs  Guru: Dirty 30 Not Feeling It,Tier 8,Round 4/5,4.5,8th in YPRR since 2022; Sean Payton scheme move from Miami (30th dropbacks to high pass pace in Denver); Bo Nix #1 target. | 🔥 Catalyst: New Team / New QB,https://www.fantasypoints.com/nfl/articles/2026/anatomy-of-a-league-winner#/3380,18.0,1.0,1.0,0.0,1.0,0.0,1.0,0.0,0.0,0.0,0.128,0.0,WR16,T6,,55.0,fade,High (Overpriced Bust Risk),0.0,0.0,,,4.0,0.0,DEN,2100.0,0.02,28.9,0.01,0.03,DEN,4.0,5.0,True,Sean Payton/Webb,94.5,13.0,24.2,9.0,32.6,21.0,—,7.0,Gap,26.0,Most Spread,2.0,Balanced Environment,DEN,1,17.22,82.78,31.0,1.7,S.Payton,81.4,88.3,0.2942,0.4401,-0.3327,0.0216,1.0348,-0.4805,,,,,,,,,0,,,,,,,,,,,,,,,129.3,31.0,21.0,-10.0,0.954,14.5,8.63,119.2,116.3,120.6,41.9,18.0,WR25,25.0,46.9,155.7,9.16,7.0,$15-17,64.0,12.6,New Team / New QB,1,0,99,,—,25,158.5,0.982,0.0,9.77,-5.1,-0.1,-0.1,56.77,41.9,14.87,56.77,41.9,YAHOO,164.5,2.46,0.039,170.92,32.14,20,WR20,18.0,-0.1,3.0,-4.0,164.5,17.06,0.0,3.9,22.0,0.0,0.0,0.0,6.0,0.0,12.0,0.0,Tier 6,47.0,41.9,52.9,11.0,⚡ High Variance (Boom/Bust Ceiling),25.0,Tier 5,23.1,26.9,3.8
57,Tetairoa McMillan,WR,CAR,T5,25.1,25.1,115,WR26,36,35.2,-0.8,Fair Market Value,YAHOO,41.47,41.8,35.2,35.2,6.6,233.8,9.11,11.2,0.0,0.0,60.0,60.0,-0.015,0.25,0.794,16,4.0,4.2,,,0.0,Neutral,False,True,Healthy,5,WR26,30.200000000000003,41.2,2.5,1,FP_CAR_TETAIROA_MCMILLAN,80.0,80.0,WR,CAR,154.9,113.68,81.2,1146.66,6.62,0.0,0.0,0.0,0.0,0.0,0.0,48.0,WR22,213.82,11.0,5.0,37.0,Neutral,Black,0.0,0.0,0.0,—,0.0,0.0,0.0,0.0,,,,,,,,,,,,,🚫 **Overvalue / Fade**,🤝 **Consensus Avoid (Dirty 30)**,Consensus Alignment,Tier 10,Round 4,4.0,Ongoing foot soreness; Bryce Young 30th in PROE outside 5-yd line (-4.5%); Jalen Coker & Darren Waller target competition.,https://www.fantasypoints.com/nfl/articles/2026/players-to-avoid-and-overvalues,12.0,0.0,0.0,1.0,0.0,0.0,1.0,0.0,0.0,0.0,0.0,0.0,WR25,T7,,45.0,fade,High (Overpriced Bust Risk),0.0,0.0,,,5.0,4.0,CAR,1900.0,-0.03,28.6,-0.01,-0.04,CAR,16.0,3.0,False,Dave Canales/Idzik,78.7,27.0,19.8,24.0,33.6,15.0,High 11P,22.0,Balanced,19.0,Spread,23.0,Passing / Garbage Time (Low Scoring Offense + Bad Defense -> Trailing Game Scripts / Air Volume),CAR,8,29.48,70.52,22.0,-2.0,D.Canales,77.6,88.0,-0.323,-0.6537,-0.5023,-0.0194,0.8222,0.3387,,,,,,,,,0,,,,,,,,,,,,,,,163.5,11.0,16.0,5.0,0.944,15.3,11.08,160.0,160.8,162.8,41.8,17.0,WR26,26.0,35.2,154.9,9.11,7.0,$16-18,35.0,13.9,—,0,0,99,,—,26,158.5,0.977,0.0,5.47,5.8,-0.8,-0.8,41.8,35.2,6.6,41.8,35.2,SLEEPER,171.78,-2.25,-0.046,163.88,25.1,26,WR26,12.0,-21.8,0.0,2.0,171.78,0.0,0.0,-4.6,0.0,0.0,0.0,0.0,0.0,0.0,0.0,0.0,Tier 5,36.0,30.2,41.2,11.0,⚡ High Variance (Boom/Bust Ceiling),26.0,Tier 5,24.1,27.9,3.8
58,Parker Washington,WR,JAX,T5,24.71,24.71,122,WR27,77,76.0,-1.0,Fair Market Value,ESPN,95.09,82.1,76.0,76.0,19.09,184.38,8.99,11.1,0.0,0.0,80.0,80.0,0.015,0.28,0.616,16,6.0,2.5,,,0.0,Neutral,True,False,Healthy,7,WR27,71.0,82.0,2.5,1,FP_JAX_PARKER_WASHINGTON,80.0,80.0,WR,JAX,152.9,87.626,62.59,863.18,5.73,5.01,13.65,0.09,0.0,0.0,0.0,68.0,WR31,191.6,13.0,7.0,59.0,Target (Green),Green,1.0,0.0,0.0,—,0.0,0.0,0.0,0.0,48.0,-11.0,Full PPR Favored (Targets),,,,,,1D/RR Slot Alpha (>0.110),2.1,,,💥 **Core Exodia / Value**,🤝 **Consensus High**,Consensus Alignment,Tier 11,Round 6/7,6.5,Core Exodia target ($14); WR1 production down stretch with Lawrence; Travis Hunter outside role insulates Washington in Liam Coen slot.,https://www.fantasypoints.com/nfl/articles/2026/anatomy-of-a-league-winner,14.0,1.0,1.0,0.0,0.0,0.0,0.0,0.0,0.0,0.0,0.0,0.0,WR20,T6,,96.0,consensus,Medium,1.0,0.0,,,,,JAX,2100.0,0.052,27.9,-0.02,0.1,JAX,7.0,4.0,True,Liam Coen,97.4,9.0,26.0,5.0,37.0,8.0,High 11P,21.0,Balanced,7.0,Condensed,1.0,Shootouts (High Scoring Offense + Vulnerable Defense -> Max Fantasy Ceiling),JAX,23,24.71,75.29,26.0,0.9,L.Coen,80.3,77.0,-0.6019,1.0221,1.3324,1.0804,0.5747,0.2231,,,,,,,,,0,,,,,,,,,,,,,,,118.4,39.0,34.0,-5.0,0.955,13.9,8.99,119.6,101.7,83.5,82.1,32.0,WR27,27.0,76.0,152.9,8.99,7.0,$10-12,63.0,12.5,—,0,0,99,,—,27,158.5,0.965,0.0,18.09,5.1,-1.0,-1.0,95.09,76.0,19.09,95.09,76.0,SLEEPER,153.95,1.05,0.062,163.49,24.71,27,WR27,14.0,18.0,3.0,-2.0,153.95,0.0,0.0,6.2,22.0,0.0,0.0,5.0,0.0,0.0,12.0,0.0,Tier 9,77.0,71.0,82.0,11.0,⚡ High Variance (Boom/Bust Ceiling),27.0,Tier 5,25.1,28.9,3.8
60,Rome Odunze,WR,CHI,T5,23.31,23.31,127,WR28,67,65.6,-1.4,Fair Market Value,YAHOO,64.39,67.6,65.6,65.6,3.21,205.13,8.91,14.0,0.0,0.0,80.0,80.0,0.01,0.26,0.63,16,5.0,2.5,74.0,0.5,38.0,Surging,False,False,Healthy,10,WR28,60.599999999999994,71.6,2.5,1,FP_CHI_ROME_ODUNZE,80.0,80.0,WR,CHI,151.4,87.416,62.44,963.34,7.81,0.33,1.33,0.0,0.0,0.0,0.0,70.0,WR32,190.73,13.0,10.0,49.0,Target (Green),Green,1.0,0.0,0.0,—,0.0,0.0,0.0,0.0,,,,,,,,,1D/RR Alpha (>0.110),2.0,,,🎯 **Target / Value**,🤝 **Consensus High**,Consensus Alignment,Tier 12,Round 6,6.0,"WR3 in scoring W1-4 (20/296/5) before injury; 27.5% 1st-read share, 2.21 YPRR when healthy; Luther Burden groin injury elevates him; only 3 shadow CBs. | ⭐ #10 Bears Offense Most Undervalued Asset",https://www.fantasypoints.com/nfl/articles/2026/the-gurus-2026-fantasy-football-draft-plan,14.0,0.0,1.0,0.0,0.0,0.0,0.0,0.0,0.0,0.0,0.0,0.0,WR37,T10,,57.0,consensus,Medium,0.0,0.0,,,3.0,4.0,CHI,2020.0,0.048,27.6,0.01,0.07,CHI,3.0,4.0,False,Ben Johnson,98.3,8.0,29.3,1.0,37.2,7.0,High 12P,4.0,Zone,6.0,Even,11.0,Balanced Environment,CHI,4,41.16,58.84,7.0,-2.7,B.Johnson,69.4,88.6,0.1301,0.1006,0.3439,-0.3599,-0.0533,0.0561,,,,,,,,,0,,,,,,,,,,,,,,,132.9,28.0,23.0,-5.0,0.954,13.3,9.43,119.9,126.5,124.0,67.6,28.0,WR28,28.0,65.6,151.4,8.91,7.0,$11-13,54.0,13.0,—,0,1,10,Bears,#10 Bears Offense - Most Undervalued Asset,28,158.5,0.955,0.0,-2.61,0.6,-1.4,-1.4,67.6,64.39,3.21,67.6,64.39,ESPN,156.61,0.9,0.035,162.09,23.31,28,WR28,14.0,5.6,0.0,-2.0,156.61,0.0,38.0,3.5,0.0,0.0,0.0,0.0,0.0,4.0,12.0,0.0,Tier 8,67.0,60.6,71.6,11.0,⚡ High Variance (Boom/Bust Ceiling),28.0,Tier 5,26.1,29.9,3.8
63,DJ Moore,WR,BUF,T5,20.55,20.55,133,WR29,58,57.0,-1.0,Fair Market Value,ESPN,62.66,62.0,57.0,57.0,5.66,208.45,8.83,9.7,0.0,0.0,90.0,90.0,0.03,0.32,0.655,16,6.0,2.5,,,0.0,Neutral,False,True,Healthy,7,WR29,52.0,63.0,2.5,1,FP_BUF_DJ_MOORE,80.0,80.0,WR,BUF,150.1,97.132,69.38,905.1,6.99,10.31,53.99,0.46,0.0,0.0,0.0,47.0,WR21,214.03,11.0,7.0,46.0,Neutral,Black,0.0,0.0,0.0,—,0.0,16.22,9.65,1.0,,,,,,,,,,,,,🎯 **Target / Value**,🤝 **Consensus High**,Consensus Alignment,Tier 12,Round 5/6,5.5,Joe Brady reunion (Carolina OC 2020-21); massive QB upgrade to Josh Allen; 27 TDs in last 4 seasons (8.79% TD rate). | ⭐ #2 Bills Offense Most Undervalued Asset,https://www.fantasypoints.com/nfl/articles/2026/the-gurus-2026-fantasy-football-draft-plan,14.0,0.0,1.0,0.0,0.0,0.0,0.0,0.0,0.0,0.0,0.0,0.0,WR28,T8,,73.0,consensus,Medium,0.0,0.0,,,6.0,3.0,BUF,2450.0,0.155,26.9,0.08,0.2,BUF,2.0,4.5,True,Joe Brady,101.1,5.0,24.4,8.0,30.1,25.0,—,32.0,Gap,11.0,Very Spread,22.0,Shootouts (High Scoring Offense + Vulnerable Defense -> Max Fantasy Ceiling),BUF,7,23.56,76.44,28.0,-1.6,J.Brady,75.5,77.8,0.609,0.4801,0.3042,0.2221,0.0616,0.0199,,,,,,,,,0,,,,,,,,,,,,,,,128.2,32.0,32.0,0.0,0.977,14.5,9.58,135.5,115.6,107.7,62.0,25.0,WR29,29.0,57.0,150.1,8.83,7.0,$10-12,50.0,13.3,—,0,1,2,Bills,#2 Bills Offense - Most Undervalued Asset,29,158.5,0.947,0.0,4.66,4.0,-1.0,-1.0,62.66,57.0,5.66,62.66,57.0,SLEEPER,160.61,0.2,-0.008,159.33,20.55,30,WR30,14.0,-6.0,0.0,0.0,160.61,0.0,0.0,-0.8,0.0,0.0,0.0,0.0,0.0,4.0,0.0,0.0,Tier 6,58.0,52.0,63.0,11.0,⚡ High Variance (Boom/Bust Ceiling),29.0,Tier 5,27.1,30.9,3.8
64,Brian Thomas Jr.,WR,JAX,T5,19.19,19.19,136,WR30,72,71.2,-0.8,Fair Market Value,YAHOO,71.2,83.9,71.2,71.2,12.7,181.09,8.8,8.9,11.14,1.0,80.0,80.0,0.015,0.28,0.616,16,6.0,2.5,112.0,-0.55,-35.0,Fading,True,False,Healthy,7,WR30,66.2,77.2,2.5,1,FP_JAX_BRIAN_THOMAS_JR.,80.0,80.0,WR,JAX,149.6,81.24199999999999,58.03,871.55,5.35,2.67,17.72,0.39,0.0,0.0,0.0,75.0,WR33,185.86,13.0,7.0,73.0,Neutral,Black,0.0,0.0,0.0,—,8.49,0.0,0.0,0.0,,,,,,,,,,,,,🎯 **Target**,🤝 **Consensus High**,Consensus Alignment,Tier 13,Round 7,7.0,Liam Coen explosive downfield weapon; Trevor Lawrence ascension.,https://www.fantasypoints.com/nfl/articles/2026/the-gurus-2026-fantasy-football-draft-plan,10.0,0.0,1.0,0.0,0.0,0.0,0.0,0.0,0.0,0.0,0.0,0.0,,,,97.0,consensus,Medium,0.0,0.0,,,,2.0,JAX,2100.0,0.052,27.9,-0.02,0.1,JAX,7.0,4.0,True,Liam Coen,97.4,9.0,26.0,5.0,37.0,8.0,High 11P,21.0,Balanced,7.0,Condensed,1.0,Shootouts (High Scoring Offense + Vulnerable Defense -> Max Fantasy Ceiling),JAX,23,24.71,75.29,26.0,0.9,L.Coen,72.6,71.0,-0.163,-0.3116,0.2187,-0.2114,0.6725,-0.079,,,,,,,,,0,,,,,,,,,,,,,,,146.8,20.0,31.0,11.0,0.945,14.4,11.56,157.2,133.4,145.1,83.9,33.0,WR30,30.0,71.2,149.6,8.8,8.0,$8-10,66.0,12.4,—,0,0,99,,—,30,158.5,0.944,0.0,-0.8,11.9,-0.8,-0.8,83.9,71.2,12.7,83.9,71.2,ESPN,157.97,-0.95,0.0,157.97,19.19,31,WR31,10.0,7.2,0.0,4.4,157.97,11.14,-35.0,0.0,0.0,0.0,0.0,0.0,0.0,0.0,0.0,0.0,Tier 8,72.0,66.2,77.2,11.0,⚡ High Variance (Boom/Bust Ceiling),30.0,Tier 6,28.1,31.9,3.8
50,Luther Burden III,WR,CHI,T4,28.33,28.33,139,WR31,53,52.4,-0.6,Fair Market Value,YAHOO,52.4,58.8,52.4,52.4,6.4,208.02,8.75,9.3,0.0,0.0,80.0,80.0,0.01,0.26,0.63,16,4.0,1.6,,,0.0,Neutral,True,True,Healthy,10,WR31,47.4,58.4,2.5,1,FP_CHI_LUTHER_BURDEN_III,80.0,80.0,WR,CHI,148.8,101.752,72.68,972.73,5.69,7.71,38.17,0.13,0.0,0.0,0.0,49.0,WR23,212.77,11.0,10.0,44.0,Target (Green),Green,1.0,0.0,0.0,—,0.0,13.38,11.11,1.0,,,,,,,,,,,,,💥 **Exodia Target**,⚔️ **FP: Core Exodia ($24-$32)  vs  Guru: Dirty 30 Overhyped**,FP: Core Exodia ($24-$32)  vs  Guru: Dirty 30 Overhyped,Tier 8,Round 5,5.0,#8 in fantasy pts/snap as rookie; Ben Johnson route tree comp to Amon-Ra; 0.110+ 1D/RR; groin injury creates discount. | 🔥 Catalyst: New/Elevated Role,https://www.fantasypoints.com/nfl/articles/2026/anatomy-of-a-league-winner#/3377,24.0,1.0,1.0,0.0,1.0,0.0,1.0,0.0,0.0,0.0,0.117,0.0,WR17,T6,,46.0,guy,Low (High Floor Alpha),0.0,0.0,,,,,CHI,2020.0,0.048,27.6,0.01,0.07,CHI,3.0,4.0,False,Ben Johnson,98.3,8.0,29.3,1.0,37.2,7.0,High 12P,4.0,Zone,6.0,Even,11.0,Balanced Environment,CHI,4,41.16,58.84,7.0,-2.7,B.Johnson,92.6,86.4,3.2459,-2.5096,0.5792,1.9344,1.6842,1.0428,,,,,,,,,0,,,,,,,,,,,,,,,130.5,30.0,19.0,-11.0,0.978,13.3,10.08,130.7,107.6,111.2,58.8,24.0,WR31,31.0,52.4,148.8,8.75,7.0,$10-12,67.0,12.9,New/Elevated Role,1,0,99,,—,31,158.5,0.939,0.0,-0.6,5.8,-0.6,-0.6,58.8,52.4,6.4,58.8,52.4,ESPN,160.22,2.9,0.043,167.11,28.33,22,WR22,24.0,2.4,6.0,-4.4,160.22,0.0,0.0,4.3,22.0,0.0,0.0,0.0,6.0,0.0,12.0,0.0,Tier 6,53.0,47.4,58.4,11.0,⚡ High Variance (Boom/Bust Ceiling),31.0,Tier 6,29.1,32.9,3.8
74,DK Metcalf,WR,PIT,T6,11.19,11.19,141,WR32,75,74.9,-0.1,Fair Market Value,ESPN,86.65,86.3,74.9,74.9,11.75,195.24,8.71,10.9,0.0,0.0,70.0,70.0,-0.05,0.28,0.691,16,6.0,2.5,,,0.0,Neutral,False,False,Healthy,9,WR32,69.9,80.9,2.5,1,FP_PIT_DK_METCALF,80.0,80.0,WR,PIT,148.1,89.964,64.26,927.14,6.07,0.67,3.33,0.33,0.0,0.0,0.0,57.0,WR27,200.69,12.0,9.0,84.0,Avoid (Red),Red,0.0,0.0,1.0,—,0.0,0.0,0.0,0.0,,,,,,,,,,,,,—,—,Consensus Alignment,—,—,99.0,,,1.0,0.0,0.0,0.0,0.0,0.0,0.0,0.0,0.0,0.0,0.0,0.0,—,—,,78.0,consensus,Medium,0.0,0.0,,,8.0,1.0,PIT,2150.0,0.03,29.6,0.04,0.02,PIT,12.0,3.5,False,Mike McCarthy,90.1,17.0,18.0,27.0,46.2,1.0,—,1.0,Zone,25.0,Spread,9.0,Slugfests (Low Scoring Offense + Elite Defense -> Low Over/Unders / Grinding Games),PIT,19,41.2,58.8,6.0,4.6,M.McCarthy,78.1,66.2,-0.6141,-0.6093,1.7238,0.5553,0.7089,0.0597,,,,,,,,,0,,,,,,,,,,,,,,,133.9,24.0,37.0,13.0,0.958,13.2,8.93,113.3,136.1,129.6,86.3,34.0,WR32,32.0,74.9,148.1,8.71,8.0,$7-9,88.0,11.9,—,0,0,99,,—,32,158.5,0.934,0.0,11.65,11.3,-0.1,-0.1,86.65,74.9,11.75,86.65,74.9,SLEEPER,157.7,-6.6,-0.049,149.97,11.19,33,WR33,3.4,0.9,0.0,5.2,157.7,0.0,0.0,-4.9,0.0,0.0,0.0,0.0,0.0,0.0,-15.0,0.0,Tier 8,75.0,69.9,80.9,11.0,⚡ High Variance (Boom/Bust Ceiling),32.0,Tier 6,30.1,33.9,3.8
70,Quentin Johnston,WR,LAC,T5,13.41,13.41,142,WR33,108,111.1,3.1,Value Target (Discounted),ESPN,137.94,109.7,111.1,111.1,28.24,169.93,8.71,10.6,0.0,0.0,60.0,60.0,-0.035,0.38,0.663,16,6.0,3.8,,,0.0,Neutral,True,False,Healthy,7,WR33,106.1,117.1,2.5,1,FP_LAC_QUENTIN_JOHNSTON,80.0,80.0,WR,LAC,148.0,75.03999999999999,53.6,757.28,6.88,1.69,5.94,0.03,0.0,0.0,0.0,95.0,WR42,170.23,14.0,7.0,100.0,Neutral,Black,0.0,0.0,0.0,—,0.0,0.0,0.0,0.0,,,,,,,,,,,,,💤 **Breakout Sleeper (+41 ADP Delta)**,—,Consensus Alignment,—,—,99.0,,,1.0,0.0,0.0,0.0,0.0,0.0,0.0,0.0,0.0,0.0,0.0,0.0,—,—,,89.0,dragon,High (Elite Ceiling),1.0,1.0,,,,,LAC,2900.0,0.06,29.2,0.05,0.07,LAC,32.0,3.0,False,Mike McDaniel,91.9,15.0,26.7,3.0,35.4,11.0,High 21P,31.0,Zone,1.0,Very Condensed,28.0,Chew the Clock (High Scoring Offense + Elite Defense -> Run-Heavy Second Halves),LAC,9,18.72,81.28,30.0,-1.4,M.McDaniel,70.4,82.8,-0.4993,-0.2597,0.3986,1.3495,-0.0076,0.1989,,,,,,,,,0,,,,,,,,,,,,,,,135.9,23.0,44.0,21.0,0.959,13.7,9.6,126.3,132.5,146.7,109.7,42.0,WR33,33.0,111.1,148.0,8.71,8.0,$6-8,122.0,10.4,—,0,0,99,,—,33,158.5,0.934,0.0,29.94,1.7,3.1,3.1,137.94,109.7,28.24,137.94,109.7,YAHOO,150.53,-2.85,0.011,152.19,13.41,32,WR32,4.1,41.1,0.0,6.0,150.53,0.0,0.0,1.1,0.0,0.0,0.0,5.0,0.0,0.0,0.0,0.0,Tier 10,108.0,106.1,117.1,11.0,⚡ High Variance (Boom/Bust Ceiling),33.0,Tier 6,31.1,34.9,3.8
85,Courtland Sutton,WR,DEN,T6,3.96,3.96,150,WR34,81,80.9,-0.1,Fair Market Value,YAHOO,79.98,103.2,80.9,80.9,23.22,198.58,8.55,11.4,0.0,0.0,100.0,100.0,-0.018,0.27,0.563,16,6.0,2.5,,,0.0,Neutral,False,False,Healthy,10,WR34,75.9,86.9,2.5,1,FP_DEN_COURTLAND_SUTTON,80.0,80.0,WR,DEN,145.4,94.36,67.4,884.32,7.21,0.0,0.0,0.0,0.0,0.0,0.0,80.0,WR36,180.47,13.0,10.0,93.0,Avoid (Red),Red,0.0,0.0,1.0,—,0.0,0.0,0.0,0.0,,,,,,,,,,,,,—,—,Consensus Alignment,—,—,99.0,,,1.0,0.0,0.0,0.0,0.0,0.0,0.0,0.0,0.0,0.0,0.0,0.0,—,—,,87.0,consensus,Medium,0.0,0.0,,,,,DEN,2100.0,0.02,28.9,0.01,0.03,DEN,4.0,5.0,True,Sean Payton/Webb,94.5,13.0,24.2,9.0,32.6,21.0,—,7.0,Gap,26.0,Most Spread,2.0,Balanced Environment,DEN,1,17.22,82.78,31.0,1.7,S.Payton,70.7,79.7,-0.907,0.4011,-0.6294,-0.4684,0.3964,0.4712,,,,,,,,,0,,,,,,,,,,,,,,,124.1,35.0,35.0,0.0,0.959,14.2,8.95,121.8,138.0,89.0,103.2,39.0,WR34,34.0,80.9,145.4,8.55,8.0,$7-9,100.0,11.5,—,0,0,99,,—,34,158.5,0.917,0.0,-1.02,22.2,-0.1,-0.1,103.2,79.98,23.22,103.2,79.98,ESPN,148.84,4.46,-0.041,142.74,3.96,35,WR35,1.8,-4.1,0.0,0.0,148.84,0.0,0.0,-4.1,0.0,0.0,0.0,0.0,0.0,0.0,-15.0,0.0,Tier 9,81.0,75.9,86.9,11.0,⚡ High Variance (Boom/Bust Ceiling),34.0,Tier 6,32.1,35.9,3.8
141,Jakobi Meyers,WR,JAX,T7,-1.62,-1.62,151,WR35,106,109.0,3.0,Value Target (Discounted),YAHOO,113.11,129.1,109.0,109.0,20.1,178.7,8.55,10.3,0.0,0.0,80.0,80.0,0.015,0.28,0.616,16,6.0,2.5,,,0.0,Neutral,False,True,Healthy,7,WR35,104.0,115.0,2.5,1,FP_JAX_JAKOBI_MEYERS,80.0,80.0,WR,JAX,145.3,95.578,68.27,787.69,5.07,4.34,22.66,0.1,0.0,0.0,0.0,115.0,WR49,149.19,17.0,7.0,115.0,Pass (Yellow),Yellow,0.0,1.0,0.0,—,0.0,0.0,0.0,0.0,95.0,-20.0,Full PPR Favored (Targets),,,,,,,,,,—,—,Consensus Alignment,—,—,99.0,,,1.0,0.0,0.0,0.0,0.0,0.0,0.0,0.0,0.0,0.0,0.0,0.0,—,—,,92.0,consensus,Medium,0.0,0.0,,,,,JAX,2100.0,0.052,27.9,-0.02,0.1,JAX,7.0,4.0,True,Liam Coen,97.4,9.0,26.0,5.0,37.0,8.0,High 11P,21.0,Balanced,7.0,Condensed,1.0,Shootouts (High Scoring Offense + Vulnerable Defense -> Max Fantasy Ceiling),JAX,23,24.71,75.29,26.0,0.9,L.Coen,72.3,83.7,-0.3192,0.4544,-0.3957,-0.1406,0.306,-0.3389,,,,,,,,,0,,,,,,,,,,,,,,,120.6,37.0,40.0,3.0,0.978,13.5,9.12,120.5,119.7,95.2,129.1,54.0,WR35,35.0,109.0,145.3,8.55,8.0,$6-8,85.0,12.2,—,0,0,99,,—,35,158.5,0.917,0.0,7.11,23.1,3.0,3.0,129.1,109.0,20.1,129.1,109.0,SLEEPER,140.1,1.05,-0.021,137.16,-1.62,39,WR39,1.0,-32.0,0.0,1.2,140.1,0.0,0.0,-2.1,0.0,0.0,0.0,0.0,0.0,0.0,-5.0,0.0,Tier 10,106.0,104.0,115.0,11.0,⚡ High Variance (Boom/Bust Ceiling),35.0,Tier 6,33.1,36.9,3.8
178,Stefon Diggs,WR,WAS,T7,-12.11,-12.11,153,WR36,111,113.6,2.6,Fair Market Value,ESPN,126.94,107.6,113.6,113.6,19.34,166.23,8.52,10.3,0.0,0.0,40.0,40.0,0.012,0.23,0.65,16,7.0,2.5,,,0.0,Neutral,False,True,Healthy,7,WR36,108.6,119.6,2.5,1,FP_WAS_STEFON_DIGGS,80.0,80.0,WR,WAS,144.8,93.842,67.03,747.14,4.15,0.33,0.67,0.0,0.0,0.0,0.0,107.0,WR47,155.5,16.0,7.0,108.0,Neutral,Black,0.0,0.0,0.0,—,0.0,0.0,0.0,0.0,,,,,,,,,,,,,🎯 **Late Target / Risk**,⚔️ **FP: Value if Cheap  vs  Guru: Dirty 30 Not Feeling It**,FP: Value if Cheap  vs  Guru: Dirty 30 Not Feeling It,Tier 14,Round 9/10,9.5,Proven veteran presence for Jayden Daniels; caution against overloading bench with late WRs.,https://www.fantasypoints.com/nfl/articles/2026/ryan-heaths-2026-fantasy-football-rankings-and-targets,4.0,0.0,1.0,0.0,1.0,0.0,1.0,0.0,0.0,0.0,0.127,0.0,,,,120.0,consensus,Medium,0.0,0.0,,,,,WAS,1780.0,0.088,25.1,0.07,0.1,WAS,24.0,2.0,True,David Blough,80.9,26.0,22.0,18.0,36.0,10.0,More 12P,5.0,Gap,12.0,Even,12.0,Shootouts (High Scoring Offense + Vulnerable Defense -> Max Fantasy Ceiling),WAS,25,30.3,69.7,21.0,0.0,Unknown,86.3,81.1,0.1513,0.9715,0.1239,0.0393,1.0216,0.6058,,,,,,,,,0,,,,,,,,,,,,,,,73.5,65.0,52.0,-13.0,0.354,11.7,7.83,32.4,53.0,44.0,107.6,40.0,WR36,36.0,113.6,144.8,8.52,8.0,$6-8,19.0,10.9,—,0,0,99,,—,36,158.5,0.914,0.0,15.94,-3.4,2.6,2.6,126.94,107.6,19.34,126.94,107.6,YAHOO,129.65,-3.84,-0.023,126.67,-12.11,46,WR46,4.0,-64.4,3.0,-5.2,129.65,0.0,0.0,-2.3,0.0,0.0,0.0,0.0,0.0,0.0,0.0,0.0,Tier 11,111.0,108.6,119.6,11.0,⚡ High Variance (Boom/Bust Ceiling),36.0,Tier 6,34.1,37.9,3.8
79,Michael Pittman,WR,PIT,T6,7.52,7.52,157,WR37,100,101.6,1.6,Fair Market Value,YAHOO,91.16,120.0,101.6,101.6,28.84,190.3,8.39,12.7,0.0,0.0,70.0,70.0,-0.05,0.28,0.691,16,5.0,2.5,,,0.0,Neutral,True,False,Healthy,9,WR37,96.6,107.6,2.5,1,FP_PIT_MICHAEL_PITTMAN,80.0,80.0,WR,PIT,142.6,112.672,80.48,806.08,4.98,0.0,0.0,0.0,0.0,0.0,0.0,62.0,WR30,195.75,12.0,9.0,107.0,Pass (Yellow),Yellow,0.0,1.0,0.0,—,0.0,0.0,0.0,0.0,,,,,,,,,,,,,"🎯 **#7 Target / ""The Twelve""**",🤝 **Consensus #1 WR Misprice**,Consensus Alignment,Tier 14,Round 9 (9.12),9.12,"Guru's ""The Twelve"" target; Aaron Rodgers short-area target hog (6.2 aDOT); 90% targets underneath; top-25 WR production in Round 9.",https://www.fantasypoints.com/nfl/articles/2026/the-gurus-2026-fantasy-football-draft-plan,6.0,0.0,1.0,0.0,0.0,0.0,0.0,0.0,0.0,0.0,0.0,0.0,,,,69.0,consensus,Medium,0.0,0.0,,,,,PIT,2150.0,0.03,29.6,0.04,0.02,PIT,12.0,3.5,False,Mike McCarthy,90.1,17.0,18.0,27.0,46.2,1.0,—,1.0,Zone,25.0,Spread,9.0,Slugfests (Low Scoring Offense + Elite Defense -> Low Over/Unders / Grinding Games),PIT,19,41.2,58.8,6.0,4.6,M.McCarthy,71.4,76.7,0.1235,0.2811,-0.0771,-0.4208,0.3458,-0.5798,,,,,,,,,0,,,,,,,,,,,,,,,116.8,40.0,42.0,2.0,0.976,14.1,7.75,106.6,114.8,100.9,120.0,46.0,WR37,37.0,101.6,142.6,8.39,7.0,$5-7,89.0,12.3,—,0,0,99,,—,37,158.5,0.9,0.0,-8.84,20.0,1.6,1.6,120.0,91.16,28.84,120.0,91.16,ESPN,149.44,-2.1,-0.021,146.3,7.52,34,WR34,6.0,22.6,0.0,0.8,149.44,0.0,0.0,-2.1,0.0,0.0,0.0,0.0,0.0,0.0,-5.0,0.0,Tier 10,100.0,96.6,107.6,11.0,⚡ High Variance (Boom/Bust Ceiling),37.0,Tier 6,35.1,38.9,3.8
129,Jordan Addison,WR,MIN,T7,-0.53,-0.53,171,WR38,102,104.3,2.3,Fair Market Value,YAHOO,114.92,117.3,104.3,104.3,13.0,168.88,7.94,8.7,0.0,0.0,80.0,80.0,0.035,0.19,0.691,16,7.0,2.5,,,0.0,Neutral,False,True,Healthy,6,WR38,99.3,110.3,2.5,1,FP_MIN_JORDAN_ADDISON,80.0,80.0,WR,MIN,134.9,77.22399999999999,55.16,758.43,5.4,2.67,37.14,0.37,0.0,0.0,0.0,101.0,WR45,162.67,15.0,6.0,112.0,Neutral,Black,0.0,0.0,0.0,—,0.0,0.0,0.0,0.0,,,,,,,,,,,,,—,—,Consensus Alignment,—,—,99.0,,,1.0,0.0,0.0,0.0,0.0,0.0,0.0,0.0,0.0,0.0,0.0,0.0,—,—,,104.0,consensus,Medium,1.0,0.0,,,,,MIN,1580.0,0.085,27.1,-0.02,0.15,MIN,9.0,4.0,True,Kevin O'Connell,76.2,28.0,18.9,26.0,37.4,5.0,—,25.0,Balanced,23.0,Condensed,5.0,Shootouts (High Scoring Offense + Vulnerable Defense -> Max Fantasy Ceiling),MIN,12,31.97,68.03,18.0,1.4,K.O'Connell,68.4,85.0,-0.0256,0.1988,0.2587,-0.4425,0.1009,0.0619,,,,,,,,,0,,,,,,,,,,,,,,,121.1,36.0,46.0,10.0,0.943,13.2,8.92,111.3,109.7,119.5,117.3,44.0,WR38,38.0,104.3,134.9,7.94,9.0,$1-3,103.0,11.4,—,0,0,99,,—,38,158.5,0.851,0.0,12.92,15.3,2.3,2.3,117.3,104.3,13.0,117.3,104.3,SLEEPER,138.39,1.65,-0.001,138.25,-0.53,37,WR37,1.0,-24.7,0.0,4.0,138.39,0.0,0.0,-0.1,0.0,0.0,0.0,5.0,0.0,0.0,0.0,0.0,Tier 10,102.0,99.3,110.3,11.0,⚡ High Variance (Boom/Bust Ceiling),38.0,Tier 6,36.1,39.9,3.8
113,Carnell Tate,WR,TEN,T6,0.0,0.0,173,WR39,66,65.3,-0.7,Fair Market Value,YAHOO,78.28,80.0,65.3,65.3,14.7,178.43,7.93,,0.0,0.0,40.0,40.0,-0.02,0.33,0.588,16,5.0,2.5,,,0.0,Neutral,False,True,Healthy,9,WR39,60.3,71.3,2.5,1,FP_TEN_CARNELL_TATE,80.0,80.0,WR,TEN,134.8,91.252,65.18,887.55,4.49,0.67,3.0,0.0,0.0,0.0,0.0,60.0,WR28,197.12,12.0,9.0,76.0,Target (Green),Green,1.0,0.0,0.0,—,0.0,0.0,0.0,0.0,,,,,,,,,,,,,🚫 **Overvalue / Fade**,🤝 **Consensus Avoid (Dirty 30)**,Consensus Alignment,Tier 13,Round 7/8,7.5,"Cam Ward struggles (35th catchable rate, 36th EPA/DB); Wan'Dale Robinson $38M deal (140 tgts); Titans 20.7 implied PPG.",https://www.fantasypoints.com/nfl/articles/2026/players-to-avoid-and-overvalues,6.0,0.0,0.0,1.0,0.0,0.0,1.0,0.0,0.0,0.0,0.0,0.0,WR30,T8,,56.0,consensus,Medium,0.0,0.0,,,6.0,,TEN,2550.0,0.01,29.0,0.03,-0.01,TEN,25.0,2.0,False,Brian Daboll,74.1,29.0,19.9,23.0,32.6,21.0,High 12P,12.0,Balanced,28.0,Very Spread,13.0,Slugfests (Low Scoring Offense + Elite Defense -> Low Over/Unders / Grinding Games),TEN,31,20.11,79.89,29.0,-1.4,B.Daboll,,81.0,,,,,,,,,,,,,Carnell Tate,TEN,1,1.0,4.0,75.4,61.4,26.6,91.2,4.53,,,192.0,4.9,45.0,17.0,10.0,96.3,51.0,28.0,-23.0,0.923,13.9,7.4,95.1,65.2,50.1,80.0,31.0,WR39,39.0,65.3,134.8,7.93,8.0,$3-5,99.0,11.8,—,0,0,99,,—,39,158.5,0.85,0.0,12.28,14.0,-0.7,-0.7,80.0,65.3,14.7,80.0,65.3,SLEEPER,140.75,-9.3,-0.014,138.78,0.0,36,WR36,6.0,-47.7,4.0,-6.0,140.75,0.0,0.0,-1.4,0.0,0.0,0.0,0.0,0.0,0.0,12.0,0.0,Tier 7,66.0,60.3,71.3,11.0,⚡ High Variance (Boom/Bust Ceiling),39.0,Tier 6,37.1,40.9,3.8
174,Jayden Reed,WR,GB,T7,-8.02,-8.02,174,WR40,113,116.5,3.5,Value Target (Discounted),ESPN,125.41,119.2,116.5,116.5,8.91,176.35,7.85,,0.0,0.0,40.0,40.0,0.02,0.16,0.667,16,7.0,4.2,,,0.0,Neutral,False,True,Healthy,11,WR40,111.5,122.5,2.5,1,FP_GB_JAYDEN_REED,80.0,80.0,WR,GB,133.4,88.354,63.11,757.72,4.79,11.99,86.93,0.14,0.0,0.0,0.0,97.0,WR43,164.32,15.0,11.0,104.0,Neutral,Black,0.0,0.0,0.0,—,0.0,0.0,0.0,0.0,,,,,,,,,,,,,—,—,Consensus Alignment,—,—,99.0,,,1.0,0.0,0.0,0.0,0.0,0.0,0.0,0.0,0.0,0.0,0.0,0.0,—,—,,117.0,fade,High (Overpriced Bust Risk),0.0,0.0,,,,,GB,1300.0,0.112,27.8,0.04,0.16,GB,20.0,2.0,False,Matt LaFleur,90.5,16.0,23.0,13.0,36.3,9.0,High 12P,19.0,Balanced,8.0,Very Condensed,17.0,Chew the Clock (High Scoring Offense + Elite Defense -> Run-Heavy Second Halves),GB,27,38.22,61.78,13.0,-1.0,M.LaFleur,81.1,70.3,1.6429,0.0869,0.1462,0.4206,0.9164,1.0443,,,,,,,,,0,,,,,,,,,,,,,,,103.1,46.0,54.0,8.0,0.949,12.6,6.79,81.5,79.4,97.6,119.2,45.0,WR40,40.0,116.5,133.4,7.85,9.0,$1,104.0,11.3,—,0,0,99,,—,40,158.5,0.842,0.0,12.41,6.2,3.5,3.5,125.41,116.5,8.91,125.41,116.5,SLEEPER,133.56,-5.6,-0.021,130.76,-8.02,45,WR45,1.0,-57.5,3.0,3.2,133.56,0.0,0.0,-2.1,0.0,0.0,0.0,0.0,0.0,0.0,0.0,0.0,Tier 11,113.0,111.5,122.5,11.0,⚡ High Variance (Boom/Bust Ceiling),40.0,Tier 6,38.1,41.9,3.8
171,Romeo Doubs,WR,NE,T7,-5.83,-5.83,181,WR41,124,131.6,7.6,Screaming Steal (Huge Value),ESPN,151.25,131.8,131.6,131.6,19.65,163.73,7.59,10.3,0.0,0.0,60.0,60.0,-0.03,0.3,0.605,16,7.0,2.5,,,0.0,Neutral,False,False,Healthy,11,WR41,126.6,137.6,2.5,1,FP_NE_ROMEO_DOUBS,80.0,80.0,WR,NE,129.0,79.982,57.13,744.63,5.44,0.0,0.0,0.0,0.0,0.0,0.0,110.0,WR48,151.5,17.0,11.0,122.0,Target (Green),Green,1.0,0.0,0.0,—,0.0,0.0,0.0,0.0,,,,,,,,,,,,,—,—,Consensus Alignment,—,—,99.0,,,1.0,0.0,0.0,0.0,0.0,0.0,0.0,0.0,0.0,0.0,0.0,0.0,—,—,,106.0,consensus,Medium,0.0,0.0,,,,,NE,2300.0,-0.055,29.4,-0.02,-0.07,NE,13.0,3.0,False,Josh McDaniels,104.9,4.0,24.9,6.0,34.6,13.0,—,24.0,Gap,21.0,Spread,4.0,Slugfests (Low Scoring Offense + Elite Defense -> Low Over/Unders / Grinding Games),NE,13,34.68,65.32,17.0,1.4,J.McDaniels,74.3,78.3,-0.8725,0.2962,-0.3785,-0.5458,0.5963,0.5449,,,,,,,,,0,,,,,,,,,,,,,,,112.4,44.0,45.0,1.0,0.958,14.1,8.65,116.4,101.3,79.8,131.8,61.0,WR41,41.0,131.6,129.0,7.59,9.0,$1,145.0,10.0,—,0,0,99,,—,41,158.5,0.814,0.0,27.25,7.8,7.6,7.6,151.25,131.6,19.65,151.25,131.6,SLEEPER,130.47,-2.7,0.019,132.95,-5.83,44,WR44,1.0,-39.4,0.0,0.4,130.47,0.0,0.0,1.9,0.0,0.0,0.0,0.0,0.0,0.0,12.0,0.0,Tier 11,124.0,126.6,137.6,11.0,⚡ High Variance (Boom/Bust Ceiling),41.0,Tier 7,39.1,42.9,3.8
168,Chris Godwin Jr.,WR,TB,T7,-4.63,-4.63,183,WR42,94,95.2,1.2,Fair Market Value,YAHOO,95.2,97.7,95.2,95.2,2.5,175.73,7.44,9.0,0.0,0.0,80.0,80.0,0.028,0.11,0.75,16,6.0,2.5,,,0.0,Neutral,False,True,Healthy,10,WR42,90.2,101.2,2.5,1,FP_TB_CHRIS_GODWIN_JR.,80.0,80.0,WR,TB,126.5,94.906,67.79,773.89,5.18,0.33,0.33,0.0,0.0,0.0,0.0,79.0,WR35,180.44,13.0,10.0,101.0,Neutral,Black,0.0,0.0,0.0,—,0.0,0.0,0.0,0.0,,,,,,,,,,,,,🎯 **Target / Motion Alpha**,🤝 **Consensus High**,Consensus Alignment,Tier 12,Round 7,7.0,3rd in YPRR on motion plays (3.99); Zac Robinson Liam Coen slot role (19.7 FPG in 2024); Emeka Egbuka injury gives Godwin early dominance.,https://www.fantasypoints.com/nfl/articles/2026/ryan-heaths-2026-fantasy-football-rankings-and-targets,12.0,0.0,1.0,0.0,0.0,0.0,0.0,0.0,0.0,0.0,0.0,0.0,,,,99.0,consensus,Medium,0.0,0.0,,,,,TB,820.0,0.078,27.5,-0.03,0.14,TB,26.0,4.0,False,Zac Robinson,89.8,18.0,27.9,2.0,30.4,24.0,High 12P,13.0,Zone,2.0,Condensed,20.0,Slugfests (Low Scoring Offense + Elite Defense -> Low Over/Unders / Grinding Games),TB,5,26.78,73.22,23.0,-6.6,Z.Robinson,81.1,76.6,0.1371,0.4001,1.448,1.0287,0.4883,-0.7168,,,,,,,,,0,,,,,,,,,,,,,,,102.1,47.0,41.0,-6.0,0.915,12.3,7.05,79.0,88.7,83.3,97.7,37.0,WR42,42.0,95.2,126.5,7.44,9.0,$1,90.0,11.9,—,0,0,99,,—,42,158.5,0.798,0.0,1.2,3.7,1.2,1.2,97.7,95.2,2.5,97.7,95.2,ESPN,133.88,3.44,0.002,134.15,-4.63,42,WR42,12.0,-72.8,3.0,-2.4,133.88,0.0,0.0,0.2,0.0,0.0,0.0,0.0,0.0,0.0,0.0,0.0,Tier 10,94.0,90.2,101.2,11.0,⚡ High Variance (Boom/Bust Ceiling),42.0,Tier 7,40.1,43.9,3.8
132,Marvin Harrison Jr.,WR,ARZ,T7,-0.82,-0.82,185,WR43,76,75.2,-0.8,Fair Market Value,YAHOO,75.2,78.7,75.2,75.2,3.5,198.87,7.38,11.1,23.4,1.0,80.0,80.0,0.0,0.15,0.5,16,6.0,4.2,95.0,0.58,48.0,Surging,False,True,Healthy,14,WR43,70.2,81.2,2.5,1,FP_ARZ_MARVIN_HARRISON_JR.,80.0,80.0,WR,ARZ,125.4,94.15,67.25,961.35,6.01,0.0,0.0,0.0,0.0,0.0,0.0,83.0,WR37,177.85,13.0,14.0,71.0,Pass (Yellow),Yellow,0.0,1.0,0.0,—,18.22,0.0,0.0,0.0,,,,,,,,,,,,,🎯 **Value / Target**,🤝 **Consensus High**,Consensus Alignment,Tier 11,Round 6/7,6.5,+29.5 Luck Metric lost points; drops aren't predictive; Mike LaFleur heavy personnel scheme beneficiary.,https://www.fantasypoints.com/nfl/articles/2026/anatomy-of-a-league-winner,14.0,0.0,1.0,0.0,0.0,0.0,0.0,0.0,0.0,0.0,0.0,0.0,,,,83.0,fade,High (Overpriced Bust Risk),0.0,0.0,,,4.0,2.0,,,,,,,,,,,,,,,,,,,,,,,,,,16,35.0,65.0,,0.0,—,70.4,92.6,-1.2539,-0.056,-0.1023,-0.775,0.3083,0.2578,,,,,,,,,0,,,,,,,,,,,,,,,133.3,27.0,36.0,9.0,0.934,13.3,9.01,111.7,125.0,146.5,78.7,30.0,WR43,43.0,75.2,125.4,7.38,10.0,$2-4,86.0,11.9,—,0,0,99,,—,43,158.5,0.791,0.0,-0.8,2.7,-0.8,-0.8,78.7,75.2,3.5,78.7,75.2,ESPN,140.49,-1.4,-0.018,137.96,-0.82,38,WR38,14.0,-56.8,0.0,3.6,140.49,23.4,48.0,-1.8,0.0,0.0,0.0,0.0,0.0,0.0,-5.0,0.0,Tier 9,76.0,70.2,81.2,11.0,⚡ High Variance (Boom/Bust Ceiling),43.0,Tier 7,41.1,44.9,3.8
202,Cooper Kupp,WR,SEA,T8,-25.7,-25.7,189,WR44,201,223.9,22.9,Screaming Steal (Huge Value),ESPN,223.9,223.9,223.9,223.9,0.0,125.19,7.15,,0.0,0.0,70.0,70.0,0.0,0.17,0.774,16,5.0,,,,0.0,Neutral,False,False,Healthy,11,WR44,218.9,229.9,2.5,1,FP_SEA_COOPER_KUPP,80.0,80.0,WR,SEA,121.6,66.402,47.43,584.84,3.41,0.5,1.5,0.0,0.0,0.0,0.0,203.0,WR77,98.09,29.0,11.0,,Neutral,Black,0.0,0.0,0.0,—,0.0,0.0,0.0,0.0,,,,,,,,,,,,,—,—,Consensus Alignment,—,—,99.0,,,1.0,0.0,0.0,0.0,0.0,0.0,0.0,0.0,0.0,0.0,0.0,0.0,—,—,,,consensus,,0.0,0.0,,,,,SEA,1340.0,0.058,28.0,0.02,0.08,SEA,10.0,3.5,False,Brian Fleury,96.6,11.0,26.4,4.0,32.9,17.0,—,16.0,Zone,4.0,Even,14.0,Chew the Clock (High Scoring Offense + Elite Defense -> Run-Heavy Second Halves),SEA,14,46.7,53.3,4.0,0.0,Unknown,78.0,,0.4961,0.0143,1.0061,0.5107,0.3804,0.5851,,,,,,,,,0,,,,,,,,,,,,,,,,,,,,,,,,,,,WR44,44.0,223.9,121.6,7.15,10.0,$1,165.0,9.1,—,0,0,99,,—,44,158.5,0.767,0.0,22.9,22.9,22.9,22.9,223.9,223.9,0.0,223.9,223.9,ESPN,113.76,-0.6,-0.006,113.08,-25.7,54,WR54,1.0,21.9,0.0,0.0,113.76,0.0,0.0,-0.6,0.0,0.0,0.0,0.0,0.0,0.0,0.0,0.0,Tier 12,201.0,197.9,204.1,6.2,⚖️ Moderate Variance,44.0,Tier 7,42.1,45.9,3.8
188,Deebo Samuel Sr.,WR,SF,T8,-17.49,-17.49,190,WR45,127,137.4,10.4,Screaming Steal (Huge Value),ESPN,137.4,127.5,137.4,137.4,9.9,162.92,7.15,11.1,0.0,0.0,80.0,80.0,-0.012,0.11,0.774,16,7.0,2.5,,,0.0,Neutral,False,False,Healthy,8,WR45,132.4,143.4,2.5,1,FP_SF_DEEBO_SAMUEL_SR.,80.0,80.0,WR,SF,121.5,78.82,56.3,635.88,4.36,29.06,112.18,1.07,0.0,0.0,0.0,125.0,WR53,139.41,20.0,8.0,147.0,Neutral,Black,0.0,0.0,0.0,—,0.0,0.0,0.0,0.0,,,,,,,,,,,,,—,—,Consensus Alignment,—,—,99.0,⭐ #7 49ers Offense Most Undervalued Asset,,1.0,0.0,0.0,0.0,0.0,0.0,0.0,0.0,0.0,0.0,0.0,0.0,—,—,,126.0,consensus,Medium,0.0,0.0,,,,,SF,890.0,0.175,28.8,0.14,0.2,SF,6.0,4.0,False,Kyle Shanahan,100.9,6.0,26.4,4.0,32.9,17.0,High 21P,8.0,Zone,3.0,Most Condensed,14.0,Shootouts (High Scoring Offense + Vulnerable Defense -> Max Fantasy Ceiling),SF,6,48.24,51.76,3.0,-1.9,K.Shanahan,86.0,85.3,1.0999,0.0226,1.5136,2.222,0.5573,1.3558,,,,,,,,,0,,,,,,,,,,,,,,,97.0,50.0,60.0,10.0,0.98,13.0,7.13,90.6,98.3,76.3,127.5,49.0,WR45,45.0,137.4,121.5,7.15,10.0,$1,129.0,10.3,—,0,1,7,49ers,#7 49ers Offense - Most Undervalued Asset,45,158.5,0.767,0.0,10.4,0.5,10.4,10.4,137.4,127.5,9.9,137.4,127.5,YAHOO,119.85,2.24,0.012,121.29,-17.49,50,WR50,1.0,-50.6,3.0,4.0,119.85,0.0,0.0,1.2,0.0,0.0,0.0,0.0,0.0,4.0,0.0,0.0,Tier 11,127.0,132.4,143.4,11.0,⚡ High Variance (Boom/Bust Ceiling),45.0,Tier 7,43.1,46.9,3.8
169,Josh Downs,WR,IND,T7,-4.68,-4.68,192,WR46,104,107.0,3.0,Value Target (Discounted),ESPN,134.75,109.0,107.0,107.0,27.75,163.73,7.07,,0.0,0.0,90.0,90.0,0.005,0.13,0.691,16,6.0,3.8,,,0.0,Neutral,False,True,Healthy,13,WR46,102.0,113.0,2.5,1,FP_IND_JOSH_DOWNS,80.0,80.0,WR,IND,120.2,96.34799999999998,68.82,704.93,4.23,1.36,4.23,0.03,0.0,0.0,0.0,98.0,WR44,163.59,15.0,13.0,106.0,Neutral,Black,0.0,0.0,0.0,—,0.0,0.0,0.0,0.0,88.0,-17.0,Full PPR Favored (Targets),,,,,,,,,,"💥 **Expanded Exodia / ""The Twelve""**",🤝 **Consensus High**,Consensus Alignment,Tier 12,Round 9/10 (10.01),10.01,0.25 TPRR over 3 seasons (elite target earner); Pittman & AD Mitchell gone; contract year slot alpha; Guru's Round 10 pick.,https://www.fantasypoints.com/nfl/articles/2026/the-gurus-2026-fantasy-football-draft-plan,8.0,1.0,0.0,0.0,0.0,0.0,0.0,0.0,0.0,0.0,0.0,0.0,WR33,T9,,82.0,dragon,High (Elite Ceiling),1.0,1.0,,,,,IND,980.0,0.068,27.3,0.06,0.07,IND,5.0,4.5,False,Shane Steichen,97.4,10.0,22.2,17.0,32.7,19.0,—,20.0,Gap,10.0,Even,25.0,Balanced Environment,IND,10,36.05,63.95,14.0,-3.5,S.Steichen,77.5,83.9,0.1611,-0.2432,-0.3338,0.0481,0.4984,0.6169,,,,,,,,,0,,,,,,,,,,,,,,,111.3,45.0,51.0,6.0,0.953,13.8,7.22,95.1,102.5,101.8,109.0,41.0,WR46,46.0,107.0,120.2,7.07,9.0,$1,98.0,11.9,—,0,0,99,,—,46,158.5,0.758,0.0,30.75,5.0,3.0,3.0,134.75,107.0,27.75,134.75,107.0,SLEEPER,128.82,1.95,0.041,134.1,-4.68,43,WR43,8.0,-62.0,0.0,2.4,128.82,0.0,0.0,4.1,22.0,0.0,0.0,5.0,0.0,0.0,0.0,0.0,Tier 10,104.0,102.0,113.0,11.0,⚡ High Variance (Boom/Bust Ceiling),46.0,Tier 7,44.1,47.9,3.8
182,Xavier Worthy,WR,KC,T8,-15.24,-15.24,193,WR47,129,140.2,11.2,Screaming Steal (Huge Value),SLEEPER,122.99,128.9,140.2,140.2,17.21,167.67,7.01,,0.0,0.0,60.0,60.0,0.068,0.145,0.546,16,6.0,2.5,74.0,0.3,17.0,Neutral,False,False,Healthy,5,WR47,135.2,146.2,2.5,1,FP_KC_XAVIER_WORTHY,80.0,80.0,WR,KC,119.1,77.30799999999999,55.22,723.3,4.22,15.46,99.41,0.87,0.0,0.0,0.0,122.0,WR51,143.66,18.0,5.0,142.0,Neutral,Black,0.0,0.0,0.0,—,0.0,0.0,0.0,0.0,,,,,,,,,,,,,—,—,Consensus Alignment,—,—,99.0,,,1.0,0.0,0.0,0.0,0.0,0.0,0.0,0.0,0.0,0.0,0.0,0.0,—,—,,100.0,consensus,Medium,0.0,0.0,,,,,KC,1250.0,0.142,26.5,0.02,0.22,KC,22.0,3.0,False,Andy Reid,89.6,19.0,22.0,19.0,33.2,16.0,—,9.0,Zone,22.0,Condensed,6.0,Chew the Clock (High Scoring Offense + Elite Defense -> Run-Heavy Second Halves),KC,21,38.45,61.55,11.0,6.4,A.Reid,71.2,71.1,1.2911,-0.208,-0.7192,0.4655,-0.1049,-0.0381,,,,,,,,,0,,,,,,,,,,,,,,,115.3,42.0,55.0,13.0,0.957,13.7,7.62,100.0,89.9,125.0,128.9,53.0,WR47,47.0,140.2,119.1,7.01,10.0,$1,108.0,11.0,—,0,0,99,,—,47,158.5,0.751,0.0,-6.01,-0.1,11.2,11.2,140.2,122.99,17.21,140.2,122.99,ESPN,124.29,0.24,-0.006,123.54,-15.24,48,WR48,1.0,-41.8,0.0,5.2,124.29,0.0,17.0,-0.6,0.0,0.0,0.0,0.0,0.0,0.0,0.0,0.0,Tier 11,129.0,135.2,146.2,11.0,⚡ High Variance (Boom/Bust Ceiling),47.0,Tier 7,45.1,48.9,3.8
165,Michael Wilson,WR,ARZ,T7,-4.42,-4.42,195,WR48,85,83.7,-1.3,Fair Market Value,ESPN,103.44,102.9,83.7,83.7,19.74,177.94,6.94,11.7,11.49,1.0,80.0,80.0,0.0,0.15,0.5,16,6.0,2.5,,,0.0,Neutral,False,True,Healthy,14,WR48,78.7,89.7,2.5,1,FP_ARZ_MICHAEL_WILSON,80.0,80.0,WR,ARZ,117.9,94.542,67.53,839.76,4.47,0.0,0.67,0.0,0.0,0.0,0.0,92.0,WR39,172.17,14.0,14.0,85.0,Neutral,Black,0.0,0.0,0.0,—,5.74,0.0,0.0,0.0,,,,,,,,,,,,,—,—,Consensus Alignment,—,—,99.0,,,1.0,0.0,0.0,0.0,0.0,0.0,0.0,0.0,0.0,0.0,0.0,0.0,—,—,,85.0,consensus,Medium,1.0,0.0,,,,,,,,,,,,,,,,,,,,,,,,,,,,,,16,35.0,65.0,,0.0,—,70.3,66.6,-0.7499,0.9617,0.0768,-0.3293,0.0415,-0.3042,,,,,,,,,0,,,,,,,,,,,,,,,126.8,33.0,38.0,5.0,0.963,14.6,8.84,124.0,123.2,112.8,102.9,38.0,WR48,48.0,83.7,117.9,6.94,10.0,$1-3,101.0,11.6,—,0,0,99,,—,48,158.5,0.744,0.0,18.44,17.9,-1.3,-1.3,103.44,83.7,19.74,103.44,83.7,SLEEPER,133.69,0.6,0.005,134.36,-4.42,40,WR40,1.0,-81.3,0.0,2.0,133.69,11.49,0.0,0.5,0.0,0.0,0.0,5.0,0.0,0.0,0.0,0.0,Tier 9,85.0,78.7,89.7,11.0,⚡ High Variance (Boom/Bust Ceiling),48.0,Tier 7,46.1,49.9,3.8
179,Matthew Golden,WR,GB,T7,-13.76,-13.76,198,WR49,121,128.7,7.7,Screaming Steal (Huge Value),SLEEPER,102.51,128.1,128.7,128.7,26.19,161.47,6.78,,0.0,0.0,40.0,40.0,0.02,0.16,0.667,16,7.0,2.5,,,0.0,Neutral,False,False,Healthy,11,WR49,123.7,134.7,2.5,1,FP_GB_MATTHEW_GOLDEN,80.0,80.0,WR,GB,115.3,78.246,55.89,758.68,4.56,5.49,27.28,0.06,0.0,0.0,0.0,93.0,WR40,172.09,14.0,11.0,123.0,Neutral,Black,0.0,0.0,0.0,—,0.0,0.0,0.0,0.0,,,,,,,,,,,,,—,—,Consensus Alignment,—,—,99.0,⭐ #8 Packers Offense Most Undervalued Asset,,1.0,0.0,0.0,0.0,0.0,0.0,0.0,0.0,0.0,0.0,0.0,0.0,—,—,,105.0,consensus,Medium,0.0,0.0,,,,,GB,1300.0,0.112,27.8,0.04,0.16,GB,20.0,2.0,False,Matt LaFleur,90.5,16.0,23.0,13.0,36.3,9.0,High 12P,19.0,Balanced,8.0,Very Condensed,17.0,Chew the Clock (High Scoring Offense + Elite Defense -> Run-Heavy Second Halves),GB,27,38.22,61.78,13.0,-1.0,M.LaFleur,79.1,70.0,,1.2078,,0.913,0.2593,0.7941,,,,,,,,,0,,,,,,,,,,,,,,,99.4,48.0,53.0,5.0,0.978,12.3,7.75,93.5,95.1,57.7,128.1,51.0,WR49,49.0,128.7,115.3,6.78,10.0,$1-3,117.0,10.6,—,0,1,8,Packers,#8 Packers Offense - Most Undervalued Asset,49,158.5,0.727,0.0,-18.49,7.1,7.7,7.7,128.7,102.51,26.19,128.7,102.51,ESPN,125.52,-5.6,-0.004,125.02,-13.76,47,WR47,1.0,-50.3,0.0,2.0,125.52,0.0,0.0,-0.4,0.0,0.0,0.0,0.0,0.0,4.0,0.0,0.0,Tier 11,121.0,123.7,134.7,11.0,⚡ High Variance (Boom/Bust Ceiling),49.0,Tier 8,47.1,50.9,3.8
167,Alec Pierce,WR,IND,T7,-4.44,-4.44,200,WR50,99,101.2,2.2,Fair Market Value,ESPN,101.78,92.0,101.2,101.2,9.78,192.25,6.58,10.3,17.25,1.0,90.0,90.0,0.005,0.13,0.691,16,5.0,1.6,,,0.0,Neutral,False,True,Healthy,13,WR50,96.2,107.2,2.5,1,FP_IND_ALEC_PIERCE,80.0,80.0,WR,IND,111.9,79.128,56.52,977.24,6.42,0.0,0.0,0.0,0.0,0.0,0.0,84.0,WR38,173.39,13.0,13.0,92.0,Neutral,Black,0.0,0.0,0.0,—,11.2,0.0,0.0,0.0,,,,,,,,,,,,,—,—,Consensus Alignment,—,—,99.0,,,1.0,0.0,0.0,0.0,0.0,0.0,0.0,0.0,0.0,0.0,0.0,0.0,—,—,,58.0,guy,Low (High Floor Alpha),0.0,0.0,,,5.0,0.0,IND,980.0,0.068,27.3,0.06,0.07,IND,5.0,4.5,False,Shane Steichen,97.4,10.0,22.2,17.0,32.7,19.0,—,20.0,Gap,10.0,Even,25.0,Balanced Environment,IND,10,36.05,63.95,14.0,-3.5,S.Steichen,75.6,69.2,-1.3576,-0.013,0.5887,-0.9839,0.645,0.5526,,,,,,,,,0,,,,,,,,,,,,,,,133.8,25.0,33.0,8.0,0.952,13.9,9.73,128.3,119.9,125.5,92.0,35.0,WR50,50.0,101.2,111.9,6.58,11.0,$1-3,84.0,12.0,—,0,0,99,,—,50,158.5,0.706,0.0,2.78,-7.0,2.2,2.2,101.78,92.0,9.78,101.78,92.0,YAHOO,132.75,-0.05,0.012,134.34,-4.44,41,WR41,1.0,-65.8,0.0,3.2,132.75,17.25,0.0,1.2,0.0,0.0,0.0,0.0,0.0,0.0,0.0,0.0,Tier 10,99.0,96.2,107.2,11.0,⚡ High Variance (Boom/Bust Ceiling),50.0,Tier 8,48.1,51.9,3.8
200,Jalen Coker,WR,CAR,T8,-23.78,-23.78,201,WR51,132,143.3,11.3,Screaming Steal (Huge Value),ESPN,159.81,133.3,143.3,143.3,26.51,157.75,6.54,,0.0,0.0,60.0,60.0,-0.015,0.25,0.794,16,7.0,2.5,,,0.0,Neutral,False,False,Healthy,5,WR51,138.3,149.3,2.5,1,FP_CAR_JALEN_COKER,80.0,80.0,WR,CAR,111.1,84.98,60.7,717.98,4.48,0.0,0.0,0.0,0.0,0.0,0.0,124.0,WR52,141.58,19.0,5.0,135.0,Neutral,Black,0.0,0.0,0.0,—,0.0,0.0,0.0,0.0,,,,,,,,,,,,,🎯 **Target / Breakout**,🤝 **Consensus High**,Consensus Alignment,Tier 14,Round 12 (12.07),12.07,7th in EPA/route in NFL; 9/134/1 in playoff game; Chris Brazzell ACL out $\to$ clear #2 WR behind Legette.,https://www.fantasypoints.com/nfl/articles/2026/the-gurus-2026-fantasy-football-draft-plan,2.0,0.0,1.0,0.0,0.0,0.0,0.0,0.0,0.0,0.0,0.0,0.0,,,,121.0,consensus,Medium,0.0,0.0,,,,,CAR,1900.0,-0.03,28.6,-0.01,-0.04,CAR,16.0,3.0,False,Dave Canales/Idzik,78.7,27.0,19.8,24.0,33.6,15.0,High 11P,22.0,Balanced,19.0,Spread,23.0,Passing / Garbage Time (Low Scoring Offense + Bad Defense -> Trailing Game Scripts / Air Volume),CAR,8,29.48,70.52,22.0,-2.0,D.Canales,81.2,,-0.5674,1.7204,1.831,-0.468,0.403,2.165,,,,,,,,,0,,,,,,,,,,,,,,,95.3,52.0,50.0,-2.0,0.943,14.0,6.55,86.5,75.1,65.2,133.3,62.0,WR51,51.0,143.3,111.1,6.54,10.0,$1,119.0,10.8,—,0,0,99,,—,51,158.5,0.701,0.0,27.81,1.3,11.3,11.3,159.81,133.3,26.51,159.81,133.3,YAHOO,114.77,-0.25,0.002,115.0,-23.78,53,WR53,2.0,-56.7,3.0,-0.8,114.77,0.0,0.0,0.2,0.0,0.0,0.0,0.0,0.0,0.0,0.0,0.0,Tier 12,132.0,138.3,149.3,11.0,⚡ High Variance (Boom/Bust Ceiling),51.0,Tier 8,49.1,52.9,3.8
212,Makai Lemon,WR,PHI,T8,-30.6,-30.6,203,WR52,88,87.3,-0.7,Fair Market Value,ESPN,142.56,112.2,87.3,87.3,55.26,150.84,6.42,,0.0,0.0,80.0,80.0,0.025,0.08,0.667,16,6.0,2.5,,,0.0,Neutral,False,True,Healthy,10,WR52,82.3,93.3,2.5,1,FP_PHI_MAKAI_LEMON,80.0,80.0,WR,PHI,109.2,73.85,52.75,738.19,4.36,1.5,6.5,0.0,0.0,0.0,0.0,134.0,WR57,134.18,20.0,10.0,118.0,Neutral,Black,0.0,0.0,0.0,—,0.0,0.0,0.0,0.0,,,,,,,,,,,,,🚫 **Overvalue / Hamstring**,🤝 **Consensus Avoid**,Consensus Alignment,Tier 13,Round 8/9,8.5,Hamstring injury; Jalen Hurts 35th in throws over middle (16.3%); Goedert & Wicks target competition.,https://www.fantasypoints.com/nfl/articles/2026/players-to-avoid-and-overvalues,4.0,0.0,0.0,1.0,0.0,0.0,1.0,0.0,0.0,0.0,0.0,0.0,,,,88.0,consensus,Medium,0.0,0.0,,,,,PHI,640.0,0.138,27.2,0.12,0.15,PHI,14.0,4.0,True,Sean Mannion,85.2,24.0,23.0,13.0,36.3,9.0,—,16.0,Balanced,5.0,Condensed,15.0,Chew the Clock (High Scoring Offense + Elite Defense -> Run-Heavy Second Halves),PHI,2,35.05,64.95,16.0,0.0,Unknown,,96.1,,,,,,,,,,,,,Makai Lemon,PHI,1,1.0,20.0,47.9,39.8,22.9,,,,,192.0,6.3,68.2,,17.0,94.0,53.0,39.0,-14.0,0.904,13.4,7.83,95.2,63.7,57.5,112.2,43.0,WR52,52.0,87.3,109.2,6.42,10.0,$1,102.0,11.5,—,0,0,99,,—,52,158.5,0.689,0.0,54.56,24.2,-0.7,-0.7,142.56,87.3,55.26,142.56,87.3,SLEEPER,111.64,3.35,-0.031,108.18,-30.6,58,WR58,4.0,-124.7,4.0,-5.6,111.64,0.0,0.0,-3.1,0.0,0.0,0.0,0.0,0.0,0.0,0.0,0.0,Tier 9,88.0,82.3,93.3,11.0,⚡ High Variance (Boom/Bust Ceiling),52.0,Tier 8,50.1,53.9,3.8
193,Tre Tucker,WR,LV,T8,-20.62,-20.62,204,WR53,186,203.7,17.7,Screaming Steal (Huge Value),ESPN,203.7,203.7,203.7,203.7,0.0,142.06,6.41,,0.0,0.0,50.0,50.0,-0.005,0.29,0.696,16,5.0,,,,0.0,Neutral,False,False,Healthy,13,WR53,198.7,209.7,2.5,1,FP_LV_TRE_TUCKER,80.0,80.0,WR,LV,108.9,70.294,50.21,631.64,3.76,11.2,54.65,0.16,0.0,0.0,0.0,127.0,WR55,138.82,20.0,13.0,,Neutral,Black,0.0,0.0,0.0,—,0.0,0.0,0.0,0.0,,,,,,,,,,,,,—,—,Consensus Alignment,—,—,99.0,,,1.0,0.0,0.0,0.0,0.0,0.0,0.0,0.0,0.0,0.0,0.0,0.0,—,—,,,consensus,,0.0,0.0,,,,,LV,2250.0,0.015,28.5,-0.04,0.05,LV,28.0,2.5,False,Klint Kubiak,70.9,31.0,22.8,14.0,34.5,14.0,—,27.0,Zone,13.0,Even,19.0,Passing / Garbage Time (Low Scoring Offense + Bad Defense -> Trailing Game Scripts / Air Volume),LV,24,40.2,59.8,8.0,-4.3,K.Kubiak,64.9,70.7,0.8372,-0.0861,-0.463,0.2641,-0.5544,0.1304,,,,,,,,,0,,,,,,,,,,,,,,,,,,,,,,,,,,,WR53,53.0,203.7,108.9,6.41,11.0,$1,147.0,10.0,—,0,0,99,,—,53,158.5,0.687,0.0,17.7,17.7,17.7,17.7,203.7,203.7,0.0,203.7,203.7,ESPN,118.87,-3.15,-0.006,118.16,-20.62,51,WR51,1.0,10.7,0.0,0.0,118.87,0.0,0.0,-0.6,0.0,0.0,0.0,0.0,0.0,0.0,0.0,0.0,Tier 12,186.0,198.7,209.7,11.0,⚡ High Variance (Boom/Bust Ceiling),53.0,Tier 8,51.1,54.9,3.8
196,Khalil Shakir,WR,BUF,T8,-22.67,-22.67,204,WR53,128,139.5,11.5,Screaming Steal (Huge Value),SLEEPER,124.27,131.4,139.5,139.5,15.23,164.91,6.41,10.1,0.0,0.0,90.0,90.0,0.03,0.32,0.655,16,7.0,2.5,,,0.0,Neutral,False,False,Healthy,7,WR54,134.5,145.5,2.5,1,FP_BUF_KHALIL_SHAKIR,80.0,80.0,WR,BUF,108.9,97.566,69.69,726.29,3.9,1.1,5.5,0.04,0.0,0.0,0.0,121.0,WR50,144.55,18.0,7.0,148.0,Avoid (Red),Red,0.0,0.0,1.0,—,0.0,0.0,0.0,0.0,,,,,,,,,,,,,—,—,Consensus Alignment,—,—,99.0,,,1.0,0.0,0.0,0.0,0.0,0.0,0.0,0.0,0.0,0.0,0.0,0.0,—,—,,128.0,consensus,Medium,0.0,0.0,,,,,BUF,2450.0,0.155,26.9,0.08,0.2,BUF,2.0,4.5,True,Joe Brady,101.1,5.0,24.4,8.0,30.1,25.0,—,32.0,Gap,11.0,Very Spread,22.0,Shootouts (High Scoring Offense + Vulnerable Defense -> Max Fantasy Ceiling),BUF,7,23.56,76.44,28.0,-1.6,J.Brady,91.5,88.8,1.9224,-0.0665,1.5992,1.758,0.8496,0.9751,,,,,,,,,0,,,,,,,,,,,,,,,114.5,43.0,47.0,4.0,0.963,13.7,8.81,115.9,104.4,93.4,131.4,59.0,WR54,54.0,139.5,108.9,6.41,10.0,$1,153.0,9.7,—,0,0,99,,—,53,158.5,0.687,0.0,-3.73,3.4,11.5,11.5,139.5,124.27,15.23,139.5,124.27,ESPN,119.21,4.7,-0.026,116.11,-22.67,52,WR52,1.0,-56.5,6.0,1.6,119.21,0.0,0.0,-2.6,0.0,0.0,0.0,0.0,0.0,0.0,-15.0,0.0,Tier 11,128.0,134.5,145.5,11.0,⚡ High Variance (Boom/Bust Ceiling),54.0,Tier 8,52.1,55.9,3.8
222,Jalen McMillan,WR,TB,T8,-37.59,-37.59,208,WR55,193,209.7,16.7,Screaming Steal (Huge Value),SLEEPER,168.64,129.3,209.7,209.7,80.4,133.83,6.35,,0.0,0.0,80.0,80.0,0.028,0.11,0.75,16,5.0,,,,0.0,Neutral,False,False,Healthy,10,WR55,204.7,215.7,2.5,1,FP_TB_JALEN_MCMILLAN,80.0,80.0,WR,TB,107.9,65.29599999999999,46.64,607.31,3.93,4.68,26.79,0.11,0.0,0.0,0.0,160.0,WR67,110.61,25.0,10.0,,Neutral,Black,0.0,0.0,0.0,—,0.0,0.0,0.0,0.0,,,,,,,,,,,,,🎯 **Sleeper / Red Zone**,🤝 **Consensus High**,Consensus Alignment,Tier 14,Round 16+,16.0,2.41 YPRR post-injury; Mike Evans gone; Baker Mayfield red-zone favorite; Egbuka toe injury.,https://www.fantasypoints.com/nfl/articles/2026/the-gurus-2026-fantasy-football-draft-plan,1.0,0.0,1.0,0.0,0.0,0.0,0.0,0.0,0.0,0.0,0.0,0.0,,,,,consensus,,0.0,0.0,,,,,TB,820.0,0.078,27.5,-0.03,0.14,TB,26.0,4.0,False,Zac Robinson,89.8,18.0,27.9,2.0,30.4,24.0,High 12P,13.0,Zone,2.0,Condensed,20.0,Slugfests (Low Scoring Offense + Elite Defense -> Low Over/Unders / Grinding Games),TB,5,26.78,73.22,23.0,-6.6,Z.Robinson,62.8,70.7,0.5828,-1.1702,-0.93,-1.0622,-0.4314,0.4035,,,,,,,,,0,,,,,,,,,,,,,,,80.8,62.0,66.0,4.0,0.9,12.8,5.33,61.5,62.5,74.1,129.3,55.0,WR55,55.0,209.7,107.9,6.35,11.0,$1,155.0,9.2,—,0,0,99,,—,55,158.5,0.681,0.0,-24.36,-63.7,16.7,16.7,209.7,129.3,80.4,209.7,129.3,YAHOO,101.8,3.44,-0.006,101.19,-37.59,65,WR65,1.0,-12.3,0.0,1.6,101.8,0.0,0.0,-0.6,0.0,0.0,0.0,0.0,0.0,0.0,0.0,0.0,Tier 12,193.0,204.7,215.7,11.0,⚡ High Variance (Boom/Bust Ceiling),55.0,Tier 8,53.1,56.9,3.8
217,Dontayvion Wicks,WR,PHI,T8,-33.46,-33.46,210,WR56,312,999.0,687.0,Screaming Steal (Huge Value),ESPN,999.0,999.0,999.0,999.0,0.0,107.92,6.34,,0.0,0.0,80.0,80.0,0.025,0.08,0.667,16,5.0,,,,0.0,Neutral,False,False,Healthy,10,WR56,994.0,1005.0,2.5,1,FP_PHI_DONTAYVION_WICKS,80.0,80.0,WR,PHI,107.8,55.31399999999999,39.51,517.74,2.92,0.0,0.0,0.0,0.0,0.0,0.0,198.0,WR74,102.28,29.0,10.0,,Neutral,Black,0.0,0.0,0.0,—,0.0,0.0,0.0,0.0,,,,,,,,,,,,,—,—,Consensus Alignment,—,—,99.0,,,1.0,0.0,0.0,0.0,0.0,0.0,0.0,0.0,0.0,0.0,0.0,0.0,—,—,,,consensus,,0.0,0.0,,,,,PHI,640.0,0.138,27.2,0.12,0.15,PHI,14.0,4.0,True,Sean Mannion,85.2,24.0,23.0,13.0,36.3,9.0,—,16.0,Balanced,5.0,Condensed,15.0,Chew the Clock (High Scoring Offense + Elite Defense -> Run-Heavy Second Halves),PHI,2,35.05,64.95,16.0,0.0,Unknown,67.9,61.4,-0.421,0.0597,0.4425,0.4861,0.1252,-0.3923,,,,,,,,,0,,,,,,,,,,,,,,,,,,,,,,,,,,,WR56,56.0,999.0,107.8,6.34,11.0,$1,166.0,8.8,—,0,0,99,,—,56,158.5,0.68,0.0,687.0,687.0,687.0,687.0,999.0,999.0,0.0,999.0,999.0,CONSENSUS,105.96,3.35,-0.006,105.32,-33.46,61,WR61,1.0,782.0,0.0,0.0,105.96,0.0,0.0,-0.6,0.0,0.0,0.0,0.0,0.0,0.0,0.0,0.0,Tier 12,312.0,308.9,220.0,-88.9,🎯 High Consensus (Safe Floor),56.0,Tier 8,54.1,57.9,3.8
211,Ryan Flournoy,WR,DAL,T8,-28.78,-28.78,211,WR57,217,233.0,16.0,Screaming Steal (Huge Value),ESPN,233.0,233.0,233.0,233.0,0.0,89.17,6.34,,0.0,0.0,80.0,80.0,0.055,0.22,0.666,16,5.0,,,,0.0,Neutral,False,False,Healthy,14,WR57,228.0,239.0,2.5,1,FP_DAL_RYAN_FLOURNOY,80.0,80.0,WR,DAL,107.7,47.306,33.79,383.14,2.66,2.23,12.45,0.1,0.0,0.0,0.0,175.0,WR68,113.94,28.0,14.0,,Neutral,Black,0.0,0.0,0.0,—,0.0,0.0,0.0,0.0,,,,,,,,,,,,,—,—,Consensus Alignment,—,—,99.0,,,1.0,0.0,0.0,0.0,0.0,0.0,0.0,0.0,0.0,0.0,0.0,0.0,—,—,,,consensus,,0.0,0.0,,,,,DAL,1680.0,0.115,24.8,-0.04,0.2,DAL,8.0,4.0,False,Brian Schottenheimer,109.1,2.0,24.1,10.0,39.9,4.0,High 11P,2.0,Gap,12.0,Very Condensed,24.0,Shootouts (High Scoring Offense + Vulnerable Defense -> Max Fantasy Ceiling),DAL,15,26.43,73.57,24.0,-3.4,B.Schottenheimer,81.0,,0.3167,-0.2803,0.2181,0.8284,0.6287,0.9606,,,,,,,,,0,,,,,,,,,,,,,,,,,,,,,,,,,,,WR57,57.0,233.0,107.7,6.34,11.0,$1,170.0,8.3,—,0,0,99,,—,57,158.5,0.679,0.0,16.0,16.0,16.0,16.0,233.0,233.0,0.0,233.0,233.0,ESPN,109.78,2.25,0.002,110.0,-28.78,57,WR57,1.0,22.0,3.0,0.0,109.78,0.0,0.0,0.2,0.0,0.0,0.0,0.0,0.0,0.0,0.0,0.0,Tier 12,217.0,213.9,220.0,6.1,⚖️ Moderate Variance,57.0,Tier 8,55.1,58.9,3.8
206,Keenan Allen,WR,IND,T8,-26.85,-26.85,212,WR58,183,197.3,14.3,Screaming Steal (Huge Value),ESPN,197.3,197.3,197.3,197.3,0.0,141.74,6.31,,0.0,0.0,90.0,90.0,0.005,0.13,0.691,16,5.0,,,,0.0,Neutral,False,False,Healthy,13,WR58,192.3,203.3,2.5,1,FP_IND_KEENAN_ALLEN,80.0,80.0,WR,IND,107.3,81.96999999999998,58.55,607.24,3.84,0.0,0.0,0.0,0.0,0.0,0.0,147.0,WR63,123.23,22.0,13.0,,Neutral,Black,0.0,0.0,0.0,—,0.0,0.0,0.0,0.0,,,,,,,,,,,,,—,—,Consensus Alignment,—,—,99.0,,,1.0,0.0,0.0,0.0,0.0,0.0,0.0,0.0,0.0,0.0,0.0,0.0,—,—,,,consensus,,0.0,0.0,,,,,IND,980.0,0.068,27.3,0.06,0.07,IND,5.0,4.5,False,Shane Steichen,97.4,10.0,22.2,17.0,32.7,19.0,—,20.0,Gap,10.0,Even,25.0,Balanced Environment,IND,10,36.05,63.95,14.0,-3.5,S.Steichen,72.5,,-0.2081,0.3664,-0.4496,-0.2033,0.408,-0.0191,,,,,,,,,0,,,,,,,,,,,,,,,,,,,,,,,,,,,WR58,58.0,197.3,107.3,6.31,10.0,$1,172.0,8.6,—,0,0,99,,—,58,158.5,0.677,0.0,14.3,14.3,14.3,14.3,197.3,197.3,0.0,197.3,197.3,ESPN,112.61,1.95,-0.006,111.93,-26.85,56,WR56,1.0,-8.7,0.0,0.0,112.61,0.0,0.0,-0.6,0.0,0.0,0.0,0.0,0.0,0.0,0.0,0.0,Tier 12,183.0,192.3,203.3,11.0,⚡ High Variance (Boom/Bust Ceiling),58.0,Tier 8,56.1,59.9,3.8
203,Jalen Nailor,WR,LV,T8,-25.82,-25.82,216,WR59,171,184.9,13.9,Screaming Steal (Huge Value),ESPN,184.9,184.9,184.9,184.9,0.0,127.17,6.21,,0.0,0.0,50.0,50.0,-0.005,0.29,0.696,16,7.0,1.6,,,0.0,Neutral,False,False,Healthy,13,WR59,179.9,190.9,2.5,1,FP_LV_JALEN_NAILOR,80.0,80.0,WR,LV,105.6,61.138,43.67,587.69,4.01,2.04,9.0,0.04,0.0,0.0,0.0,138.0,WR59,130.4,21.0,13.0,,Neutral,Black,0.0,0.0,0.0,—,0.0,0.0,0.0,0.0,,,,,,,,,,,,,🎯 **Sleeper / Value**,🤝 **Consensus High**,Consensus Alignment,Tier 14,Round 15 (15.08),15.08,$23M deal; Kirk Cousins chemistry; 3rd-best separator on perimeter in NFL; #2 target behind Bowers.,https://www.fantasypoints.com/nfl/articles/2026/the-gurus-2026-fantasy-football-draft-plan,1.0,0.0,1.0,0.0,0.0,0.0,0.0,0.0,0.0,0.0,0.0,0.0,,,,122.0,guy,Low (High Floor Alpha),0.0,0.0,,,,2.0,LV,2250.0,0.015,28.5,-0.04,0.05,LV,28.0,2.5,False,Klint Kubiak,70.9,31.0,22.8,14.0,34.5,14.0,—,27.0,Zone,13.0,Even,19.0,Passing / Garbage Time (Low Scoring Offense + Bad Defense -> Trailing Game Scripts / Air Volume),LV,24,40.2,59.8,8.0,-4.3,K.Kubiak,65.9,70.8,-0.8053,1.295,1.1692,-0.5521,-0.6213,0.8729,,,,,,,,,0,,,,,,,,,,,,,,,,,,,,,,,,,,,WR59,59.0,184.9,105.6,6.21,11.0,$1,146.0,9.9,—,0,0,99,,—,59,158.5,0.666,0.0,13.9,13.9,13.9,13.9,184.9,184.9,0.0,184.9,184.9,ESPN,113.87,-5.15,-0.008,112.96,-25.82,55,WR55,1.0,-18.1,0.0,0.0,113.87,0.0,0.0,-0.8,0.0,0.0,0.0,0.0,0.0,0.0,0.0,0.0,Tier 12,171.0,179.9,190.9,11.0,⚡ High Variance (Boom/Bust Ceiling),59.0,Tier 9,57.1,60.9,3.8
185,Wan'Dale Robinson,WR,TEN,T8,-16.22,-16.22,216,WR59,112,115.0,3.0,Value Target (Discounted),YAHOO,114.0,130.9,115.0,115.0,16.9,179.08,6.21,12.2,0.0,0.0,40.0,40.0,-0.02,0.33,0.588,16,6.0,2.5,,,0.0,Neutral,False,True,Healthy,9,WR60,110.0,121.0,2.5,1,FP_TEN_WAN'DALE_ROBINSON,80.0,80.0,WR,TEN,105.6,111.916,79.94,805.6,2.98,2.02,9.5,0.05,0.0,0.0,0.0,94.0,WR41,170.71,14.0,9.0,124.0,Avoid (Red),Red,0.0,0.0,1.0,—,0.0,5.71,2.62,1.0,98.0,-26.0,Full PPR Favored (Targets),,,,,,,,,,—,—,Consensus Alignment,—,—,99.0,,,1.0,0.0,0.0,0.0,0.0,0.0,0.0,0.0,0.0,0.0,0.0,0.0,—,—,,91.0,consensus,Medium,0.0,0.0,,,,2.0,TEN,2550.0,0.01,29.0,0.03,-0.01,TEN,25.0,2.0,False,Brian Daboll,74.1,29.0,19.9,23.0,32.6,21.0,High 12P,12.0,Balanced,28.0,Very Spread,13.0,Slugfests (Low Scoring Offense + Elite Defense -> Low Over/Unders / Grinding Games),TEN,31,20.11,79.89,29.0,-1.4,B.Daboll,74.4,90.5,0.9294,-0.0502,-0.2078,0.8886,0.31,0.8455,,,,,,,,,0,,,,,,,,,,,,,,,133.6,26.0,43.0,17.0,0.991,14.9,9.89,145.7,141.4,115.9,130.9,57.0,WR60,60.0,115.0,105.6,6.21,11.0,$1,118.0,11.3,—,0,0,99,,—,59,158.5,0.666,0.0,2.0,18.9,3.0,3.0,130.9,114.0,16.9,130.9,114.0,ESPN,128.88,-8.8,-0.049,122.56,-16.22,49,WR49,1.0,-70.0,0.0,6.0,128.88,0.0,0.0,-4.9,0.0,0.0,0.0,0.0,0.0,0.0,-15.0,0.0,Tier 11,112.0,110.0,121.0,11.0,⚡ High Variance (Boom/Bust Ceiling),60.0,Tier 9,58.1,61.9,3.8
215,Rashid Shaheed,WR,SEA,T8,-32.1,-32.1,222,WR62,135,146.7,11.7,Screaming Steal (Huge Value),ESPN,154.72,128.3,146.7,146.7,26.42,156.8,6.01,,0.0,0.0,70.0,70.0,0.0,0.17,0.774,16,7.0,2.5,,,0.0,Neutral,False,False,Healthy,11,WR61,141.7,152.7,2.5,1,FP_SEA_RASHID_SHAHEED,80.0,80.0,WR,SEA,102.1,69.88799999999999,49.92,755.77,3.75,13.4,88.86,0.26,0.0,0.0,0.0,145.0,WR62,127.29,21.0,11.0,146.0,Neutral,Black,0.0,0.0,0.0,—,0.0,0.0,0.0,0.0,,,,,,,,,,,,,—,—,Consensus Alignment,—,—,99.0,,,1.0,0.0,0.0,0.0,0.0,0.0,0.0,0.0,0.0,0.0,0.0,0.0,—,—,,144.0,consensus,Medium,0.0,0.0,,,,,SEA,1340.0,0.058,28.0,0.02,0.08,SEA,10.0,3.5,False,Brian Fleury,96.6,11.0,26.4,4.0,32.9,17.0,—,16.0,Zone,4.0,Even,14.0,Chew the Clock (High Scoring Offense + Elite Defense -> Run-Heavy Second Halves),SEA,14,46.7,53.3,4.0,0.0,Unknown,64.4,,-0.1777,-0.6326,-1.0214,-0.8898,0.1553,-0.0331,,,,,,,,,0,,,,,,,,,,,,,,,97.8,49.0,63.0,14.0,0.962,13.3,6.57,83.8,98.4,78.3,128.3,52.0,WR61,61.0,146.7,102.1,6.01,11.0,$1,194.0,7.7,—,0,0,99,,—,62,158.5,0.644,0.0,19.72,-6.7,11.7,11.7,154.72,128.3,26.42,154.72,128.3,YAHOO,107.32,-0.6,-0.006,106.68,-32.1,60,WR60,1.0,-68.3,0.0,5.6,107.32,0.0,0.0,-0.6,0.0,0.0,0.0,0.0,0.0,0.0,0.0,0.0,Tier 12,135.0,141.7,152.7,11.0,⚡ High Variance (Boom/Bust Ceiling),61.0,Tier 9,59.1,62.9,3.8
221,Jerry Jeudy,WR,CLV,T8,-35.83,-35.83,224,WR63,178,191.2,13.2,Screaming Steal (Huge Value),YAHOO,165.49,191.2,191.2,191.2,25.71,147.22,5.97,,0.0,0.0,80.0,80.0,0.0,0.15,0.5,16,5.0,,,,0.0,Neutral,False,False,Healthy,11,WR62,186.2,197.2,2.5,1,FP_CLV_JERRY_JEUDY,80.0,80.0,WR,CLV,101.5,78.35799999999999,55.97,752.8,2.88,0.5,2.0,0.0,0.0,0.0,0.0,155.0,WR65,119.67,23.0,11.0,,Neutral,Black,0.0,0.0,0.0,—,0.0,0.0,0.0,0.0,,,,,,,,,,,,,🎯 **Late Value**,🤝 **Consensus High**,Consensus Alignment,Tier 14,Round 16 (16.04),16.04,Slot role with Boston at X; Shedeur Sanders chemistry; 16th round steal.,https://www.fantasypoints.com/nfl/articles/2026/the-gurus-2026-fantasy-football-draft-plan,1.0,0.0,1.0,0.0,0.0,0.0,0.0,0.0,0.0,0.0,0.0,0.0,,,,,consensus,,0.0,0.0,,,,,,,,,,,,,,,,,,,,,,,,,,,,,,16,35.0,65.0,,0.0,—,58.2,90.8,-0.321,-0.5794,-0.5624,-0.1013,-0.1438,-0.4297,,,,,,,,,0,,,,,,,,,,,,,,,91.6,55.0,62.0,7.0,0.923,13.3,6.53,79.9,80.4,86.0,,,WR62,62.0,191.2,101.5,5.97,11.0,$1,148.0,9.6,—,0,0,99,,—,63,158.5,0.64,0.0,-12.51,13.2,13.2,13.2,191.2,165.49,25.71,191.2,165.49,ESPN,103.57,0.6,-0.006,102.95,-35.83,64,WR64,1.0,-29.8,0.0,2.8,103.57,0.0,0.0,-0.6,0.0,0.0,0.0,0.0,0.0,0.0,0.0,0.0,Tier 12,178.0,186.2,197.2,11.0,⚡ High Variance (Boom/Bust Ceiling),62.0,Tier 9,60.1,63.9,3.8
248,Adonai Mitchell,WR,NYJ,T8,-49.81,-49.81,232,WR65,220,235.5,15.5,Screaming Steal (Huge Value),YAHOO,169.96,235.5,235.5,235.5,65.54,114.2,5.63,,0.0,0.0,60.0,60.0,0.015,0.21,0.613,16,5.0,,,,0.0,Neutral,False,False,Healthy,13,WR63,230.5,241.5,2.5,1,FP_NYJ_ADONAI_MITCHELL,80.0,80.0,WR,NYJ,95.7,55.916,39.94,550.53,3.31,2.09,5.09,0.06,0.0,0.0,0.0,200.0,WR75,100.83,29.0,13.0,,Neutral,Black,0.0,0.0,0.0,—,0.0,0.0,0.0,0.0,,,,,,,,,,,,,—,—,Consensus Alignment,—,—,99.0,,,1.0,0.0,0.0,0.0,0.0,0.0,0.0,0.0,0.0,0.0,0.0,0.0,—,—,,,consensus,,0.0,0.0,,,,,NYJ,1650.0,0.065,26.8,0.03,0.09,NYJ,17.0,3.0,False,Frank Reich,71.1,30.0,24.9,6.0,29.8,26.0,High 11P,10.0,Balanced,27.0,Spread,8.0,Balanced Environment,NYJ,17,23.57,76.43,27.0,-1.3,F.Reich,57.9,65.4,-0.333,-0.3325,0.0064,-0.6582,0.1148,-0.8838,,,,,,,,,0,,,,,,,,,,,,,,,65.8,68.0,64.0,-4.0,0.935,13.0,4.51,55.0,75.3,47.7,,,WR63,63.0,235.5,95.7,5.63,12.0,$1,169.0,8.6,—,0,0,99,,—,65,158.5,0.604,0.0,-50.04,15.5,15.5,15.5,235.5,169.96,65.54,235.5,169.96,ESPN,89.51,-1.35,-0.006,88.97,-49.81,73,WR73,1.0,-12.5,0.0,-1.6,89.51,0.0,0.0,-0.6,0.0,0.0,0.0,0.0,0.0,0.0,0.0,0.0,Tier 12,220.0,216.9,220.0,3.1,🎯 High Consensus (Safe Floor),63.0,Tier 9,61.1,64.9,3.8
214,KC Concepcion,WR,CLV,T8,-31.15,-31.15,232,WR65,117,122.2,5.2,Value Target (Discounted),ESPN,144.78,127.7,122.2,122.2,22.58,161.47,5.63,,0.0,0.0,80.0,80.0,0.0,0.15,0.5,16,7.0,2.5,,,0.0,Neutral,False,False,Healthy,11,WR64,117.2,128.2,2.5,1,FP_CLV_KC_CONCEPCION,80.0,80.0,WR,CLV,95.7,85.876,61.34,784.47,3.58,4.19,22.48,0.11,0.0,0.0,0.0,106.0,WR46,155.84,16.0,11.0,105.0,Neutral,Black,0.0,0.0,0.0,—,0.0,0.0,0.0,0.0,,,,,,,,,,,,,—,—,Consensus Alignment,—,—,99.0,,,1.0,0.0,0.0,0.0,0.0,0.0,0.0,0.0,0.0,0.0,0.0,0.0,—,—,,112.0,consensus,Medium,0.0,0.0,,,,,,,,,,,,,,,,,,,,,,,,,,,,,,16,35.0,65.0,,0.0,—,,73.4,,,,,,,,,,,,,KC Concepcion,CLE,1,1.0,24.0,21.0,58.0,18.3,,,,,,,,,,85.9,58.0,49.0,-9.0,0.864,13.7,7.12,84.2,60.0,52.6,127.7,50.0,WR64,64.0,122.2,95.7,5.63,11.0,$1,121.0,10.7,—,0,0,99,,—,65,158.5,0.604,0.0,27.78,10.7,5.2,5.2,144.78,122.2,22.58,144.78,122.2,SLEEPER,108.28,0.6,-0.006,107.63,-31.15,59,WR59,1.0,-91.8,0.0,-3.6,108.28,0.0,0.0,-0.6,0.0,0.0,0.0,0.0,0.0,0.0,0.0,0.0,Tier 11,117.0,117.2,128.2,11.0,⚡ High Variance (Boom/Bust Ceiling),64.0,Tier 9,62.1,65.9,3.8
229,Rashod Bateman,WR,BLT,T8,-40.2,-40.2,235,WR67,216,232.7,16.7,Screaming Steal (Huge Value),ESPN,232.7,232.7,232.7,232.7,0.0,134.27,5.51,,0.0,0.0,80.0,80.0,0.0,0.15,0.5,16,5.0,,,,0.0,Neutral,False,False,Healthy,13,WR65,227.7,238.7,2.5,1,FP_BLT_RASHOD_BATEMAN,80.0,80.0,WR,BLT,93.6,54.376000000000005,38.84,598.61,5.98,0.0,0.0,0.0,0.0,0.0,0.0,193.0,WR69,110.35,29.0,13.0,,Neutral,Black,0.0,0.0,0.0,—,0.0,0.0,0.0,0.0,,,,,,,,,,,,,—,—,Consensus Alignment,—,—,99.0,,,1.0,0.0,0.0,0.0,0.0,0.0,0.0,0.0,0.0,0.0,0.0,0.0,—,—,,,consensus,,0.0,0.0,,,,,,,,,,,,,,,,,,,,,,,,,,,,,,16,35.0,65.0,,0.0,—,63.2,86.4,0.5889,-0.1278,-0.5416,0.3511,-0.4774,-0.0726,,,,,,,,,0,,,,,,,,,,,,,,,,,,,,,,,,,,,WR65,65.0,232.7,93.6,5.51,12.0,$1,187.0,7.5,—,0,0,99,,—,67,158.5,0.591,0.0,16.7,16.7,16.7,16.7,232.7,232.7,0.0,232.7,232.7,ESPN,99.18,0.6,-0.006,98.58,-40.2,66,WR66,1.0,3.7,0.0,0.0,99.18,0.0,0.0,-0.6,0.0,0.0,0.0,0.0,0.0,0.0,0.0,0.0,Tier 12,216.0,212.9,219.1,6.2,⚖️ Moderate Variance,65.0,Tier 9,63.1,66.9,3.8
239,Jauan Jennings,WR,MIN,T8,-45.41,-45.41,236,WR68,182,196.2,14.2,Screaming Steal (Huge Value),SLEEPER,170.86,126.9,196.2,196.2,69.3,134.07,5.45,,0.0,0.0,80.0,80.0,0.035,0.19,0.691,16,7.0,4.2,,,0.0,Neutral,False,False,Healthy,6,WR66,191.2,202.2,2.5,1,FP_MIN_JAUAN_JENNINGS,80.0,80.0,WR,MIN,92.6,68.236,48.74,557.66,5.17,0.0,0.0,0.0,0.0,0.0,0.0,197.0,WR73,104.26,29.0,6.0,,Neutral,Black,0.0,0.0,0.0,—,0.0,0.0,0.0,0.0,,,,,,,,,,,,,—,—,Consensus Alignment,—,—,99.0,,,1.0,0.0,0.0,0.0,0.0,0.0,0.0,0.0,0.0,0.0,0.0,0.0,—,—,,151.0,fade,High (Overpriced Bust Risk),0.0,0.0,,,,,MIN,1580.0,0.085,27.1,-0.02,0.15,MIN,9.0,4.0,True,Kevin O'Connell,76.2,28.0,18.9,26.0,37.4,5.0,—,25.0,Balanced,23.0,Condensed,5.0,Shootouts (High Scoring Offense + Vulnerable Defense -> Max Fantasy Ceiling),MIN,12,31.97,68.03,18.0,1.4,K.O'Connell,72.7,89.4,-1.0901,0.6383,0.1129,0.8702,0.3038,-0.1575,,,,,,,,,0,,,,,,,,,,,,,,,92.0,54.0,56.0,2.0,0.948,13.9,6.89,90.5,82.1,65.5,126.9,48.0,WR66,66.0,196.2,92.6,5.45,12.0,$1,164.0,9.2,—,0,0,99,,—,68,158.5,0.584,0.0,-11.14,-55.1,14.2,14.2,196.2,126.9,69.3,196.2,126.9,YAHOO,95.37,1.65,-0.021,93.37,-45.41,70,WR70,1.0,-42.8,0.0,0.8,95.37,0.0,0.0,-2.1,0.0,0.0,0.0,0.0,0.0,0.0,0.0,0.0,Tier 12,182.0,191.2,202.2,11.0,⚡ High Variance (Boom/Bust Ceiling),66.0,Tier 9,64.1,67.9,3.8
220,Caleb Douglas,WR,MIA,T8,-35.44,-35.44,237,WR69,198,218.6,20.6,Screaming Steal (Huge Value),ESPN,218.6,218.6,218.6,218.6,0.0,104.85,5.39,,0.0,0.0,50.0,50.0,0.04,0.12,0.732,16,5.0,,,,0.0,Neutral,False,False,Healthy,6,WR67,213.6,224.6,2.5,1,FP_MIA_CALEB_DOUGLAS,80.0,80.0,WR,MIA,91.6,55.23,39.45,508.78,2.57,1.0,5.5,0.0,0.0,0.0,0.0,140.0,WR60,128.69,21.0,6.0,,Neutral,Black,0.0,0.0,0.0,—,0.0,0.0,0.0,0.0,,,,,,,,,,,,,—,—,Consensus Alignment,—,—,99.0,,,1.0,0.0,0.0,0.0,0.0,0.0,0.0,0.0,0.0,0.0,0.0,0.0,—,—,,,consensus,,0.0,0.0,,,,,MIA,950.0,0.118,24.2,0.06,0.16,MIA,31.0,2.5,True,Bobby Slowik,81.6,25.0,20.3,22.0,37.3,6.0,—,24.0,Balanced,15.0,Condensed,7.0,Passing / Garbage Time (Low Scoring Offense + Bad Defense -> Trailing Game Scripts / Air Volume),MIA,30,35.51,64.49,15.0,0.3,B.Slowik,,64.5,,,,,,,,,,,,,Caleb Douglas,MIA,1,3.0,75.0,20.1,22.2,10.7,110.9,4.39,31.5,126.0,206.0,7.1,66.6,85.0,23.0,,,,,,,,,,,,,WR67,67.0,218.6,91.6,5.39,12.0,$1,184.0,8.1,—,0,0,99,,—,69,158.5,0.578,0.0,20.6,20.6,20.6,20.6,218.6,218.6,0.0,218.6,218.6,ESPN,103.96,-3.8,-0.006,103.34,-35.44,63,WR63,1.0,-1.4,0.0,0.0,103.96,0.0,0.0,-0.6,0.0,0.0,0.0,0.0,0.0,0.0,0.0,0.0,Tier 12,198.0,194.9,201.1,6.2,⚖️ Moderate Variance,67.0,Tier 9,65.1,68.9,3.8
254,Calvin Ridley,WR,TEN,T8,-50.84,-50.84,238,WR70,358,253.2,-104.8,Severe Reach (Overpriced),YAHOO,168.13,253.2,253.2,253.2,85.07,148.13,5.35,,0.0,0.0,40.0,40.0,-0.02,0.33,0.588,16,5.0,,,,0.0,Neutral,False,False,Healthy,9,WR68,248.2,259.2,2.5,1,FP_TEN_CALVIN_RIDLEY,80.0,80.0,WR,TEN,90.9,65.35199999999999,46.68,762.41,3.19,4.55,27.55,0.63,0.0,0.0,0.0,194.0,WR70,105.26,29.0,9.0,,Neutral,Black,0.0,0.0,0.0,—,0.0,0.0,0.0,0.0,,,,,,,,,,,,,—,—,Consensus Alignment,—,—,99.0,,,1.0,0.0,0.0,0.0,0.0,0.0,0.0,0.0,0.0,0.0,0.0,0.0,—,—,,,consensus,,0.0,0.0,,,,,TEN,2550.0,0.01,29.0,0.03,-0.01,TEN,25.0,2.0,False,Brian Daboll,74.1,29.0,19.9,23.0,32.6,21.0,High 12P,12.0,Balanced,28.0,Very Spread,13.0,Slugfests (Low Scoring Offense + Elite Defense -> Low Over/Unders / Grinding Games),TEN,31,20.11,79.89,29.0,-1.4,B.Daboll,69.2,73.4,-0.7177,-0.5234,-0.6649,-0.1787,0.5925,0.6252,,,,,,,,,0,,,,,,,,,,,,,,,69.7,67.0,72.0,5.0,0.835,11.3,6.36,59.9,69.9,53.7,,,WR68,68.0,253.2,90.9,5.35,12.0,$1,167.0,8.5,—,0,0,99,,—,70,158.5,0.574,0.0,-189.87,-104.8,-104.8,-104.8,253.2,168.13,85.07,253.2,168.13,ESPN,89.19,-6.8,-0.014,87.94,-50.84,76,WR76,1.0,-0.8,0.0,2.0,89.19,0.0,0.0,-1.4,0.0,0.0,0.0,0.0,0.0,0.0,0.0,0.0,Tier 12,358.0,354.9,220.0,-134.9,🎯 High Consensus (Safe Floor),68.0,Tier 9,66.1,69.9,3.8
250,Devaughn Vele,WR,NO,T8,-50.2,-50.2,241,WR71,225,239.8,14.8,Screaming Steal (Huge Value),ESPN,239.8,239.8,239.8,239.8,0.0,125.77,5.29,,0.0,0.0,60.0,60.0,0.005,0.15,0.663,16,5.0,,,,0.0,Neutral,False,False,Healthy,8,WR69,234.8,245.8,2.5,1,FP_NO_DEVAUGHN_VELE,80.0,80.0,WR,NO,89.9,66.16399999999999,47.26,567.7,3.69,0.0,0.0,0.0,0.0,0.0,0.0,207.0,WR80,87.54,29.0,8.0,,Neutral,Black,0.0,0.0,0.0,—,0.0,0.0,0.0,0.0,,,,,,,,,,,,,—,—,Consensus Alignment,—,—,99.0,,,1.0,0.0,0.0,0.0,0.0,0.0,0.0,0.0,0.0,0.0,0.0,0.0,—,—,,,consensus,,0.0,0.0,,,,,NO,1150.0,0.035,28.2,-0.03,0.08,NO,30.0,3.0,True,Kellen Moore,85.7,23.0,22.1,18.0,35.8,10.0,High 11P,1.0,Zone,5.0,Even,27.0,Passing / Garbage Time (Low Scoring Offense + Bad Defense -> Trailing Game Scripts / Air Volume),NO,22,25.49,74.51,25.0,-2.3,K.Moore,70.5,59.6,0.2666,1.4969,-0.8924,-1.0692,-0.2065,0.0688,,,,,,,,,0,,,,,,,,,,,,,,,,,,,,,,,,,,,WR69,69.0,239.8,89.9,5.29,12.0,$1,171.0,8.5,—,0,0,99,,—,71,158.5,0.567,0.0,14.8,14.8,14.8,14.8,239.8,239.8,0.0,239.8,239.8,ESPN,89.11,-1.65,-0.006,88.58,-50.2,75,WR75,1.0,-10.2,0.0,0.0,89.11,0.0,0.0,-0.6,0.0,0.0,0.0,0.0,0.0,0.0,0.0,0.0,Tier 12,225.0,221.9,220.0,-1.9,🎯 High Consensus (Safe Floor),69.0,Tier 9,67.1,70.9,3.8
268,KaVontae Turpin,WR,DAL,T8,-59.01,-59.01,245,WR72,318,999.0,681.0,Screaming Steal (Huge Value),ESPN,999.0,999.0,999.0,999.0,0.0,63.55,5.1,,0.0,0.0,80.0,80.0,0.055,0.22,0.666,16,5.0,,,,0.0,Neutral,False,False,Healthy,14,WR70,994.0,1005.0,2.5,1,FP_DAL_KAVONTAE_TURPIN,80.0,80.0,WR,DAL,86.7,25.354,18.11,229.54,1.72,17.82,103.23,0.43,0.0,0.0,0.0,239.0,WR97,67.35,29.0,14.0,,Neutral,Black,0.0,0.0,0.0,—,0.0,0.0,0.0,0.0,,,,,,,,,,,,,—,—,Consensus Alignment,—,—,99.0,,,1.0,0.0,0.0,0.0,0.0,0.0,0.0,0.0,0.0,0.0,0.0,0.0,—,—,,,consensus,,0.0,0.0,,,,,DAL,1680.0,0.115,24.8,-0.04,0.2,DAL,8.0,4.0,False,Brian Schottenheimer,109.1,2.0,24.1,10.0,39.9,4.0,High 11P,2.0,Gap,12.0,Very Condensed,24.0,Shootouts (High Scoring Offense + Vulnerable Defense -> Max Fantasy Ceiling),DAL,15,26.43,73.57,24.0,-3.4,B.Schottenheimer,73.8,76.0,0.766,-0.9091,0.8,1.0216,0.6331,0.9652,,,,,,,,,0,,,,,,,,,,,,,,,,,,,,,,,,,,,WR70,70.0,999.0,86.7,5.1,13.0,$1,,,—,0,0,99,,—,72,158.5,0.547,0.0,681.0,681.0,681.0,681.0,999.0,999.0,0.0,999.0,999.0,CONSENSUS,80.25,2.25,-0.006,79.77,-59.01,82,WR82,1.0,731.0,0.0,0.0,80.25,0.0,0.0,-0.6,0.0,0.0,0.0,0.0,0.0,0.0,0.0,0.0,Tier 12,318.0,314.9,220.0,-94.9,🎯 High Consensus (Safe Floor),70.0,Tier 9,68.1,71.9,3.8
235,Denzel Boston,WR,CLV,T8,-42.31,-42.31,246,WR73,161,165.2,4.2,Value Target (Discounted),ESPN,165.86,131.4,165.2,165.2,34.46,152.2,5.09,,0.0,0.0,80.0,80.0,0.0,0.15,0.5,16,7.0,2.5,,,0.0,Neutral,False,False,Healthy,11,WR71,160.2,171.2,2.5,1,FP_CLV_DENZEL_BOSTON,80.0,80.0,WR,CLV,86.5,82.194,58.71,746.53,3.49,1.0,5.0,0.0,0.0,0.0,0.0,126.0,WR54,139.0,20.0,11.0,,Neutral,Black,0.0,0.0,0.0,—,0.0,0.0,0.0,0.0,,,,,,,,,,,,,🎯 **Rookie Sleeper**,🤝 **Consensus High**,Consensus Alignment,Tier 14,Round 14+,14.0,39th pick promoted to 1st team; Puka Nacua play-style comp; Todd Monken starting X-receiver.,https://www.fantasypoints.com/nfl/articles/2026/mr-relevant-late-round-sleepers,1.0,0.0,1.0,0.0,0.0,0.0,0.0,0.0,0.0,0.0,0.0,0.0,,,,127.0,consensus,Medium,0.0,0.0,,,,,,,,,,,,,,,,,,,,,,,,,,,,,,16,35.0,65.0,,0.0,—,,81.3,,,,,,,,,,,,,Denzel Boston,CLE,1,2.0,39.0,24.7,32.0,14.6,,,35.0,,212.0,7.3,58.3,,24.0,76.2,64.0,57.0,-7.0,0.822,13.0,5.56,59.3,57.7,39.7,131.4,59.0,WR71,71.0,165.2,86.5,5.09,12.0,$1,144.0,9.7,—,0,0,99,,—,73,158.5,0.546,0.0,4.86,-29.6,4.2,4.2,165.86,131.4,34.46,165.86,131.4,YAHOO,97.05,0.6,-0.006,96.47,-42.31,69,WR69,1.0,-69.8,4.0,-2.8,97.05,0.0,0.0,-0.6,0.0,0.0,0.0,0.0,0.0,0.0,0.0,0.0,Tier 12,161.0,160.2,171.2,11.0,⚡ High Variance (Boom/Bust Ceiling),71.0,Tier 9,69.1,72.9,3.8
243,Kayshon Boutte,WR,HST,T8,-47.72,-47.72,247,WR74,226,239.8,13.8,Screaming Steal (Huge Value),YAHOO,170.79,239.8,239.8,239.8,69.01,121.71,5.08,,0.0,0.0,80.0,80.0,0.0,0.15,0.5,16,5.0,,,,0.0,Neutral,False,False,Healthy,8,WR72,234.8,245.8,2.5,1,FP_HST_KAYSHON_BOUTTE,80.0,80.0,WR,HST,86.4,55.85999999999999,39.9,555.86,4.43,0.0,0.0,0.0,0.0,0.0,0.0,136.0,WR58,131.55,21.0,8.0,,Neutral,Black,0.0,0.0,0.0,—,0.0,0.0,0.0,0.0,,,,,,,,,,,,,—,—,Consensus Alignment,—,—,99.0,,,1.0,0.0,0.0,0.0,0.0,0.0,0.0,0.0,0.0,0.0,0.0,0.0,—,—,,,consensus,,0.0,0.0,,,,,,,,,,,,,,,,,,,,,,,,,,,,,,16,35.0,65.0,,0.0,—,68.9,63.0,-1.0231,0.6969,-0.6287,-0.2568,-0.0457,0.957,,,,,,,,,0,,,,,,,,,,,,,,,62.1,70.0,65.0,-5.0,0.765,11.6,4.72,41.9,45.4,47.2,,,WR72,72.0,239.8,86.4,5.08,12.0,$1,185.0,7.8,—,0,0,99,,—,74,158.5,0.545,0.0,-55.21,13.8,13.8,13.8,239.8,170.79,69.01,239.8,170.79,ESPN,91.61,0.6,-0.006,91.06,-47.72,72,WR72,1.0,-3.2,0.0,-2.0,91.61,0.0,0.0,-0.6,0.0,0.0,0.0,0.0,0.0,0.0,0.0,0.0,Tier 12,226.0,222.9,220.0,-2.9,🎯 High Consensus (Safe Floor),72.0,Tier 9,70.1,73.9,3.8
249,Jordyn Tyson,WR,NO,T8,-50.11,-50.11,251,WR76,87,86.8,-0.2,Fair Market Value,ESPN,166.32,94.4,86.8,86.8,79.52,106.78,4.94,,0.0,0.0,60.0,60.0,0.005,0.15,0.663,16,5.0,1.6,45.0,-0.25,-12.5,Cooling,False,True,Healthy,8,WR73,81.8,92.8,2.5,1,FP_NO_JORDYN_TYSON,80.0,80.0,WR,NO,84.0,52.906,37.79,529.1,2.85,1.0,3.5,0.0,0.0,0.0,0.0,144.0,WR61,107.97,21.0,8.0,119.0,Neutral,Black,0.0,0.0,0.0,—,0.0,0.0,0.0,0.0,,,,,,,,,,,,,🚫 **Overvalue / IR Stash**,🤝 **Consensus Overvalue (Injury)**,Consensus Alignment,Tier 14,Round 10/11,10.5,4th hamstring injury since Oct 2025; out 2 months until October; stash in IR spot only.,https://www.fantasypoints.com/nfl/articles/2026/players-to-avoid-and-overvalues,3.0,0.0,0.0,1.0,0.0,0.0,1.0,0.0,0.0,0.0,0.0,0.0,,,,70.0,guy,Low (High Floor Alpha),0.0,0.0,,,,,NO,1150.0,0.035,28.2,-0.03,0.08,NO,30.0,3.0,True,Kellen Moore,85.7,23.0,22.1,18.0,35.8,10.0,High 11P,1.0,Zone,5.0,Even,27.0,Passing / Garbage Time (Low Scoring Offense + Bad Defense -> Trailing Game Scripts / Air Volume),NO,22,25.49,74.51,25.0,-2.3,K.Moore,,82.4,,,,,,,,,,,,,Jordyn Tyson,NOR,1,1.0,8.0,60.0,60.2,16.5,,,,,203.0,16.8,86.2,,79.0,87.8,57.0,30.0,-27.0,0.861,13.7,6.12,72.4,61.8,47.4,94.4,36.0,WR73,73.0,86.8,84.0,4.94,13.0,$1,123.0,10.4,—,0,0,99,,—,76,158.5,0.53,0.0,79.32,7.4,-0.2,-0.2,166.32,86.8,79.52,166.32,86.8,SLEEPER,90.94,-1.65,-0.025,88.67,-50.11,74,WR74,3.0,-162.2,4.0,-6.0,90.94,0.0,-12.5,-2.5,0.0,0.0,0.0,0.0,0.0,0.0,0.0,0.0,Tier 9,87.0,81.8,92.8,11.0,⚡ High Variance (Boom/Bust Ceiling),73.0,Tier 9,71.1,74.9,3.8
271,Jaylin Noel,WR,HST,T8,-62.0,-62.0,252,WR77,195,213.7,18.7,Screaming Steal (Huge Value),ESPN,213.7,213.7,213.7,213.7,0.0,105.95,4.91,,0.0,0.0,80.0,80.0,0.0,0.15,0.5,16,5.0,,,,0.0,Neutral,False,False,Healthy,8,WR74,208.7,219.7,2.5,1,FP_HST_JAYLIN_NOEL,80.0,80.0,WR,HST,83.5,55.71999999999999,39.8,450.02,3.24,5.11,17.6,0.07,0.0,0.0,0.0,245.0,WR100,64.72,29.0,8.0,,Neutral,Black,0.0,0.0,0.0,—,0.0,0.0,0.0,0.0,,,,,,,,,,,,,—,—,Consensus Alignment,—,—,99.0,,,1.0,0.0,0.0,0.0,0.0,0.0,0.0,0.0,0.0,0.0,0.0,0.0,—,—,,,consensus,,0.0,0.0,,,,,,,,,,,,,,,,,,,,,,,,,,,,,,16,35.0,65.0,,0.0,—,,75.6,,,,,,,,,,,,,,,0,,,,,,,,,,,,,,,,,,,,,,,,,,,WR74,74.0,213.7,83.5,4.91,13.0,$1,154.0,9.4,—,0,0,99,,—,77,158.5,0.527,0.0,18.7,18.7,18.7,18.7,213.7,213.7,0.0,213.7,213.7,ESPN,77.24,0.6,-0.006,76.78,-62.0,83,WR83,1.0,-57.3,0.0,0.0,77.24,0.0,0.0,-0.6,0.0,0.0,0.0,0.0,0.0,0.0,0.0,0.0,Tier 12,195.0,208.7,219.7,11.0,⚡ High Variance (Boom/Bust Ceiling),74.0,Tier 9,72.1,75.9,3.8
241,Tre Harris,WR,LAC,T8,-47.01,-47.01,257,WR78,212,230.6,18.6,Screaming Steal (Huge Value),ESPN,230.6,230.6,230.6,230.6,0.0,89.75,4.78,,0.0,0.0,60.0,60.0,-0.035,0.38,0.663,16,5.0,,,,0.0,Neutral,False,False,Healthy,7,WR75,225.6,236.6,2.5,1,FP_LAC_TRE_HARRIS,80.0,80.0,WR,LAC,81.3,48.328,34.52,410.53,2.48,0.0,0.0,0.0,0.0,0.0,0.0,152.0,WR64,121.28,23.0,7.0,,Neutral,Black,0.0,0.0,0.0,—,0.0,0.0,0.0,0.0,,,,,,,,,,,,,—,—,Consensus Alignment,—,—,99.0,,,1.0,0.0,0.0,0.0,0.0,0.0,0.0,0.0,0.0,0.0,0.0,0.0,—,—,,,consensus,,0.0,0.0,,,,,LAC,2900.0,0.06,29.2,0.05,0.07,LAC,32.0,3.0,False,Mike McDaniel,91.9,15.0,26.7,3.0,35.4,11.0,High 21P,31.0,Zone,1.0,Very Condensed,28.0,Chew the Clock (High Scoring Offense + Elite Defense -> Run-Heavy Second Halves),LAC,9,18.72,81.28,30.0,-1.4,M.McDaniel,75.0,94.6,,1.6704,,0.5958,-0.5324,-0.2342,,,,,,,,,0,,,,,,,,,,,,,,,85.4,59.0,71.0,12.0,0.904,14.3,6.19,79.9,83.4,59.9,,,WR75,75.0,230.6,81.3,4.78,13.0,$1,,,—,0,0,99,,—,78,158.5,0.513,0.0,18.6,18.6,18.6,18.6,230.6,230.6,0.0,230.6,230.6,ESPN,92.32,-2.85,-0.006,91.77,-47.01,71,WR71,1.0,-10.4,0.0,4.8,92.32,0.0,0.0,-0.6,0.0,0.0,0.0,0.0,0.0,0.0,0.0,0.0,Tier 12,212.0,208.9,215.1,6.2,⚖️ Moderate Variance,75.0,Tier 9,73.1,76.9,3.8
233,Malik Washington,WR,MIA,T8,-41.6,-41.6,258,WR79,185,200.5,15.5,Screaming Steal (Huge Value),ESPN,200.5,200.5,200.5,200.5,0.0,111.61,4.75,,0.0,0.0,50.0,50.0,0.04,0.12,0.732,16,7.0,2.5,,,0.0,Neutral,False,False,Healthy,6,WR76,195.5,206.5,2.5,1,FP_MIA_MALIK_WASHINGTON,80.0,80.0,WR,MIA,80.7,63.57399999999999,45.41,411.89,2.37,13.45,80.84,0.72,0.0,0.0,0.0,133.0,WR56,134.28,20.0,6.0,,Neutral,Black,0.0,0.0,0.0,—,0.0,0.0,0.0,0.0,,,,,,,,,,,,,—,—,Consensus Alignment,—,—,99.0,,,1.0,0.0,0.0,0.0,0.0,0.0,0.0,0.0,0.0,0.0,0.0,0.0,—,—,,135.0,consensus,Medium,0.0,0.0,,,,6.0,MIA,950.0,0.118,24.2,0.06,0.16,MIA,31.0,2.5,True,Bobby Slowik,81.6,25.0,20.3,22.0,37.3,6.0,—,24.0,Balanced,15.0,Condensed,7.0,Passing / Garbage Time (Low Scoring Offense + Bad Defense -> Trailing Game Scripts / Air Volume),MIA,30,35.51,64.49,15.0,0.3,B.Slowik,68.8,91.1,1.4409,0.3578,0.5387,1.5541,-0.9521,-1.3454,,,,,,,,,0,,,,,,,,,,,,,,,,,,,,,,,,,,,WR76,76.0,200.5,80.7,4.75,12.0,$1,,,—,0,0,99,,—,79,158.5,0.509,0.0,15.5,15.5,15.5,15.5,200.5,200.5,0.0,200.5,200.5,ESPN,98.56,-5.8,-0.014,97.18,-41.6,68,WR68,1.0,-32.5,0.0,0.0,98.56,0.0,0.0,-1.4,0.0,0.0,0.0,0.0,0.0,0.0,0.0,0.0,Tier 12,185.0,195.5,206.5,11.0,⚡ High Variance (Boom/Bust Ceiling),76.0,Tier 9,74.1,77.9,3.8
279,Marvin Mims Jr.,WR,DEN,T8,-65.96,-65.96,259,WR80,199,219.5,20.5,Screaming Steal (Huge Value),ESPN,219.5,219.5,219.5,219.5,0.0,66.83,4.74,,0.0,0.0,100.0,100.0,-0.018,0.27,0.563,16,5.0,,,,0.0,Neutral,False,False,Healthy,10,WR77,214.5,225.5,2.5,1,FP_DEN_MARVIN_MIMS_JR.,80.0,80.0,WR,DEN,80.6,33.768,24.12,273.11,1.61,8.19,45.17,0.32,0.0,0.0,0.0,258.0,WR107,56.8,29.0,10.0,,Neutral,Black,0.0,0.0,0.0,—,0.0,0.0,0.0,0.0,,,,,,,,,,,,,—,—,Consensus Alignment,—,—,99.0,,,1.0,0.0,0.0,0.0,0.0,0.0,0.0,0.0,0.0,0.0,0.0,0.0,—,—,,,consensus,,0.0,0.0,,,,,DEN,2100.0,0.02,28.9,0.01,0.03,DEN,4.0,5.0,True,Sean Payton/Webb,94.5,13.0,24.2,9.0,32.6,21.0,—,7.0,Gap,26.0,Most Spread,2.0,Balanced Environment,DEN,1,17.22,82.78,31.0,1.7,S.Payton,81.9,80.3,3.4287,0.3135,0.7835,0.1005,0.398,0.2695,,,,,,,,,0,,,,,,,,,,,,,,,,,,,,,,,,,,,WR77,77.0,219.5,80.6,4.74,13.0,$1,,,—,0,0,99,,—,80,158.5,0.509,0.0,20.5,20.5,20.5,20.5,219.5,219.5,0.0,219.5,219.5,ESPN,72.67,4.46,0.002,72.82,-65.96,88,WR88,1.0,-59.5,3.0,0.0,72.67,0.0,0.0,0.2,0.0,0.0,0.0,0.0,0.0,0.0,0.0,0.0,Tier 12,199.0,195.9,202.1,6.2,⚖️ Moderate Variance,77.0,Tier 9,75.1,78.9,3.8
255,De'Zhaun Stribling,WR,SF,T8,-51.4,-51.4,261,WR81,154,155.0,1.0,Fair Market Value,ESPN,155.0,155.0,155.0,155.0,0.0,160.46,4.66,,0.0,0.0,80.0,80.0,-0.012,0.11,0.774,16,5.0,,,,0.0,Neutral,False,False,Healthy,8,WR78,150.0,161.0,2.5,1,FP_SF_DE'ZHAUN_STRIBLING,80.0,80.0,WR,SF,79.3,75.55799999999999,53.97,798.99,4.74,1.5,6.5,0.0,0.0,0.0,0.0,202.0,WR76,98.66,29.0,8.0,99.0,Target (Green),Green,1.0,0.0,0.0,—,0.0,0.0,0.0,0.0,,,,,,,,,,,,,🎯 **#1 Rookie Sleeper WR**,🤝 **Consensus High**,Consensus Alignment,Tier 14,Round 12+,12.0,"6'2"" 207 4.36 speed; Ricky Pearsall season-ending surgery; 7/63 & 4/46 in preseason; Brock Purdy favorite.",https://www.fantasypoints.com/nfl/articles/2026/mr-relevant-late-round-sleepers,2.0,0.0,1.0,0.0,0.0,0.0,0.0,0.0,0.0,0.0,0.0,0.0,WR39,T11,,,consensus,,0.0,0.0,,,,,SF,890.0,0.175,28.8,0.14,0.2,SF,6.0,4.0,False,Kyle Shanahan,100.9,6.0,26.4,4.0,32.9,17.0,High 21P,8.0,Zone,3.0,Most Condensed,14.0,Shootouts (High Scoring Offense + Vulnerable Defense -> Max Fantasy Ceiling),SF,6,48.24,51.76,3.0,-1.9,K.Shanahan,,76.1,,,,,,,,,,,,,De'Zhaun Stribling,SFO,1,2.0,33.0,15.1,35.8,11.2,,,,,,,,,,,,,,,,,,,,,,WR78,78.0,155.0,79.3,4.66,13.0,$1,87.0,11.9,—,0,0,99,,—,81,158.5,0.5,0.0,1.0,1.0,1.0,1.0,155.0,155.0,0.0,155.0,155.0,ESPN,85.75,2.24,0.019,87.38,-51.4,77,WR77,2.0,-100.0,0.0,0.0,85.75,0.0,0.0,1.9,0.0,0.0,0.0,0.0,0.0,0.0,12.0,0.0,Tier 12,154.0,150.0,161.0,11.0,⚡ High Variance (Boom/Bust Ceiling),78.0,Tier 9,76.1,79.9,3.8
267,Omar Cooper Jr.,WR,NYJ,T8,-58.92,-58.92,261,WR81,175,188.8,13.8,Screaming Steal (Huge Value),ESPN,188.8,130.0,188.8,188.8,58.8,103.12,4.66,,0.0,0.0,60.0,60.0,0.015,0.21,0.613,16,5.0,,,,0.0,Neutral,False,False,Healthy,13,WR79,183.8,194.8,2.5,1,FP_NYJ_OMAR_COOPER_JR.,80.0,80.0,WR,NYJ,79.3,53.815999999999995,38.44,458.0,3.11,2.09,12.49,0.06,0.0,0.0,0.0,217.0,WR87,81.16,29.0,13.0,,Neutral,Black,0.0,0.0,0.0,—,0.0,0.0,0.0,0.0,,,,,,,,,,,,,—,—,Consensus Alignment,—,—,99.0,,,1.0,0.0,0.0,0.0,0.0,0.0,0.0,0.0,0.0,0.0,0.0,0.0,—,—,,,consensus,,0.0,0.0,,,,,NYJ,1650.0,0.065,26.8,0.03,0.09,NYJ,17.0,3.0,False,Frank Reich,71.1,30.0,24.9,6.0,29.8,26.0,High 11P,10.0,Balanced,27.0,Spread,8.0,Balanced Environment,NYJ,17,23.57,76.43,27.0,-1.3,F.Reich,,88.0,,,,,,,,,,,,,Omar Cooper Jr.,NYJ,1,1.0,30.0,39.1,31.3,42.7,104.3,4.42,37.0,,199.0,7.5,47.9,67.0,25.0,81.6,61.0,58.0,-3.0,0.89,12.1,7.06,76.0,54.6,45.4,130.0,56.0,WR79,79.0,188.8,79.3,4.66,13.0,$1,156.0,9.3,—,0,0,99,,—,81,158.5,0.5,0.0,13.8,-45.0,13.8,13.8,188.8,130.0,58.8,188.8,130.0,YAHOO,80.34,-1.35,-0.006,79.86,-58.92,81,WR81,1.0,-78.2,4.0,-1.2,80.34,0.0,0.0,-0.6,0.0,0.0,0.0,0.0,0.0,0.0,0.0,0.0,Tier 12,175.0,183.8,194.8,11.0,⚡ High Variance (Boom/Bust Ceiling),79.0,Tier 9,77.1,80.9,3.8
259,Malachi Fields,WR,NYG,T8,-56.1,-56.1,269,WR83,206,226.4,20.4,Screaming Steal (Huge Value),ESPN,226.4,226.4,226.4,226.4,0.0,68.38,4.47,,0.0,0.0,60.0,60.0,-0.01,0.31,0.558,16,5.0,,,,0.0,Neutral,False,False,Healthy,8,WR80,221.4,232.4,2.5,1,FP_NYG_MALACHI_FIELDS,80.0,80.0,WR,NYG,76.0,36.806,26.29,321.26,1.75,0.0,0.0,0.0,0.0,0.0,0.0,204.0,WR78,97.55,29.0,8.0,,Neutral,Black,0.0,0.0,0.0,—,0.0,0.0,0.0,0.0,,,,,,,,,,,,,—,—,Consensus Alignment,—,—,99.0,,,1.0,0.0,0.0,0.0,0.0,0.0,0.0,0.0,0.0,0.0,0.0,0.0,—,—,,,consensus,,0.0,0.0,,,,,NYG,2350.0,-0.01,27.7,0.0,-0.02,NYG,18.0,3.0,True,Matt Nagy,89.6,19.0,24.1,12.0,32.6,21.0,—,21.0,Zone,17.0,Even,16.0,Shootouts (High Scoring Offense + Vulnerable Defense -> Max Fantasy Ceiling),NYG,18,38.25,61.75,12.0,1.3,M.Nagy,,72.9,,,,,,,,,,,,,Malachi Fields,NYG,1,3.0,74.0,25.9,22.2,16.2,96.5,4.61,38.0,124.0,218.0,13.0,53.4,33.0,63.0,,,,,,,,,,,,,WR80,80.0,226.4,76.0,4.47,13.0,WW,186.0,7.6,—,0,0,99,,—,83,158.5,0.479,0.0,20.4,20.4,20.4,20.4,226.4,226.4,0.0,226.4,226.4,ESPN,83.18,-2.1,-0.006,82.68,-56.1,78,WR78,1.0,-32.6,0.0,0.0,83.18,0.0,0.0,-0.6,0.0,0.0,0.0,0.0,0.0,0.0,0.0,0.0,Tier 12,206.0,202.9,209.1,6.2,⚖️ Moderate Variance,80.0,Tier 9,78.1,81.9,3.8
275,Kendrick Bourne,WR,ARZ,T8,-63.66,-63.66,270,WR84,319,999.0,680.0,Screaming Steal (Huge Value),ESPN,999.0,999.0,999.0,999.0,0.0,50.24,4.45,,0.0,0.0,80.0,80.0,0.0,0.15,0.5,16,5.0,,,,0.0,Neutral,False,False,Healthy,14,WR81,994.0,1005.0,2.5,1,FP_ARZ_KENDRICK_BOURNE,80.0,80.0,WR,ARZ,75.6,31.864,22.76,239.21,0.67,0.0,0.0,0.0,0.0,0.0,0.0,221.0,WR90,75.51,29.0,14.0,,Neutral,Black,0.0,0.0,0.0,—,0.0,0.0,0.0,0.0,,,,,,,,,,,,,—,—,Consensus Alignment,—,—,99.0,,,1.0,0.0,0.0,0.0,0.0,0.0,0.0,0.0,0.0,0.0,0.0,0.0,—,—,,,consensus,,0.0,0.0,,,,,,,,,,,,,,,,,,,,,,,,,,,,,,16,35.0,65.0,,0.0,—,66.9,,-0.0468,0.1119,1.4355,0.2492,-0.0999,-0.6461,,,,,,,,,0,,,,,,,,,,,,,,,,,,,,,,,,,,,WR81,81.0,999.0,75.6,4.45,13.0,WW,,,—,0,0,99,,—,84,158.5,0.477,0.0,680.0,680.0,680.0,680.0,999.0,999.0,0.0,999.0,999.0,CONSENSUS,75.57,0.6,-0.006,75.12,-63.66,86,WR86,1.0,724.0,0.0,0.0,75.57,0.0,0.0,-0.6,0.0,0.0,0.0,0.0,0.0,0.0,0.0,0.0,Tier 12,319.0,315.9,220.0,-95.9,🎯 High Consensus (Safe Floor),81.0,Tier 9,79.1,82.9,3.8
273,Tank Dell,WR,HST,T8,-62.55,-62.55,274,WR85,166,176.1,10.1,Screaming Steal (Huge Value),ESPN,176.1,176.1,176.1,176.1,0.0,119.32,4.31,,0.0,0.0,80.0,80.0,0.0,0.15,0.5,16,6.0,2.5,38.0,0.0,0.0,Neutral,False,False,Healthy,8,WR82,171.1,182.1,2.5,1,FP_HST_TANK_DELL,80.0,80.0,WR,HST,73.3,59.15,42.25,527.08,3.21,10.21,48.84,0.1,0.0,0.0,0.0,210.0,WR83,82.33,29.0,8.0,,Neutral,Black,0.0,0.0,0.0,—,0.0,0.0,0.0,0.0,,,,,,,,,,,,,—,—,Consensus Alignment,—,—,99.0,,,1.0,0.0,0.0,0.0,0.0,0.0,0.0,0.0,0.0,0.0,0.0,0.0,—,—,,150.0,consensus,Medium,1.0,0.0,,,,,,,,,,,,,,,,,,,,,,,,,,,,,,16,35.0,65.0,,0.0,—,72.6,84.8,-0.3224,0.4116,-0.824,-0.4403,0.382,-0.0426,,,,,,,,,0,,,,,,,,,,,,,,,,,,,,,,,,,,,WR82,82.0,176.1,73.3,4.31,13.0,WW,,,—,0,0,99,,—,85,158.5,0.462,0.0,10.1,10.1,10.1,10.1,176.1,176.1,0.0,176.1,176.1,ESPN,76.31,0.6,-0.001,76.23,-62.55,85,WR85,1.0,-96.9,0.0,0.0,76.31,0.0,0.0,-0.1,0.0,0.0,0.0,5.0,0.0,0.0,0.0,0.0,Tier 12,166.0,171.1,182.1,11.0,⚡ High Variance (Boom/Bust Ceiling),82.0,Tier 9,80.1,83.9,3.8
265,Pat Bryant,WR,DEN,T8,-58.66,-58.66,275,WR86,320,1180.0,860.0,Screaming Steal (Huge Value),YAHOO,170.56,1180.0,1180.0,1180.0,1009.44,72.58,4.3,,0.0,0.0,100.0,100.0,-0.018,0.27,0.563,16,5.0,,,,0.0,Neutral,False,False,Healthy,10,WR83,1175.0,1186.0,2.5,1,FP_DEN_PAT_BRYANT,80.0,80.0,WR,DEN,73.1,39.745999999999995,28.39,320.49,2.12,0.0,0.0,0.0,0.0,0.0,0.0,195.0,WR71,105.01,29.0,10.0,,Neutral,Black,0.0,0.0,0.0,—,0.0,0.0,0.0,0.0,,,,,,,,,,,,,—,—,Consensus Alignment,—,—,99.0,,,1.0,0.0,0.0,0.0,0.0,0.0,0.0,0.0,0.0,0.0,0.0,0.0,—,—,,,consensus,,0.0,0.0,,,,,DEN,2100.0,0.02,28.9,0.01,0.03,DEN,4.0,5.0,True,Sean Payton/Webb,94.5,13.0,24.2,9.0,32.6,21.0,—,7.0,Gap,26.0,Most Spread,2.0,Balanced Environment,DEN,1,17.22,82.78,31.0,1.7,S.Payton,74.1,80.7,-0.8547,0.8344,0.4568,1.493,-0.1454,1.414,,,,,,,,,0,,,,,,,,,,,,,,,71.2,66.0,68.0,2.0,0.931,11.7,5.31,57.8,67.7,49.4,,,WR83,83.0,1180.0,73.1,4.3,13.0,WW,,,—,0,0,99,,—,86,158.5,0.461,0.0,-149.44,860.0,860.0,860.0,1180.0,170.56,1009.44,1180.0,170.56,ESPN,80.6,4.46,-0.006,80.12,-58.66,80,WR80,1.0,915.0,0.0,0.8,80.6,0.0,0.0,-0.6,0.0,0.0,0.0,0.0,0.0,0.0,0.0,0.0,Tier 12,320.0,316.9,220.0,-96.9,🎯 High Consensus (Safe Floor),83.0,Tier 9,81.1,84.9,3.8
272,Ja'Kobi Lane,WR,BLT,T8,-62.06,-62.06,276,WR87,155,157.9,2.9,Fair Market Value,ESPN,157.9,157.9,157.9,157.9,0.0,125.67,4.16,,0.0,0.0,80.0,80.0,0.0,0.15,0.5,16,5.0,,,,0.0,Neutral,False,False,Healthy,13,WR84,152.9,163.9,2.5,1,FP_BLT_JA'KOBI_LANE,80.0,80.0,WR,BLT,70.8,52.878,37.77,569.31,5.24,1.5,8.5,0.0,0.0,0.0,0.0,206.0,WR79,89.93,29.0,13.0,,Neutral,Black,0.0,0.0,0.0,—,0.0,0.0,0.0,0.0,,,,,,,,,,,,,—,—,Consensus Alignment,—,—,99.0,,,1.0,0.0,0.0,0.0,0.0,0.0,0.0,0.0,0.0,0.0,0.0,0.0,—,—,,,consensus,,0.0,0.0,,,,,,,,,,,,,,,,,,,,,,,,,,,,,,16,35.0,65.0,,0.0,—,,74.7,,,,,,,,,,,,,Ja'Kobi Lane,BAL,1,3.0,80.0,16.1,20.9,11.7,100.2,4.47,40.0,129.0,200.0,4.1,41.1,51.0,5.0,,,,,,,,,,,,,WR84,84.0,157.9,70.8,4.16,14.0,WW,183.0,8.0,—,0,0,99,,—,87,158.5,0.447,0.0,2.9,2.9,2.9,2.9,157.9,157.9,0.0,157.9,157.9,ESPN,77.18,0.6,-0.006,76.72,-62.06,84,WR84,1.0,-114.1,0.0,0.0,77.18,0.0,0.0,-0.6,0.0,0.0,0.0,0.0,0.0,0.0,0.0,0.0,Tier 12,155.0,152.9,163.9,11.0,⚡ High Variance (Boom/Bust Ceiling),84.0,Tier 9,82.1,85.9,3.8
277,Xavier Legette,WR,CAR,T8,-65.69,-65.69,276,WR87,321,1200.0,879.0,Screaming Steal (Huge Value),ESPN,1200.0,1200.0,1200.0,1200.0,0.0,93.76,4.16,,0.0,0.0,60.0,60.0,-0.015,0.25,0.794,16,5.0,,,,0.0,Neutral,False,False,Healthy,5,WR85,1195.0,1206.0,2.5,1,FP_CAR_XAVIER_LEGETTE,80.0,80.0,WR,CAR,70.8,50.19,35.85,417.51,2.57,2.05,10.75,0.06,0.0,0.0,0.0,218.0,WR88,79.0,29.0,5.0,,Neutral,Black,0.0,0.0,0.0,—,0.0,0.0,0.0,0.0,,,,,,,,,,,,,—,—,Consensus Alignment,—,—,99.0,,,1.0,0.0,0.0,0.0,0.0,0.0,0.0,0.0,0.0,0.0,0.0,0.0,—,—,,,consensus,,0.0,0.0,,,,,CAR,1900.0,-0.03,28.6,-0.01,-0.04,CAR,16.0,3.0,False,Dave Canales/Idzik,78.7,27.0,19.8,24.0,33.6,15.0,High 11P,22.0,Balanced,19.0,Spread,23.0,Passing / Garbage Time (Low Scoring Offense + Bad Defense -> Trailing Game Scripts / Air Volume),CAR,8,29.48,70.52,22.0,-2.0,D.Canales,57.4,87.1,-0.5651,0.0943,-1.0759,0.6022,-0.743,-0.0617,,,,,,,,,0,,,,,,,,,,,,,,,,,,,,,,,,,,,WR85,85.0,1200.0,70.8,4.16,13.0,WW,,,—,0,0,99,,—,87,158.5,0.447,0.0,879.0,879.0,879.0,879.0,1200.0,1200.0,0.0,1200.0,1200.0,CONSENSUS,73.53,-0.25,-0.006,73.09,-65.69,87,WR87,1.0,923.0,0.0,0.0,73.53,0.0,0.0,-0.6,0.0,0.0,0.0,0.0,0.0,0.0,0.0,0.0,Tier 12,321.0,317.9,220.0,-97.9,🎯 High Consensus (Safe Floor),85.0,Tier 9,83.1,86.9,3.8
264,Tyquan Thornton,WR,KC,T8,-58.34,-58.34,280,WR89,323,999.0,676.0,Screaming Steal (Huge Value),ESPN,999.0,999.0,999.0,999.0,0.0,92.96,4.07,,0.0,0.0,60.0,60.0,0.068,0.145,0.546,16,5.0,,,,0.0,Neutral,False,False,Healthy,5,WR86,994.0,1005.0,2.5,1,FP_KC_TYQUAN_THORNTON,80.0,80.0,WR,KC,69.2,35.616,25.44,467.54,3.5,0.0,0.0,0.0,0.0,0.0,0.0,196.0,WR72,104.4,29.0,5.0,,Neutral,Black,0.0,0.0,0.0,—,0.0,0.0,0.0,0.0,,,,,,,,,,,,,—,—,Consensus Alignment,—,—,99.0,,,1.0,0.0,0.0,0.0,0.0,0.0,0.0,0.0,0.0,0.0,0.0,0.0,—,—,,,consensus,,0.0,0.0,,,,,KC,1250.0,0.142,26.5,0.02,0.22,KC,22.0,3.0,False,Andy Reid,89.6,19.0,22.0,19.0,33.2,16.0,—,9.0,Zone,22.0,Condensed,6.0,Chew the Clock (High Scoring Offense + Elite Defense -> Run-Heavy Second Halves),KC,21,38.45,61.55,11.0,6.4,A.Reid,73.7,68.2,,-0.2803,,-1.3427,0.5583,0.3907,,,,,,,,,0,,,,,,,,,,,,,,,,,,,,,,,,,,,WR86,86.0,999.0,69.2,4.07,14.0,WW,,,—,0,0,99,,—,89,158.5,0.437,0.0,676.0,676.0,676.0,676.0,999.0,999.0,0.0,999.0,999.0,CONSENSUS,80.93,0.24,-0.006,80.44,-58.34,79,WR79,1.0,735.0,0.0,0.0,80.93,0.0,0.0,-0.6,0.0,0.0,0.0,0.0,0.0,0.0,0.0,0.0,Tier 12,323.0,319.9,220.0,-99.9,🎯 High Consensus (Safe Floor),86.0,Tier 9,84.1,87.9,3.8
287,Germie Bernard,WR,PIT,T8,-68.73,-68.73,282,WR90,215,232.3,17.3,Screaming Steal (Huge Value),ESPN,232.3,232.3,232.3,232.3,0.0,109.24,4.04,,0.0,0.0,70.0,70.0,-0.05,0.28,0.691,16,5.0,,,,0.0,Neutral,False,False,Healthy,9,WR87,227.3,238.3,2.5,1,FP_PIT_GERMIE_BERNARD,80.0,80.0,WR,PIT,68.6,57.70799999999999,41.22,508.18,2.89,2.08,10.84,0.04,0.0,0.0,0.0,224.0,WR92,74.22,29.0,9.0,,Neutral,Black,0.0,0.0,0.0,—,0.0,0.0,0.0,0.0,,,,,,,,,,,,,—,—,Consensus Alignment,—,—,99.0,,,1.0,0.0,0.0,0.0,0.0,0.0,0.0,0.0,0.0,0.0,0.0,0.0,—,—,,,consensus,,0.0,0.0,,,,,PIT,2150.0,0.03,29.6,0.04,0.02,PIT,12.0,3.5,False,Mike McCarthy,90.1,17.0,18.0,27.0,46.2,1.0,—,1.0,Zone,25.0,Spread,9.0,Slugfests (Low Scoring Offense + Elite Defense -> Low Over/Unders / Grinding Games),PIT,19,41.2,58.8,6.0,4.6,M.McCarthy,,72.1,,,,,,,,,,,,,Germie Bernard,PIT,1,2.0,47.0,19.3,29.7,10.1,102.3,4.48,32.5,125.0,206.0,7.7,57.3,59.0,27.0,,,,,,,,,,,,,WR87,87.0,232.3,68.6,4.04,14.0,WW,,,—,0,0,99,,—,90,158.5,0.433,0.0,17.3,17.3,17.3,17.3,232.3,232.3,0.0,232.3,232.3,ESPN,70.47,-2.1,-0.006,70.05,-68.73,91,WR91,1.0,-54.7,0.0,0.0,70.47,0.0,0.0,-0.6,0.0,0.0,0.0,0.0,0.0,0.0,0.0,0.0,Tier 12,215.0,211.9,218.1,6.2,⚖️ Moderate Variance,87.0,Tier 9,85.1,88.9,3.8
282,Isaac TeSlaa,WR,DET,T8,-66.65,-66.65,288,WR91,194,212.3,18.3,Screaming Steal (Huge Value),ESPN,212.3,212.3,212.3,212.3,0.0,85.07,3.94,,0.0,0.0,70.0,70.0,0.018,0.09,0.62,16,5.0,,,,0.0,Neutral,False,False,Healthy,6,WR88,207.3,218.3,2.5,1,FP_DET_ISAAC_TESLAA,80.0,80.0,WR,DET,67.0,35.532,25.38,352.36,4.12,0.0,0.0,0.0,0.0,0.0,0.0,213.0,WR84,83.71,29.0,6.0,,Neutral,Black,0.0,0.0,0.0,—,0.0,0.0,0.0,0.0,,,,,,,,,,,,,—,—,Consensus Alignment,—,—,99.0,,,1.0,0.0,0.0,0.0,0.0,0.0,0.0,0.0,0.0,0.0,0.0,0.0,—,—,,,consensus,,0.0,0.0,,,,,DET,720.0,0.16,26.4,0.11,0.19,DET,15.0,3.5,False,Drew Petzing,107.7,3.0,21.4,20.0,26.1,27.0,—,3.0,Gap,24.0,Even,11.0,Balanced Environment,DET,16,30.85,69.15,20.0,-1.1,D.Petzing,64.7,62.7,,0.5891,,-0.5673,-1.0074,0.006,,,,,,,,,0,,,,,,,,,,,,,,,,,,,,,,,,,,,WR88,88.0,212.3,67.0,3.94,14.0,WW,,,—,0,0,99,,—,91,158.5,0.423,0.0,18.3,18.3,18.3,18.3,212.3,212.3,0.0,212.3,212.3,ESPN,72.57,-0.06,-0.006,72.13,-66.65,89,WR89,1.0,-69.7,0.0,0.0,72.57,0.0,0.0,-0.6,0.0,0.0,0.0,0.0,0.0,0.0,0.0,0.0,Tier 12,194.0,207.3,218.3,11.0,⚡ High Variance (Boom/Bust Ceiling),88.0,Tier 9,86.1,89.9,3.8
284,Jahan Dotson,WR,ATL,T8,-67.11,-67.11,289,WR92,324,999.0,675.0,Screaming Steal (Huge Value),ESPN,999.0,999.0,999.0,999.0,0.0,92.48,3.87,,0.0,0.0,80.0,80.0,0.032,0.15,0.592,16,5.0,,,,0.0,Neutral,False,False,Healthy,11,WR89,994.0,1005.0,2.5,1,FP_ATL_JAHAN_DOTSON,80.0,80.0,WR,ATL,65.8,49.209999999999994,35.15,443.29,2.25,0.0,0.0,0.0,0.0,0.0,0.0,209.0,WR82,84.71,29.0,11.0,,Neutral,Black,0.0,0.0,0.0,—,0.0,0.0,0.0,0.0,,,,,,,,,,,,,—,—,Consensus Alignment,—,—,99.0,,,1.0,0.0,0.0,0.0,0.0,0.0,0.0,0.0,0.0,0.0,0.0,0.0,—,—,,,consensus,,0.0,0.0,,,,,ATL,1100.0,0.092,26.0,0.05,0.12,ATL,21.0,4.0,False,Kevin Stefanski/Rees,86.4,21.0,22.4,16.0,25.7,28.0,High 12P,10.0,Gap,18.0,Even,3.0,Passing / Garbage Time (Low Scoring Offense + Bad Defense -> Trailing Game Scripts / Air Volume),ATL,11,54.01,45.99,2.0,-4.2,K.Stefanski,50.0,80.0,-0.5686,-0.3163,-1.2245,-0.6438,-1.3331,0.099,,,,,,,,,0,,,,,,,,,,,,,,,,,,,,,,,,,,,WR89,89.0,999.0,65.8,3.87,14.0,WW,,,—,0,0,99,,—,92,158.5,0.415,0.0,675.0,675.0,675.0,675.0,999.0,999.0,0.0,999.0,999.0,CONSENSUS,72.1,-0.44,-0.006,71.67,-67.11,90,WR90,1.0,715.0,-3.0,0.0,72.1,0.0,0.0,-0.6,0.0,0.0,0.0,0.0,0.0,0.0,0.0,0.0,Tier 12,324.0,320.9,220.0,-100.9,🎯 High Consensus (Safe Floor),89.0,Tier 9,87.1,90.0,2.9
291,Keon Coleman,WR,BUF,T8,-71.57,-71.57,292,WR94,219,234.8,15.8,Screaming Steal (Huge Value),ESPN,234.8,234.8,234.8,234.8,0.0,74.63,3.76,,0.0,0.0,90.0,90.0,0.03,0.32,0.655,16,5.0,,,,0.0,Neutral,False,False,Healthy,7,WR90,229.8,240.8,2.5,1,FP_BUF_KEON_COLEMAN,80.0,80.0,WR,BUF,63.9,34.188,24.42,337.72,2.82,0.0,0.0,0.0,0.0,0.0,0.0,222.0,WR91,75.05,29.0,7.0,,Neutral,Black,0.0,0.0,0.0,—,0.0,0.0,0.0,0.0,,,,,,,,,,,,,—,—,Consensus Alignment,—,—,99.0,,,1.0,0.0,0.0,0.0,0.0,0.0,0.0,0.0,0.0,0.0,0.0,0.0,—,—,,,consensus,,0.0,0.0,,,,,BUF,2450.0,0.155,26.9,0.08,0.2,BUF,2.0,4.5,True,Joe Brady,101.1,5.0,24.4,8.0,30.1,25.0,—,32.0,Gap,11.0,Very Spread,22.0,Shootouts (High Scoring Offense + Vulnerable Defense -> Max Fantasy Ceiling),BUF,7,23.56,76.44,28.0,-1.6,J.Brady,63.2,68.9,-0.7501,-0.5197,0.2346,-0.4376,-0.0917,-0.2741,,,,,,,,,0,,,,,,,,,,,,,,,,,,,,,,,,,,,WR90,90.0,234.8,63.9,3.76,14.0,WW,,,—,0,0,99,,—,94,158.5,0.403,0.0,15.8,15.8,15.8,15.8,234.8,234.8,0.0,234.8,234.8,ESPN,67.62,4.7,-0.006,67.21,-71.57,92,WR92,1.0,-56.2,0.0,0.0,67.62,0.0,0.0,-0.6,0.0,0.0,0.0,0.0,0.0,0.0,0.0,0.0,Tier 12,219.0,215.9,220.0,4.1,⚖️ Moderate Variance,90.0,Tier 9,88.1,90.0,1.9
231,Ricky Pearsall,WR,FA,T8,-41.3,-41.3,230,WR64,143,143.0,0.0,Fair Market Value,ESPN,143.0,143.0,143.0,143.0,0.0,98.0735,5.8,,0.0,0.0,80.0,80.0,0.0,0.15,0.5,16,6.0,2.5,,,0.0,Neutral,False,False,Healthy,0,WR150,144.0,158.0,3.0,5,FP_DUR_RICKY_PEARSALL,50.0,50.0,WR,FA,98.0735,,,,,,,,,,,,,,,,,Neutral,Black,0.0,0.0,0.0,—,0.0,0.0,0.0,0.0,,,,,,,,,,,,,—,—,Consensus Alignment,—,—,99.0,,,1.0,0.0,0.0,0.0,0.0,0.0,0.0,0.0,0.0,0.0,0.0,0.0,—,—,,86.0,consensus,Medium,0.0,0.0,,,,,,,,,,,,,,,,,,,,,,,,,,,,,,16,35.0,65.0,,0.0,—,68.8,74.7,-0.9949,1.574,-1.4039,-1.358,0.2429,0.1543,,,,,,,,,0,,,,,,,,,,,,,,,,,,,,,,,,,,,,,,,,,,,,—,0,0,99,,—,64,158.5,0.619,0.0,0.0,0.0,0.0,0.0,143.0,143.0,0.0,143.0,143.0,ESPN,98.07,0.6,-0.006,97.48,-41.3,67,WR67,1.0,-88.0,0.0,0.0,98.07,0.0,0.0,-0.6,0.0,0.0,0.0,0.0,0.0,0.0,0.0,0.0,Tier 12,143.0,144.0,158.0,14.0,⚡ High Variance (Boom/Bust Ceiling),91.0,Tier 9,88.8,91.0,2.2
314,Antonio Williams,WR,FA,T8,-91.07,-91.07,290,WR93,146,146.0,0.0,Fair Market Value,ESPN,146.0,146.0,146.0,146.0,0.0,104.12,3.9,,0.0,0.0,80.0,80.0,0.0,0.15,0.5,16,7.0,2.5,,,0.0,Neutral,False,False,Healthy,0,WR150,144.0,158.0,3.0,5,FP_DUR_ANTONIO_WILLIAMS,50.0,50.0,WR,FA,65.7,49.657999999999994,35.47,496.72,3.14,3.55,18.68,0.1,0.0,0.0,0.0,375.0,WR154,17.4,29.0,,,Neutral,Black,0.0,0.0,0.0,—,0.0,0.0,0.0,0.0,,,,,,,,,,,,,—,—,Consensus Alignment,—,—,99.0,,,1.0,0.0,0.0,0.0,0.0,0.0,0.0,0.0,0.0,0.0,0.0,0.0,—,—,,129.0,consensus,Medium,0.0,0.0,,,,,,,,,,,,,,,,,,,,,,,,,,,,,,16,35.0,65.0,,0.0,—,,73.5,,,,,,,,,,,,,Antonio Williams,WAS,1,3.0,71.0,14.6,17.9,19.9,98.9,4.41,39.5,124.0,187.0,10.0,71.2,44.0,45.0,60.9,71.0,61.0,-10.0,0.787,11.6,5.17,47.3,44.9,36.7,,,,,,,,,,,,—,0,0,99,,—,93,158.5,0.415,0.0,0.0,0.0,0.0,0.0,146.0,146.0,0.0,146.0,146.0,ESPN,48.0,0.6,-0.006,47.71,-91.07,94,WR94,1.0,-168.0,0.0,-4.0,48.0,0.0,0.0,-0.6,0.0,0.0,0.0,0.0,0.0,0.0,0.0,0.0,Tier 12,146.0,144.0,158.0,14.0,⚡ High Variance (Boom/Bust Ceiling),92.0,Tier 9,89.8,92.0,2.2
292,Brandon Aiyuk,WR,FA,T8,-71.82,-71.82,250,WR75,147,147.0,0.0,Fair Market Value,ESPN,147.0,147.0,147.0,147.0,0.0,84.816,5.0,,0.0,0.0,80.0,80.0,0.0,0.15,0.5,16,7.0,2.5,,,0.0,Neutral,False,False,Healthy,0,WR150,144.0,158.0,3.0,5,FP_DUR_BRANDON_AIYUK,50.0,50.0,WR,FA,84.816,,,,,,,,,,,229.0,WR93,33.86,29.0,,,Neutral,Black,0.0,0.0,0.0,—,0.0,0.0,0.0,0.0,,,,,,,,,,,,,—,—,Consensus Alignment,—,—,99.0,,,1.0,0.0,0.0,0.0,0.0,0.0,0.0,0.0,0.0,0.0,0.0,0.0,—,—,,134.0,consensus,Medium,0.0,0.0,,,,,,,,,,,,,,,,,,,,,,,,,,,,,,16,35.0,65.0,,0.0,—,83.7,81.7,-0.4328,0.546,0.8918,0.1412,1.3469,0.1238,,,,,,,,,0,,,,,,,,,,,,,,,81.8,60.0,70.0,10.0,0.698,13.6,7.27,68.9,64.2,61.5,,,,,,,,,,,,—,0,0,99,,—,75,158.5,0.535,0.0,0.0,0.0,0.0,0.0,147.0,147.0,0.0,147.0,147.0,ESPN,66.83,0.6,0.002,66.96,-71.82,93,WR93,1.0,-145.0,3.0,4.0,66.83,0.0,0.0,0.2,0.0,0.0,0.0,0.0,0.0,0.0,0.0,0.0,Tier 12,147.0,144.0,158.0,14.0,⚡ High Variance (Boom/Bust Ceiling),93.0,Tier 9,90.8,90.0,-0.8
219,Jayden Higgins,WR,FA,T8,-34.23,-34.23,220,WR61,149,149.0,0.0,Fair Market Value,ESPN,149.0,149.0,149.0,149.0,0.0,103.932,6.1,,14.09,1.0,80.0,80.0,0.0,0.15,0.5,16,7.0,2.5,,,0.0,Neutral,False,False,Healthy,0,WR150,144.0,158.0,3.0,5,FP_DUR_JAYDEN_HIGGINS,50.0,50.0,WR,FA,103.932,,,,,,,,,,,,,,,,999.0,Neutral,Black,0.0,0.0,0.0,—,11.74,0.0,0.0,0.0,,,,,,,,,,,,,—,—,Consensus Alignment,—,—,99.0,,,1.0,0.0,0.0,0.0,0.0,0.0,0.0,0.0,0.0,0.0,0.0,0.0,—,—,,145.0,consensus,Medium,0.0,0.0,,,,,,,,,,,,,,,,,,,,,,,,,,,,,,16,35.0,65.0,,0.0,—,72.4,90.6,-0.3134,-0.2134,-0.7619,-0.5983,0.1361,-0.3776,,,,,,,,,0,,,,,,,,,,,,,,,,,,,,,,,,,,,,,,,,,,,,—,0,0,99,,—,61,158.5,0.656,0.0,0.0,0.0,0.0,0.0,149.0,149.0,0.0,149.0,149.0,ESPN,103.93,0.6,0.006,104.55,-34.23,62,WR62,1.0,-70.0,0.0,0.0,103.93,14.09,0.0,0.6,0.0,0.0,0.0,0.0,0.0,0.0,0.0,0.0,Tier 12,149.0,144.0,158.0,14.0,⚡ High Variance (Boom/Bust Ceiling),94.0,Tier 9,91.8,90.0,-1.8
20,Brock Bowers,TE,LV,T3,72.55,72.55,15,TE1,24,23.0,-1.0,Fair Market Value,ESPN,24.27,21.1,23.0,23.0,3.17,243.67,10.18,,0.0,0.0,50.0,50.0,-0.005,0.29,0.696,16,2.0,3.8,115.0,0.74,65.5,Hyper-Surging,True,False,Healthy,13,TE1,18.0,29.0,2.5,1,FP_LV_BROCK_BOWERS,80.0,80.0,TE,LV,173.1,135.268,96.62,1022.85,7.52,0.0,0.0,0.0,0.0,0.0,0.0,9.0,TE1,268.62,6.0,13.0,18.0,Target (Green),Green,1.0,0.0,0.0,—,0.0,0.0,0.0,0.0,,,,,,,,,,,,,💥 **Must-Have / Exodia**,🤝 **Consensus #1 TE**,Consensus Alignment,Tier 6,Round 2,2.0,"""Football robot from heaven"" for Klint Kubiak; Kirk Cousins + Tyler Linderbaum upgrade; Guru's ""The Twelve"" target; 100% healthy monster.",https://www.fantasypoints.com/nfl/articles/2026/the-gurus-2026-fantasy-football-draft-plan,30.0,1.0,0.0,0.0,0.0,1.0,0.0,0.0,0.0,0.0,0.0,0.0,TE1,T1,,17.0,dragon,High (Elite Ceiling),0.0,0.0,,,,,LV,2250.0,0.015,28.5,-0.04,0.05,LV,28.0,2.5,False,Klint Kubiak,70.9,31.0,22.8,14.0,34.5,14.0,—,27.0,Zone,13.0,Even,19.0,Passing / Garbage Time (Low Scoring Offense + Bad Defense -> Trailing Game Scripts / Air Volume),LV,24,40.2,59.8,8.0,-4.3,K.Kubiak,88.8,99.0,,0.2395,,,1.3115,,,,,,,,,,0,,,,,,,,,,,,,,,141.1,2.0,1.0,-1.0,0.989,12.9,9.87,126.3,108.1,134.4,21.1,1.0,TE1,1.0,23.0,173.1,10.18,1.0,$30+,10.0,14.4,—,0,0,99,,—,1,124.0,1.396,49.099999999999994,0.27,-2.9,-1.0,-1.0,24.27,21.1,3.17,24.27,21.1,YAHOO,188.98,-3.15,0.095,206.93,72.55,1,TE1,30.0,3.0,3.0,-0.4,188.98,0.0,65.5,9.5,22.0,0.0,10.0,0.0,0.0,0.0,12.0,0.0,Tier 3,24.0,18.0,29.0,11.0,⚡ High Variance (Boom/Bust Ceiling),1.0,Tier 1,1.0,2.9,1.9
38,Trey McBride,TE,ARZ,T4,39.39,39.39,21,TE2,22,21.6,-0.4,Fair Market Value,YAHOO,20.58,25.8,21.6,21.6,5.22,256.07,9.19,,0.0,0.0,80.0,80.0,0.0,0.15,0.5,16,2.0,4.2,82.0,0.65,46.5,Surging,False,True,Healthy,14,TE2,16.6,27.6,2.5,1,FP_ARZ_TREY_MCBRIDE,80.0,80.0,TE,ARZ,156.3,152.516,108.94,1069.08,6.78,0.0,0.0,0.0,0.0,0.0,0.0,23.0,TE2,234.48,8.0,14.0,24.0,Avoid (Red),Red,0.0,0.0,1.0,—,0.0,0.0,0.0,0.0,,,,,,,,,,,,,🚫 **Overvalue / Fade**,🤝 **Consensus Avoid (Dirty 30)**,Consensus Alignment,Tier 8,Round 3,3.0,"Career-low efficiency (9.83 YPR, 7.51 YPT); Mike LaFleur scheme shifts balance to run; Carson Beck/Minshew QB uncertainty.",https://www.fantasypoints.com/nfl/articles/2026/players-to-avoid-and-overvalues,16.0,0.0,0.0,1.0,0.0,0.0,1.0,0.0,0.0,0.0,0.0,0.0,TE2,T1,,22.0,fade,High (Overpriced Bust Risk),0.0,0.0,,,,,,,,,,,,,,,,,,,,,,,,,,,,,,16,35.0,65.0,,0.0,—,95.8,91.7,,0.2464,,,1.4538,,,,,,,,,,0,,,,,,,,,,,,,,,167.5,1.0,2.0,1.0,0.995,14.5,11.81,170.0,162.2,170.5,25.8,2.0,TE2,2.0,21.6,156.3,9.19,1.0,$22-26,30.0,14.4,—,0,0,99,,—,2,124.0,1.26,32.30000000000001,-1.42,3.8,-0.4,-0.4,25.8,20.58,5.22,25.8,20.58,ESPN,178.64,0.6,-0.06,167.92,39.39,2,TE2,16.0,-16.4,6.0,0.4,178.64,0.0,46.5,-6.0,0.0,0.0,0.0,0.0,0.0,0.0,-15.0,0.0,Tier 3,22.0,16.6,27.6,11.0,⚡ High Variance (Boom/Bust Ceiling),2.0,Tier 1,1.0,3.9,2.9
46,Colston Loveland,TE,CHI,T4,35.57,35.57,30,TE3,41,40.8,-0.2,Fair Market Value,ESPN,44.99,39.6,40.8,40.8,5.39,211.35,8.79,,0.0,0.0,80.0,80.0,0.01,0.26,0.63,16,4.0,2.5,60.0,0.42,30.0,Surging,False,False,Healthy,10,TE3,35.8,46.8,2.5,1,FP_CHI_COLSTON_LOVELAND,80.0,80.0,TE,CHI,149.4,110.684,79.06,927.13,6.67,0.0,0.0,0.0,0.0,0.0,0.0,58.0,TE4,187.31,12.0,10.0,42.0,Target (Green),Green,1.0,0.0,0.0,—,0.0,0.0,0.0,0.0,,,,,,,,,,,,,🎯 **Target / Breakout**,🤝 **Consensus High**,Consensus Alignment,Tier 8,Round 4/5,4.5,Ben Johnson scheme featured weapon; Luther Burden injury gives Loveland command of passing game. | 🔥 Catalyst: Role Increase (Qualifies as New Situation),https://www.fantasypoints.com/nfl/articles/2026/ryan-heaths-2026-fantasy-football-rankings-and-targets,14.0,0.0,1.0,0.0,0.0,0.0,0.0,0.0,0.0,0.0,0.0,0.0,TE3,T2,,44.0,consensus,Medium,0.0,0.0,,,,,CHI,2020.0,0.048,27.6,0.01,0.07,CHI,3.0,4.0,False,Ben Johnson,98.3,8.0,29.3,1.0,37.2,7.0,High 12P,4.0,Zone,6.0,Even,11.0,Balanced Environment,CHI,4,41.16,58.84,7.0,-2.7,B.Johnson,92.6,87.6,,-0.4627,,,1.5299,,,,,,,,,,0,,,,,,,,,,,,,,,136.5,5.0,3.0,-2.0,0.964,13.5,8.63,112.2,118.5,140.1,39.6,3.0,TE3,3.0,40.8,149.4,8.79,2.0,$16-18,42.0,12.6,Role Increase (Qualifies as New Situation),1,0,99,,—,3,124.0,1.205,25.40000000000001,3.99,-1.4,-0.2,-0.2,44.99,39.6,5.39,44.99,39.6,YAHOO,155.65,2.9,0.05,163.43,35.57,4,TE4,14.0,-5.2,6.0,-0.8,155.65,0.0,30.0,5.0,0.0,0.0,0.0,0.0,6.0,0.0,12.0,0.0,Tier 5,41.0,35.8,46.8,11.0,⚡ High Variance (Boom/Bust Ceiling),3.0,Tier 2,1.1,4.9,3.8
41,Tyler Warren,TE,IND,T4,37.16,37.16,32,TE4,49,47.9,-1.1,Fair Market Value,ESPN,50.31,47.2,47.9,47.9,3.11,199.23,8.69,,0.0,0.0,90.0,90.0,0.005,0.13,0.691,16,5.0,2.5,,,0.0,Neutral,True,False,Healthy,13,TE4,42.9,53.9,2.5,1,FP_IND_TYLER_WARREN,80.0,80.0,TE,IND,147.8,110.572,78.98,878.46,5.5,0.0,0.0,0.0,0.0,0.0,0.0,56.0,TE3,188.3,12.0,13.0,47.0,Target (Green),Green,1.0,0.0,0.0,—,0.0,9.84,5.44,1.0,,,,,,,,,,,,,"💥 **#2 Target / ""The Twelve""**",🤝 **Consensus TE1 Breakout**,Consensus Alignment,Tier 11,Round 5 (5.02),5.02,"Guru's **#2 Target of 2026** (""The Twelve""); 79.9% route share, 19.4% target share as rookie; Michael Pittman gone $\to$ overall TE1 upside with Daniel Jones.",https://www.fantasypoints.com/nfl/articles/2026/the-gurus-2026-fantasy-football-draft-plan,18.0,1.0,1.0,0.0,0.0,1.0,0.0,0.0,0.0,0.0,0.0,0.0,TE4,T2,,67.0,consensus,Medium,0.0,0.0,,,,,IND,980.0,0.068,27.3,0.06,0.07,IND,5.0,4.5,False,Shane Steichen,97.4,10.0,22.2,17.0,32.7,19.0,—,20.0,Gap,10.0,Even,25.0,Balanced Environment,IND,10,36.05,63.95,14.0,-3.5,S.Steichen,76.7,94.7,,-0.5318,,,0.786,,,,,,,,,,0,,,,,,,,,,,,,,,138.1,3.0,4.0,1.0,0.984,13.1,9.86,127.0,128.3,134.8,47.2,4.0,TE4,4.0,47.9,147.8,8.69,2.0,$14-16,43.0,12.7,—,0,0,99,,—,4,124.0,1.192,23.80000000000001,1.31,-1.8,-1.1,-1.1,50.31,47.2,3.11,50.31,47.2,YAHOO,155.5,1.95,0.063,165.3,37.16,3,TE3,18.0,6.9,0.0,0.4,155.5,0.0,0.0,6.3,22.0,0.0,10.0,0.0,0.0,0.0,12.0,0.0,Tier 6,49.0,42.9,53.9,11.0,⚡ High Variance (Boom/Bust Ceiling),4.0,Tier 2,2.1,5.9,3.8
67,Kyle Pitts,TE,ATL,T5,17.04,17.04,50,TE5,70,69.5,-0.5,Fair Market Value,YAHOO,64.8,72.9,69.5,69.5,8.1,187.75,7.79,,0.0,0.0,80.0,80.0,0.032,0.15,0.592,16,5.0,2.5,,,0.0,Neutral,False,False,Healthy,11,TE5,64.5,75.5,2.5,1,FP_ATL_KYLE_PITTS,80.0,80.0,TE,ATL,132.5,108.024,77.16,845.18,4.39,0.0,0.0,0.0,0.0,0.0,0.0,66.0,TE5,181.29,12.0,11.0,81.0,Pass (Yellow),Yellow,0.0,1.0,0.0,—,0.0,0.0,0.0,0.0,,,,,,,,,,,,,🎯 **Value**,🤝 **Consensus Value**,Consensus Alignment,Tier 13,Round 8,8.0,54% 2-WR heavy personnel scheme; Bijan & London open up seams.,https://www.fantasypoints.com/nfl/articles/2026/the-gurus-2026-fantasy-football-draft-plan,6.0,0.0,1.0,0.0,0.0,0.0,0.0,0.0,0.0,0.0,0.0,0.0,,,,72.0,consensus,Medium,0.0,0.0,,,,,ATL,1100.0,0.092,26.0,0.05,0.12,ATL,21.0,4.0,False,Kevin Stefanski/Rees,86.4,21.0,22.4,16.0,25.7,28.0,High 12P,10.0,Gap,18.0,Even,3.0,Passing / Garbage Time (Low Scoring Offense + Bad Defense -> Trailing Game Scripts / Air Volume),ATL,11,54.01,45.99,2.0,-4.2,K.Stefanski,75.9,89.7,,-0.286,,,0.7467,,,,,,,,,,0,,,,,,,,,,,,,,,132.4,6.0,7.0,1.0,0.993,13.6,8.7,117.6,122.8,132.5,72.9,8.0,TE5,5.0,69.5,132.5,7.79,3.0,$6-8,68.0,11.1,—,0,0,99,,—,5,124.0,1.069,8.5,-5.2,2.9,-0.5,-0.5,72.9,64.8,8.1,72.9,64.8,ESPN,144.67,4.06,-0.021,141.63,17.04,6,TE6,6.0,2.5,0.0,0.4,144.67,0.0,0.0,-2.1,0.0,0.0,0.0,0.0,0.0,0.0,-5.0,0.0,Tier 8,70.0,64.5,75.5,11.0,⚡ High Variance (Boom/Bust Ceiling),5.0,Tier 3,3.1,6.9,3.8
68,Sam LaPorta,TE,DET,T5,16.75,16.75,52,TE6,60,59.6,-0.4,Fair Market Value,ESPN,70.83,63.1,59.6,59.6,11.23,184.14,7.76,,0.0,0.0,70.0,70.0,0.018,0.09,0.62,16,5.0,2.5,50.0,0.08,4.0,Neutral,False,True,Healthy,6,TE6,54.6,65.6,2.5,1,FP_DET_SAM_LAPORTA,80.0,80.0,TE,DET,131.9,98.616,70.44,813.85,5.45,0.0,0.0,0.0,0.0,0.0,0.0,87.0,TE11,157.26,14.0,6.0,78.0,Neutral,Black,0.0,0.0,0.0,—,0.0,0.0,0.0,0.0,,,,,,,,,,,,,"🎯 **Target / ""The Twelve""**",🤝 **Consensus Target**,Consensus Alignment,Tier 11,Round 7/8 (7.05),7.05,"Guru's ""The Twelve"" pick; 15.9 FPG in $>75\%$ route games; Drew Petzing 75%+ TE route scheme; elite value 30 picks after Warren.",https://www.fantasypoints.com/nfl/articles/2026/the-gurus-2026-fantasy-football-draft-plan,12.0,0.0,1.0,0.0,0.0,1.0,0.0,0.0,0.0,0.0,0.0,0.0,TE5,T2,,66.0,consensus,Medium,1.0,1.0,,,,,DET,720.0,0.16,26.4,0.11,0.19,DET,15.0,3.5,False,Drew Petzing,107.7,3.0,21.4,20.0,26.1,27.0,—,3.0,Gap,24.0,Even,11.0,Balanced Environment,DET,16,30.85,69.15,20.0,-1.1,D.Petzing,94.8,86.3,,1.0442,,,1.2472,,,,,,,,,,0,,,,,,,,,,,,,,,125.5,7.0,9.0,2.0,0.977,13.4,9.12,119.0,99.3,113.1,63.1,6.0,TE6,6.0,59.6,131.9,7.76,3.0,$5-7,56.0,11.3,—,0,0,99,,—,6,124.0,1.064,7.900000000000006,10.83,3.1,-0.4,-0.4,70.83,59.6,11.23,70.83,59.6,SLEEPER,136.64,-0.06,0.034,141.29,16.75,7,TE7,12.0,-8.4,6.0,0.8,136.64,0.0,4.0,3.4,0.0,0.0,10.0,5.0,0.0,0.0,0.0,0.0,Tier 7,60.0,54.6,65.6,11.0,⚡ High Variance (Boom/Bust Ceiling),6.0,Tier 3,4.1,7.9,3.8
80,Travis Kelce,TE,KC,T6,6.4,6.4,69,TE7,92,92.1,0.1,Fair Market Value,ESPN,96.75,94.0,92.1,92.1,4.65,182.53,7.49,,0.0,0.0,60.0,60.0,0.068,0.145,0.546,16,7.0,4.2,75.0,-0.36,-20.0,Cooling,True,True,Healthy,5,TE7,87.1,98.1,2.5,1,FP_KC_TRAVIS_KELCE,80.0,80.0,TE,KC,127.3,105.434,75.31,786.3,4.85,0.0,0.0,0.0,0.0,0.0,0.0,69.0,TE7,178.26,13.0,5.0,132.0,Avoid (Red),Red,0.0,0.0,1.0,—,0.0,11.5,6.09,1.0,,,,,,,,,,,,,💤 **Breakout Sleeper (+12 ADP Delta)**,—,Consensus Alignment,—,—,99.0,,,1.0,0.0,0.0,0.0,0.0,0.0,0.0,0.0,0.0,0.0,0.0,0.0,—,—,,114.0,fade,High (Overpriced Bust Risk),0.0,0.0,,,,,KC,1250.0,0.142,26.5,0.02,0.22,KC,22.0,3.0,False,Andy Reid,89.6,19.0,22.0,19.0,33.2,16.0,—,9.0,Zone,22.0,Condensed,6.0,Chew the Clock (High Scoring Offense + Elite Defense -> Run-Heavy Second Halves),KC,21,38.45,61.55,11.0,6.4,A.Reid,78.5,,,-0.2095,,,0.7881,,,,,,,,,,0,,,,,,,,,,,,,,,117.7,10.0,19.0,9.0,0.984,14.6,8.33,119.4,124.5,59.5,94.0,10.0,TE7,7.0,92.1,127.3,7.49,3.0,$3-5,91.0,10.9,—,0,0,99,,—,7,124.0,1.027,3.299999999999997,4.75,2.0,0.1,0.1,96.75,92.1,4.65,96.75,92.1,SLEEPER,137.64,0.24,-0.062,129.11,6.4,11,TE11,2.3,12.1,0.0,3.6,137.64,0.0,-20.0,-6.2,0.0,0.0,0.0,0.0,0.0,0.0,-15.0,0.0,Tier 10,92.0,87.1,98.1,11.0,⚡ High Variance (Boom/Bust Ceiling),7.0,Tier 3,5.1,8.9,3.8
84,Dallas Goedert,TE,PHI,T6,4.67,4.67,73,TE8,118,123.5,5.5,Value Target (Discounted),SLEEPER,98.14,106.3,123.5,123.5,25.36,179.45,7.39,,0.0,0.0,80.0,80.0,0.025,0.08,0.667,16,7.0,4.2,,,0.0,Neutral,True,False,Healthy,10,TE8,118.5,129.5,2.5,1,FP_PHI_DALLAS_GOEDERT,80.0,80.0,TE,PHI,125.6,91.756,65.54,689.23,7.56,0.0,0.0,0.0,0.0,0.0,0.0,113.0,TE13,157.79,17.0,10.0,114.0,Target (Green),Green,1.0,0.0,0.0,—,0.0,35.09,19.02,1.0,,,,,,,,,,,,,🎯 **Floor TE Target ($1-$3)**,🤝 **Consensus Floor TE**,Consensus Alignment,Tier 13,Round 9,9.0,Mid-range TE1 production without AJ Brown; Sean Mannion middle-of-field scheme; $1-$2 auction target.,https://www.fantasypoints.com/nfl/articles/2026/the-gurus-2026-fantasy-football-draft-plan,2.0,0.0,1.0,0.0,0.0,0.0,0.0,0.0,0.0,0.0,0.0,0.0,TE10,T5,,131.0,fade,High (Overpriced Bust Risk),0.0,0.0,,,,,PHI,640.0,0.138,27.2,0.12,0.15,PHI,14.0,4.0,True,Sean Mannion,85.2,24.0,23.0,13.0,36.3,9.0,—,16.0,Balanced,5.0,Condensed,15.0,Chew the Clock (High Scoring Offense + Elite Defense -> Run-Heavy Second Halves),PHI,2,35.05,64.95,16.0,0.0,Unknown,74.7,,,-1.1924,,,0.6246,,,,,,,,,,0,,,,,,,,,,,,,,,103.4,20.0,13.0,-7.0,0.98,12.4,5.82,70.9,92.3,81.7,106.3,12.0,TE8,8.0,123.5,125.6,7.39,3.0,$2-4,110.0,10.2,—,0,0,99,,—,8,124.0,1.013,1.5999999999999943,-19.86,-11.7,5.5,5.5,123.5,98.14,25.36,123.5,98.14,ESPN,128.1,3.35,-0.008,127.08,4.67,12,TE12,2.0,39.5,0.0,-2.8,128.1,0.0,0.0,-0.8,0.0,0.0,0.0,0.0,0.0,0.0,12.0,0.0,Tier 11,118.0,118.5,129.5,11.0,⚡ High Variance (Boom/Bust Ceiling),8.0,Tier 3,6.1,9.9,3.8
66,Harold Fannin Jr.,TE,CLV,T5,17.13,17.13,76,TE9,69,68.8,-0.2,Fair Market Value,YAHOO,68.8,71.4,68.8,68.8,2.6,192.64,7.38,,0.0,0.0,80.0,80.0,0.0,0.15,0.5,16,5.0,2.5,,,0.0,Neutral,False,False,Healthy,11,TE9,63.8,74.8,2.5,1,FP_CLV_HAROLD_FANNIN_JR.,80.0,80.0,TE,CLV,125.4,111.93,79.95,818.68,5.41,0.0,0.0,0.0,0.0,0.0,0.0,76.0,TE8,172.68,13.0,11.0,70.0,Neutral,Black,0.0,0.0,0.0,—,0.0,0.0,0.0,0.0,,,,,,,,,,,,,🎯 **Sleeper TE**,🤝 **Consensus High**,Consensus Alignment,Tier 12,Round 7/8,7.5,Todd Monken TE-friendly scheme; athletic move-TE profile. | 🔥 Catalyst: New Situation,https://www.fantasypoints.com/nfl/articles/2026/ryan-heaths-2026-fantasy-football-rankings-and-targets,8.0,0.0,1.0,0.0,0.0,0.0,0.0,0.0,0.0,0.0,0.0,0.0,,,,63.0,consensus,Medium,0.0,0.0,,,,,,,,,,,,,,,,,,,,,,,,,,,,,,16,35.0,65.0,,0.0,—,87.7,99.0,,-0.2054,,,0.8954,,,,,,,,,,0,,,,,,,,,,,,,,,136.7,4.0,6.0,2.0,0.957,14.4,9.97,137.2,115.7,133.0,71.4,7.0,TE9,9.0,68.8,125.4,7.38,3.0,$2-4,69.0,11.3,New Situation,1,0,99,,—,9,124.0,1.011,1.4000000000000057,-0.2,2.4,-0.2,-0.2,71.4,68.8,2.6,71.4,68.8,ESPN,140.05,0.6,0.012,141.73,17.13,5,TE5,8.0,2.8,3.0,0.8,140.05,0.0,0.0,1.2,0.0,0.0,0.0,0.0,6.0,0.0,0.0,0.0,Tier 8,69.0,63.8,74.8,11.0,⚡ High Variance (Boom/Bust Ceiling),9.0,Tier 3,7.1,10.9,3.8
143,Jake Ferguson,TE,DAL,T7,-1.67,-1.67,87,TE10,96,98.1,2.1,Fair Market Value,YAHOO,111.08,115.5,98.1,98.1,17.4,167.47,7.32,,11.11,1.0,80.0,80.0,0.055,0.22,0.666,16,7.0,4.2,26.0,-0.15,-8.0,Neutral,False,True,Healthy,14,TE10,93.1,104.1,2.5,1,FP_DAL_JAKE_FERGUSON,80.0,80.0,TE,DAL,124.4,103.53,73.95,606.4,5.95,0.0,0.0,0.0,0.0,0.0,0.0,132.0,TE16,142.13,20.0,14.0,133.0,Avoid (Red),Red,0.0,0.0,1.0,—,5.93,0.0,0.0,0.0,,,,,,,,,,,,,—,—,Consensus Alignment,—,—,99.0,,,1.0,0.0,0.0,0.0,0.0,0.0,0.0,0.0,0.0,0.0,0.0,0.0,—,—,,115.0,fade,High (Overpriced Bust Risk),0.0,0.0,,,,,DAL,1680.0,0.115,24.8,-0.04,0.2,DAL,8.0,4.0,False,Brian Schottenheimer,109.1,2.0,24.1,10.0,39.9,4.0,High 11P,2.0,Gap,12.0,Very Condensed,24.0,Shootouts (High Scoring Offense + Vulnerable Defense -> Max Fantasy Ceiling),DAL,15,26.43,73.57,24.0,-3.4,B.Schottenheimer,68.8,80.3,,0.0565,,,0.1168,,,,,,,,,,0,,,,,,,,,,,,,,,112.7,12.0,14.0,2.0,0.99,14.6,7.32,106.0,102.1,75.7,115.5,15.0,TE10,10.0,98.1,124.4,7.32,3.0,$1-3,93.0,10.5,—,0,0,99,,—,10,124.0,1.003,0.4000000000000057,15.08,19.5,2.1,2.1,115.5,98.1,17.4,115.5,98.1,SLEEPER,125.91,2.25,-0.05,119.61,-1.67,15,TE15,1.0,-44.9,0.0,0.8,125.91,11.11,-8.0,-5.0,0.0,0.0,0.0,0.0,0.0,0.0,-15.0,0.0,Tier 10,96.0,93.1,104.1,11.0,⚡ High Variance (Boom/Bust Ceiling),10.0,Tier 4,8.1,11.9,3.8
73,George Kittle,TE,SF,T6,11.59,11.59,90,TE11,91,91.5,0.5,Fair Market Value,ESPN,94.89,86.7,91.5,91.5,8.19,185.08,7.3,,0.0,0.0,80.0,80.0,-0.012,0.11,0.774,16,6.0,1.6,52.0,0.1,5.0,Neutral,True,True,Healthy,8,TE11,86.5,97.5,2.5,1,FP_SF_GEORGE_KITTLE,80.0,80.0,TE,SF,124.1,97.202,69.43,787.57,6.21,0.0,0.0,0.0,0.0,0.0,0.0,67.0,TE6,174.27,13.0,8.0,90.0,Neutral,Black,0.0,0.0,0.0,—,0.0,0.0,0.0,0.0,,,,,,,,,,,,,🎯 **Value / Target ($6-$8 Auction)**,⚔️ **FP: Elite YPRR Target  vs  Guru: Dirty 30 Volatile**,FP: Elite YPRR Target  vs  Guru: Dirty 30 Volatile,Tier 13,Round 8,8.0,2.41 YPRR over 5 years (leads NFL TEs); +0.599 EPA/target (leads all NFL players); Scott Barrett core auction TE ($6-$8).,https://www.fantasypoints.com/nfl/articles/2026/the-gurus-2026-fantasy-football-draft-plan,7.0,0.0,1.0,0.0,1.0,0.0,1.0,0.0,0.0,0.0,0.0,0.0,TE8,T3,,74.0,guy,Low (High Floor Alpha),0.0,0.0,,,,,SF,890.0,0.175,28.8,0.14,0.2,SF,6.0,4.0,False,Kyle Shanahan,100.9,6.0,26.4,4.0,32.9,17.0,High 21P,8.0,Zone,3.0,Most Condensed,14.0,Shootouts (High Scoring Offense + Vulnerable Defense -> Max Fantasy Ceiling),SF,6,48.24,51.76,3.0,-1.9,K.Shanahan,99.0,68.0,,0.6067,,,2.2446,,,,,,,,,,0,,,,,,,,,,,,,,,123.9,8.0,8.0,0.0,0.977,13.3,10.03,130.8,126.9,86.1,86.7,9.0,TE11,11.0,91.5,124.1,7.3,3.0,$1-3,70.0,10.8,—,0,0,99,,—,11,124.0,1.001,0.0999999999999943,3.89,-4.3,0.5,0.5,94.89,86.7,8.19,94.89,86.7,YAHOO,136.59,4.74,-0.01,135.22,11.59,9,TE9,7.0,18.5,6.0,0.0,136.59,0.0,5.0,-1.0,0.0,0.0,0.0,0.0,0.0,0.0,0.0,0.0,Tier 10,91.0,86.5,97.5,11.0,⚡ High Variance (Boom/Bust Ceiling),11.0,Tier 4,9.1,12.9,3.8
72,Tucker Kraft,TE,GB,T5,12.45,12.45,91,TE12,64,63.4,-0.6,Fair Market Value,ESPN,89.44,60.8,63.4,63.4,28.64,178.39,7.29,,0.0,0.0,40.0,40.0,0.02,0.16,0.667,16,5.0,1.6,,,0.0,Neutral,False,True,Healthy,11,TE12,58.4,69.4,2.5,1,FP_GB_TUCKER_KRAFT,80.0,80.0,TE,GB,124.0,86.044,61.46,785.79,6.47,0.0,0.0,0.0,0.0,0.0,0.0,81.0,TE9,165.55,13.0,11.0,64.0,Neutral,Black,0.0,0.0,0.0,—,0.0,0.0,0.0,0.0,,,,,,,,,,,,,💥 **Expanded Exodia / Value**,🤝 **Consensus Target**,Consensus Alignment,Tier 13,Round 7/8,7.5,"28.5% vacated target share; .62 FP/RR (2nd in NFL), 2.54 YPRR (3rd in NFL); Jordan Love trusted weapon; Scott Barrett core target ($10).",https://www.fantasypoints.com/nfl/articles/2026/the-gurus-2026-fantasy-football-draft-plan,10.0,1.0,1.0,0.0,0.0,0.0,0.0,0.0,0.0,0.0,0.0,0.0,TE7,T3,,59.0,guy,Low (High Floor Alpha),1.0,0.0,,,,,GB,1300.0,0.112,27.8,0.04,0.16,GB,20.0,2.0,False,Matt LaFleur,90.5,16.0,23.0,13.0,36.3,9.0,High 12P,19.0,Balanced,8.0,Very Condensed,17.0,Chew the Clock (High Scoring Offense + Elite Defense -> Run-Heavy Second Halves),GB,27,38.22,61.78,13.0,-1.0,M.LaFleur,92.1,,,-0.0538,,,1.2014,,,,,,,,,,0,,,,,,,,,,,,,,,109.4,15.0,5.0,-10.0,0.969,12.3,7.42,88.3,80.4,87.9,60.8,5.0,TE12,12.0,63.4,124.0,7.29,3.0,$2-4,57.0,11.2,—,0,0,99,,—,12,124.0,1.0,0.0,25.44,-3.2,-0.6,-0.6,89.44,60.8,28.64,89.44,60.8,YAHOO,130.74,-5.6,0.042,136.23,12.45,8,TE8,10.0,-8.6,6.0,-4.0,130.74,0.0,0.0,4.2,22.0,0.0,0.0,5.0,0.0,0.0,0.0,0.0,Tier 7,64.0,58.4,69.4,11.0,⚡ High Variance (Boom/Bust Ceiling),12.0,Tier 4,10.1,13.9,3.8
78,Mark Andrews,TE,BLT,T6,9.6,9.6,100,TE13,122,129.6,7.6,Screaming Steal (Huge Value),SLEEPER,120.93,113.4,129.6,129.6,16.2,167.2,7.22,,0.0,0.0,80.0,80.0,0.0,0.15,0.5,16,7.0,2.5,,,0.0,Neutral,True,False,Healthy,13,TE13,124.6,135.6,2.5,1,FP_BLT_MARK_ANDREWS,80.0,80.0,TE,BLT,122.8,83.50999999999999,59.65,618.84,7.7,0.0,0.0,0.0,0.0,0.0,0.0,111.0,TE12,157.67,17.0,13.0,113.0,Neutral,Black,0.0,0.0,0.0,—,0.0,0.0,0.0,0.0,,,,,,,,,,,,,🎯 **TE2 Value ($1-$3)**,🤝 **Consensus High**,Consensus Alignment,Tier 14,Round 10/11,10.5,"Likely & Kolar gone; $39.3M extension; 70% slot routes; TE room built around Andrews. | 🔥 Catalyst: Role Increase, New Situation + O/S Top 100 | ⭐ #5 Ravens Offense Most Undervalued Asset",https://www.fantasypoints.com/nfl/articles/2026/the-gurus-2026-fantasy-football-draft-plan,3.0,0.0,1.0,0.0,0.0,0.0,0.0,0.0,0.0,0.0,0.0,0.0,TE13,T6,,138.0,consensus,Medium,0.0,0.0,,,,,,,,,,,,,,,,,,,,,,,,,,,,,,16,35.0,65.0,,0.0,—,73.5,87.1,,0.2652,,,0.6974,,,,,,,,,,0,,,,,,,,,,,,,,,120.9,9.0,15.0,6.0,0.992,15.6,7.55,116.5,103.9,103.3,113.4,14.0,TE13,13.0,129.6,122.8,7.22,3.0,$1,109.0,10.3,"Role Increase, New Situation + O/S Top 100",1,1,5,Ravens,#5 Ravens Offense - Most Undervalued Asset,13,124.0,0.99,0.0,-1.07,-8.6,7.6,7.6,129.6,113.4,16.2,129.6,113.4,YAHOO,131.04,0.6,0.014,132.87,9.6,10,TE10,3.0,51.6,0.0,2.4,131.04,0.0,0.0,1.4,0.0,0.0,0.0,0.0,6.0,4.0,0.0,0.0,Tier 11,122.0,124.6,135.6,11.0,⚡ High Variance (Boom/Bust Ceiling),13.0,Tier 4,11.1,14.9,3.8
113,Juwan Johnson,TE,NO,T6,0.0,0.0,121,TE14,176,189.1,13.1,Screaming Steal (Huge Value),SLEEPER,163.24,127.4,189.1,189.1,61.7,154.72,6.98,,0.0,0.0,60.0,60.0,0.005,0.15,0.663,16,5.0,,,,0.0,Neutral,True,False,Healthy,8,TE14,184.1,195.1,2.5,1,FP_NO_JUWAN_JOHNSON,80.0,80.0,TE,NO,118.6,90.566,64.69,730.25,3.27,0.0,0.0,0.0,0.0,0.0,0.0,131.0,TE15,142.85,20.0,8.0,,Neutral,Black,0.0,0.0,0.0,—,0.0,0.0,0.0,0.0,,,,,,,,,,,,,🎯 **Late TE Target ($1)**,🤝 **Consensus Value**,Consensus Alignment,Tier 14,Round 13+,13.0,Oregon roommate of Tyler Shough (11.4 FPG with Shough in W8-17); Jordyn Tyson out 2 months.,https://www.fantasypoints.com/nfl/articles/2026/mr-relevant-late-round-sleepers,1.0,0.0,1.0,0.0,0.0,0.0,0.0,0.0,0.0,0.0,0.0,0.0,TE17,T7,,,consensus,,0.0,0.0,,,,,NO,1150.0,0.035,28.2,-0.03,0.08,NO,30.0,3.0,True,Kellen Moore,85.7,23.0,22.1,18.0,35.8,10.0,High 11P,1.0,Zone,5.0,Even,27.0,Passing / Garbage Time (Low Scoring Offense + Bad Defense -> Trailing Game Scripts / Air Volume),NO,22,25.49,74.51,25.0,-2.3,K.Moore,76.8,59.7,,0.2382,,,0.6764,,,,,,,,,,0,,,,,,,,,,,,,,,109.2,16.0,17.0,1.0,0.976,14.8,7.28,105.2,109.0,66.7,127.4,19.0,TE14,14.0,189.1,118.6,6.98,4.0,$1,130.0,9.4,—,0,0,99,,—,14,124.0,0.956,0.0,-12.76,-48.6,13.1,13.1,189.1,127.4,61.7,189.1,127.4,YAHOO,122.31,-1.65,-0.006,121.58,0.0,13,TE13,1.0,76.1,0.0,0.4,122.31,0.0,0.0,-0.6,0.0,0.0,0.0,0.0,0.0,0.0,0.0,0.0,Tier 12,176.0,184.1,195.1,11.0,⚡ High Variance (Boom/Bust Ceiling),14.0,Tier 4,12.1,15.9,3.8
147,Brenton Strange,TE,JAX,T7,-2.06,-2.06,129,TE15,152,151.6,-0.4,Fair Market Value,ESPN,167.89,128.9,151.6,151.6,38.99,151.75,6.86,,0.0,0.0,80.0,80.0,0.015,0.28,0.616,16,5.0,,,,0.0,Neutral,False,False,Healthy,7,TE15,146.6,157.6,2.5,1,FP_JAX_BRENTON_STRANGE,80.0,80.0,TE,JAX,116.7,84.028,60.02,661.23,4.33,0.0,0.0,0.0,0.0,0.0,0.0,142.0,TE18,135.37,21.0,7.0,,Neutral,Black,0.0,0.0,0.0,—,0.0,0.0,0.0,0.0,,,,,,,,,,,,,🎯 **Sleeper TE**,🤝 **Consensus High**,Consensus Alignment,Tier 14,Round 12+,12.0,TE7 in total pts & TE11 in FPG in 11 healthy games in 2025; Liam Coen contract extension.,https://www.fantasypoints.com/nfl/articles/2026/the-gurus-2026-fantasy-football-draft-plan,1.0,0.0,1.0,0.0,0.0,0.0,0.0,0.0,0.0,0.0,0.0,0.0,TE19,T7,,,consensus,,0.0,0.0,,,,,JAX,2100.0,0.052,27.9,-0.02,0.1,JAX,7.0,4.0,True,Liam Coen,97.4,9.0,26.0,5.0,37.0,8.0,High 11P,21.0,Balanced,7.0,Condensed,1.0,Shootouts (High Scoring Offense + Vulnerable Defense -> Max Fantasy Ceiling),JAX,23,24.71,75.29,26.0,0.9,L.Coen,80.7,68.4,,0.033,,,0.6772,,,,,,,,,,0,,,,,,,,,,,,,,,106.9,19.0,18.0,-1.0,0.974,13.6,6.65,87.9,69.1,96.6,128.9,22.0,TE15,15.0,151.6,116.7,6.86,4.0,$1,120.0,10.1,—,0,0,99,,—,15,124.0,0.941,0.0,15.89,-23.1,-0.4,-0.4,167.89,128.9,38.99,167.89,128.9,YAHOO,118.92,1.05,0.002,119.16,-2.06,16,TE16,1.0,4.6,3.0,-0.4,118.92,0.0,0.0,0.2,0.0,0.0,0.0,0.0,0.0,0.0,0.0,0.0,Tier 12,152.0,146.6,157.6,11.0,⚡ High Variance (Boom/Bust Ceiling),15.0,Tier 4,13.1,16.9,3.8
175,Dalton Schultz,TE,HST,T7,-8.56,-8.56,158,TE16,179,193.0,14.0,Screaming Steal (Huge Value),SLEEPER,167.98,128.2,193.0,193.0,64.8,148.35,6.34,,0.0,0.0,80.0,80.0,0.0,0.15,0.5,16,5.0,,,,0.0,Neutral,True,False,Healthy,8,TE16,188.0,199.0,2.5,1,FP_HST_DALTON_SCHULTZ,80.0,80.0,TE,HST,107.8,92.176,65.84,627.14,3.36,0.0,0.0,0.0,0.0,0.0,0.0,157.0,TE22,124.51,24.0,8.0,149.0,Neutral,Black,0.0,0.0,0.0,—,0.0,0.0,0.0,0.0,,,,,,,,,,,,,💤 **Breakout Sleeper (+18 ADP Delta)**,—,Consensus Alignment,—,—,99.0,,,1.0,0.0,0.0,0.0,0.0,0.0,0.0,0.0,0.0,0.0,0.0,0.0,—,—,,,consensus,,0.0,0.0,,,,,,,,,,,,,,,,,,,,,,,,,,,,,,16,35.0,65.0,,0.0,—,75.7,56.9,,-0.5938,,,0.4163,,,,,,,,,,0,,,,,,,,,,,,,,,108.6,17.0,16.0,-1.0,0.986,13.1,7.24,93.4,106.4,81.5,128.2,21.0,TE16,16.0,193.0,107.8,6.34,4.0,$1,134.0,9.3,—,0,0,99,,—,16,124.0,0.869,0.0,-11.02,-50.8,14.0,14.0,193.0,128.2,64.8,193.0,128.2,YAHOO,112.18,0.6,-0.006,111.51,-8.56,19,TE19,1.0,18.0,0.0,-0.4,112.18,0.0,0.0,-0.6,0.0,0.0,0.0,0.0,0.0,0.0,0.0,0.0,Tier 12,179.0,188.0,199.0,11.0,⚡ High Variance (Boom/Bust Ceiling),16.0,Tier 4,14.1,17.9,3.8
136,Dalton Kincaid,TE,BUF,T7,-1.07,-1.07,159,TE17,90,89.6,-0.4,Fair Market Value,ESPN,131.73,99.0,89.6,89.6,42.13,160.18,6.32,,0.0,0.0,90.0,90.0,0.03,0.32,0.655,16,7.0,4.2,36.0,-0.02,-1.0,Neutral,False,True,Healthy,7,TE17,84.6,95.6,2.5,1,FP_BUF_DALTON_KINCAID,80.0,80.0,TE,BUF,107.4,79.926,57.09,706.79,5.48,0.0,0.0,0.0,0.0,0.0,0.0,123.0,TE14,148.24,19.0,7.0,103.0,Target (Green),Green,1.0,0.0,0.0,—,0.0,0.0,0.0,0.0,,,,,,,,,,,,,🎯 **Ceiling TE Target ($1-$3)**,🤝 **Consensus Ceiling TE**,Consensus Alignment,Tier 13,Round 9,9.0,14.1 FPG in $>50\%$ route games; uncrowded Bills offense (25.7 implied PPG); cheap $2-$3 auction target.,https://www.fantasypoints.com/nfl/articles/2026/the-gurus-2026-fantasy-football-draft-plan,3.0,0.0,1.0,0.0,0.0,0.0,0.0,0.0,0.0,0.0,0.0,0.0,TE12,T6,,146.0,fade,High (Overpriced Bust Risk),1.0,0.0,,,,,BUF,2450.0,0.155,26.9,0.08,0.2,BUF,2.0,4.5,True,Joe Brady,101.1,5.0,24.4,8.0,30.1,25.0,—,32.0,Gap,11.0,Very Spread,22.0,Shootouts (High Scoring Offense + Vulnerable Defense -> Max Fantasy Ceiling),BUF,7,23.56,76.44,28.0,-1.6,J.Brady,88.6,95.2,,0.0305,,,1.788,,,,,,,,,,0,,,,,,,,,,,,,,,110.2,14.0,10.0,-4.0,0.968,13.7,6.84,90.4,77.2,102.4,99.0,11.0,TE17,17.0,89.6,107.4,6.32,5.0,$1,92.0,10.4,—,0,0,99,,—,17,124.0,0.866,0.0,41.73,9.0,-0.4,-0.4,131.73,89.6,42.13,131.73,89.6,SLEEPER,118.31,4.7,0.017,120.32,-1.07,14,TE14,3.0,-46.4,3.0,-1.6,118.31,0.0,-1.0,1.7,0.0,0.0,0.0,5.0,0.0,0.0,12.0,0.0,Tier 10,90.0,84.6,95.6,11.0,⚡ High Variance (Boom/Bust Ceiling),17.0,Tier 5,15.1,18.9,3.8
170,Hunter Henry,TE,NE,T7,-5.14,-5.14,159,TE17,126,135.5,9.5,Screaming Steal (Huge Value),ESPN,142.82,127.7,135.5,135.5,15.12,152.92,6.32,,0.0,0.0,60.0,60.0,-0.03,0.3,0.605,16,5.0,,,,0.0,Neutral,False,False,Healthy,11,TE18,130.5,141.5,2.5,1,FP_NE_HUNTER_HENRY,80.0,80.0,TE,NE,107.4,77.756,55.54,650.55,5.43,0.0,0.0,0.0,0.0,0.0,0.0,141.0,TE17,135.61,21.0,11.0,,Neutral,Black,0.0,0.0,0.0,—,0.0,0.0,0.0,0.0,,,,,,,,,,,,,—,—,Consensus Alignment,—,—,99.0,,,1.0,0.0,0.0,0.0,0.0,0.0,0.0,0.0,0.0,0.0,0.0,0.0,—,—,,,consensus,,0.0,0.0,,,,,NE,2300.0,-0.055,29.4,-0.02,-0.07,NE,13.0,3.0,False,Josh McDaniels,104.9,4.0,24.9,6.0,34.6,13.0,—,24.0,Gap,21.0,Spread,4.0,Slugfests (Low Scoring Offense + Elite Defense -> Low Over/Unders / Grinding Games),NE,13,34.68,65.32,17.0,1.4,J.McDaniels,72.3,94.8,,0.0582,,,0.4775,,,,,,,,,,0,,,,,,,,,,,,,,,114.5,11.0,12.0,1.0,0.992,13.8,7.43,101.6,110.3,86.1,127.7,20.0,TE18,18.0,135.5,107.4,6.32,5.0,$1,133.0,9.3,—,0,0,99,,—,17,124.0,0.866,0.0,16.82,1.7,9.5,9.5,142.82,127.7,15.12,142.82,127.7,YAHOO,116.23,-2.7,-0.006,115.53,-5.14,18,TE18,1.0,-34.5,0.0,0.4,116.23,0.0,0.0,-0.6,0.0,0.0,0.0,0.0,0.0,0.0,0.0,0.0,Tier 11,126.0,130.5,141.5,11.0,⚡ High Variance (Boom/Bust Ceiling),18.0,Tier 5,16.1,19.9,3.8
177,T.J. Hockenson,TE,MIN,T7,-11.11,-11.11,167,TE19,160,164.1,4.1,Value Target (Discounted),SLEEPER,132.8,129.3,164.1,164.1,34.8,140.65,6.04,,0.0,0.0,80.0,80.0,0.035,0.19,0.691,16,5.0,,,,0.0,Neutral,False,False,Healthy,6,TE19,159.1,170.1,2.5,1,FP_MIN_T.J._HOCKENSON,80.0,80.0,TE,MIN,102.6,89.46,63.9,574.47,3.27,0.0,0.0,0.0,0.0,0.0,0.0,148.0,TE19,130.3,22.0,6.0,,Neutral,Black,0.0,0.0,0.0,—,0.0,0.0,0.0,0.0,,,,,,,,,,,,,—,—,Consensus Alignment,—,—,99.0,,,1.0,0.0,0.0,0.0,0.0,0.0,0.0,0.0,0.0,0.0,0.0,0.0,—,—,,,consensus,,0.0,0.0,,,,,MIN,1580.0,0.085,27.1,-0.02,0.15,MIN,9.0,4.0,True,Kevin O'Connell,76.2,28.0,18.9,26.0,37.4,5.0,—,25.0,Balanced,23.0,Condensed,5.0,Shootouts (High Scoring Offense + Vulnerable Defense -> Max Fantasy Ceiling),MIN,12,31.97,68.03,18.0,1.4,K.O'Connell,71.7,87.8,,0.0058,,,0.278,,,,,,,,,,0,,,,,,,,,,,,,,,101.2,21.0,24.0,3.0,0.974,14.7,5.75,82.3,82.8,80.7,129.3,23.0,TE19,19.0,164.1,102.6,6.04,5.0,$1,149.0,9.0,—,0,0,99,,—,19,124.0,0.827,0.0,-27.2,-30.7,4.1,4.1,164.1,129.3,34.8,164.1,129.3,YAHOO,109.17,1.65,-0.006,108.51,-11.11,20,TE20,1.0,-12.9,0.0,1.2,109.17,0.0,0.0,-0.6,0.0,0.0,0.0,0.0,0.0,0.0,0.0,0.0,Tier 12,160.0,159.1,170.1,11.0,⚡ High Variance (Boom/Bust Ceiling),19.0,Tier 5,17.1,20.9,3.8
213,Charlie Kolar,TE,LAC,T8,-30.76,-30.76,169,TE20,313,999.0,686.0,Screaming Steal (Huge Value),ESPN,999.0,999.0,999.0,999.0,0.0,55.41,5.94,,0.0,0.0,60.0,60.0,-0.035,0.38,0.663,16,5.0,,,,0.0,Neutral,False,False,Healthy,7,TE20,994.0,1005.0,2.5,1,FP_LAC_CHARLIE_KOLAR,80.0,80.0,TE,LAC,101.0,28.307999999999996,20.22,230.28,2.04,0.0,0.0,0.0,0.0,0.0,0.0,335.0,TE45,55.73,29.0,7.0,,Neutral,Black,0.0,0.0,0.0,—,0.0,0.0,0.0,0.0,,,,,,,,,,,,,—,—,Consensus Alignment,—,—,99.0,,,1.0,0.0,0.0,0.0,0.0,0.0,0.0,0.0,0.0,0.0,0.0,0.0,—,—,,,consensus,,0.0,0.0,,,,,LAC,2900.0,0.06,29.2,0.05,0.07,LAC,32.0,3.0,False,Mike McDaniel,91.9,15.0,26.7,3.0,35.4,11.0,High 21P,31.0,Zone,1.0,Very Condensed,28.0,Chew the Clock (High Scoring Offense + Elite Defense -> Run-Heavy Second Halves),LAC,9,18.72,81.28,30.0,-1.4,M.McDaniel,,85.4,,,,,,,,,,,,,,,0,,,,,,,,,,,,,,,,,,,,,,,,,,,TE20,20.0,999.0,101.0,5.94,5.0,$1,,,—,0,0,99,,—,20,124.0,0.815,0.0,686.0,686.0,686.0,686.0,999.0,999.0,0.0,999.0,999.0,CONSENSUS,85.91,-2.85,-0.006,85.39,-30.76,28,TE28,1.0,786.0,4.0,0.0,85.91,0.0,0.0,-0.6,0.0,0.0,0.0,0.0,0.0,0.0,0.0,0.0,Tier 12,313.0,309.9,220.0,-89.9,🎯 High Consensus (Safe Floor),20.0,Tier 5,18.1,21.9,3.8
163,Isaiah Likely,TE,NYG,T7,-4.01,-4.01,171,TE21,105,107.3,2.3,Fair Market Value,ESPN,127.61,109.2,107.3,107.3,20.31,165.28,5.91,,0.0,0.0,60.0,60.0,-0.01,0.31,0.558,16,7.0,2.5,,,0.0,Neutral,False,True,Healthy,8,TE21,102.3,113.3,2.5,1,FP_NYG_ISAIAH_LIKELY,80.0,80.0,TE,NYG,100.4,88.354,63.11,745.31,5.03,0.0,0.0,0.0,0.0,0.0,0.0,82.0,TE10,166.05,13.0,8.0,125.0,Neutral,Black,0.0,0.0,0.0,—,0.0,0.0,0.0,0.0,,,,,,,,,,,,,—,—,Consensus Alignment,—,—,99.0,🔥 Catalyst: New Situation + O/S Top 100,,1.0,0.0,0.0,0.0,0.0,0.0,0.0,0.0,0.0,0.0,0.0,0.0,—,—,,139.0,consensus,Medium,0.0,0.0,,,,,NYG,2350.0,-0.01,27.7,0.0,-0.02,NYG,18.0,3.0,True,Matt Nagy,89.6,19.0,24.1,12.0,32.6,21.0,—,21.0,Zone,17.0,Even,16.0,Shootouts (High Scoring Offense + Vulnerable Defense -> Max Fantasy Ceiling),NYG,18,38.25,61.75,12.0,1.3,M.Nagy,79.7,96.2,,0.3556,,,0.512,,,,,,,,,,0,,,,,,,,,,,,,,,98.7,22.0,21.0,-1.0,0.971,14.7,5.54,79.0,65.8,69.2,109.2,13.0,TE21,21.0,107.3,100.4,5.91,5.0,$1,132.0,9.3,New Situation + O/S Top 100,1,0,99,,—,21,124.0,0.81,0.0,22.61,4.2,2.3,2.3,127.61,107.3,20.31,127.61,107.3,SLEEPER,116.39,-2.1,0.004,116.86,-4.01,17,TE17,1.0,-55.7,0.0,-0.4,116.39,0.0,0.0,0.4,0.0,0.0,0.0,0.0,6.0,0.0,0.0,0.0,Tier 10,105.0,102.3,113.3,11.0,⚡ High Variance (Boom/Bust Ceiling),21.0,Tier 6,19.1,22.9,3.8
183,Cade Otton,TE,TB,T8,-15.38,-15.38,179,TE22,223,237.3,14.3,Screaming Steal (Huge Value),ESPN,237.3,237.3,237.3,237.3,0.0,128.87,5.72,,0.0,0.0,80.0,80.0,0.028,0.11,0.75,16,5.0,,,,0.0,Neutral,False,False,Healthy,10,TE22,232.3,243.3,2.5,1,FP_TB_CADE_OTTON,80.0,80.0,TE,TB,97.3,76.776,54.84,557.41,3.09,0.0,0.0,0.0,0.0,0.0,0.0,230.0,TE25,117.69,29.0,10.0,,Neutral,Black,0.0,0.0,0.0,—,0.0,0.0,0.0,0.0,,,,,,,,,,,,,—,—,Consensus Alignment,—,—,99.0,,,1.0,0.0,0.0,0.0,0.0,0.0,0.0,0.0,0.0,0.0,0.0,0.0,—,—,,,consensus,,0.0,0.0,,,,,TB,820.0,0.078,27.5,-0.03,0.14,TB,26.0,4.0,False,Zac Robinson,89.8,18.0,27.9,2.0,30.4,24.0,High 12P,13.0,Zone,2.0,Condensed,20.0,Slugfests (Low Scoring Offense + Elite Defense -> Low Over/Unders / Grinding Games),TB,5,26.78,73.22,23.0,-6.6,Z.Robinson,63.5,63.6,,-0.3987,,,-0.2444,,,,,,,,,,0,,,,,,,,,,,,,,,,,,,,,,,,,,,TE22,22.0,237.3,97.3,5.72,5.0,$1,192.0,7.8,—,0,0,99,,—,22,124.0,0.785,0.0,14.3,14.3,14.3,14.3,237.3,237.3,0.0,237.3,237.3,ESPN,104.1,3.44,-0.006,103.48,-15.38,21,TE21,1.0,54.3,0.0,0.0,104.1,0.0,0.0,-0.6,0.0,0.0,0.0,0.0,0.0,0.0,0.0,0.0,Tier 12,223.0,219.9,220.0,0.1,🎯 High Consensus (Safe Floor),22.0,Tier 6,20.1,23.9,3.8
184,AJ Barner,TE,SEA,T8,-15.83,-15.83,182,TE23,173,185.4,12.4,Screaming Steal (Huge Value),SLEEPER,169.41,126.0,185.4,185.4,59.4,124.38,5.51,,0.0,0.0,70.0,70.0,0.0,0.17,0.774,16,5.0,,,,0.0,Neutral,False,False,Healthy,11,TE23,180.4,191.4,2.5,1,FP_SEA_AJ_BARNER,80.0,80.0,TE,SEA,93.7,67.99799999999999,48.57,469.89,4.88,0.0,0.0,0.0,0.0,0.0,0.0,228.0,TE24,118.74,29.0,11.0,,Neutral,Black,0.0,0.0,0.0,—,0.0,0.0,0.0,0.0,,,,,,,,,,,,,—,—,Consensus Alignment,—,—,99.0,,,1.0,0.0,0.0,0.0,0.0,0.0,0.0,0.0,0.0,0.0,0.0,0.0,—,—,,,consensus,,0.0,0.0,,,,,SEA,1340.0,0.058,28.0,0.02,0.08,SEA,10.0,3.5,False,Brian Fleury,96.6,11.0,26.4,4.0,32.9,17.0,—,16.0,Zone,4.0,Even,14.0,Chew the Clock (High Scoring Offense + Elite Defense -> Run-Heavy Second Halves),SEA,14,46.7,53.3,4.0,0.0,Unknown,79.1,62.7,,0.5597,,,0.1228,,,,,,,,,,0,,,,,,,,,,,,,,,108.2,18.0,23.0,5.0,0.985,12.9,7.64,97.3,102.3,72.4,126.0,16.0,TE23,23.0,185.4,93.7,5.51,6.0,$1,151.0,8.7,—,0,0,99,,—,23,124.0,0.756,0.0,-3.59,-47.0,12.4,12.4,185.4,126.0,59.4,185.4,126.0,YAHOO,103.58,1.9,-0.006,102.96,-15.83,22,TE22,1.0,1.4,0.0,2.0,103.58,0.0,0.0,-0.6,0.0,0.0,0.0,0.0,0.0,0.0,0.0,0.0,Tier 12,173.0,180.4,191.4,11.0,⚡ High Variance (Boom/Bust Ceiling),23.0,Tier 6,21.1,24.9,3.8
186,Chig Okonkwo,TE,WAS,T8,-17.31,-17.31,186,TE24,174,187.0,13.0,Screaming Steal (Huge Value),SLEEPER,169.76,126.3,187.0,187.0,60.7,126.15,5.29,,0.0,0.0,40.0,40.0,0.012,0.23,0.65,16,7.0,3.8,,,0.0,Neutral,False,False,Healthy,7,TE24,182.0,193.0,2.5,1,FP_WAS_CHIG_OKONKWO,80.0,80.0,TE,WAS,89.9,73.86399999999999,52.76,569.47,2.78,0.0,0.0,0.0,0.0,0.0,0.0,150.0,TE20,128.6,23.0,7.0,,Neutral,Black,0.0,0.0,0.0,—,0.0,0.0,0.0,0.0,,,,,,,,,,,,,—,—,Consensus Alignment,—,—,99.0,,,1.0,0.0,0.0,0.0,0.0,0.0,0.0,0.0,0.0,0.0,0.0,0.0,—,—,,113.0,dragon,High (Elite Ceiling),0.0,0.0,,,,,WAS,1780.0,0.088,25.1,0.07,0.1,WAS,24.0,2.0,True,David Blough,80.9,26.0,22.0,18.0,36.0,10.0,More 12P,5.0,Gap,12.0,Even,12.0,Shootouts (High Scoring Offense + Vulnerable Defense -> Max Fantasy Ceiling),WAS,25,30.3,69.7,21.0,0.0,Unknown,76.7,72.9,,0.403,,,0.1793,,,,,,,,,,0,,,,,,,,,,,,,,,94.1,23.0,22.0,-1.0,0.967,14.1,5.14,70.1,78.8,67.2,126.3,17.0,TE24,24.0,187.0,89.9,5.29,6.0,$1,188.0,8.6,—,0,0,99,,—,24,124.0,0.725,0.0,-4.24,-47.7,13.0,13.0,187.0,126.3,60.7,187.0,126.3,YAHOO,100.62,-3.84,0.006,101.22,-17.31,23,TE23,1.0,1.0,0.0,-0.4,100.62,0.0,0.0,0.6,0.0,0.0,0.0,0.0,0.0,0.0,0.0,0.0,Tier 12,174.0,182.0,193.0,11.0,⚡ High Variance (Boom/Bust Ceiling),24.0,Tier 6,22.1,25.9,3.8
199,Pat Freiermuth,TE,PIT,T8,-23.31,-23.31,191,TE25,227,239.9,12.9,Screaming Steal (Huge Value),ESPN,239.9,239.9,239.9,239.9,0.0,134.13,5.09,,0.0,0.0,70.0,70.0,-0.05,0.28,0.691,16,5.0,,,,0.0,Neutral,False,False,Healthy,9,TE25,234.9,245.9,2.5,1,FP_PIT_PAT_FREIERMUTH,80.0,80.0,TE,PIT,86.6,74.172,52.98,560.0,4.27,0.0,0.0,0.0,0.0,0.0,0.0,238.0,TE26,110.99,29.0,9.0,,Neutral,Black,0.0,0.0,0.0,—,0.0,0.0,0.0,0.0,,,,,,,,,,,,,—,—,Consensus Alignment,—,—,99.0,,,1.0,0.0,0.0,0.0,0.0,0.0,0.0,0.0,0.0,0.0,0.0,0.0,—,—,,,consensus,,0.0,0.0,,,,,PIT,2150.0,0.03,29.6,0.04,0.02,PIT,12.0,3.5,False,Mike McCarthy,90.1,17.0,18.0,27.0,46.2,1.0,—,1.0,Zone,25.0,Spread,9.0,Slugfests (Low Scoring Offense + Elite Defense -> Low Over/Unders / Grinding Games),PIT,19,41.2,58.8,6.0,4.6,M.McCarthy,78.8,76.7,,0.3968,,,0.375,,,,,,,,,,0,,,,,,,,,,,,,,,,,,,,,,,,,,,TE25,25.0,239.9,86.6,5.09,6.0,$1,190.0,8.0,—,0,0,99,,—,25,124.0,0.698,0.0,12.9,12.9,12.9,12.9,239.9,239.9,0.0,239.9,239.9,ESPN,94.73,-2.1,-0.006,94.16,-23.31,24,TE24,1.0,40.9,0.0,0.0,94.73,0.0,0.0,-0.6,0.0,0.0,0.0,0.0,0.0,0.0,0.0,0.0,Tier 12,227.0,223.9,220.0,-3.9,🎯 High Consensus (Safe Floor),25.0,Tier 6,23.1,26.9,3.8
323,Jonnu Smith,TE,FA,T8,-99.99,-99.99,311,TE60,8,8.0,0.0,Fair Market Value,ESPN,8.0,8.0,8.0,8.0,0.0,30.0,0.24,,0.0,0.0,80.0,80.0,0.0,0.15,0.5,16,5.0,,,,0.0,Neutral,False,True,Healthy,0,TE26,3.0,14.0,2.5,1,FP_FA_JONNU_SMITH,80.0,80.0,TE,FA,4.0,,,,,,,,,,,,,,,0.0,,Neutral,Black,0.0,0.0,0.0,—,0.0,0.0,0.0,0.0,,,,,,,,,,,,,—,—,Consensus Alignment,—,—,99.0,,,1.0,0.0,0.0,0.0,0.0,0.0,0.0,0.0,0.0,0.0,0.0,0.0,—,—,,,consensus,,0.0,0.0,,,,,,,,,,,,,,,,,,,,,,,,,,,,,,16,35.0,65.0,,0.0,—,71.6,73.1,,-0.0832,,,0.1527,,,,,,,,,,0,,,,,,,,,,,,,,,,,,,,,,,,,,,TE26,26.0,8.0,4.0,0.24,6.0,$1,,,—,0,0,99,,—,60,124.0,0.032,0.0,0.0,0.0,0.0,0.0,8.0,8.0,0.0,8.0,8.0,ESPN,3.96,0.6,-0.006,3.94,-99.99,60,TE60,1.0,-315.0,0.0,0.0,3.96,0.0,0.0,-0.6,0.0,0.0,0.0,0.0,0.0,0.0,0.0,0.0,Tier 2,8.0,4.9,11.1,6.2,⚖️ Moderate Variance,26.0,Tier 7,24.1,27.9,3.8
210,Gunnar Helm,TE,TEN,T8,-28.21,-28.21,194,TE26,218,233.4,15.4,Screaming Steal (Huge Value),ESPN,233.4,233.4,233.4,233.4,0.0,111.57,4.92,,0.0,0.0,40.0,40.0,-0.02,0.33,0.588,16,5.0,,,,0.0,Neutral,False,False,Healthy,9,TE27,228.4,239.4,2.5,1,FP_TEN_GUNNAR_HELM,80.0,80.0,TE,TEN,83.6,68.47399999999999,48.91,444.07,3.11,0.0,0.0,0.0,0.0,0.0,0.0,254.0,TE28,101.72,29.0,9.0,,Neutral,Black,0.0,0.0,0.0,—,0.0,0.0,0.0,0.0,,,,,,,,,,,,,—,—,Consensus Alignment,—,—,99.0,,,1.0,0.0,0.0,0.0,0.0,0.0,0.0,0.0,0.0,0.0,0.0,0.0,—,—,,,consensus,,0.0,0.0,,,,,TEN,2550.0,0.01,29.0,0.03,-0.01,TEN,25.0,2.0,False,Brian Daboll,74.1,29.0,19.9,23.0,32.6,21.0,High 12P,12.0,Balanced,28.0,Very Spread,13.0,Slugfests (Low Scoring Offense + Elite Defense -> Low Over/Unders / Grinding Games),TEN,31,20.11,79.89,29.0,-1.4,B.Daboll,71.3,75.2,,0.4358,,,0.3921,,,,,,,,,,0,,,,,,,,,,,,,,,,,,,,,,,,,,,TE27,27.0,233.4,83.6,4.92,6.0,$1,191.0,7.8,—,0,0,99,,—,26,124.0,0.674,0.0,15.4,15.4,15.4,15.4,233.4,233.4,0.0,233.4,233.4,ESPN,89.64,-6.8,-0.014,88.39,-28.21,27,TE27,1.0,23.4,0.0,0.0,89.64,0.0,0.0,-1.4,0.0,0.0,0.0,0.0,0.0,0.0,0.0,0.0,Tier 12,218.0,214.9,220.0,5.1,⚖️ Moderate Variance,27.0,Tier 7,25.1,28.9,3.8
208,Evan Engram,TE,DEN,T8,-27.33,-27.33,196,TE27,305,999.0,694.0,Screaming Steal (Huge Value),ESPN,999.0,999.0,999.0,999.0,0.0,117.11,4.87,,0.0,0.0,100.0,100.0,-0.018,0.27,0.563,16,5.0,,34.0,-0.05,-2.5,Neutral,False,False,Healthy,10,TE28,994.0,1005.0,2.5,1,FP_DEN_EVAN_ENGRAM,80.0,80.0,TE,DEN,82.8,74.788,53.42,475.92,2.73,0.0,0.0,0.0,0.0,0.0,0.0,247.0,TE27,104.31,29.0,10.0,,Neutral,Black,0.0,0.0,0.0,—,0.0,0.0,0.0,0.0,,,,,,,,,,,,,—,—,Consensus Alignment,—,—,99.0,,,1.0,0.0,0.0,0.0,0.0,0.0,0.0,0.0,0.0,0.0,0.0,0.0,—,—,,,consensus,,0.0,0.0,,,,,DEN,2100.0,0.02,28.9,0.01,0.03,DEN,4.0,5.0,True,Sean Payton/Webb,94.5,13.0,24.2,9.0,32.6,21.0,—,7.0,Gap,26.0,Most Spread,2.0,Balanced Environment,DEN,1,17.22,82.78,31.0,1.7,S.Payton,69.5,83.2,,-0.0406,,,0.2982,,,,,,,,,,0,,,,,,,,,,,,,,,,,,,,,,,,,,,TE28,28.0,999.0,82.8,4.87,6.0,$1,,,—,0,0,99,,—,27,124.0,0.668,0.0,694.0,694.0,694.0,694.0,999.0,999.0,0.0,999.0,999.0,CONSENSUS,89.97,4.46,-0.006,89.43,-27.33,26,TE26,1.0,791.0,0.0,0.0,89.97,0.0,-2.5,-0.6,0.0,0.0,0.0,0.0,0.0,0.0,0.0,0.0,Tier 12,305.0,301.9,220.0,-81.9,🎯 High Consensus (Safe Floor),28.0,Tier 7,26.1,29.9,3.8
216,Greg Dulcich,TE,MIA,T8,-32.15,-32.15,199,TE28,211,229.7,18.7,Screaming Steal (Huge Value),ESPN,229.7,229.7,229.7,229.7,0.0,133.52,4.59,,0.0,0.0,50.0,50.0,0.04,0.12,0.732,16,7.0,1.6,,,0.0,Neutral,False,False,Healthy,6,TE29,224.7,235.7,2.5,1,FP_MIA_GREG_DULCICH,80.0,80.0,TE,MIA,78.1,76.398,54.57,619.99,3.22,0.0,0.0,0.0,0.0,0.0,0.0,260.0,TE29,95.07,29.0,6.0,,Neutral,Black,0.0,0.0,0.0,—,0.0,0.0,0.0,0.0,,,,,,,,,,,,,🎯 **Guru's Sleeper TE ($1)**,🤝 **Consensus Sleeper**,Consensus Alignment,Tier 14,Round 18 (18.01),18.01,"Guru's ""Sleeper TE of 2026""; 2.64 YPRR (2nd in NFL); Malik Willis top target.",https://www.fantasypoints.com/nfl/articles/2026/mr-relevant-late-round-sleepers,1.0,0.0,1.0,0.0,0.0,0.0,0.0,0.0,0.0,0.0,0.0,0.0,,,,147.0,guy,Low (High Floor Alpha),0.0,0.0,,,,,MIA,950.0,0.118,24.2,0.06,0.16,MIA,31.0,2.5,True,Bobby Slowik,81.6,25.0,20.3,22.0,37.3,6.0,—,24.0,Balanced,15.0,Condensed,7.0,Passing / Garbage Time (Low Scoring Offense + Bad Defense -> Trailing Game Scripts / Air Volume),MIA,30,35.51,64.49,15.0,0.3,B.Slowik,79.5,79.8,,0.7718,,,1.0534,,,,,,,,,,0,,,,,,,,,,,,,,,,,,,,,,,,,,,TE29,29.0,229.7,78.1,4.59,7.0,$1,152.0,8.6,—,0,0,99,,—,28,124.0,0.63,0.0,18.7,18.7,18.7,18.7,229.7,229.7,0.0,229.7,229.7,ESPN,83.76,-3.8,0.0,83.76,-32.15,29,TE29,1.0,13.7,0.0,0.0,83.76,0.0,0.0,0.0,0.0,0.0,0.0,0.0,0.0,0.0,0.0,0.0,Tier 12,211.0,207.9,214.1,6.2,⚖️ Moderate Variance,29.0,Tier 7,27.1,30.9,3.8
238,Michael Mayer,TE,LV,T8,-45.09,-45.09,207,TE29,304,999.0,695.0,Screaming Steal (Huge Value),ESPN,999.0,999.0,999.0,999.0,0.0,90.01,4.35,,0.0,0.0,50.0,50.0,-0.005,0.29,0.696,16,5.0,,,,0.0,Neutral,False,False,Healthy,13,TE30,994.0,1005.0,2.5,1,FP_LV_MICHAEL_MAYER,80.0,80.0,TE,LV,73.9,56.014,40.01,376.31,2.1,0.0,0.0,0.0,0.0,0.0,0.0,327.0,TE44,59.02,29.0,13.0,,Neutral,Black,0.0,0.0,0.0,—,0.0,0.0,0.0,0.0,,,,,,,,,,,,,—,—,Consensus Alignment,—,—,99.0,,,1.0,0.0,0.0,0.0,0.0,0.0,0.0,0.0,0.0,0.0,0.0,0.0,—,—,,,consensus,,0.0,0.0,,,,,LV,2250.0,0.015,28.5,-0.04,0.05,LV,28.0,2.5,False,Klint Kubiak,70.9,31.0,22.8,14.0,34.5,14.0,—,27.0,Zone,13.0,Even,19.0,Passing / Garbage Time (Low Scoring Offense + Bad Defense -> Trailing Game Scripts / Air Volume),LV,24,40.2,59.8,8.0,-4.3,K.Kubiak,68.1,89.6,,-0.8924,,,-0.088,,,,,,,,,,0,,,,,,,,,,,,,,,,,,,,,,,,,,,TE30,30.0,999.0,73.9,4.35,7.0,$1,,,—,0,0,99,,—,29,124.0,0.596,0.0,695.0,695.0,695.0,695.0,999.0,999.0,0.0,999.0,999.0,CONSENSUS,68.94,-3.15,-0.006,68.53,-45.09,35,TE35,1.0,761.0,0.0,0.0,68.94,0.0,0.0,-0.6,0.0,0.0,0.0,0.0,0.0,0.0,0.0,0.0,Tier 12,304.0,300.9,220.0,-80.9,🎯 High Consensus (Safe Floor),30.0,Tier 7,28.1,31.9,3.8
207,Kenyon Sadiq,TE,NYJ,T8,-26.94,-26.94,208,TE30,137,149.4,12.4,Screaming Steal (Huge Value),SLEEPER,146.91,130.0,149.4,149.4,19.4,125.27,4.32,,0.0,0.0,60.0,60.0,0.015,0.21,0.613,16,7.0,2.5,,,0.0,Neutral,False,False,Healthy,13,TE31,144.4,155.4,2.5,1,FP_NYJ_KENYON_SADIQ,80.0,80.0,TE,NYJ,73.4,68.586,48.99,537.62,3.99,0.0,0.0,0.0,0.0,0.0,0.0,151.0,TE21,124.82,23.0,13.0,,Neutral,Black,0.0,0.0,0.0,—,0.0,0.0,0.0,0.0,,,,,,,,,,,,,—,—,Consensus Alignment,—,—,99.0,🔥 Catalyst: New Situation (Rookie) + O/S Top 100,,1.0,0.0,0.0,0.0,0.0,0.0,0.0,0.0,0.0,0.0,0.0,0.0,—,—,,130.0,consensus,Medium,0.0,0.0,,,,,NYJ,1650.0,0.065,26.8,0.03,0.09,NYJ,17.0,3.0,False,Frank Reich,71.1,30.0,24.9,6.0,29.8,26.0,High 11P,10.0,Balanced,27.0,Spread,8.0,Balanced Environment,NYJ,17,23.57,76.43,27.0,-1.3,F.Reich,,74.3,,,,,,,,,,,,,Kenyon Sadiq,NYJ,1,1.0,16.0,48.8,56.0,33.3,129.8,4.39,43.5,133.0,241.0,2.3,23.1,100.0,17.0,86.5,24.0,20.0,-4.0,0.819,12.2,6.63,66.3,63.1,33.7,130.0,24.0,TE31,31.0,149.4,73.4,4.32,7.0,$1,189.0,8.3,New Situation (Rookie) + O/S Top 100,1,0,99,,—,30,124.0,0.592,0.0,9.91,-7.0,12.4,12.4,149.4,130.0,19.4,149.4,130.0,YAHOO,89.53,-1.35,0.004,89.89,-26.94,25,TE25,1.0,-57.6,0.0,-1.6,89.53,0.0,0.0,0.4,0.0,0.0,0.0,0.0,6.0,0.0,0.0,0.0,Tier 12,137.0,144.4,155.4,11.0,⚡ High Variance (Boom/Bust Ceiling),31.0,Tier 8,29.1,32.9,3.8
227,Colby Parkinson,TE,LA,T8,-39.1,-39.1,213,TE31,357,251.4,-105.6,Severe Reach (Overpriced),ESPN,251.4,251.4,251.4,251.4,0.0,90.51,4.28,,0.0,0.0,80.0,80.0,0.0,0.15,0.5,16,5.0,,,,0.0,Neutral,False,False,Healthy,11,TE32,246.4,257.4,2.5,1,FP_LA_COLBY_PARKINSON,80.0,80.0,TE,LA,72.7,46.66199999999999,33.33,342.51,4.04,0.0,0.0,0.0,0.0,0.0,0.0,278.0,TE31,82.72,29.0,11.0,,Neutral,Black,0.0,0.0,0.0,—,0.0,0.0,0.0,0.0,,,,,,,,,,,,,—,—,Consensus Alignment,—,—,99.0,,,1.0,0.0,0.0,0.0,0.0,0.0,0.0,0.0,0.0,0.0,0.0,0.0,—,—,,,consensus,,0.0,0.0,,,,,,,,,,,,,,,,,,,,,,,,,,,,,,16,35.0,65.0,,0.0,—,71.9,69.1,,-0.5763,,,0.5297,,,,,,,,,,0,,,,,,,,,,,,,,,,,,,,,,,,,,,TE32,32.0,251.4,72.7,4.28,7.0,$1,,,—,0,0,99,,—,31,124.0,0.586,0.0,-105.6,-105.6,-105.6,-105.6,251.4,251.4,0.0,251.4,251.4,ESPN,76.04,0.6,-0.006,75.58,-39.1,31,TE31,1.0,24.4,0.0,0.0,76.04,0.0,0.0,-0.6,0.0,0.0,0.0,0.0,0.0,0.0,0.0,0.0,Tier 12,357.0,353.9,220.0,-133.9,🎯 High Consensus (Safe Floor),32.0,Tier 8,30.1,33.9,3.8
237,Mason Taylor,TE,NYJ,T8,-43.97,-43.97,219,TE32,203,224.3,21.3,Screaming Steal (Huge Value),ESPN,224.3,224.3,224.3,224.3,0.0,101.26,4.09,,0.0,0.0,60.0,60.0,0.015,0.21,0.613,16,5.0,,,,0.0,Neutral,False,False,Healthy,13,TE33,219.3,230.3,2.5,1,FP_NYJ_MASON_TAYLOR,80.0,80.0,TE,NYJ,69.6,64.61,46.15,405.91,2.46,0.0,0.0,0.0,0.0,0.0,0.0,298.0,TE35,71.61,29.0,13.0,,Neutral,Black,0.0,0.0,0.0,—,0.0,0.0,0.0,0.0,,,,,,,,,,,,,—,—,Consensus Alignment,—,—,99.0,,,1.0,0.0,0.0,0.0,0.0,0.0,0.0,0.0,0.0,0.0,0.0,0.0,—,—,,,consensus,,0.0,0.0,,,,,NYJ,1650.0,0.065,26.8,0.03,0.09,NYJ,17.0,3.0,False,Frank Reich,71.1,30.0,24.9,6.0,29.8,26.0,High 11P,10.0,Balanced,27.0,Spread,8.0,Balanced Environment,NYJ,17,23.57,76.43,27.0,-1.3,F.Reich,58.9,65.9,,0.9848,,,-0.4831,,,,,,,,,,0,,,,,,,,,,,,,,,,,,,,,,,,,,,TE33,33.0,224.3,69.6,4.09,7.0,$1,,,—,0,0,99,,—,32,124.0,0.561,0.0,21.3,21.3,21.3,21.3,224.3,224.3,0.0,224.3,224.3,ESPN,70.27,-1.35,-0.006,69.85,-43.97,34,TE34,1.0,-12.7,0.0,0.0,70.27,0.0,0.0,-0.6,0.0,0.0,0.0,0.0,0.0,0.0,0.0,0.0,Tier 12,203.0,199.9,206.1,6.2,⚖️ Moderate Variance,33.0,Tier 8,31.1,34.9,3.8
228,Mike Gesicki,TE,CIN,T8,-39.94,-39.94,221,TE33,301,999.0,698.0,Screaming Steal (Huge Value),ESPN,999.0,999.0,999.0,999.0,0.0,106.08,4.05,,0.0,0.0,60.0,60.0,0.05,0.18,0.751,16,5.0,,,,0.0,Neutral,False,False,Healthy,6,TE34,994.0,1005.0,2.5,1,FP_CIN_MIKE_GESICKI,80.0,80.0,TE,CIN,68.8,57.946,41.39,434.28,3.57,0.0,0.0,0.0,0.0,0.0,0.0,274.0,TE30,87.51,29.0,6.0,,Neutral,Black,0.0,0.0,0.0,—,0.0,0.0,0.0,0.0,,,,,,,,,,,,,—,—,Consensus Alignment,—,—,99.0,,,1.0,0.0,0.0,0.0,0.0,0.0,0.0,0.0,0.0,0.0,0.0,0.0,—,—,,,consensus,,0.0,0.0,,,,,CIN,1420.0,0.125,25.2,0.01,0.21,CIN,19.0,3.0,False,Zac Taylor,98.6,7.0,22.5,15.0,42.5,3.0,—,11.0,Gap,20.0,Very Spread,15.0,Shootouts (High Scoring Offense + Vulnerable Defense -> Max Fantasy Ceiling),CIN,28,31.69,68.31,19.0,3.6,Z.Taylor,66.6,77.9,,0.0576,,,0.111,,,,,,,,,,0,,,,,,,,,,,,,,,,,,,,,,,,,,,TE34,34.0,999.0,68.8,4.05,7.0,$1,,,—,0,0,99,,—,33,124.0,0.555,0.0,698.0,698.0,698.0,698.0,999.0,999.0,0.0,999.0,999.0,CONSENSUS,75.04,-2.3,-0.006,74.59,-39.94,32,TE32,1.0,771.0,0.0,0.0,75.04,0.0,0.0,-0.6,0.0,0.0,0.0,0.0,0.0,0.0,0.0,0.0,Tier 12,301.0,297.9,220.0,-77.9,🎯 High Consensus (Safe Floor),34.0,Tier 8,32.1,35.9,3.8
242,Theo Johnson,TE,NYG,T8,-47.02,-47.02,223,TE34,214,232.2,18.2,Screaming Steal (Huge Value),ESPN,232.2,232.2,232.2,232.2,0.0,76.2,3.96,,0.0,0.0,60.0,60.0,-0.01,0.31,0.558,16,5.0,,,,0.0,Neutral,False,False,Healthy,8,TE35,227.2,238.2,2.5,1,FP_NYG_THEO_JOHNSON,80.0,80.0,TE,NYG,67.4,38.934,27.81,313.69,2.86,0.0,0.0,0.0,0.0,0.0,0.0,316.0,TE39,65.18,29.0,8.0,,Neutral,Black,0.0,0.0,0.0,—,0.0,0.0,0.0,0.0,,,,,,,,,,,,,—,—,Consensus Alignment,—,—,99.0,,,1.0,0.0,0.0,0.0,0.0,0.0,0.0,0.0,0.0,0.0,0.0,0.0,—,—,,,consensus,,0.0,0.0,,,,,NYG,2350.0,-0.01,27.7,0.0,-0.02,NYG,18.0,3.0,True,Matt Nagy,89.6,19.0,24.1,12.0,32.6,21.0,—,21.0,Zone,17.0,Even,16.0,Shootouts (High Scoring Offense + Vulnerable Defense -> Max Fantasy Ceiling),NYG,18,38.25,61.75,12.0,1.3,M.Nagy,58.5,67.6,,0.3656,,,-0.232,,,,,,,,,,0,,,,,,,,,,,,,,,,,,,,,,,,,,,TE35,35.0,232.2,67.4,3.96,7.0,$1,,,—,0,0,99,,—,34,124.0,0.544,0.0,18.2,18.2,18.2,18.2,232.2,232.2,0.0,232.2,232.2,ESPN,66.66,-2.1,-0.006,66.26,-47.02,36,TE36,1.0,-9.8,0.0,0.0,66.66,0.0,0.0,-0.6,0.0,0.0,0.0,0.0,0.0,0.0,0.0,0.0,Tier 12,214.0,210.9,217.1,6.2,⚖️ Moderate Variance,35.0,Tier 8,33.1,36.0,2.9
246,Dawson Knox,TE,BUF,T8,-49.61,-49.61,225,TE35,299,999.0,700.0,Screaming Steal (Huge Value),ESPN,999.0,999.0,999.0,999.0,0.0,79.21,3.84,,0.0,0.0,90.0,90.0,0.03,0.32,0.655,16,5.0,,,,0.0,Neutral,False,False,Healthy,7,TE36,994.0,1005.0,2.5,1,FP_BUF_DAWSON_KNOX,80.0,80.0,TE,BUF,65.2,40.10999999999999,28.65,331.67,2.92,0.0,0.0,0.0,0.0,0.0,0.0,322.0,TE41,60.39,29.0,7.0,,Neutral,Black,0.0,0.0,0.0,—,0.0,0.0,0.0,0.0,,,,,,,,,,,,,—,—,Consensus Alignment,—,—,99.0,,,1.0,0.0,0.0,0.0,0.0,0.0,0.0,0.0,0.0,0.0,0.0,0.0,—,—,,,consensus,,0.0,0.0,,,,,BUF,2450.0,0.155,26.9,0.08,0.2,BUF,2.0,4.5,True,Joe Brady,101.1,5.0,24.4,8.0,30.1,25.0,—,32.0,Gap,11.0,Very Spread,22.0,Shootouts (High Scoring Offense + Vulnerable Defense -> Max Fantasy Ceiling),BUF,7,23.56,76.44,28.0,-1.6,J.Brady,63.8,64.8,,-0.4917,,,-0.1102,,,,,,,,,,0,,,,,,,,,,,,,,,,,,,,,,,,,,,TE36,36.0,999.0,65.2,3.84,8.0,WW,,,—,0,0,99,,—,35,124.0,0.526,0.0,700.0,700.0,700.0,700.0,999.0,999.0,0.0,999.0,999.0,CONSENSUS,63.6,4.7,-0.006,63.22,-49.61,39,TE39,1.0,753.0,0.0,0.0,63.6,0.0,0.0,-0.6,0.0,0.0,0.0,0.0,0.0,0.0,0.0,0.0,Tier 12,299.0,295.9,220.0,-75.9,🎯 High Consensus (Safe Floor),36.0,Tier 8,34.1,36.0,1.9
245,Cole Kmet,TE,CHI,T8,-49.52,-49.52,226,TE36,327,999.0,672.0,Screaming Steal (Huge Value),ESPN,999.0,999.0,999.0,999.0,0.0,66.84,3.82,,0.0,0.0,80.0,80.0,0.01,0.26,0.63,16,5.0,,,,0.0,Neutral,False,False,Healthy,10,TE37,994.0,1005.0,2.5,1,FP_CHI_COLE_KMET,80.0,80.0,TE,CHI,65.0,36.722,26.23,274.05,2.22,0.0,0.0,0.0,0.0,0.0,0.0,320.0,TE40,61.1,29.0,10.0,,Neutral,Black,0.0,0.0,0.0,—,0.0,0.0,0.0,0.0,,,,,,,,,,,,,—,—,Consensus Alignment,—,—,99.0,,,1.0,0.0,0.0,0.0,0.0,0.0,0.0,0.0,0.0,0.0,0.0,0.0,—,—,,,consensus,,0.0,0.0,,,,,CHI,2020.0,0.048,27.6,0.01,0.07,CHI,3.0,4.0,False,Ben Johnson,98.3,8.0,29.3,1.0,37.2,7.0,High 12P,4.0,Zone,6.0,Even,11.0,Balanced Environment,CHI,4,41.16,58.84,7.0,-2.7,B.Johnson,65.9,72.3,,-0.2713,,,-0.3171,,,,,,,,,,0,,,,,,,,,,,,,,,,,,,,,,,,,,,TE37,37.0,999.0,65.0,3.82,7.0,WW,,,—,0,0,99,,—,36,124.0,0.524,0.0,672.0,672.0,672.0,672.0,999.0,999.0,0.0,999.0,999.0,CONSENSUS,63.7,2.9,-0.006,63.32,-49.52,38,TE38,1.0,754.0,0.0,0.0,63.7,0.0,0.0,-0.6,0.0,0.0,0.0,0.0,0.0,0.0,0.0,0.0,Tier 12,327.0,323.9,220.0,-103.9,🎯 High Consensus (Safe Floor),37.0,Tier 8,35.1,37.0,1.9
244,Darnell Washington,TE,PIT,T8,-48.48,-48.48,227,TE37,325,999.0,674.0,Screaming Steal (Huge Value),ESPN,999.0,999.0,999.0,999.0,0.0,74.1,3.79,,0.0,0.0,70.0,70.0,-0.05,0.28,0.691,16,5.0,,,,0.0,Neutral,False,False,Healthy,9,TE38,994.0,1005.0,2.5,1,FP_PIT_DARNELL_WASHINGTON,80.0,80.0,TE,PIT,64.5,42.924,30.66,329.1,1.97,0.0,0.0,0.0,0.0,0.0,0.0,314.0,TE38,65.78,29.0,9.0,,Neutral,Black,0.0,0.0,0.0,—,0.0,0.0,0.0,0.0,,,,,,,,,,,,,—,—,Consensus Alignment,—,—,99.0,,,1.0,0.0,0.0,0.0,0.0,0.0,0.0,0.0,0.0,0.0,0.0,0.0,—,—,,,consensus,,0.0,0.0,,,,,PIT,2150.0,0.03,29.6,0.04,0.02,PIT,12.0,3.5,False,Mike McCarthy,90.1,17.0,18.0,27.0,46.2,1.0,—,1.0,Zone,25.0,Spread,9.0,Slugfests (Low Scoring Offense + Elite Defense -> Low Over/Unders / Grinding Games),PIT,19,41.2,58.8,6.0,4.6,M.McCarthy,75.1,78.8,,-0.1959,,,0.434,,,,,,,,,,0,,,,,,,,,,,,,,,,,,,,,,,,,,,TE38,38.0,999.0,64.5,3.79,8.0,WW,,,—,0,0,99,,—,37,124.0,0.52,0.0,674.0,674.0,674.0,674.0,999.0,999.0,0.0,999.0,999.0,CONSENSUS,64.93,-2.1,-0.006,64.54,-48.48,37,TE37,1.0,755.0,0.0,0.0,64.93,0.0,0.0,-0.6,0.0,0.0,0.0,0.0,0.0,0.0,0.0,0.0,Tier 12,325.0,321.9,220.0,-101.9,🎯 High Consensus (Safe Floor),38.0,Tier 8,36.1,36.0,-0.1
256,David Njoku,TE,LAC,T8,-52.44,-52.44,240,TE38,189,206.9,17.9,Screaming Steal (Huge Value),ESPN,206.9,206.9,206.9,206.9,0.0,107.41,3.27,,0.0,0.0,60.0,60.0,-0.035,0.38,0.663,16,5.0,,28.0,-0.1,-5.0,Neutral,False,False,Healthy,7,TE39,201.9,212.9,2.5,1,FP_LAC_DAVID_NJOKU,80.0,80.0,TE,LAC,55.6,59.206,42.29,396.58,4.29,0.0,0.0,0.0,0.0,0.0,0.0,305.0,TE36,69.55,29.0,7.0,,Neutral,Black,0.0,0.0,0.0,—,0.0,0.0,0.0,0.0,,,,,,,,,,,,,—,—,Consensus Alignment,—,—,99.0,,,1.0,0.0,0.0,0.0,0.0,0.0,0.0,0.0,0.0,0.0,0.0,0.0,—,—,,,consensus,,0.0,0.0,,,,,LAC,2900.0,0.06,29.2,0.05,0.07,LAC,32.0,3.0,False,Mike McDaniel,91.9,15.0,26.7,3.0,35.4,11.0,High 21P,31.0,Zone,1.0,Very Condensed,28.0,Chew the Clock (High Scoring Offense + Elite Defense -> Run-Heavy Second Halves),LAC,9,18.72,81.28,30.0,-1.4,M.McDaniel,69.1,83.9,,0.2884,,,0.2699,,,,,,,,,,0,,,,,,,,,,,,,,,,,,,,,,,,,,,TE39,39.0,206.9,55.6,3.27,8.0,WW,,,—,0,0,99,,—,38,124.0,0.448,0.0,17.9,17.9,17.9,17.9,206.9,206.9,0.0,206.9,206.9,ESPN,60.25,-2.85,-0.006,59.89,-52.44,40,TE40,1.0,-49.1,0.0,0.0,60.25,0.0,-5.0,-0.6,0.0,0.0,0.0,0.0,0.0,0.0,0.0,0.0,Tier 12,189.0,201.9,212.9,11.0,⚡ High Variance (Boom/Bust Ceiling),39.0,Tier 8,37.1,36.0,-1.1
226,Terrance Ferguson,TE,LA,T8,-39.02,-39.02,242,TE39,190,207.1,17.1,Screaming Steal (Huge Value),ESPN,207.1,207.1,207.1,207.1,0.0,122.76,3.17,,0.0,0.0,80.0,80.0,0.0,0.15,0.5,16,5.0,,,,0.0,Neutral,False,False,Healthy,11,TE40,202.1,213.1,2.5,1,FP_LA_TERRANCE_FERGUSON,80.0,80.0,TE,LA,53.9,54.55799999999999,38.97,533.41,5.13,0.0,0.0,0.0,0.0,0.0,0.0,176.0,TE23,120.6,28.0,11.0,,Neutral,Black,0.0,0.0,0.0,—,0.0,0.0,0.0,0.0,,,,,,,,,,,,,🎯 **#1 High-Ceiling TE Stash**,🤝 **Consensus #1 TE Stash**,Consensus Alignment,Tier 14,Round 16+,16.0,"21.0 YPR, 70% explosive catch rate; Sean McVay using at F, Y, X, Z roles; Stafford kingmaker.",https://www.fantasypoints.com/nfl/articles/2026/mr-relevant-late-round-sleepers,1.0,0.0,1.0,0.0,0.0,0.0,0.0,0.0,0.0,0.0,0.0,0.0,TE15,T6,,,consensus,,0.0,0.0,,,,,,,,,,,,,,,,,,,,,,,,,,,,,,16,35.0,65.0,,0.0,—,64.5,78.6,,-1.5532,,,-0.0893,,,,,,,,,,0,,,,,,,,,,,,,,,,,,,,,,,,,,,TE40,40.0,207.1,53.9,3.17,9.0,WW,150.0,8.6,—,0,0,99,,—,39,124.0,0.435,0.0,17.1,17.1,17.1,17.1,207.1,207.1,0.0,207.1,207.1,ESPN,76.13,0.6,-0.006,75.67,-39.02,30,TE30,1.0,-18.9,0.0,0.0,76.13,0.0,0.0,-0.6,0.0,0.0,0.0,0.0,0.0,0.0,0.0,0.0,Tier 12,190.0,202.1,213.1,11.0,⚡ High Variance (Boom/Bust Ceiling),40.0,Tier 8,38.1,36.0,-2.1
260,Tyler Higbee,TE,LA,T8,-56.22,-56.22,243,TE40,328,999.0,671.0,Screaming Steal (Huge Value),ESPN,999.0,999.0,999.0,999.0,0.0,69.16,3.16,,0.0,0.0,80.0,80.0,0.0,0.15,0.5,16,5.0,,,,0.0,Neutral,False,False,Healthy,11,TE41,994.0,1005.0,2.5,1,FP_LA_TYLER_HIGBEE,80.0,80.0,TE,LA,53.7,35.126,25.09,296.47,2.42,0.0,0.0,0.0,0.0,0.0,0.0,323.0,TE42,59.91,29.0,11.0,,Neutral,Black,0.0,0.0,0.0,—,0.0,0.0,0.0,0.0,,,,,,,,,,,,,—,—,Consensus Alignment,—,—,99.0,,,1.0,0.0,0.0,0.0,0.0,0.0,0.0,0.0,0.0,0.0,0.0,0.0,—,—,,,consensus,,0.0,0.0,,,,,,,,,,,,,,,,,,,,,,,,,,,,,,16,35.0,65.0,,0.0,—,66.2,88.1,,-0.344,,,0.3526,,,,,,,,,,0,,,,,,,,,,,,,,,,,,,,,,,,,,,TE41,41.0,999.0,53.7,3.16,8.0,WW,,,—,0,0,99,,—,40,124.0,0.433,0.0,671.0,671.0,671.0,671.0,999.0,999.0,0.0,999.0,999.0,CONSENSUS,55.77,0.6,-0.006,55.44,-56.22,43,TE43,1.0,739.0,0.0,0.0,55.77,0.0,0.0,-0.6,0.0,0.0,0.0,0.0,0.0,0.0,0.0,0.0,Tier 12,328.0,324.9,220.0,-104.9,🎯 High Consensus (Safe Floor),41.0,Tier 8,39.1,36.0,-3.1
257,Darren Waller,TE,CAR,T8,-53.22,-53.22,248,TE41,346,999.0,653.0,Screaming Steal (Huge Value),ESPN,999.0,999.0,999.0,999.0,0.0,115.83,3.04,,0.0,0.0,60.0,60.0,-0.015,0.25,0.794,16,5.0,,,,0.0,Neutral,False,False,Healthy,5,TE42,994.0,1005.0,2.5,1,FP_CAR_DARREN_WALLER,80.0,80.0,TE,CAR,51.6,60.70399999999999,43.36,446.47,4.67,0.0,0.0,0.0,0.0,0.0,0.0,282.0,TE32,73.36,29.0,5.0,,Neutral,Black,0.0,0.0,0.0,—,0.0,0.0,0.0,0.0,,,,,,,,,,,,,—,—,Consensus Alignment,—,—,99.0,,,1.0,0.0,0.0,0.0,0.0,0.0,0.0,0.0,0.0,0.0,0.0,0.0,—,—,,,consensus,,0.0,0.0,,,,,CAR,1900.0,-0.03,28.6,-0.01,-0.04,CAR,16.0,3.0,False,Dave Canales/Idzik,78.7,27.0,19.8,24.0,33.6,15.0,High 11P,22.0,Balanced,19.0,Spread,23.0,Passing / Garbage Time (Low Scoring Offense + Bad Defense -> Trailing Game Scripts / Air Volume),CAR,8,29.48,70.52,22.0,-2.0,D.Canales,81.1,79.8,,0.1917,,,0.9904,,,,,,,,,,0,,,,,,,,,,,,,,,,,,,,,,,,,,,TE42,42.0,999.0,51.6,3.04,9.0,WW,,,—,0,0,99,,—,41,124.0,0.416,0.0,653.0,653.0,653.0,653.0,999.0,999.0,0.0,999.0,999.0,CONSENSUS,58.85,-0.25,0.002,58.97,-53.22,41,TE41,1.0,742.0,3.0,0.0,58.85,0.0,0.0,0.2,0.0,0.0,0.0,0.0,0.0,0.0,0.0,0.0,Tier 12,346.0,342.9,220.0,-122.9,🎯 High Consensus (Safe Floor),42.0,Tier 8,40.1,36.0,-4.1
270,Noah Fant,TE,NO,T8,-60.83,-60.83,253,TE42,348,999.0,651.0,Screaming Steal (Huge Value),ESPN,999.0,999.0,999.0,999.0,0.0,63.22,2.86,,0.0,0.0,60.0,60.0,0.005,0.15,0.663,16,5.0,,,,0.0,Neutral,False,False,Healthy,8,TE43,994.0,1005.0,2.5,1,FP_NO_NOAH_FANT,80.0,80.0,TE,NO,48.7,41.02,29.3,274.44,1.6,0.0,0.0,0.0,0.0,0.0,0.0,337.0,TE46,53.54,29.0,8.0,,Neutral,Black,0.0,0.0,0.0,—,0.0,0.0,0.0,0.0,,,,,,,,,,,,,—,—,Consensus Alignment,—,—,99.0,,,1.0,0.0,0.0,0.0,0.0,0.0,0.0,0.0,0.0,0.0,0.0,0.0,—,—,,,consensus,,0.0,0.0,,,,,NO,1150.0,0.035,28.2,-0.03,0.08,NO,30.0,3.0,True,Kellen Moore,85.7,23.0,22.1,18.0,35.8,10.0,High 11P,1.0,Zone,5.0,Even,27.0,Passing / Garbage Time (Low Scoring Offense + Bad Defense -> Trailing Game Scripts / Air Volume),NO,22,25.49,74.51,25.0,-2.3,K.Moore,71.4,78.4,,0.6248,,,0.2338,,,,,,,,,,0,,,,,,,,,,,,,,,,,,,,,,,,,,,TE43,43.0,999.0,48.7,2.86,9.0,WW,,,—,0,0,99,,—,42,124.0,0.393,0.0,651.0,651.0,651.0,651.0,999.0,999.0,0.0,999.0,999.0,CONSENSUS,50.31,-1.65,-0.006,50.01,-60.83,45,TE45,1.0,729.0,0.0,0.0,50.31,0.0,0.0,-0.6,0.0,0.0,0.0,0.0,0.0,0.0,0.0,0.0,Tier 12,348.0,344.9,220.0,-124.9,🎯 High Consensus (Safe Floor),43.0,Tier 8,41.1,36.0,-5.1
234,Oronde Gadsden II,TE,LAC,T8,-42.22,-42.22,254,TE43,120,125.1,5.1,Value Target (Discounted),YAHOO,125.1,126.6,125.1,125.1,1.5,101.07,2.86,,0.0,0.0,60.0,60.0,-0.035,0.38,0.663,16,7.0,1.6,,,0.0,Neutral,False,False,Healthy,7,TE44,120.1,131.1,2.5,1,FP_LAC_ORONDE_GADSDEN_II,80.0,80.0,TE,LAC,48.6,52.849999999999994,37.75,474.9,2.84,0.0,0.0,0.0,0.0,0.0,0.0,285.0,TE33,79.45,29.0,7.0,,Neutral,Black,0.0,0.0,0.0,—,0.0,0.0,0.0,0.0,,,,,,,,,,,,,—,—,Consensus Alignment,—,—,99.0,,,1.0,0.0,0.0,0.0,0.0,0.0,0.0,0.0,0.0,0.0,0.0,0.0,—,—,,123.0,guy,Low (High Floor Alpha),0.0,0.0,,,,,LAC,2900.0,0.06,29.2,0.05,0.07,LAC,32.0,3.0,False,Mike McDaniel,91.9,15.0,26.7,3.0,35.4,11.0,High 21P,31.0,Zone,1.0,Very Condensed,28.0,Chew the Clock (High Scoring Offense + Elite Defense -> Run-Heavy Second Halves),LAC,9,18.72,81.28,30.0,-1.4,M.McDaniel,78.3,83.9,,0.5279,,,0.8297,,,,,,,,,,0,,,,,,,,,,,,,,,111.0,13.0,11.0,-2.0,0.875,13.1,7.3,83.6,95.9,98.1,126.6,18.0,TE44,44.0,125.1,48.6,2.86,9.0,WW,131.0,9.1,—,0,0,99,,—,43,124.0,0.392,0.0,5.1,6.6,5.1,5.1,126.6,125.1,1.5,126.6,125.1,ESPN,71.91,-2.85,0.0,71.91,-42.22,33,TE33,1.0,-108.9,0.0,-0.8,71.91,0.0,0.0,0.0,0.0,0.0,0.0,0.0,0.0,0.0,0.0,0.0,Tier 11,120.0,120.1,131.1,11.0,⚡ High Variance (Boom/Bust Ceiling),44.0,Tier 8,42.1,36.0,-6.1
258,Noah Gray,TE,KC,T8,-54.77,-54.77,255,TE44,351,999.0,648.0,Screaming Steal (Huge Value),ESPN,999.0,999.0,999.0,999.0,0.0,51.0,2.84,,0.0,0.0,60.0,60.0,0.068,0.145,0.546,16,5.0,,,,0.0,Neutral,False,False,Healthy,5,TE45,994.0,1005.0,2.5,1,FP_KC_NOAH_GRAY,80.0,80.0,TE,KC,48.3,29.483999999999995,21.06,211.97,1.48,0.0,0.0,0.0,0.0,0.0,0.0,288.0,TE34,75.88,29.0,5.0,,Neutral,Black,0.0,0.0,0.0,—,0.0,0.0,0.0,0.0,,,,,,,,,,,,,—,—,Consensus Alignment,—,—,99.0,,,1.0,0.0,0.0,0.0,0.0,0.0,0.0,0.0,0.0,0.0,0.0,0.0,—,—,,,consensus,,0.0,0.0,,,,,KC,1250.0,0.142,26.5,0.02,0.22,KC,22.0,3.0,False,Andy Reid,89.6,19.0,22.0,19.0,33.2,16.0,—,9.0,Zone,22.0,Condensed,6.0,Chew the Clock (High Scoring Offense + Elite Defense -> Run-Heavy Second Halves),KC,21,38.45,61.55,11.0,6.4,A.Reid,65.1,65.0,,1.0496,,,-0.5607,,,,,,,,,,0,,,,,,,,,,,,,,,,,,,,,,,,,,,TE45,45.0,999.0,48.3,2.84,9.0,WW,,,—,0,0,99,,—,44,124.0,0.39,0.0,648.0,648.0,648.0,648.0,999.0,999.0,0.0,999.0,999.0,CONSENSUS,57.49,0.24,-0.006,57.15,-54.77,42,TE42,1.0,741.0,0.0,0.0,57.49,0.0,0.0,-0.6,0.0,0.0,0.0,0.0,0.0,0.0,0.0,0.0,Tier 12,351.0,347.9,220.0,-127.9,🎯 High Consensus (Safe Floor),45.0,Tier 8,43.1,36.0,-7.1
269,Elijah Arroyo,TE,SEA,T8,-59.24,-59.24,261,TE45,355,999.0,644.0,Screaming Steal (Huge Value),ESPN,999.0,999.0,999.0,999.0,0.0,58.38,2.64,,0.0,0.0,70.0,70.0,0.0,0.17,0.774,16,5.0,,,,0.0,Neutral,False,False,Healthy,11,TE46,994.0,1005.0,2.5,1,FP_SEA_ELIJAH_ARROYO,80.0,80.0,TE,SEA,44.8,32.97,23.55,240.11,1.86,0.0,0.0,0.0,0.0,0.0,0.0,311.0,TE37,67.01,29.0,11.0,,Neutral,Black,0.0,0.0,0.0,—,0.0,0.0,0.0,0.0,,,,,,,,,,,,,—,—,Consensus Alignment,—,—,99.0,,,1.0,0.0,0.0,0.0,0.0,0.0,0.0,0.0,0.0,0.0,0.0,0.0,—,—,,,consensus,,0.0,0.0,,,,,SEA,1340.0,0.058,28.0,0.02,0.08,SEA,10.0,3.5,False,Brian Fleury,96.6,11.0,26.4,4.0,32.9,17.0,—,16.0,Zone,4.0,Even,14.0,Chew the Clock (High Scoring Offense + Elite Defense -> Run-Heavy Second Halves),SEA,14,46.7,53.3,4.0,0.0,Unknown,61.5,77.9,,0.1593,,,-0.4393,,,,,,,,,,0,,,,,,,,,,,,,,,,,,,,,,,,,,,TE46,46.0,999.0,44.8,2.64,9.0,WW,,,—,0,0,99,,—,45,124.0,0.361,0.0,644.0,644.0,644.0,644.0,999.0,999.0,0.0,999.0,999.0,CONSENSUS,52.2,1.9,-0.006,51.89,-59.24,44,TE44,1.0,730.0,0.0,0.0,52.2,0.0,0.0,-0.6,0.0,0.0,0.0,0.0,0.0,0.0,0.0,0.0,Tier 12,355.0,351.9,220.0,-131.9,🎯 High Consensus (Safe Floor),46.0,Tier 8,44.1,36.0,-8.1
289,Oscar Delp,TE,NO,T8,-70.0,-70.0,265,TE46,354,999.0,645.0,Screaming Steal (Huge Value),ESPN,999.0,999.0,999.0,999.0,0.0,17.98,2.56,,0.0,0.0,60.0,60.0,0.005,0.15,0.663,16,5.0,,,,0.0,Neutral,False,False,Healthy,8,TE47,994.0,1005.0,2.5,1,FP_NO_OSCAR_DELP,80.0,80.0,TE,NO,43.5,10.906,7.79,74.11,0.48,0.0,0.0,0.0,0.0,0.0,0.0,418.0,TE57,31.41,29.0,8.0,,Neutral,Black,0.0,0.0,0.0,—,0.0,0.0,0.0,0.0,,,,,,,,,,,,,—,—,Consensus Alignment,—,—,99.0,,,1.0,0.0,0.0,0.0,0.0,0.0,0.0,0.0,0.0,0.0,0.0,0.0,—,—,,,consensus,,0.0,0.0,,,,,NO,1150.0,0.035,28.2,-0.03,0.08,NO,30.0,3.0,True,Kellen Moore,85.7,23.0,22.1,18.0,35.8,10.0,High 11P,1.0,Zone,5.0,Even,27.0,Passing / Garbage Time (Low Scoring Offense + Bad Defense -> Trailing Game Scripts / Air Volume),NO,22,25.49,74.51,25.0,-2.3,K.Moore,,63.8,,,,,,,,,,,,,Oscar Delp,NOR,1,3.0,73.0,8.5,21.2,10.0,,,,,,,,,,,,,,,,,,,,,,TE47,47.0,999.0,43.5,2.56,9.0,WW,,,—,0,0,99,,—,46,124.0,0.351,0.0,645.0,645.0,645.0,645.0,999.0,999.0,0.0,999.0,999.0,CONSENSUS,39.47,-1.65,-0.006,39.23,-70.0,50,TE50,1.0,710.0,0.0,0.0,39.47,0.0,0.0,-0.6,0.0,0.0,0.0,0.0,0.0,0.0,0.0,0.0,Tier 12,354.0,350.9,220.0,-130.9,🎯 High Consensus (Safe Floor),47.0,Tier 8,45.1,36.0,-9.1
283,Elijah Higgins,TE,ARZ,T8,-66.93,-66.93,266,TE47,352,999.0,647.0,Screaming Steal (Huge Value),ESPN,999.0,999.0,999.0,999.0,0.0,45.99,2.54,,0.0,0.0,80.0,80.0,0.0,0.15,0.5,16,5.0,,,,0.0,Neutral,False,False,Healthy,14,TE48,994.0,1005.0,2.5,1,FP_ARZ_ELIJAH_HIGGINS,80.0,80.0,TE,ARZ,43.1,30.729999999999997,21.95,201.53,0.84,0.0,0.0,0.0,0.0,0.0,0.0,,,,,14.0,,Neutral,Black,0.0,0.0,0.0,—,0.0,0.0,0.0,0.0,,,,,,,,,,,,,—,—,Consensus Alignment,—,—,99.0,,,1.0,0.0,0.0,0.0,0.0,0.0,0.0,0.0,0.0,0.0,0.0,0.0,—,—,,,consensus,,0.0,0.0,,,,,,,,,,,,,,,,,,,,,,,,,,,,,,16,35.0,65.0,,0.0,—,74.9,63.4,,-0.763,,,-0.5247,,,,,,,,,,0,,,,,,,,,,,,,,,,,,,,,,,,,,,TE48,48.0,999.0,43.1,2.54,9.0,WW,,,—,0,0,99,,—,47,124.0,0.348,0.0,647.0,647.0,647.0,647.0,999.0,999.0,0.0,999.0,999.0,CONSENSUS,43.1,0.6,-0.006,42.84,-66.93,46,TE46,1.0,716.0,0.0,0.0,43.1,0.0,0.0,-0.6,0.0,0.0,0.0,0.0,0.0,0.0,0.0,0.0,Tier 12,352.0,348.9,220.0,-128.9,🎯 High Consensus (Safe Floor),48.0,Tier 8,46.1,36.0,-10.1
286,Jake Tonges,TE,SF,T8,-67.93,-67.93,267,TE48,229,241.4,12.4,Screaming Steal (Huge Value),ESPN,241.4,241.4,241.4,241.4,0.0,38.91,2.51,,0.0,0.0,80.0,80.0,-0.012,0.11,0.774,16,5.0,,,,0.0,Neutral,False,False,Healthy,8,TE49,236.4,247.4,2.5,1,FP_SF_JAKE_TONGES,80.0,80.0,TE,SF,42.6,22.12,15.8,156.8,1.25,0.0,0.0,0.0,0.0,0.0,0.0,374.0,TE49,40.54,29.0,8.0,,Neutral,Black,0.0,0.0,0.0,—,0.0,0.0,0.0,0.0,,,,,,,,,,,,,—,—,Consensus Alignment,—,—,99.0,,,1.0,0.0,0.0,0.0,0.0,0.0,0.0,0.0,0.0,0.0,0.0,0.0,—,—,,,consensus,,0.0,0.0,,,,,SF,890.0,0.175,28.8,0.14,0.2,SF,6.0,4.0,False,Kyle Shanahan,100.9,6.0,26.4,4.0,32.9,17.0,High 21P,8.0,Zone,3.0,Most Condensed,14.0,Shootouts (High Scoring Offense + Vulnerable Defense -> Max Fantasy Ceiling),SF,6,48.24,51.76,3.0,-1.9,K.Shanahan,71.3,60.2,,-1.1807,,,0.1514,,,,,,,,,,0,,,,,,,,,,,,,,,,,,,,,,,,,,,TE49,49.0,241.4,42.6,2.51,9.0,WW,,,—,0,0,99,,—,48,124.0,0.344,0.0,12.4,12.4,12.4,12.4,241.4,241.4,0.0,241.4,241.4,ESPN,41.91,4.74,-0.006,41.66,-67.93,48,TE48,1.0,-44.6,0.0,0.0,41.91,0.0,0.0,-0.6,0.0,0.0,0.0,0.0,0.0,0.0,0.0,0.0,Tier 12,229.0,225.9,220.0,-5.9,🎯 High Consensus (Safe Floor),49.0,Tier 8,47.1,36.0,-11.1
285,Daniel Bellinger,TE,TEN,T8,-67.73,-67.73,268,TE49,347,999.0,652.0,Screaming Steal (Huge Value),ESPN,999.0,999.0,999.0,999.0,0.0,51.97,2.5,,0.0,0.0,40.0,40.0,-0.02,0.33,0.588,16,5.0,,,,0.0,Neutral,False,False,Healthy,9,TE50,994.0,1005.0,2.5,1,FP_TEN_DANIEL_BELLINGER,80.0,80.0,TE,TEN,42.5,27.062,19.33,222.28,1.75,0.0,0.0,0.0,0.0,0.0,0.0,,,,,9.0,,Neutral,Black,0.0,0.0,0.0,—,0.0,0.0,0.0,0.0,,,,,,,,,,,,,—,—,Consensus Alignment,—,—,99.0,,,1.0,0.0,0.0,0.0,0.0,0.0,0.0,0.0,0.0,0.0,0.0,0.0,—,—,,,consensus,,0.0,0.0,,,,,TEN,2550.0,0.01,29.0,0.03,-0.01,TEN,25.0,2.0,False,Brian Daboll,74.1,29.0,19.9,23.0,32.6,21.0,High 12P,12.0,Balanced,28.0,Very Spread,13.0,Slugfests (Low Scoring Offense + Elite Defense -> Low Over/Unders / Grinding Games),TEN,31,20.11,79.89,29.0,-1.4,B.Daboll,65.8,66.9,,-0.3769,,,-0.272,,,,,,,,,,0,,,,,,,,,,,,,,,,,,,,,,,,,,,TE50,50.0,999.0,42.5,2.5,9.0,WW,,,—,0,0,99,,—,49,124.0,0.343,0.0,652.0,652.0,652.0,652.0,999.0,999.0,0.0,999.0,999.0,CONSENSUS,42.5,-6.8,-0.014,41.9,-67.73,47,TE47,1.0,714.0,0.0,0.0,42.5,0.0,0.0,-1.4,0.0,0.0,0.0,0.0,0.0,0.0,0.0,0.0,Tier 12,347.0,343.9,220.0,-123.9,🎯 High Consensus (Safe Floor),50.0,Tier 8,48.1,36.0,-12.1
288,Austin Hooper,TE,ATL,T8,-68.86,-68.86,271,TE50,359,430.0,71.0,Screaming Steal (Huge Value),ESPN,430.0,430.0,430.0,430.0,0.0,51.89,2.32,,0.0,0.0,80.0,80.0,0.032,0.15,0.592,16,5.0,,,,0.0,Neutral,False,False,Healthy,11,TE51,425.0,436.0,2.5,1,FP_ATL_AUSTIN_HOOPER,80.0,80.0,TE,ATL,39.5,30.59,21.85,225.39,1.27,0.0,0.0,0.0,0.0,0.0,0.0,366.0,TE48,43.44,29.0,11.0,,Neutral,Black,0.0,0.0,0.0,—,0.0,0.0,0.0,0.0,,,,,,,,,,,,,—,—,Consensus Alignment,—,—,99.0,,,1.0,0.0,0.0,0.0,0.0,0.0,0.0,0.0,0.0,0.0,0.0,0.0,—,—,,,consensus,,0.0,0.0,,,,,ATL,1100.0,0.092,26.0,0.05,0.12,ATL,21.0,4.0,False,Kevin Stefanski/Rees,86.4,21.0,22.4,16.0,25.7,28.0,High 12P,10.0,Gap,18.0,Even,3.0,Passing / Garbage Time (Low Scoring Offense + Bad Defense -> Trailing Game Scripts / Air Volume),ATL,11,54.01,45.99,2.0,-4.2,K.Stefanski,74.6,73.3,,0.3825,,,0.1153,,,,,,,,,,0,,,,,,,,,,,,,,,,,,,,,,,,,,,TE51,51.0,430.0,39.5,2.32,10.0,WW,,,—,0,0,99,,—,50,124.0,0.319,0.0,71.0,71.0,71.0,71.0,430.0,430.0,0.0,430.0,430.0,ESPN,40.81,4.06,-0.006,40.57,-68.86,49,TE49,1.0,142.0,0.0,0.0,40.81,0.0,0.0,-0.6,0.0,0.0,0.0,0.0,0.0,0.0,0.0,0.0,Tier 12,359.0,355.9,220.0,-135.9,🎯 High Consensus (Safe Floor),51.0,Tier 8,49.1,36.0,-13.1
290,Tanner Hudson,TE,CIN,T8,-70.39,-70.39,273,TE51,345,999.0,654.0,Screaming Steal (Huge Value),ESPN,999.0,999.0,999.0,999.0,0.0,29.34,2.29,,0.0,0.0,60.0,60.0,0.05,0.18,0.751,16,5.0,,,,0.0,Neutral,False,False,Healthy,6,TE52,994.0,1005.0,2.5,1,FP_CIN_TANNER_HUDSON,80.0,80.0,TE,CIN,39.0,18.325999999999997,13.09,110.28,0.9,0.0,0.0,0.0,0.0,0.0,0.0,,,,,6.0,,Neutral,Black,0.0,0.0,0.0,—,0.0,0.0,0.0,0.0,,,,,,,,,,,,,—,—,Consensus Alignment,—,—,99.0,,,1.0,0.0,0.0,0.0,0.0,0.0,0.0,0.0,0.0,0.0,0.0,0.0,—,—,,,consensus,,0.0,0.0,,,,,CIN,1420.0,0.125,25.2,0.01,0.21,CIN,19.0,3.0,False,Zac Taylor,98.6,7.0,22.5,15.0,42.5,3.0,—,11.0,Gap,20.0,Very Spread,15.0,Shootouts (High Scoring Offense + Vulnerable Defense -> Max Fantasy Ceiling),CIN,28,31.69,68.31,19.0,3.6,Z.Taylor,76.3,,,-0.3258,,,0.662,,,,,,,,,,0,,,,,,,,,,,,,,,,,,,,,,,,,,,TE52,52.0,999.0,39.0,2.29,10.0,WW,,,—,0,0,99,,—,51,124.0,0.315,0.0,654.0,654.0,654.0,654.0,999.0,999.0,0.0,999.0,999.0,CONSENSUS,39.0,-2.3,-0.006,38.77,-70.39,51,TE51,1.0,709.0,0.0,0.0,39.0,0.0,0.0,-0.6,0.0,0.0,0.0,0.0,0.0,0.0,0.0,0.0,Tier 12,345.0,341.9,220.0,-121.9,🎯 High Consensus (Safe Floor),52.0,Tier 8,50.1,36.0,-14.1
297,Drew Sample,TE,CIN,T8,-73.02,-73.02,279,TE52,353,999.0,646.0,Screaming Steal (Huge Value),ESPN,999.0,999.0,999.0,999.0,0.0,33.86,2.11,,0.0,0.0,60.0,60.0,0.05,0.18,0.751,16,5.0,,,,0.0,Neutral,False,False,Healthy,6,TE53,994.0,1005.0,2.5,1,FP_CIN_DREW_SAMPLE,80.0,80.0,TE,CIN,35.9,21.224,15.16,123.16,1.09,0.0,0.0,0.0,0.0,0.0,0.0,,,,,6.0,,Neutral,Black,0.0,0.0,0.0,—,0.0,0.0,0.0,0.0,,,,,,,,,,,,,—,—,Consensus Alignment,—,—,99.0,,,1.0,0.0,0.0,0.0,0.0,0.0,0.0,0.0,0.0,0.0,0.0,0.0,—,—,,,consensus,,0.0,0.0,,,,,CIN,1420.0,0.125,25.2,0.01,0.21,CIN,19.0,3.0,False,Zac Taylor,98.6,7.0,22.5,15.0,42.5,3.0,—,11.0,Gap,20.0,Very Spread,15.0,Shootouts (High Scoring Offense + Vulnerable Defense -> Max Fantasy Ceiling),CIN,28,31.69,68.31,19.0,3.6,Z.Taylor,50.0,59.7,,0.0569,,,-1.5082,,,,,,,,,,0,,,,,,,,,,,,,,,,,,,,,,,,,,,TE53,53.0,999.0,35.9,2.11,10.0,WW,,,—,0,0,99,,—,52,124.0,0.29,0.0,646.0,646.0,646.0,646.0,999.0,999.0,0.0,999.0,999.0,CONSENSUS,35.9,-2.3,-0.006,35.68,-73.02,53,TE53,1.0,702.0,-3.0,0.0,35.9,0.0,0.0,-0.6,0.0,0.0,0.0,0.0,0.0,0.0,0.0,0.0,Tier 12,353.0,349.9,220.0,-129.9,🎯 High Consensus (Safe Floor),53.0,Tier 8,51.1,36.0,-15.1
303,Eli Raridon,TE,NE,T8,-76.35,-76.35,281,TE53,342,999.0,657.0,Screaming Steal (Huge Value),ESPN,999.0,999.0,999.0,999.0,0.0,46.49,2.01,,0.0,0.0,60.0,60.0,-0.03,0.3,0.605,16,5.0,,,,0.0,Neutral,False,False,Healthy,11,TE54,994.0,1005.0,2.5,1,FP_NE_ELI_RARIDON,80.0,80.0,TE,NE,34.2,26.264,18.76,195.38,1.55,0.0,0.0,0.0,0.0,0.0,0.0,455.0,TE63,27.46,29.0,11.0,,Neutral,Black,0.0,0.0,0.0,—,0.0,0.0,0.0,0.0,,,,,,,,,,,,,—,—,Consensus Alignment,—,—,99.0,,,1.0,0.0,0.0,0.0,0.0,0.0,0.0,0.0,0.0,0.0,0.0,0.0,—,—,,,consensus,,0.0,0.0,,,,,NE,2300.0,-0.055,29.4,-0.02,-0.07,NE,13.0,3.0,False,Josh McDaniels,104.9,4.0,24.9,6.0,34.6,13.0,—,24.0,Gap,21.0,Spread,4.0,Slugfests (Low Scoring Offense + Elite Defense -> Low Over/Unders / Grinding Games),NE,13,34.68,65.32,17.0,1.4,J.McDaniels,,72.1,,,,,,,,,,,,,Eli Raridon,NWE,1,3.0,95.0,27.9,14.7,15.3,107.6,4.62,36.0,123.0,245.0,0.6,11.1,70.0,4.0,,,,,,,,,,,,,TE54,54.0,999.0,34.2,2.01,10.0,WW,,,—,0,0,99,,—,53,124.0,0.276,0.0,657.0,657.0,657.0,657.0,999.0,999.0,0.0,999.0,999.0,CONSENSUS,31.95,-2.7,-0.006,31.76,-76.35,57,TE57,1.0,696.0,0.0,0.0,31.95,0.0,0.0,-0.6,0.0,0.0,0.0,0.0,0.0,0.0,0.0,0.0,Tier 12,342.0,338.9,220.0,-118.9,🎯 High Consensus (Safe Floor),54.0,Tier 8,52.1,36.0,-16.1
300,Josh Whyle,TE,GB,T8,-75.1,-75.1,283,TE54,363,695.5,332.5,Screaming Steal (Huge Value),ESPN,695.5,695.5,695.5,695.5,0.0,16.68,1.98,,0.0,0.0,40.0,40.0,0.02,0.16,0.667,16,5.0,,,,0.0,Neutral,False,False,Healthy,11,TE55,690.5,701.5,2.5,1,FP_GB_JOSH_WHYLE,80.0,80.0,TE,GB,33.7,9.534,6.81,59.48,0.66,0.0,0.0,0.0,0.0,0.0,0.0,,,,,11.0,,Neutral,Black,0.0,0.0,0.0,—,0.0,0.0,0.0,0.0,,,,,,,,,,,,,—,—,Consensus Alignment,—,—,99.0,,,1.0,0.0,0.0,0.0,0.0,0.0,0.0,0.0,0.0,0.0,0.0,0.0,—,—,,,consensus,,0.0,0.0,,,,,GB,1300.0,0.112,27.8,0.04,0.16,GB,20.0,2.0,False,Matt LaFleur,90.5,16.0,23.0,13.0,36.3,9.0,High 12P,19.0,Balanced,8.0,Very Condensed,17.0,Chew the Clock (High Scoring Offense + Elite Defense -> Run-Heavy Second Halves),GB,27,38.22,61.78,13.0,-1.0,M.LaFleur,72.7,71.7,,,,,0.5348,,,,,,,,,,0,,,,,,,,,,,,,,,,,,,,,,,,,,,TE55,55.0,695.5,33.7,1.98,10.0,WW,,,—,0,0,99,,—,54,124.0,0.272,0.0,332.5,332.5,332.5,332.5,695.5,695.5,0.0,695.5,695.5,ESPN,33.7,-5.6,-0.014,33.23,-75.1,54,TE54,1.0,395.5,0.0,0.0,33.7,0.0,0.0,-1.4,0.0,0.0,0.0,0.0,0.0,0.0,0.0,0.0,Tier 12,363.0,359.9,220.0,-139.9,🎯 High Consensus (Safe Floor),55.0,Tier 8,53.1,36.0,-17.1
301,Josh Oliver,TE,MIN,T8,-75.29,-75.29,285,TE55,343,999.0,656.0,Screaming Steal (Huge Value),ESPN,999.0,999.0,999.0,999.0,0.0,52.12,1.95,,0.0,0.0,80.0,80.0,0.035,0.19,0.691,16,5.0,,,,0.0,Neutral,False,False,Healthy,6,TE56,994.0,1005.0,2.5,1,FP_MIN_JOSH_OLIVER,80.0,80.0,TE,MIN,33.2,25.97,18.55,194.28,2.38,0.0,0.0,0.0,0.0,0.0,0.0,,,,,6.0,,Neutral,Black,0.0,0.0,0.0,—,0.0,0.0,0.0,0.0,,,,,,,,,,,,,—,—,Consensus Alignment,—,—,99.0,,,1.0,0.0,0.0,0.0,0.0,0.0,0.0,0.0,0.0,0.0,0.0,0.0,—,—,,,consensus,,0.0,0.0,,,,,MIN,1580.0,0.085,27.1,-0.02,0.15,MIN,9.0,4.0,True,Kevin O'Connell,76.2,28.0,18.9,26.0,37.4,5.0,—,25.0,Balanced,23.0,Condensed,5.0,Shootouts (High Scoring Offense + Vulnerable Defense -> Max Fantasy Ceiling),MIN,12,31.97,68.03,18.0,1.4,K.O'Connell,75.0,79.2,,0.2316,,,0.3454,,,,,,,,,,0,,,,,,,,,,,,,,,,,,,,,,,,,,,TE56,56.0,999.0,33.2,1.95,10.0,WW,,,—,0,0,99,,—,55,124.0,0.268,0.0,656.0,656.0,656.0,656.0,999.0,999.0,0.0,999.0,999.0,CONSENSUS,33.2,1.65,-0.006,33.0,-75.29,55,TE55,1.0,698.0,0.0,0.0,33.2,0.0,0.0,-0.6,0.0,0.0,0.0,0.0,0.0,0.0,0.0,0.0,Tier 12,343.0,339.9,220.0,-119.9,🎯 High Consensus (Safe Floor),56.0,Tier 8,54.1,36.0,-18.1
295,Tommy Tremble,TE,CAR,T8,-72.46,-72.46,286,TE56,340,999.0,659.0,Screaming Steal (Huge Value),ESPN,999.0,999.0,999.0,999.0,0.0,51.35,1.94,,0.0,0.0,60.0,60.0,-0.015,0.25,0.794,16,5.0,,,,0.0,Neutral,False,False,Healthy,5,TE57,994.0,1005.0,2.5,1,FP_CAR_TOMMY_TREMBLE,80.0,80.0,TE,CAR,33.0,29.609999999999996,21.15,197.84,1.76,0.0,0.0,0.0,0.0,0.0,0.0,365.0,TE47,43.66,29.0,5.0,,Neutral,Black,0.0,0.0,0.0,—,0.0,0.0,0.0,0.0,,,,,,,,,,,,,—,—,Consensus Alignment,—,—,99.0,,,1.0,0.0,0.0,0.0,0.0,0.0,0.0,0.0,0.0,0.0,0.0,0.0,—,—,,,consensus,,0.0,0.0,,,,,CAR,1900.0,-0.03,28.6,-0.01,-0.04,CAR,16.0,3.0,False,Dave Canales/Idzik,78.7,27.0,19.8,24.0,33.6,15.0,High 11P,22.0,Balanced,19.0,Spread,23.0,Passing / Garbage Time (Low Scoring Offense + Bad Defense -> Trailing Game Scripts / Air Volume),CAR,8,29.48,70.52,22.0,-2.0,D.Canales,60.1,63.0,,1.0773,,,-0.7796,,,,,,,,,,0,,,,,,,,,,,,,,,,,,,,,,,,,,,TE57,57.0,999.0,33.0,1.94,10.0,WW,,,—,0,0,99,,—,56,124.0,0.266,0.0,659.0,659.0,659.0,659.0,999.0,999.0,0.0,999.0,999.0,CONSENSUS,36.55,-0.25,-0.006,36.33,-72.46,52,TE52,1.0,704.0,0.0,0.0,36.55,0.0,0.0,-0.6,0.0,0.0,0.0,0.0,0.0,0.0,0.0,0.0,Tier 12,340.0,336.9,220.0,-116.9,🎯 High Consensus (Safe Floor),57.0,Tier 8,55.1,36.0,-19.1
302,Will Kacmarek,TE,MIA,T8,-75.55,-75.55,287,TE57,339,999.0,660.0,Screaming Steal (Huge Value),ESPN,999.0,999.0,999.0,999.0,0.0,61.78,1.94,,0.0,0.0,50.0,50.0,0.04,0.12,0.732,16,5.0,,,,0.0,Neutral,False,False,Healthy,6,TE58,994.0,1005.0,2.5,1,FP_MIA_WILL_KACMAREK,80.0,80.0,TE,MIA,32.9,37.17,26.55,250.69,1.88,0.0,0.0,0.0,0.0,0.0,0.0,,,,,6.0,,Neutral,Black,0.0,0.0,0.0,—,0.0,0.0,0.0,0.0,,,,,,,,,,,,,—,—,Consensus Alignment,—,—,99.0,,,1.0,0.0,0.0,0.0,0.0,0.0,0.0,0.0,0.0,0.0,0.0,0.0,—,—,,,consensus,,0.0,0.0,,,,,MIA,950.0,0.118,24.2,0.06,0.16,MIA,31.0,2.5,True,Bobby Slowik,81.6,25.0,20.3,22.0,37.3,6.0,—,24.0,Balanced,15.0,Condensed,7.0,Passing / Garbage Time (Low Scoring Offense + Bad Defense -> Trailing Game Scripts / Air Volume),MIA,30,35.51,64.49,15.0,0.3,B.Slowik,,67.1,,,,,,,,,,,,,Will Kacmarek,MIA,1,3.0,87.0,16.2,20.7,9.3,,,,,,0.5,16.8,,3.0,,,,,,,,,,,,,TE58,58.0,999.0,32.9,1.94,10.0,WW,,,—,0,0,99,,—,57,124.0,0.265,0.0,660.0,660.0,660.0,660.0,999.0,999.0,0.0,999.0,999.0,CONSENSUS,32.9,-3.8,-0.006,32.7,-75.55,56,TE56,1.0,697.0,0.0,0.0,32.9,0.0,0.0,-0.6,0.0,0.0,0.0,0.0,0.0,0.0,0.0,0.0,Tier 12,339.0,335.9,220.0,-115.9,🎯 High Consensus (Safe Floor),58.0,Tier 8,56.1,36.0,-20.1
306,Joe Royer,TE,CLV,T8,-77.49,-77.49,291,TE58,361,683.0,322.0,Screaming Steal (Huge Value),ESPN,683.0,683.0,683.0,683.0,0.0,20.97,1.8,,0.0,0.0,80.0,80.0,0.0,0.15,0.5,16,5.0,,,,0.0,Neutral,False,False,Healthy,11,TE59,678.0,689.0,2.5,1,FP_CLV_JOE_ROYER,80.0,80.0,TE,CLV,30.6,12.334,8.81,82.0,0.67,0.0,0.0,0.0,0.0,0.0,0.0,,,,,11.0,,Neutral,Black,0.0,0.0,0.0,—,0.0,0.0,0.0,0.0,,,,,,,,,,,,,—,—,Consensus Alignment,—,—,99.0,,,1.0,0.0,0.0,0.0,0.0,0.0,0.0,0.0,0.0,0.0,0.0,0.0,—,—,,,consensus,,0.0,0.0,,,,,,,,,,,,,,,,,,,,,,,,,,,,,,16,35.0,65.0,,0.0,—,,71.5,,,,,,,,,,,,,Joe Royer,CLE,1,5.0,170.0,2.7,6.8,10.0,,,,,,,,,,,,,,,,,,,,,,TE59,59.0,683.0,30.6,1.8,10.0,WW,,,—,0,0,99,,—,58,124.0,0.247,0.0,322.0,322.0,322.0,322.0,683.0,683.0,0.0,683.0,683.0,ESPN,30.6,0.6,-0.006,30.42,-77.49,59,TE59,1.0,377.0,0.0,0.0,30.6,0.0,0.0,-0.6,0.0,0.0,0.0,0.0,0.0,0.0,0.0,0.0,Tier 12,361.0,357.9,220.0,-137.9,🎯 High Consensus (Safe Floor),59.0,Tier 8,57.1,36.0,-21.1
304,Ja'Tavion Sanders,TE,CAR,T8,-76.88,-76.88,293,TE59,338,999.0,661.0,Screaming Steal (Huge Value),ESPN,999.0,999.0,999.0,999.0,0.0,46.18,1.72,,0.0,0.0,60.0,60.0,-0.015,0.25,0.794,16,5.0,,,,0.0,Neutral,False,False,Healthy,5,TE60,994.0,1005.0,2.5,1,FP_CAR_JA'TAVION_SANDERS,80.0,80.0,TE,CAR,29.3,31.177999999999997,22.27,178.15,1.04,0.0,0.0,0.0,0.0,0.0,0.0,396.0,TE53,35.35,29.0,5.0,,Neutral,Black,0.0,0.0,0.0,—,0.0,0.0,0.0,0.0,,,,,,,,,,,,,—,—,Consensus Alignment,—,—,99.0,,,1.0,0.0,0.0,0.0,0.0,0.0,0.0,0.0,0.0,0.0,0.0,0.0,—,—,,,consensus,,0.0,0.0,,,,,CAR,1900.0,-0.03,28.6,-0.01,-0.04,CAR,16.0,3.0,False,Dave Canales/Idzik,78.7,27.0,19.8,24.0,33.6,15.0,High 11P,22.0,Balanced,19.0,Spread,23.0,Passing / Garbage Time (Low Scoring Offense + Bad Defense -> Trailing Game Scripts / Air Volume),CAR,8,29.48,70.52,22.0,-2.0,D.Canales,59.4,83.4,,-0.1435,,,-0.6117,,,,,,,,,,0,,,,,,,,,,,,,,,,,,,,,,,,,,,TE60,60.0,999.0,29.3,1.72,10.0,WW,,,—,0,0,99,,—,59,124.0,0.236,0.0,661.0,661.0,661.0,661.0,999.0,999.0,0.0,999.0,999.0,CONSENSUS,31.32,-0.25,-0.006,31.13,-76.88,58,TE58,1.0,695.0,0.0,0.0,31.32,0.0,0.0,-0.6,0.0,0.0,0.0,0.0,0.0,0.0,0.0,0.0,Tier 12,338.0,334.9,220.0,-114.9,🎯 High Consensus (Safe Floor),60.0,Tier 8,58.1,36.0,-22.1
87,Brandon Aubrey,K,DAL,T6,2.04,2.04,55,K1,337,999.0,662.0,Screaming Steal (Huge Value),ESPN,999.0,999.0,999.0,999.0,0.0,153.03,8.05,,0.0,0.0,80.0,80.0,0.055,0.22,0.666,16,5.0,,,,0.0,Neutral,False,False,Healthy,14,K1,994.0,1005.0,2.5,1,FP_DAL_BRANDON_AUBREY,80.0,80.0,K,DAL,136.9,0.0,0.0,0.0,0.0,0.0,0.0,0.0,0.0,0.0,0.0,,,,,14.0,,Neutral,Black,0.0,0.0,0.0,—,0.0,0.0,0.0,0.0,,,,,,,,,,,,,🎯 **Top Kicker**,🤝 **Consensus #1 K**,Consensus Alignment,Tier 15,Round 17/18,17.5,Top overall fantasy kicker target at $1.,https://www.fantasypoints.com/nfl/articles/2026/applying-scott-barretts-2026-draft-guide-to-auctions,1.0,0.0,1.0,0.0,0.0,0.0,0.0,0.0,0.0,0.0,0.0,0.0,,,,,consensus,,0.0,0.0,,,,,DAL,1680.0,0.115,24.8,-0.04,0.2,DAL,8.0,4.0,False,Brian Schottenheimer,109.1,2.0,24.1,10.0,39.9,4.0,High 11P,2.0,Gap,12.0,Very Condensed,24.0,Shootouts (High Scoring Offense + Vulnerable Defense -> Max Fantasy Ceiling),DAL,15,26.43,73.57,24.0,-3.4,B.Schottenheimer,,,,,,,,,,,,,,,,,0,,,,,,,,,,,,,,,,,,,,,,,,,,,K1,1.0,,136.9,8.05,,,,,—,0,0,99,,—,1,129.5,1.057,7.400000000000006,662.0,662.0,662.0,662.0,999.0,999.0,0.0,999.0,999.0,CONSENSUS,136.9,0.0,-0.006,136.08,2.04,1,K1,1.4,912.0,0.0,0.0,136.9,0.0,0.0,-0.6,0.0,0.0,0.0,0.0,0.0,0.0,0.0,0.0,Tier 12,337.0,333.9,220.0,-113.9,🎯 High Consensus (Safe Floor),1.0,Tier 1,1.0,2.9,1.9
89,Jake Bates,K,DET,T6,1.74,1.74,59,K2,336,999.0,663.0,Screaming Steal (Huge Value),ESPN,999.0,999.0,999.0,999.0,0.0,135.86,7.98,,0.0,0.0,70.0,70.0,0.018,0.09,0.62,16,5.0,,,,0.0,Neutral,False,False,Healthy,6,K2,994.0,1005.0,2.5,1,FP_DET_JAKE_BATES,80.0,80.0,K,DET,135.7,0.0,0.0,0.0,0.0,0.0,0.0,0.0,0.0,0.0,0.0,,,,,6.0,,Neutral,Black,0.0,0.0,0.0,—,0.0,0.0,0.0,0.0,,,,,,,,,,,,,🎯 **Top Kicker**,🤝 **Consensus Value**,Consensus Alignment,Tier 15,Round 17/18,17.5,Lions #3 scoring offense; $1 auction target.,https://www.fantasypoints.com/nfl/articles/2026/applying-scott-barretts-2026-draft-guide-to-auctions,1.0,0.0,1.0,0.0,0.0,0.0,0.0,0.0,0.0,0.0,0.0,0.0,,,,,consensus,,0.0,0.0,,,,,DET,720.0,0.16,26.4,0.11,0.19,DET,15.0,3.5,False,Drew Petzing,107.7,3.0,21.4,20.0,26.1,27.0,—,3.0,Gap,24.0,Even,11.0,Balanced Environment,DET,16,30.85,69.15,20.0,-1.1,D.Petzing,,,,,,,,,,,,,,,,,0,,,,,,,,,,,,,,,,,,,,,,,,,,,K2,2.0,,135.7,7.98,,,,,—,0,0,99,,—,2,129.5,1.048,6.199999999999989,663.0,663.0,663.0,663.0,999.0,999.0,0.0,999.0,999.0,CONSENSUS,135.7,0.0,-0.006,134.89,1.74,2,K2,1.3,910.0,0.0,0.0,135.7,0.0,0.0,-0.6,0.0,0.0,0.0,0.0,0.0,0.0,0.0,0.0,Tier 12,336.0,332.9,220.0,-112.9,🎯 High Consensus (Safe Floor),2.0,Tier 1,1.0,3.9,2.9
95,Harrison Mevis,K,LA,T6,1.04,1.04,67,K3,335,999.0,664.0,Screaming Steal (Huge Value),ESPN,999.0,999.0,999.0,999.0,0.0,136.88,7.82,,0.0,0.0,80.0,80.0,0.0,0.15,0.5,16,5.0,,,,0.0,Neutral,False,False,Healthy,11,K3,994.0,1005.0,2.5,1,FP_LA_HARRISON_MEVIS,80.0,80.0,K,LA,132.9,0.0,0.0,0.0,0.0,0.0,0.0,0.0,0.0,0.0,0.0,,,,,11.0,,Neutral,Black,0.0,0.0,0.0,—,0.0,0.0,0.0,0.0,,,,,,,,,,,,,—,—,Consensus Alignment,—,—,99.0,,,1.0,0.0,0.0,0.0,0.0,0.0,0.0,0.0,0.0,0.0,0.0,0.0,—,—,,,consensus,,0.0,0.0,,,,,,,,,,,,,,,,,,,,,,,,,,,,,,16,35.0,65.0,,0.0,—,,,,,,,,,,,,,,,,,0,,,,,,,,,,,,,,,,,,,,,,,,,,,K3,3.0,,132.9,7.82,,,,,—,0,0,99,,—,3,129.5,1.026,3.4000000000000057,664.0,664.0,664.0,664.0,999.0,999.0,0.0,999.0,999.0,CONSENSUS,132.9,0.0,-0.006,132.1,1.04,3,K3,1.2,904.0,0.0,0.0,132.9,0.0,0.0,-0.6,0.0,0.0,0.0,0.0,0.0,0.0,0.0,0.0,Tier 12,335.0,331.9,220.0,-111.9,🎯 High Consensus (Safe Floor),3.0,Tier 1,1.1,4.9,3.8
96,Cairo Santos,K,CHI,T6,0.59,0.59,73,K4,334,999.0,665.0,Screaming Steal (Huge Value),ESPN,999.0,999.0,999.0,999.0,0.0,133.31,7.71,,0.0,0.0,80.0,80.0,0.01,0.26,0.63,16,5.0,,,,0.0,Neutral,False,False,Healthy,10,K4,994.0,1005.0,2.5,1,FP_CHI_CAIRO_SANTOS,80.0,80.0,K,CHI,131.1,0.0,0.0,0.0,0.0,0.0,0.0,0.0,0.0,0.0,0.0,,,,,10.0,,Neutral,Black,0.0,0.0,0.0,—,0.0,0.0,0.0,0.0,,,,,,,,,,,,,—,—,Consensus Alignment,—,—,99.0,,,1.0,0.0,0.0,0.0,0.0,0.0,0.0,0.0,0.0,0.0,0.0,0.0,—,—,,,consensus,,0.0,0.0,,,,,CHI,2020.0,0.048,27.6,0.01,0.07,CHI,3.0,4.0,False,Ben Johnson,98.3,8.0,29.3,1.0,37.2,7.0,High 12P,4.0,Zone,6.0,Even,11.0,Balanced Environment,CHI,4,41.16,58.84,7.0,-2.7,B.Johnson,,,,,,,,,,,,,,,,,0,,,,,,,,,,,,,,,,,,,,,,,,,,,K4,4.0,,131.1,7.71,,,,,—,0,0,99,,—,4,129.5,1.012,1.5999999999999943,665.0,665.0,665.0,665.0,999.0,999.0,0.0,999.0,999.0,CONSENSUS,131.1,0.0,-0.006,130.31,0.59,4,K4,1.1,903.0,0.0,0.0,131.1,0.0,0.0,-0.6,0.0,0.0,0.0,0.0,0.0,0.0,0.0,0.0,Tier 12,334.0,330.9,220.0,-110.9,🎯 High Consensus (Safe Floor),4.0,Tier 2,2.1,5.9,3.8
98,Jason Myers,K,SEA,T6,0.5,0.5,78,K5,333,999.0,666.0,Screaming Steal (Huge Value),ESPN,999.0,999.0,999.0,999.0,0.0,150.41,7.69,,0.0,0.0,70.0,70.0,0.0,0.17,0.774,16,5.0,,,,0.0,Neutral,False,False,Healthy,11,K5,994.0,1005.0,2.5,1,FP_SEA_JASON_MYERS,80.0,80.0,K,SEA,130.7,0.0,0.0,0.0,0.0,0.0,0.0,0.0,0.0,0.0,0.0,,,,,11.0,,Neutral,Black,0.0,0.0,0.0,—,0.0,0.0,0.0,0.0,,,,,,,,,,,,,—,—,Consensus Alignment,—,—,99.0,,,1.0,0.0,0.0,0.0,0.0,0.0,0.0,0.0,0.0,0.0,0.0,0.0,—,—,,,consensus,,0.0,0.0,,,,,SEA,1340.0,0.058,28.0,0.02,0.08,SEA,10.0,3.5,False,Brian Fleury,96.6,11.0,26.4,4.0,32.9,17.0,—,16.0,Zone,4.0,Even,14.0,Chew the Clock (High Scoring Offense + Elite Defense -> Run-Heavy Second Halves),SEA,14,46.7,53.3,4.0,0.0,Unknown,,,,,,,,,,,,,,,,,0,,,,,,,,,,,,,,,,,,,,,,,,,,,K5,5.0,,130.7,7.69,,,,,—,0,0,99,,—,5,129.5,1.009,1.1999999999999886,666.0,666.0,666.0,666.0,999.0,999.0,0.0,999.0,999.0,CONSENSUS,130.7,0.0,-0.006,129.92,0.5,5,K5,1.1,901.0,0.0,0.0,130.7,0.0,0.0,-0.6,0.0,0.0,0.0,0.0,0.0,0.0,0.0,0.0,Tier 12,333.0,329.9,220.0,-109.9,🎯 High Consensus (Safe Floor),5.0,Tier 2,3.1,6.9,3.8
99,Eddy Pineiro,K,SF,T6,0.47,0.47,79,K6,332,999.0,667.0,Screaming Steal (Huge Value),ESPN,999.0,999.0,999.0,999.0,0.0,132.62,7.68,,0.0,0.0,80.0,80.0,-0.012,0.11,0.774,16,5.0,,,,0.0,Neutral,False,False,Healthy,8,K6,994.0,1005.0,2.5,1,FP_SF_EDDY_PINEIRO,80.0,80.0,K,SF,130.6,0.0,0.0,0.0,0.0,0.0,0.0,0.0,0.0,0.0,0.0,,,,,8.0,,Neutral,Black,0.0,0.0,0.0,—,0.0,0.0,0.0,0.0,,,,,,,,,,,,,—,—,Consensus Alignment,—,—,99.0,,,1.0,0.0,0.0,0.0,0.0,0.0,0.0,0.0,0.0,0.0,0.0,0.0,—,—,,,consensus,,0.0,0.0,,,,,SF,890.0,0.175,28.8,0.14,0.2,SF,6.0,4.0,False,Kyle Shanahan,100.9,6.0,26.4,4.0,32.9,17.0,High 21P,8.0,Zone,3.0,Most Condensed,14.0,Shootouts (High Scoring Offense + Vulnerable Defense -> Max Fantasy Ceiling),SF,6,48.24,51.76,3.0,-1.9,K.Shanahan,,,,,,,,,,,,,,,,,0,,,,,,,,,,,,,,,,,,,,,,,,,,,K6,6.0,,130.6,7.68,,,,,—,0,0,99,,—,6,129.5,1.008,1.0999999999999943,667.0,667.0,667.0,667.0,999.0,999.0,0.0,999.0,999.0,CONSENSUS,130.6,0.0,-0.006,129.82,0.47,6,K6,1.1,900.0,0.0,0.0,130.6,0.0,0.0,-0.6,0.0,0.0,0.0,0.0,0.0,0.0,0.0,0.0,Tier 12,332.0,328.9,220.0,-108.9,🎯 High Consensus (Safe Floor),6.0,Tier 2,4.1,7.9,3.8
99,Tyler Bass,K,BUF,T6,0.47,0.47,79,K6,331,999.0,668.0,Screaming Steal (Huge Value),ESPN,999.0,999.0,999.0,999.0,0.0,123.58,7.68,,0.0,0.0,90.0,90.0,0.03,0.32,0.655,16,5.0,,,,0.0,Neutral,False,False,Healthy,7,K7,994.0,1005.0,2.5,1,FP_BUF_TYLER_BASS,80.0,80.0,K,BUF,130.6,0.0,0.0,0.0,0.0,0.0,0.0,0.0,0.0,0.0,0.0,,,,,7.0,,Neutral,Black,0.0,0.0,0.0,—,0.0,0.0,0.0,0.0,,,,,,,,,,,,,—,—,Consensus Alignment,—,—,99.0,,,1.0,0.0,0.0,0.0,0.0,0.0,0.0,0.0,0.0,0.0,0.0,0.0,—,—,,,consensus,,0.0,0.0,,,,,BUF,2450.0,0.155,26.9,0.08,0.2,BUF,2.0,4.5,True,Joe Brady,101.1,5.0,24.4,8.0,30.1,25.0,—,32.0,Gap,11.0,Very Spread,22.0,Shootouts (High Scoring Offense + Vulnerable Defense -> Max Fantasy Ceiling),BUF,7,23.56,76.44,28.0,-1.6,J.Brady,,,,,,,,,,,,,,,,,0,,,,,,,,,,,,,,,,,,,,,,,,,,,K7,7.0,,130.6,7.68,,,,,—,0,0,99,,—,6,129.5,1.008,1.0999999999999943,668.0,668.0,668.0,668.0,999.0,999.0,0.0,999.0,999.0,CONSENSUS,130.6,0.0,-0.006,129.82,0.47,6,K6,1.1,900.0,0.0,0.0,130.6,0.0,0.0,-0.6,0.0,0.0,0.0,0.0,0.0,0.0,0.0,0.0,Tier 12,331.0,327.9,220.0,-107.9,🎯 High Consensus (Safe Floor),7.0,Tier 2,5.1,8.9,3.8
101,Ka'imi Fairbairn,K,HST,T6,0.45,0.45,81,K8,330,999.0,669.0,Screaming Steal (Huge Value),ESPN,999.0,999.0,999.0,999.0,0.0,144.06,7.68,,0.0,0.0,80.0,80.0,0.0,0.15,0.5,16,5.0,,,,0.0,Neutral,False,False,Healthy,8,K8,994.0,1005.0,2.5,1,FP_HST_KA'IMI_FAIRBAIRN,80.0,80.0,K,HST,130.5,0.0,0.0,0.0,0.0,0.0,0.0,0.0,0.0,0.0,0.0,,,,,8.0,,Neutral,Black,0.0,0.0,0.0,—,0.0,0.0,0.0,0.0,,,,,,,,,,,,,—,—,Consensus Alignment,—,—,99.0,,,1.0,0.0,0.0,0.0,0.0,0.0,0.0,0.0,0.0,0.0,0.0,0.0,—,—,,,consensus,,0.0,0.0,,,,,,,,,,,,,,,,,,,,,,,,,,,,,,16,35.0,65.0,,0.0,—,,,,,,,,,,,,,,,,,0,,,,,,,,,,,,,,,,,,,,,,,,,,,K8,8.0,,130.5,7.68,,,,,—,0,0,99,,—,8,129.5,1.008,1.0,669.0,669.0,669.0,669.0,999.0,999.0,0.0,999.0,999.0,CONSENSUS,130.5,0.0,-0.006,129.72,0.45,8,K8,1.1,898.0,0.0,0.0,130.5,0.0,0.0,-0.6,0.0,0.0,0.0,0.0,0.0,0.0,0.0,0.0,Tier 12,330.0,326.9,220.0,-106.9,🎯 High Consensus (Safe Floor),8.0,Tier 2,6.1,9.9,3.8
102,Cameron Dicker,K,LAC,T6,0.4,0.4,82,K9,329,999.0,670.0,Screaming Steal (Huge Value),ESPN,999.0,999.0,999.0,999.0,0.0,142.72,7.66,,0.0,0.0,60.0,60.0,-0.035,0.38,0.663,16,5.0,,,,0.0,Neutral,False,False,Healthy,7,K9,994.0,1005.0,2.5,1,FP_LAC_CAMERON_DICKER,80.0,80.0,K,LAC,130.3,0.0,0.0,0.0,0.0,0.0,0.0,0.0,0.0,0.0,0.0,,,,,7.0,,Neutral,Black,0.0,0.0,0.0,—,0.0,0.0,0.0,0.0,,,,,,,,,,,,,—,—,Consensus Alignment,—,—,99.0,,,1.0,0.0,0.0,0.0,0.0,0.0,0.0,0.0,0.0,0.0,0.0,0.0,—,—,,,consensus,,0.0,0.0,,,,,LAC,2900.0,0.06,29.2,0.05,0.07,LAC,32.0,3.0,False,Mike McDaniel,91.9,15.0,26.7,3.0,35.4,11.0,High 21P,31.0,Zone,1.0,Very Condensed,28.0,Chew the Clock (High Scoring Offense + Elite Defense -> Run-Heavy Second Halves),LAC,9,18.72,81.28,30.0,-1.4,M.McDaniel,,,,,,,,,,,,,,,,,0,,,,,,,,,,,,,,,,,,,,,,,,,,,K9,9.0,,130.3,7.66,,,,,—,0,0,99,,—,9,129.5,1.006,0.8000000000000114,670.0,670.0,670.0,670.0,999.0,999.0,0.0,999.0,999.0,CONSENSUS,130.3,0.0,-0.006,129.52,0.4,9,K9,1.1,897.0,0.0,0.0,130.3,0.0,0.0,-0.6,0.0,0.0,0.0,0.0,0.0,0.0,0.0,0.0,Tier 12,329.0,325.9,220.0,-105.9,🎯 High Consensus (Safe Floor),9.0,Tier 3,7.1,10.9,3.8
106,Spencer Shrader,K,IND,T6,0.37,0.37,84,K10,297,999.0,702.0,Screaming Steal (Huge Value),ESPN,999.0,999.0,999.0,999.0,0.0,0.0,7.66,,0.0,0.0,90.0,90.0,0.005,0.13,0.691,16,5.0,,,,0.0,Neutral,False,False,Healthy,13,K10,994.0,1005.0,2.5,1,FP_IND_SPENCER_SHRADER,80.0,80.0,K,IND,130.2,0.0,0.0,0.0,0.0,0.0,0.0,0.0,0.0,0.0,0.0,,,,,13.0,,Neutral,Black,0.0,0.0,0.0,—,0.0,0.0,0.0,0.0,,,,,,,,,,,,,—,—,Consensus Alignment,—,—,99.0,,,1.0,0.0,0.0,0.0,0.0,0.0,0.0,0.0,0.0,0.0,0.0,0.0,—,—,,,consensus,,0.0,0.0,,,,,IND,980.0,0.068,27.3,0.06,0.07,IND,5.0,4.5,False,Shane Steichen,97.4,10.0,22.2,17.0,32.7,19.0,—,20.0,Gap,10.0,Even,25.0,Balanced Environment,IND,10,36.05,63.95,14.0,-3.5,S.Steichen,,,,,,,,,,,,,,,,,0,,,,,,,,,,,,,,,,,,,,,,,,,,,K10,10.0,,130.2,7.66,,,,,—,0,0,99,,—,10,129.5,1.005,0.6999999999999886,702.0,702.0,702.0,702.0,999.0,999.0,0.0,999.0,999.0,CONSENSUS,130.2,0.0,-0.006,129.42,0.37,10,K10,1.1,893.0,0.0,0.0,130.2,0.0,0.0,-0.6,0.0,0.0,0.0,0.0,0.0,0.0,0.0,0.0,Tier 12,297.0,293.9,220.0,-73.9,🎯 High Consensus (Safe Floor),10.0,Tier 3,8.1,11.9,3.8
108,Tyler Loop,K,BLT,T6,0.32,0.32,86,K11,298,999.0,701.0,Screaming Steal (Huge Value),ESPN,999.0,999.0,999.0,999.0,0.0,132.05,7.65,,0.0,0.0,80.0,80.0,0.0,0.15,0.5,16,5.0,,,,0.0,Neutral,False,False,Healthy,13,K11,994.0,1005.0,2.5,1,FP_BLT_TYLER_LOOP,80.0,80.0,K,BLT,130.0,0.0,0.0,0.0,0.0,0.0,0.0,0.0,0.0,0.0,0.0,,,,,13.0,,Neutral,Black,0.0,0.0,0.0,—,0.0,0.0,0.0,0.0,,,,,,,,,,,,,—,—,Consensus Alignment,—,—,99.0,,,1.0,0.0,0.0,0.0,0.0,0.0,0.0,0.0,0.0,0.0,0.0,0.0,—,—,,,consensus,,0.0,0.0,,,,,,,,,,,,,,,,,,,,,,,,,,,,,,16,35.0,65.0,,0.0,—,,,,,,,,,,,,,,,,,0,,,,,,,,,,,,,,,,,,,,,,,,,,,K11,11.0,,130.0,7.65,,,,,—,0,0,99,,—,11,129.5,1.004,0.5,701.0,701.0,701.0,701.0,999.0,999.0,0.0,999.0,999.0,CONSENSUS,130.0,0.0,-0.006,129.22,0.32,11,K11,1.1,891.0,0.0,0.0,130.0,0.0,0.0,-0.6,0.0,0.0,0.0,0.0,0.0,0.0,0.0,0.0,Tier 12,298.0,294.9,220.0,-74.9,🎯 High Consensus (Safe Floor),11.0,Tier 3,9.1,12.9,3.8
109,Harrison Butker,K,KC,T6,0.2,0.2,91,K12,296,999.0,703.0,Screaming Steal (Huge Value),ESPN,999.0,999.0,999.0,999.0,0.0,131.94,7.62,,0.0,0.0,60.0,60.0,0.068,0.145,0.546,16,5.0,,,,0.0,Neutral,False,False,Healthy,5,K12,994.0,1005.0,2.5,1,FP_KC_HARRISON_BUTKER,80.0,80.0,K,KC,129.5,0.0,0.0,0.0,0.0,0.0,0.0,0.0,0.0,0.0,0.0,,,,,5.0,,Neutral,Black,0.0,0.0,0.0,—,0.0,0.0,0.0,0.0,,,,,,,,,,,,,—,—,Consensus Alignment,—,—,99.0,,,1.0,0.0,0.0,0.0,0.0,0.0,0.0,0.0,0.0,0.0,0.0,0.0,—,—,,,consensus,,0.0,0.0,,,,,KC,1250.0,0.142,26.5,0.02,0.22,KC,22.0,3.0,False,Andy Reid,89.6,19.0,22.0,19.0,33.2,16.0,—,9.0,Zone,22.0,Condensed,6.0,Chew the Clock (High Scoring Offense + Elite Defense -> Run-Heavy Second Halves),KC,21,38.45,61.55,11.0,6.4,A.Reid,,,,,,,,,,,,,,,,,0,,,,,,,,,,,,,,,,,,,,,,,,,,,K12,12.0,,129.5,7.62,,,,,—,0,0,99,,—,12,129.5,1.0,0.0,703.0,703.0,703.0,703.0,999.0,999.0,0.0,999.0,999.0,CONSENSUS,129.5,0.0,-0.006,128.72,0.2,12,K12,1.0,890.0,0.0,0.0,129.5,0.0,0.0,-0.6,0.0,0.0,0.0,0.0,0.0,0.0,0.0,0.0,Tier 12,296.0,292.9,220.0,-72.9,🎯 High Consensus (Safe Floor),12.0,Tier 3,10.1,13.9,3.8
113,Cam Little,K,JAX,T6,0.0,0.0,98,K13,265,999.0,734.0,Screaming Steal (Huge Value),ESPN,999.0,999.0,999.0,999.0,0.0,131.47,7.57,,0.0,0.0,80.0,80.0,0.015,0.28,0.616,16,5.0,,,,0.0,Neutral,False,False,Healthy,7,K13,994.0,1005.0,2.5,1,FP_JAX_CAM_LITTLE,80.0,80.0,K,JAX,128.7,0.0,0.0,0.0,0.0,0.0,0.0,0.0,0.0,0.0,0.0,,,,,7.0,,Neutral,Black,0.0,0.0,0.0,—,0.0,0.0,0.0,0.0,,,,,,,,,,,,,—,—,Consensus Alignment,—,—,99.0,,,1.0,0.0,0.0,0.0,0.0,0.0,0.0,0.0,0.0,0.0,0.0,0.0,—,—,,,consensus,,0.0,0.0,,,,,JAX,2100.0,0.052,27.9,-0.02,0.1,JAX,7.0,4.0,True,Liam Coen,97.4,9.0,26.0,5.0,37.0,8.0,High 11P,21.0,Balanced,7.0,Condensed,1.0,Shootouts (High Scoring Offense + Vulnerable Defense -> Max Fantasy Ceiling),JAX,23,24.71,75.29,26.0,0.9,L.Coen,,,,,,,,,,,,,,,,,0,,,,,,,,,,,,,,,,,,,,,,,,,,,K13,13.0,,128.7,7.57,,,,,—,0,0,99,,—,13,129.5,0.994,0.0,734.0,734.0,734.0,734.0,999.0,999.0,0.0,999.0,999.0,CONSENSUS,128.7,0.0,-0.006,127.93,0.0,13,K13,1.0,886.0,0.0,0.0,128.7,0.0,0.0,-0.6,0.0,0.0,0.0,0.0,0.0,0.0,0.0,0.0,Tier 12,265.0,261.9,220.0,-41.9,🎯 High Consensus (Safe Floor),13.0,Tier 3,11.1,14.9,3.8
120,Trey Smack,K,GB,T7,-0.23,-0.23,104,K14,261,999.0,738.0,Screaming Steal (Huge Value),ESPN,999.0,999.0,999.0,999.0,0.0,126.35,7.52,,0.0,0.0,40.0,40.0,0.02,0.16,0.667,16,5.0,,,,0.0,Neutral,False,False,Healthy,11,K14,994.0,1005.0,2.5,1,FP_GB_TREY_SMACK,80.0,80.0,K,GB,127.8,0.0,0.0,0.0,0.0,0.0,0.0,0.0,0.0,0.0,0.0,,,,,11.0,,Neutral,Black,0.0,0.0,0.0,—,0.0,0.0,0.0,0.0,,,,,,,,,,,,,—,—,Consensus Alignment,—,—,99.0,,,1.0,0.0,0.0,0.0,0.0,0.0,0.0,0.0,0.0,0.0,0.0,0.0,—,—,,,consensus,,0.0,0.0,,,,,GB,1300.0,0.112,27.8,0.04,0.16,GB,20.0,2.0,False,Matt LaFleur,90.5,16.0,23.0,13.0,36.3,9.0,High 12P,19.0,Balanced,8.0,Very Condensed,17.0,Chew the Clock (High Scoring Offense + Elite Defense -> Run-Heavy Second Halves),GB,27,38.22,61.78,13.0,-1.0,M.LaFleur,,,,,,,,,,,,,,,,,0,,,,,,,,,,,,,,,,,,,,,,,,,,,K14,14.0,,127.8,7.52,,,,,—,0,0,99,,—,14,129.5,0.987,0.0,738.0,738.0,738.0,738.0,999.0,999.0,0.0,999.0,999.0,CONSENSUS,127.8,0.0,-0.006,127.03,-0.23,14,K14,1.0,879.0,0.0,0.0,127.8,0.0,0.0,-0.6,0.0,0.0,0.0,0.0,0.0,0.0,0.0,0.0,Tier 12,261.0,257.9,220.0,-37.9,🎯 High Consensus (Safe Floor),14.0,Tier 3,12.1,15.9,3.8
121,Chase McLaughlin,K,TB,T7,-0.25,-0.25,105,K15,260,999.0,739.0,Screaming Steal (Huge Value),ESPN,999.0,999.0,999.0,999.0,0.0,132.86,7.51,,0.0,0.0,80.0,80.0,0.028,0.11,0.75,16,5.0,,,,0.0,Neutral,False,False,Healthy,10,K15,994.0,1005.0,2.5,1,FP_TB_CHASE_MCLAUGHLIN,80.0,80.0,K,TB,127.7,0.0,0.0,0.0,0.0,0.0,0.0,0.0,0.0,0.0,0.0,,,,,10.0,,Neutral,Black,0.0,0.0,0.0,—,0.0,0.0,0.0,0.0,,,,,,,,,,,,,—,—,Consensus Alignment,—,—,99.0,,,1.0,0.0,0.0,0.0,0.0,0.0,0.0,0.0,0.0,0.0,0.0,0.0,—,—,,,consensus,,0.0,0.0,,,,,TB,820.0,0.078,27.5,-0.03,0.14,TB,26.0,4.0,False,Zac Robinson,89.8,18.0,27.9,2.0,30.4,24.0,High 12P,13.0,Zone,2.0,Condensed,20.0,Slugfests (Low Scoring Offense + Elite Defense -> Low Over/Unders / Grinding Games),TB,5,26.78,73.22,23.0,-6.6,Z.Robinson,,,,,,,,,,,,,,,,,0,,,,,,,,,,,,,,,,,,,,,,,,,,,K15,15.0,,127.7,7.51,,,,,—,0,0,99,,—,15,129.5,0.986,0.0,739.0,739.0,739.0,739.0,999.0,999.0,0.0,999.0,999.0,CONSENSUS,127.7,0.0,-0.006,126.93,-0.25,15,K15,1.0,878.0,0.0,0.0,127.7,0.0,0.0,-0.6,0.0,0.0,0.0,0.0,0.0,0.0,0.0,0.0,Tier 12,260.0,256.9,220.0,-36.9,🎯 High Consensus (Safe Floor),15.0,Tier 4,13.1,16.9,3.8
123,Jake Elliott,K,PHI,T7,-0.28,-0.28,107,K16,259,999.0,740.0,Screaming Steal (Huge Value),ESPN,999.0,999.0,999.0,999.0,0.0,119.8,7.51,,0.0,0.0,80.0,80.0,0.025,0.08,0.667,16,5.0,,,,0.0,Neutral,False,False,Healthy,10,K16,994.0,1005.0,2.5,1,FP_PHI_JAKE_ELLIOTT,80.0,80.0,K,PHI,127.6,0.0,0.0,0.0,0.0,0.0,0.0,0.0,0.0,0.0,0.0,,,,,10.0,,Neutral,Black,0.0,0.0,0.0,—,0.0,0.0,0.0,0.0,,,,,,,,,,,,,—,—,Consensus Alignment,—,—,99.0,,,1.0,0.0,0.0,0.0,0.0,0.0,0.0,0.0,0.0,0.0,0.0,0.0,—,—,,,consensus,,0.0,0.0,,,,,PHI,640.0,0.138,27.2,0.12,0.15,PHI,14.0,4.0,True,Sean Mannion,85.2,24.0,23.0,13.0,36.3,9.0,—,16.0,Balanced,5.0,Condensed,15.0,Chew the Clock (High Scoring Offense + Elite Defense -> Run-Heavy Second Halves),PHI,2,35.05,64.95,16.0,0.0,Unknown,,,,,,,,,,,,,,,,,0,,,,,,,,,,,,,,,,,,,,,,,,,,,K16,16.0,,127.6,7.51,,,,,—,0,0,99,,—,16,129.5,0.985,0.0,740.0,740.0,740.0,740.0,999.0,999.0,0.0,999.0,999.0,CONSENSUS,127.6,0.0,-0.006,126.83,-0.28,16,K16,1.0,876.0,0.0,0.0,127.6,0.0,0.0,-0.6,0.0,0.0,0.0,0.0,0.0,0.0,0.0,0.0,Tier 12,259.0,255.9,220.0,-35.9,🎯 High Consensus (Safe Floor),16.0,Tier 4,14.1,17.9,3.8
125,Nick Folk,K,ATL,T7,-0.37,-0.37,110,K17,258,999.0,741.0,Screaming Steal (Huge Value),ESPN,999.0,999.0,999.0,999.0,0.0,121.07,7.48,,0.0,0.0,80.0,80.0,0.032,0.15,0.592,16,5.0,,,,0.0,Neutral,False,False,Healthy,11,K17,994.0,1005.0,2.5,1,FP_ATL_NICK_FOLK,80.0,80.0,K,ATL,127.2,0.0,0.0,0.0,0.0,0.0,0.0,0.0,0.0,0.0,0.0,,,,,11.0,,Neutral,Black,0.0,0.0,0.0,—,0.0,0.0,0.0,0.0,,,,,,,,,,,,,—,—,Consensus Alignment,—,—,99.0,,,1.0,0.0,0.0,0.0,0.0,0.0,0.0,0.0,0.0,0.0,0.0,0.0,—,—,,,consensus,,0.0,0.0,,,,,ATL,1100.0,0.092,26.0,0.05,0.12,ATL,21.0,4.0,False,Kevin Stefanski/Rees,86.4,21.0,22.4,16.0,25.7,28.0,High 12P,10.0,Gap,18.0,Even,3.0,Passing / Garbage Time (Low Scoring Offense + Bad Defense -> Trailing Game Scripts / Air Volume),ATL,11,54.01,45.99,2.0,-4.2,K.Stefanski,,,,,,,,,,,,,,,,,0,,,,,,,,,,,,,,,,,,,,,,,,,,,K17,17.0,,127.2,7.48,,,,,—,0,0,99,,—,17,129.5,0.982,0.0,741.0,741.0,741.0,741.0,999.0,999.0,0.0,999.0,999.0,CONSENSUS,127.2,0.0,-0.006,126.44,-0.37,17,K17,1.0,874.0,0.0,0.0,127.2,0.0,0.0,-0.6,0.0,0.0,0.0,0.0,0.0,0.0,0.0,0.0,Tier 12,258.0,254.9,220.0,-34.9,🎯 High Consensus (Safe Floor),17.0,Tier 4,15.1,18.9,3.8
127,Evan McPherson,K,CIN,T7,-0.45,-0.45,111,K18,257,999.0,742.0,Screaming Steal (Huge Value),ESPN,999.0,999.0,999.0,999.0,0.0,128.73,7.46,,0.0,0.0,60.0,60.0,0.05,0.18,0.751,16,5.0,,,,0.0,Neutral,False,False,Healthy,6,K18,994.0,1005.0,2.5,1,FP_CIN_EVAN_MCPHERSON,80.0,80.0,K,CIN,126.9,0.0,0.0,0.0,0.0,0.0,0.0,0.0,0.0,0.0,0.0,,,,,6.0,,Neutral,Black,0.0,0.0,0.0,—,0.0,0.0,0.0,0.0,,,,,,,,,,,,,—,—,Consensus Alignment,—,—,99.0,,,1.0,0.0,0.0,0.0,0.0,0.0,0.0,0.0,0.0,0.0,0.0,0.0,—,—,,,consensus,,0.0,0.0,,,,,CIN,1420.0,0.125,25.2,0.01,0.21,CIN,19.0,3.0,False,Zac Taylor,98.6,7.0,22.5,15.0,42.5,3.0,—,11.0,Gap,20.0,Very Spread,15.0,Shootouts (High Scoring Offense + Vulnerable Defense -> Max Fantasy Ceiling),CIN,28,31.69,68.31,19.0,3.6,Z.Taylor,,,,,,,,,,,,,,,,,0,,,,,,,,,,,,,,,,,,,,,,,,,,,K18,18.0,,126.9,7.46,,,,,—,0,0,99,,—,18,129.5,0.98,0.0,742.0,742.0,742.0,742.0,999.0,999.0,0.0,999.0,999.0,CONSENSUS,126.9,0.0,-0.006,126.14,-0.45,18,K18,1.0,872.0,0.0,0.0,126.9,0.0,0.0,-0.6,0.0,0.0,0.0,0.0,0.0,0.0,0.0,0.0,Tier 12,257.0,253.9,220.0,-33.9,🎯 High Consensus (Safe Floor),18.0,Tier 4,16.1,19.9,3.8
131,Wil Lutz,K,DEN,T7,-0.8,-0.8,116,K19,256,999.0,743.0,Screaming Steal (Huge Value),ESPN,999.0,999.0,999.0,999.0,0.0,128.5,7.38,,0.0,0.0,100.0,100.0,-0.018,0.27,0.563,16,5.0,,,,0.0,Neutral,False,False,Healthy,10,K19,994.0,1005.0,2.5,1,FP_DEN_WIL_LUTZ,80.0,80.0,K,DEN,125.5,0.0,0.0,0.0,0.0,0.0,0.0,0.0,0.0,0.0,0.0,,,,,10.0,,Neutral,Black,0.0,0.0,0.0,—,0.0,0.0,0.0,0.0,,,,,,,,,,,,,—,—,Consensus Alignment,—,—,99.0,,,1.0,0.0,0.0,0.0,0.0,0.0,0.0,0.0,0.0,0.0,0.0,0.0,—,—,,,consensus,,0.0,0.0,,,,,DEN,2100.0,0.02,28.9,0.01,0.03,DEN,4.0,5.0,True,Sean Payton/Webb,94.5,13.0,24.2,9.0,32.6,21.0,—,7.0,Gap,26.0,Most Spread,2.0,Balanced Environment,DEN,1,17.22,82.78,31.0,1.7,S.Payton,,,,,,,,,,,,,,,,,0,,,,,,,,,,,,,,,,,,,,,,,,,,,K19,19.0,,125.5,7.38,,,,,—,0,0,99,,—,19,129.5,0.969,0.0,743.0,743.0,743.0,743.0,999.0,999.0,0.0,999.0,999.0,CONSENSUS,125.5,0.0,-0.006,124.75,-0.8,19,K19,1.0,868.0,0.0,0.0,125.5,0.0,0.0,-0.6,0.0,0.0,0.0,0.0,0.0,0.0,0.0,0.0,Tier 12,256.0,252.9,220.0,-32.9,🎯 High Consensus (Safe Floor),19.0,Tier 4,17.1,20.9,3.8
133,Will Reichard,K,MIN,T7,-1.02,-1.02,119,K20,255,999.0,744.0,Screaming Steal (Huge Value),ESPN,999.0,999.0,999.0,999.0,0.0,130.71,7.33,,0.0,0.0,80.0,80.0,0.035,0.19,0.691,16,5.0,,,,0.0,Neutral,False,False,Healthy,6,K20,994.0,1005.0,2.5,1,FP_MIN_WILL_REICHARD,80.0,80.0,K,MIN,124.6,0.0,0.0,0.0,0.0,0.0,0.0,0.0,0.0,0.0,0.0,,,,,6.0,,Neutral,Black,0.0,0.0,0.0,—,0.0,0.0,0.0,0.0,,,,,,,,,,,,,—,—,Consensus Alignment,—,—,99.0,,,1.0,0.0,0.0,0.0,0.0,0.0,0.0,0.0,0.0,0.0,0.0,0.0,—,—,,,consensus,,0.0,0.0,,,,,MIN,1580.0,0.085,27.1,-0.02,0.15,MIN,9.0,4.0,True,Kevin O'Connell,76.2,28.0,18.9,26.0,37.4,5.0,—,25.0,Balanced,23.0,Condensed,5.0,Shootouts (High Scoring Offense + Vulnerable Defense -> Max Fantasy Ceiling),MIN,12,31.97,68.03,18.0,1.4,K.O'Connell,,,,,,,,,,,,,,,,,0,,,,,,,,,,,,,,,,,,,,,,,,,,,K20,20.0,,124.6,7.33,,,,,—,0,0,99,,—,20,129.5,0.962,0.0,744.0,744.0,744.0,744.0,999.0,999.0,0.0,999.0,999.0,CONSENSUS,124.6,0.0,-0.006,123.85,-1.02,20,K20,1.0,866.0,0.0,0.0,124.6,0.0,0.0,-0.6,0.0,0.0,0.0,0.0,0.0,0.0,0.0,0.0,Tier 12,255.0,251.9,220.0,-31.9,🎯 High Consensus (Safe Floor),20.0,Tier 4,18.1,21.9,3.8
133,Charlie Smyth,K,NO,T7,-1.02,-1.02,119,K20,254,999.0,745.0,Screaming Steal (Huge Value),ESPN,999.0,999.0,999.0,999.0,0.0,63.5,7.33,,0.0,0.0,60.0,60.0,0.005,0.15,0.663,16,5.0,,,,0.0,Neutral,False,False,Healthy,8,K21,994.0,1005.0,2.5,1,FP_NO_CHARLIE_SMYTH,80.0,80.0,K,NO,124.6,0.0,0.0,0.0,0.0,0.0,0.0,0.0,0.0,0.0,0.0,,,,,8.0,,Neutral,Black,0.0,0.0,0.0,—,0.0,0.0,0.0,0.0,,,,,,,,,,,,,—,—,Consensus Alignment,—,—,99.0,,,1.0,0.0,0.0,0.0,0.0,0.0,0.0,0.0,0.0,0.0,0.0,0.0,—,—,,,consensus,,0.0,0.0,,,,,NO,1150.0,0.035,28.2,-0.03,0.08,NO,30.0,3.0,True,Kellen Moore,85.7,23.0,22.1,18.0,35.8,10.0,High 11P,1.0,Zone,5.0,Even,27.0,Passing / Garbage Time (Low Scoring Offense + Bad Defense -> Trailing Game Scripts / Air Volume),NO,22,25.49,74.51,25.0,-2.3,K.Moore,,,,,,,,,,,,,,,,,0,,,,,,,,,,,,,,,,,,,,,,,,,,,K21,21.0,,124.6,7.33,,,,,—,0,0,99,,—,20,129.5,0.962,0.0,745.0,745.0,745.0,745.0,999.0,999.0,0.0,999.0,999.0,CONSENSUS,124.6,0.0,-0.006,123.85,-1.02,20,K20,1.0,866.0,0.0,0.0,124.6,0.0,0.0,-0.6,0.0,0.0,0.0,0.0,0.0,0.0,0.0,0.0,Tier 12,254.0,250.9,220.0,-30.9,🎯 High Consensus (Safe Floor),21.0,Tier 4,19.1,22.9,3.8
138,Andy Borregales,K,NE,T7,-1.24,-1.24,124,K22,253,999.0,746.0,Screaming Steal (Huge Value),ESPN,999.0,999.0,999.0,999.0,0.0,119.38,7.28,,0.0,0.0,60.0,60.0,-0.03,0.3,0.605,16,5.0,,,,0.0,Neutral,False,False,Healthy,11,K22,994.0,1005.0,2.5,1,FP_NE_ANDY_BORREGALES,80.0,80.0,K,NE,123.7,0.0,0.0,0.0,0.0,0.0,0.0,0.0,0.0,0.0,0.0,,,,,11.0,,Neutral,Black,0.0,0.0,0.0,—,0.0,0.0,0.0,0.0,,,,,,,,,,,,,—,—,Consensus Alignment,—,—,99.0,,,1.0,0.0,0.0,0.0,0.0,0.0,0.0,0.0,0.0,0.0,0.0,0.0,—,—,,,consensus,,0.0,0.0,,,,,NE,2300.0,-0.055,29.4,-0.02,-0.07,NE,13.0,3.0,False,Josh McDaniels,104.9,4.0,24.9,6.0,34.6,13.0,—,24.0,Gap,21.0,Spread,4.0,Slugfests (Low Scoring Offense + Elite Defense -> Low Over/Unders / Grinding Games),NE,13,34.68,65.32,17.0,1.4,J.McDaniels,,,,,,,,,,,,,,,,,0,,,,,,,,,,,,,,,,,,,,,,,,,,,K22,22.0,,123.7,7.28,,,,,—,0,0,99,,—,22,129.5,0.955,0.0,746.0,746.0,746.0,746.0,999.0,999.0,0.0,999.0,999.0,CONSENSUS,123.7,0.0,-0.006,122.96,-1.24,22,K22,1.0,861.0,0.0,0.0,123.7,0.0,0.0,-0.6,0.0,0.0,0.0,0.0,0.0,0.0,0.0,0.0,Tier 12,253.0,249.9,220.0,-29.9,🎯 High Consensus (Safe Floor),22.0,Tier 4,20.1,23.9,3.8
146,Drew Stevens,K,WAS,T7,-1.99,-1.99,134,K23,252,999.0,747.0,Screaming Steal (Huge Value),ESPN,999.0,999.0,999.0,999.0,0.0,116.79,7.1,,0.0,0.0,40.0,40.0,0.012,0.23,0.65,16,5.0,,,,0.0,Neutral,False,False,Healthy,7,K23,994.0,1005.0,2.5,1,FP_WAS_DREW_STEVENS,80.0,80.0,K,WAS,120.7,0.0,0.0,0.0,0.0,0.0,0.0,0.0,0.0,0.0,0.0,,,,,7.0,,Neutral,Black,0.0,0.0,0.0,—,0.0,0.0,0.0,0.0,,,,,,,,,,,,,—,—,Consensus Alignment,—,—,99.0,,,1.0,0.0,0.0,0.0,0.0,0.0,0.0,0.0,0.0,0.0,0.0,0.0,—,—,,,consensus,,0.0,0.0,,,,,WAS,1780.0,0.088,25.1,0.07,0.1,WAS,24.0,2.0,True,David Blough,80.9,26.0,22.0,18.0,36.0,10.0,More 12P,5.0,Gap,12.0,Even,12.0,Shootouts (High Scoring Offense + Vulnerable Defense -> Max Fantasy Ceiling),WAS,25,30.3,69.7,21.0,0.0,Unknown,,,,,,,,,,,,,,,,,0,,,,,,,,,,,,,,,,,,,,,,,,,,,K23,23.0,,120.7,7.1,,,,,—,0,0,99,,—,23,129.5,0.932,0.0,747.0,747.0,747.0,747.0,999.0,999.0,0.0,999.0,999.0,CONSENSUS,120.7,0.0,-0.006,119.98,-1.99,23,K23,1.0,853.0,0.0,0.0,120.7,0.0,0.0,-0.6,0.0,0.0,0.0,0.0,0.0,0.0,0.0,0.0,Tier 12,252.0,248.9,220.0,-28.9,🎯 High Consensus (Safe Floor),23.0,Tier 4,21.1,24.0,2.9
147,Chris Boswell,K,PIT,T7,-2.06,-2.06,137,K24,251,999.0,748.0,Screaming Steal (Huge Value),ESPN,999.0,999.0,999.0,999.0,0.0,118.34,7.08,,0.0,0.0,70.0,70.0,-0.05,0.28,0.691,16,5.0,,,,0.0,Neutral,False,False,Healthy,9,K24,994.0,1005.0,2.5,1,FP_PIT_CHRIS_BOSWELL,80.0,80.0,K,PIT,120.4,0.0,0.0,0.0,0.0,0.0,0.0,0.0,0.0,0.0,0.0,,,,,9.0,,Neutral,Black,0.0,0.0,0.0,—,0.0,0.0,0.0,0.0,,,,,,,,,,,,,—,—,Consensus Alignment,—,—,99.0,,,1.0,0.0,0.0,0.0,0.0,0.0,0.0,0.0,0.0,0.0,0.0,0.0,—,—,,,consensus,,0.0,0.0,,,,,PIT,2150.0,0.03,29.6,0.04,0.02,PIT,12.0,3.5,False,Mike McCarthy,90.1,17.0,18.0,27.0,46.2,1.0,—,1.0,Zone,25.0,Spread,9.0,Slugfests (Low Scoring Offense + Elite Defense -> Low Over/Unders / Grinding Games),PIT,19,41.2,58.8,6.0,4.6,M.McCarthy,,,,,,,,,,,,,,,,,0,,,,,,,,,,,,,,,,,,,,,,,,,,,K24,24.0,,120.4,7.08,,,,,—,0,0,99,,—,24,129.5,0.93,0.0,748.0,748.0,748.0,748.0,999.0,999.0,0.0,999.0,999.0,CONSENSUS,120.4,0.0,-0.006,119.68,-2.06,24,K24,1.0,852.0,0.0,0.0,120.4,0.0,0.0,-0.6,0.0,0.0,0.0,0.0,0.0,0.0,0.0,0.0,Tier 12,251.0,247.9,220.0,-27.9,🎯 High Consensus (Safe Floor),24.0,Tier 4,22.1,24.0,1.9
149,Chad Ryland,K,ARZ,T7,-2.09,-2.09,138,K25,250,999.0,749.0,Screaming Steal (Huge Value),ESPN,999.0,999.0,999.0,999.0,0.0,111.66,7.08,,0.0,0.0,80.0,80.0,0.0,0.15,0.5,16,5.0,,,,0.0,Neutral,False,False,Healthy,14,K25,994.0,1005.0,2.5,1,FP_ARZ_CHAD_RYLAND,80.0,80.0,K,ARZ,120.3,0.0,0.0,0.0,0.0,0.0,0.0,0.0,0.0,0.0,0.0,,,,,14.0,,Neutral,Black,0.0,0.0,0.0,—,0.0,0.0,0.0,0.0,,,,,,,,,,,,,—,—,Consensus Alignment,—,—,99.0,,,1.0,0.0,0.0,0.0,0.0,0.0,0.0,0.0,0.0,0.0,0.0,0.0,—,—,,,consensus,,0.0,0.0,,,,,,,,,,,,,,,,,,,,,,,,,,,,,,16,35.0,65.0,,0.0,—,,,,,,,,,,,,,,,,,0,,,,,,,,,,,,,,,,,,,,,,,,,,,K25,25.0,,120.3,7.08,,,,,—,0,0,99,,—,25,129.5,0.929,0.0,749.0,749.0,749.0,749.0,999.0,999.0,0.0,999.0,999.0,CONSENSUS,120.3,0.0,-0.006,119.58,-2.09,25,K25,1.0,850.0,0.0,0.0,120.3,0.0,0.0,-0.6,0.0,0.0,0.0,0.0,0.0,0.0,0.0,0.0,Tier 12,250.0,246.9,220.0,-26.9,🎯 High Consensus (Safe Floor),25.0,Tier 4,23.1,25.0,1.9
154,Dominic Zvada,K,NYG,T7,-2.69,-2.69,146,K26,248,999.0,751.0,Screaming Steal (Huge Value),ESPN,999.0,999.0,999.0,999.0,0.0,76.71,6.94,,0.0,0.0,60.0,60.0,-0.01,0.31,0.558,16,5.0,,,,0.0,Neutral,False,False,Healthy,8,K26,994.0,1005.0,2.5,1,FP_NYG_DOMINIC_ZVADA,80.0,80.0,K,NYG,117.9,0.0,0.0,0.0,0.0,0.0,0.0,0.0,0.0,0.0,0.0,,,,,8.0,,Neutral,Black,0.0,0.0,0.0,—,0.0,0.0,0.0,0.0,,,,,,,,,,,,,—,—,Consensus Alignment,—,—,99.0,,,1.0,0.0,0.0,0.0,0.0,0.0,0.0,0.0,0.0,0.0,0.0,0.0,—,—,,,consensus,,0.0,0.0,,,,,NYG,2350.0,-0.01,27.7,0.0,-0.02,NYG,18.0,3.0,True,Matt Nagy,89.6,19.0,24.1,12.0,32.6,21.0,—,21.0,Zone,17.0,Even,16.0,Shootouts (High Scoring Offense + Vulnerable Defense -> Max Fantasy Ceiling),NYG,18,38.25,61.75,12.0,1.3,M.Nagy,,,,,,,,,,,,,,,,,0,,,,,,,,,,,,,,,,,,,,,,,,,,,K26,26.0,,117.9,6.94,,,,,—,0,0,99,,—,26,129.5,0.91,0.0,751.0,751.0,751.0,751.0,999.0,999.0,0.0,999.0,999.0,CONSENSUS,117.9,0.0,-0.006,117.19,-2.69,26,K26,1.0,845.0,0.0,0.0,117.9,0.0,0.0,-0.6,0.0,0.0,0.0,0.0,0.0,0.0,0.0,0.0,Tier 12,248.0,244.9,220.0,-24.9,🎯 High Consensus (Safe Floor),26.0,Tier 4,24.1,24.0,-0.1
154,Matt Gay,K,LV,T7,-2.69,-2.69,146,K26,262,999.0,737.0,Screaming Steal (Huge Value),ESPN,999.0,999.0,999.0,999.0,0.0,107.08,6.94,,0.0,0.0,50.0,50.0,-0.005,0.29,0.696,16,5.0,,,,0.0,Neutral,False,False,Healthy,13,K27,994.0,1005.0,2.5,1,FP_LV_MATT_GAY,80.0,80.0,K,LV,117.9,0.0,0.0,0.0,0.0,0.0,0.0,0.0,0.0,0.0,0.0,,,,,13.0,,Neutral,Black,0.0,0.0,0.0,—,0.0,0.0,0.0,0.0,,,,,,,,,,,,,—,—,Consensus Alignment,—,—,99.0,,,1.0,0.0,0.0,0.0,0.0,0.0,0.0,0.0,0.0,0.0,0.0,0.0,—,—,,,consensus,,0.0,0.0,,,,,LV,2250.0,0.015,28.5,-0.04,0.05,LV,28.0,2.5,False,Klint Kubiak,70.9,31.0,22.8,14.0,34.5,14.0,—,27.0,Zone,13.0,Even,19.0,Passing / Garbage Time (Low Scoring Offense + Bad Defense -> Trailing Game Scripts / Air Volume),LV,24,40.2,59.8,8.0,-4.3,K.Kubiak,,,,,,,,,,,,,,,,,0,,,,,,,,,,,,,,,,,,,,,,,,,,,K27,27.0,,117.9,6.94,,,,,—,0,0,99,,—,26,129.5,0.91,0.0,737.0,737.0,737.0,737.0,999.0,999.0,0.0,999.0,999.0,CONSENSUS,117.9,0.0,-0.006,117.19,-2.69,26,K26,1.0,845.0,0.0,0.0,117.9,0.0,0.0,-0.6,0.0,0.0,0.0,0.0,0.0,0.0,0.0,0.0,Tier 12,262.0,258.9,220.0,-38.9,🎯 High Consensus (Safe Floor),27.0,Tier 4,25.1,24.0,-1.1
157,Joey Slye,K,TEN,T7,-2.88,-2.88,148,K28,247,999.0,752.0,Screaming Steal (Huge Value),ESPN,999.0,999.0,999.0,999.0,0.0,113.93,6.89,,0.0,0.0,40.0,40.0,-0.02,0.33,0.588,16,5.0,,,,0.0,Neutral,False,False,Healthy,9,K28,994.0,1005.0,2.5,1,FP_TEN_JOEY_SLYE,80.0,80.0,K,TEN,117.1,0.0,0.0,0.0,0.0,0.0,0.0,0.0,0.0,0.0,0.0,,,,,9.0,,Neutral,Black,0.0,0.0,0.0,—,0.0,0.0,0.0,0.0,,,,,,,,,,,,,—,—,Consensus Alignment,—,—,99.0,,,1.0,0.0,0.0,0.0,0.0,0.0,0.0,0.0,0.0,0.0,0.0,0.0,—,—,,,consensus,,0.0,0.0,,,,,TEN,2550.0,0.01,29.0,0.03,-0.01,TEN,25.0,2.0,False,Brian Daboll,74.1,29.0,19.9,23.0,32.6,21.0,High 12P,12.0,Balanced,28.0,Very Spread,13.0,Slugfests (Low Scoring Offense + Elite Defense -> Low Over/Unders / Grinding Games),TEN,31,20.11,79.89,29.0,-1.4,B.Daboll,,,,,,,,,,,,,,,,,0,,,,,,,,,,,,,,,,,,,,,,,,,,,K28,28.0,,117.1,6.89,,,,,—,0,0,99,,—,28,129.5,0.904,0.0,752.0,752.0,752.0,752.0,999.0,999.0,0.0,999.0,999.0,CONSENSUS,117.1,0.0,-0.006,116.4,-2.88,28,K28,1.0,842.0,0.0,0.0,117.1,0.0,0.0,-0.6,0.0,0.0,0.0,0.0,0.0,0.0,0.0,0.0,Tier 12,247.0,243.9,220.0,-23.9,🎯 High Consensus (Safe Floor),28.0,Tier 4,26.1,24.0,-2.1
159,Cade York,K,NYJ,T7,-3.43,-3.43,155,K29,246,999.0,753.0,Screaming Steal (Huge Value),ESPN,999.0,999.0,999.0,999.0,0.0,0.0,6.76,,0.0,0.0,60.0,60.0,0.015,0.21,0.613,16,5.0,,,,0.0,Neutral,False,False,Healthy,13,K29,994.0,1005.0,2.5,1,FP_NYJ_CADE_YORK,80.0,80.0,K,NYJ,114.9,0.0,0.0,0.0,0.0,0.0,0.0,0.0,0.0,0.0,0.0,,,,,13.0,,Neutral,Black,0.0,0.0,0.0,—,0.0,0.0,0.0,0.0,,,,,,,,,,,,,—,—,Consensus Alignment,—,—,99.0,,,1.0,0.0,0.0,0.0,0.0,0.0,0.0,0.0,0.0,0.0,0.0,0.0,—,—,,,consensus,,0.0,0.0,,,,,NYJ,1650.0,0.065,26.8,0.03,0.09,NYJ,17.0,3.0,False,Frank Reich,71.1,30.0,24.9,6.0,29.8,26.0,High 11P,10.0,Balanced,27.0,Spread,8.0,Balanced Environment,NYJ,17,23.57,76.43,27.0,-1.3,F.Reich,,,,,,,,,,,,,,,,,0,,,,,,,,,,,,,,,,,,,,,,,,,,,K29,29.0,,114.9,6.76,,,,,—,0,0,99,,—,29,129.5,0.887,0.0,753.0,753.0,753.0,753.0,999.0,999.0,0.0,999.0,999.0,CONSENSUS,114.9,0.0,-0.006,114.21,-3.43,29,K29,1.0,840.0,0.0,0.0,114.9,0.0,0.0,-0.6,0.0,0.0,0.0,0.0,0.0,0.0,0.0,0.0,Tier 12,246.0,242.9,220.0,-22.9,🎯 High Consensus (Safe Floor),29.0,Tier 4,27.1,24.0,-3.1
162,Riley Patterson,K,MIA,T7,-3.7,-3.7,156,K30,234,999.0,765.0,Screaming Steal (Huge Value),ESPN,999.0,999.0,999.0,999.0,0.0,114.72,6.69,,0.0,0.0,50.0,50.0,0.04,0.12,0.732,16,5.0,,,,0.0,Neutral,False,False,Healthy,6,K30,994.0,1005.0,2.5,1,FP_MIA_RILEY_PATTERSON,80.0,80.0,K,MIA,113.8,0.0,0.0,0.0,0.0,0.0,0.0,0.0,0.0,0.0,0.0,,,,,6.0,,Neutral,Black,0.0,0.0,0.0,—,0.0,0.0,0.0,0.0,,,,,,,,,,,,,—,—,Consensus Alignment,—,—,99.0,,,1.0,0.0,0.0,0.0,0.0,0.0,0.0,0.0,0.0,0.0,0.0,0.0,—,—,,,consensus,,0.0,0.0,,,,,MIA,950.0,0.118,24.2,0.06,0.16,MIA,31.0,2.5,True,Bobby Slowik,81.6,25.0,20.3,22.0,37.3,6.0,—,24.0,Balanced,15.0,Condensed,7.0,Passing / Garbage Time (Low Scoring Offense + Bad Defense -> Trailing Game Scripts / Air Volume),MIA,30,35.51,64.49,15.0,0.3,B.Slowik,,,,,,,,,,,,,,,,,0,,,,,,,,,,,,,,,,,,,,,,,,,,,K30,30.0,,113.8,6.69,,,,,—,0,0,99,,—,30,129.5,0.879,0.0,765.0,765.0,765.0,765.0,999.0,999.0,0.0,999.0,999.0,CONSENSUS,113.8,0.0,-0.006,113.12,-3.7,30,K30,1.0,837.0,0.0,0.0,113.8,0.0,0.0,-0.6,0.0,0.0,0.0,0.0,0.0,0.0,0.0,0.0,Tier 12,234.0,230.9,220.0,-10.9,🎯 High Consensus (Safe Floor),30.0,Tier 4,28.1,24.0,-4.1
164,Ryan Fitzgerald,K,CAR,T7,-4.1,-4.1,163,K31,235,999.0,764.0,Screaming Steal (Huge Value),ESPN,999.0,999.0,999.0,999.0,0.0,107.91,6.6,,0.0,0.0,60.0,60.0,-0.015,0.25,0.794,16,5.0,,,,0.0,Neutral,False,False,Healthy,5,K31,994.0,1005.0,2.5,1,FP_CAR_RYAN_FITZGERALD,80.0,80.0,K,CAR,112.2,0.0,0.0,0.0,0.0,0.0,0.0,0.0,0.0,0.0,0.0,,,,,5.0,,Neutral,Black,0.0,0.0,0.0,—,0.0,0.0,0.0,0.0,,,,,,,,,,,,,—,—,Consensus Alignment,—,—,99.0,,,1.0,0.0,0.0,0.0,0.0,0.0,0.0,0.0,0.0,0.0,0.0,0.0,—,—,,,consensus,,0.0,0.0,,,,,CAR,1900.0,-0.03,28.6,-0.01,-0.04,CAR,16.0,3.0,False,Dave Canales/Idzik,78.7,27.0,19.8,24.0,33.6,15.0,High 11P,22.0,Balanced,19.0,Spread,23.0,Passing / Garbage Time (Low Scoring Offense + Bad Defense -> Trailing Game Scripts / Air Volume),CAR,8,29.48,70.52,22.0,-2.0,D.Canales,,,,,,,,,,,,,,,,,0,,,,,,,,,,,,,,,,,,,,,,,,,,,K31,31.0,,112.2,6.6,,,,,—,0,0,99,,—,31,129.5,0.866,0.0,764.0,764.0,764.0,764.0,999.0,999.0,0.0,999.0,999.0,CONSENSUS,112.2,0.0,-0.006,111.53,-4.1,31,K31,1.0,835.0,0.0,0.0,112.2,0.0,0.0,-0.6,0.0,0.0,0.0,0.0,0.0,0.0,0.0,0.0,Tier 12,235.0,231.9,220.0,-11.9,🎯 High Consensus (Safe Floor),31.0,Tier 4,29.1,24.0,-5.1
166,Andre Szmyt,K,CLV,T7,-4.43,-4.43,166,K32,236,999.0,763.0,Screaming Steal (Huge Value),ESPN,999.0,999.0,999.0,999.0,0.0,102.18,6.52,,0.0,0.0,80.0,80.0,0.0,0.15,0.5,16,5.0,,,,0.0,Neutral,False,False,Healthy,11,K32,994.0,1005.0,2.5,1,FP_CLV_ANDRE_SZMYT,80.0,80.0,K,CLV,110.9,0.0,0.0,0.0,0.0,0.0,0.0,0.0,0.0,0.0,0.0,,,,,11.0,,Neutral,Black,0.0,0.0,0.0,—,0.0,0.0,0.0,0.0,,,,,,,,,,,,,—,—,Consensus Alignment,—,—,99.0,,,1.0,0.0,0.0,0.0,0.0,0.0,0.0,0.0,0.0,0.0,0.0,0.0,—,—,,,consensus,,0.0,0.0,,,,,,,,,,,,,,,,,,,,,,,,,,,,,,16,35.0,65.0,,0.0,—,,,,,,,,,,,,,,,,,0,,,,,,,,,,,,,,,,,,,,,,,,,,,K32,32.0,,110.9,6.52,,,,,—,0,0,99,,—,32,129.5,0.856,0.0,763.0,763.0,763.0,763.0,999.0,999.0,0.0,999.0,999.0,CONSENSUS,110.9,0.0,-0.006,110.23,-4.43,32,K32,1.0,833.0,0.0,0.0,110.9,0.0,0.0,-0.6,0.0,0.0,0.0,0.0,0.0,0.0,0.0,0.0,Tier 12,236.0,232.9,220.0,-12.9,🎯 High Consensus (Safe Floor),32.0,Tier 4,30.1,24.0,-6.1
88,Houston Texans,DST,HST,T6,1.81,1.81,56,DST1,237,999.0,762.0,Screaming Steal (Huge Value),ESPN,999.0,999.0,999.0,999.0,0.0,119.99,6.06,,0.0,0.0,80.0,80.0,0.0,0.15,0.5,16,5.0,,,,0.0,Neutral,False,False,Healthy,8,DST1,994.0,1005.0,2.5,1,FP_HST_HOUSTON_TEXANS,80.0,80.0,DST,HST,103.0,0.0,0.0,0.0,0.0,0.0,0.0,0.0,0.0,0.0,0.0,,,,,8.0,,Neutral,Black,0.0,0.0,0.0,—,0.0,0.0,0.0,0.0,,,,,,,,,,,,,—,—,Consensus Alignment,—,—,99.0,,,1.0,0.0,0.0,0.0,0.0,0.0,0.0,0.0,0.0,0.0,0.0,0.0,—,—,,,consensus,,0.0,0.0,,,,,,,,,,,,,,,,,,,,,,,,,,,,,,16,35.0,65.0,,0.0,—,,,,,,,,,,,,,,,,,0,,,,,,,,,,,,,,,,,,,,,,,,,,,DST1,1.0,,103.0,6.06,,,,,—,0,0,99,,—,1,95.8,1.075,7.200000000000003,762.0,762.0,762.0,762.0,999.0,999.0,0.0,999.0,999.0,CONSENSUS,103.0,0.0,-0.006,102.38,1.81,1,DST1,1.4,911.0,0.0,0.0,103.0,0.0,0.0,-0.6,0.0,0.0,0.0,0.0,0.0,0.0,0.0,0.0,Tier 12,237.0,233.9,220.0,-13.9,🎯 High Consensus (Safe Floor),1.0,Tier 1,1.0,2.9,1.9
89,Los Angeles Rams,DST,LA,T6,1.74,1.74,57,DST2,238,999.0,761.0,Screaming Steal (Huge Value),ESPN,999.0,999.0,999.0,999.0,0.0,107.27,6.04,,0.0,0.0,80.0,80.0,0.0,0.15,0.5,16,5.0,,,,0.0,Neutral,False,False,Healthy,11,DST2,994.0,1005.0,2.5,1,FP_LA_LOS_ANGELES_RAMS,80.0,80.0,DST,LA,102.7,0.0,0.0,0.0,0.0,0.0,0.0,0.0,0.0,0.0,0.0,,,,,11.0,,Neutral,Black,0.0,0.0,0.0,—,0.0,0.0,0.0,0.0,,,,,,,,,,,,,—,—,Consensus Alignment,—,—,99.0,,,1.0,0.0,0.0,0.0,0.0,0.0,0.0,0.0,0.0,0.0,0.0,0.0,—,—,,,consensus,,0.0,0.0,,,,,,,,,,,,,,,,,,,,,,,,,,,,,,16,35.0,65.0,,0.0,—,,,,,,,,,,,,,,,,,0,,,,,,,,,,,,,,,,,,,,,,,,,,,DST2,2.0,,102.7,6.04,,,,,—,0,0,99,,—,2,95.8,1.072,6.900000000000006,761.0,761.0,761.0,761.0,999.0,999.0,0.0,999.0,999.0,CONSENSUS,102.7,0.0,-0.006,102.08,1.74,2,DST2,1.3,910.0,0.0,0.0,102.7,0.0,0.0,-0.6,0.0,0.0,0.0,0.0,0.0,0.0,0.0,0.0,Tier 12,238.0,234.9,220.0,-14.9,🎯 High Consensus (Safe Floor),2.0,Tier 1,1.0,3.9,2.9
91,Seattle Seahawks,DST,SEA,T6,1.39,1.39,62,DST3,239,999.0,760.0,Screaming Steal (Huge Value),ESPN,999.0,999.0,999.0,999.0,0.0,110.68,5.96,,0.0,0.0,70.0,70.0,0.0,0.17,0.774,16,5.0,,,,0.0,Neutral,False,False,Healthy,11,DST3,994.0,1005.0,2.5,1,FP_SEA_SEATTLE_SEAHAWKS,80.0,80.0,DST,SEA,101.3,0.0,0.0,0.0,0.0,0.0,0.0,0.0,0.0,0.0,0.0,,,,,11.0,,Neutral,Black,0.0,0.0,0.0,—,0.0,0.0,0.0,0.0,,,,,,,,,,,,,🎯 **Top D/ST**,🤝 **Consensus Top D/ST**,Consensus Alignment,Tier 15,Round 17/18,17.5,Mike Macdonald defense; finished #1 D/ST in 2025.,https://www.fantasypoints.com/nfl/articles/2026/applying-scott-barretts-2026-draft-guide-to-auctions,1.0,0.0,1.0,0.0,0.0,0.0,0.0,0.0,0.0,0.0,0.0,0.0,,,,,consensus,,0.0,0.0,,,,,SEA,1340.0,0.058,28.0,0.02,0.08,SEA,10.0,3.5,False,Brian Fleury,96.6,11.0,26.4,4.0,32.9,17.0,—,16.0,Zone,4.0,Even,14.0,Chew the Clock (High Scoring Offense + Elite Defense -> Run-Heavy Second Halves),SEA,14,46.7,53.3,4.0,0.0,Unknown,,,,,,,,,,,,,,,,,0,,,,,,,,,,,,,,,,,,,,,,,,,,,DST3,3.0,,101.3,5.96,,,,,—,0,0,99,,—,3,95.8,1.057,5.5,760.0,760.0,760.0,760.0,999.0,999.0,0.0,999.0,999.0,CONSENSUS,101.3,0.0,-0.006,100.69,1.39,3,DST3,1.3,908.0,0.0,0.0,101.3,0.0,0.0,-0.6,0.0,0.0,0.0,0.0,0.0,0.0,0.0,0.0,Tier 12,239.0,235.9,220.0,-15.9,🎯 High Consensus (Safe Floor),3.0,Tier 1,1.1,4.9,3.8
92,Denver Broncos,DST,DEN,T6,1.19,1.19,63,DST4,241,999.0,758.0,Screaming Steal (Huge Value),ESPN,999.0,999.0,999.0,999.0,0.0,118.24,5.91,,0.0,0.0,100.0,100.0,-0.018,0.27,0.563,16,5.0,,,,0.0,Neutral,False,False,Healthy,10,DST4,994.0,1005.0,2.5,1,FP_DEN_DENVER_BRONCOS,80.0,80.0,DST,DEN,100.5,0.0,0.0,0.0,0.0,0.0,0.0,0.0,0.0,0.0,0.0,,,,,10.0,,Neutral,Black,0.0,0.0,0.0,—,0.0,0.0,0.0,0.0,,,,,,,,,,,,,—,—,Consensus Alignment,—,—,99.0,,,1.0,0.0,0.0,0.0,0.0,0.0,0.0,0.0,0.0,0.0,0.0,0.0,—,—,,,consensus,,0.0,0.0,,,,,DEN,2100.0,0.02,28.9,0.01,0.03,DEN,4.0,5.0,True,Sean Payton/Webb,94.5,13.0,24.2,9.0,32.6,21.0,—,7.0,Gap,26.0,Most Spread,2.0,Balanced Environment,DEN,1,17.22,82.78,31.0,1.7,S.Payton,,,,,,,,,,,,,,,,,0,,,,,,,,,,,,,,,,,,,,,,,,,,,DST4,4.0,,100.5,5.91,,,,,—,0,0,99,,—,4,95.8,1.049,4.700000000000003,758.0,758.0,758.0,758.0,999.0,999.0,0.0,999.0,999.0,CONSENSUS,100.5,0.0,-0.006,99.9,1.19,4,DST4,1.2,907.0,0.0,0.0,100.5,0.0,0.0,-0.6,0.0,0.0,0.0,0.0,0.0,0.0,0.0,0.0,Tier 12,241.0,237.9,220.0,-17.9,🎯 High Consensus (Safe Floor),4.0,Tier 2,2.1,5.9,3.8
93,Philadelphia Eagles,DST,PHI,T6,1.14,1.14,64,DST5,242,999.0,757.0,Screaming Steal (Huge Value),ESPN,999.0,999.0,999.0,999.0,0.0,102.55,5.9,,0.0,0.0,80.0,80.0,0.025,0.08,0.667,16,5.0,,,,0.0,Neutral,False,False,Healthy,10,DST5,994.0,1005.0,2.5,1,FP_PHI_PHILADELPHIA_EAGLES,80.0,80.0,DST,PHI,100.3,0.0,0.0,0.0,0.0,0.0,0.0,0.0,0.0,0.0,0.0,,,,,10.0,,Neutral,Black,0.0,0.0,0.0,—,0.0,0.0,0.0,0.0,,,,,,,,,,,,,—,—,Consensus Alignment,—,—,99.0,,,1.0,0.0,0.0,0.0,0.0,0.0,0.0,0.0,0.0,0.0,0.0,0.0,—,—,,,consensus,,0.0,0.0,,,,,PHI,640.0,0.138,27.2,0.12,0.15,PHI,14.0,4.0,True,Sean Mannion,85.2,24.0,23.0,13.0,36.3,9.0,—,16.0,Balanced,5.0,Condensed,15.0,Chew the Clock (High Scoring Offense + Elite Defense -> Run-Heavy Second Halves),PHI,2,35.05,64.95,16.0,0.0,Unknown,,,,,,,,,,,,,,,,,0,,,,,,,,,,,,,,,,,,,,,,,,,,,DST5,5.0,,100.3,5.9,,,,,—,0,0,99,,—,5,95.8,1.047,4.5,757.0,757.0,757.0,757.0,999.0,999.0,0.0,999.0,999.0,CONSENSUS,100.3,0.0,-0.006,99.7,1.14,5,DST5,1.2,906.0,0.0,0.0,100.3,0.0,0.0,-0.6,0.0,0.0,0.0,0.0,0.0,0.0,0.0,0.0,Tier 12,242.0,238.9,220.0,-18.9,🎯 High Consensus (Safe Floor),5.0,Tier 2,3.1,6.9,3.8
94,Jacksonville Jaguars,DST,JAX,T6,1.12,1.12,65,DST6,243,999.0,756.0,Screaming Steal (Huge Value),ESPN,999.0,999.0,999.0,999.0,0.0,99.93,5.89,,0.0,0.0,80.0,80.0,0.015,0.28,0.616,16,5.0,,,,0.0,Neutral,False,False,Healthy,7,DST6,994.0,1005.0,2.5,1,FP_JAX_JACKSONVILLE_JAGUARS,80.0,80.0,DST,JAX,100.2,0.0,0.0,0.0,0.0,0.0,0.0,0.0,0.0,0.0,0.0,,,,,7.0,,Neutral,Black,0.0,0.0,0.0,—,0.0,0.0,0.0,0.0,,,,,,,,,,,,,🎯 **Top D/ST**,🤝 **Consensus Value**,Consensus Alignment,Tier 15,Round 17/18,17.5,$1 auction target; favorable early season schedule.,https://www.fantasypoints.com/nfl/articles/2026/applying-scott-barretts-2026-draft-guide-to-auctions,1.0,0.0,1.0,0.0,0.0,0.0,0.0,0.0,0.0,0.0,0.0,0.0,,,,,consensus,,0.0,0.0,,,,,JAX,2100.0,0.052,27.9,-0.02,0.1,JAX,7.0,4.0,True,Liam Coen,97.4,9.0,26.0,5.0,37.0,8.0,High 11P,21.0,Balanced,7.0,Condensed,1.0,Shootouts (High Scoring Offense + Vulnerable Defense -> Max Fantasy Ceiling),JAX,23,24.71,75.29,26.0,0.9,L.Coen,,,,,,,,,,,,,,,,,0,,,,,,,,,,,,,,,,,,,,,,,,,,,DST6,6.0,,100.2,5.89,,,,,—,0,0,99,,—,6,95.8,1.046,4.400000000000006,756.0,756.0,756.0,756.0,999.0,999.0,0.0,999.0,999.0,CONSENSUS,100.2,0.0,-0.006,99.6,1.12,6,DST6,1.2,905.0,0.0,0.0,100.2,0.0,0.0,-0.6,0.0,0.0,0.0,0.0,0.0,0.0,0.0,0.0,Tier 12,243.0,239.9,220.0,-19.9,🎯 High Consensus (Safe Floor),6.0,Tier 2,4.1,7.9,3.8
97,Minnesota Vikings,DST,MIN,T6,0.57,0.57,70,DST7,244,999.0,755.0,Screaming Steal (Huge Value),ESPN,999.0,999.0,999.0,999.0,0.0,112.77,5.76,,0.0,0.0,80.0,80.0,0.035,0.19,0.691,16,5.0,,,,0.0,Neutral,False,False,Healthy,6,DST7,994.0,1005.0,2.5,1,FP_MIN_MINNESOTA_VIKINGS,80.0,80.0,DST,MIN,98.0,0.0,0.0,0.0,0.0,0.0,0.0,0.0,0.0,0.0,0.0,,,,,6.0,,Neutral,Black,0.0,0.0,0.0,—,0.0,0.0,0.0,0.0,,,,,,,,,,,,,—,—,Consensus Alignment,—,—,99.0,,,1.0,0.0,0.0,0.0,0.0,0.0,0.0,0.0,0.0,0.0,0.0,0.0,—,—,,,consensus,,0.0,0.0,,,,,MIN,1580.0,0.085,27.1,-0.02,0.15,MIN,9.0,4.0,True,Kevin O'Connell,76.2,28.0,18.9,26.0,37.4,5.0,—,25.0,Balanced,23.0,Condensed,5.0,Shootouts (High Scoring Offense + Vulnerable Defense -> Max Fantasy Ceiling),MIN,12,31.97,68.03,18.0,1.4,K.O'Connell,,,,,,,,,,,,,,,,,0,,,,,,,,,,,,,,,,,,,,,,,,,,,DST7,7.0,,98.0,5.76,,,,,—,0,0,99,,—,7,95.8,1.023,2.200000000000003,755.0,755.0,755.0,755.0,999.0,999.0,0.0,999.0,999.0,CONSENSUS,98.0,0.0,-0.006,97.41,0.57,7,DST7,1.1,902.0,0.0,0.0,98.0,0.0,0.0,-0.6,0.0,0.0,0.0,0.0,0.0,0.0,0.0,0.0,Tier 12,244.0,240.9,220.0,-20.9,🎯 High Consensus (Safe Floor),7.0,Tier 2,5.1,8.9,3.8
102,New England Patriots,DST,NE,T6,0.4,0.4,75,DST8,245,999.0,754.0,Screaming Steal (Huge Value),ESPN,999.0,999.0,999.0,999.0,0.0,99.42,5.72,,0.0,0.0,60.0,60.0,-0.03,0.3,0.605,16,5.0,,,,0.0,Neutral,False,False,Healthy,11,DST8,994.0,1005.0,2.5,1,FP_NE_NEW_ENGLAND_PATRIOTS,80.0,80.0,DST,NE,97.3,0.0,0.0,0.0,0.0,0.0,0.0,0.0,0.0,0.0,0.0,,,,,11.0,,Neutral,Black,0.0,0.0,0.0,—,0.0,0.0,0.0,0.0,,,,,,,,,,,,,—,—,Consensus Alignment,—,—,99.0,,,1.0,0.0,0.0,0.0,0.0,0.0,0.0,0.0,0.0,0.0,0.0,0.0,—,—,,,consensus,,0.0,0.0,,,,,NE,2300.0,-0.055,29.4,-0.02,-0.07,NE,13.0,3.0,False,Josh McDaniels,104.9,4.0,24.9,6.0,34.6,13.0,—,24.0,Gap,21.0,Spread,4.0,Slugfests (Low Scoring Offense + Elite Defense -> Low Over/Unders / Grinding Games),NE,13,34.68,65.32,17.0,1.4,J.McDaniels,,,,,,,,,,,,,,,,,0,,,,,,,,,,,,,,,,,,,,,,,,,,,DST8,8.0,,97.3,5.72,,,,,—,0,0,99,,—,8,95.8,1.016,1.5,754.0,754.0,754.0,754.0,999.0,999.0,0.0,999.0,999.0,CONSENSUS,97.3,0.0,-0.006,96.72,0.4,8,DST8,1.1,897.0,0.0,0.0,97.3,0.0,0.0,-0.6,0.0,0.0,0.0,0.0,0.0,0.0,0.0,0.0,Tier 12,245.0,241.9,220.0,-21.9,🎯 High Consensus (Safe Floor),8.0,Tier 2,6.1,9.9,3.8
106,Kansas City Chiefs,DST,KC,T6,0.37,0.37,76,DST9,249,999.0,750.0,Screaming Steal (Huge Value),ESPN,999.0,999.0,999.0,999.0,0.0,92.53,5.72,,0.0,0.0,60.0,60.0,0.068,0.145,0.546,16,5.0,,,,0.0,Neutral,False,False,Healthy,5,DST9,994.0,1005.0,2.5,1,FP_KC_KANSAS_CITY_CHIEFS,80.0,80.0,DST,KC,97.2,0.0,0.0,0.0,0.0,0.0,0.0,0.0,0.0,0.0,0.0,,,,,5.0,,Neutral,Black,0.0,0.0,0.0,—,0.0,0.0,0.0,0.0,,,,,,,,,,,,,—,—,Consensus Alignment,—,—,99.0,,,1.0,0.0,0.0,0.0,0.0,0.0,0.0,0.0,0.0,0.0,0.0,0.0,—,—,,,consensus,,0.0,0.0,,,,,KC,1250.0,0.142,26.5,0.02,0.22,KC,22.0,3.0,False,Andy Reid,89.6,19.0,22.0,19.0,33.2,16.0,—,9.0,Zone,22.0,Condensed,6.0,Chew the Clock (High Scoring Offense + Elite Defense -> Run-Heavy Second Halves),KC,21,38.45,61.55,11.0,6.4,A.Reid,,,,,,,,,,,,,,,,,0,,,,,,,,,,,,,,,,,,,,,,,,,,,DST9,9.0,,97.2,5.72,,,,,—,0,0,99,,—,9,95.8,1.015,1.4000000000000057,750.0,750.0,750.0,750.0,999.0,999.0,0.0,999.0,999.0,CONSENSUS,97.2,0.0,-0.006,96.62,0.37,9,DST9,1.1,893.0,0.0,0.0,97.2,0.0,0.0,-0.6,0.0,0.0,0.0,0.0,0.0,0.0,0.0,0.0,Tier 12,249.0,245.9,220.0,-25.9,🎯 High Consensus (Safe Floor),9.0,Tier 3,7.1,10.9,3.8
110,Green Bay Packers,DST,GB,T6,0.17,0.17,85,DST10,263,999.0,736.0,Screaming Steal (Huge Value),ESPN,999.0,999.0,999.0,999.0,0.0,95.12,5.67,,0.0,0.0,40.0,40.0,0.02,0.16,0.667,16,5.0,,,,0.0,Neutral,False,False,Healthy,11,DST10,994.0,1005.0,2.5,1,FP_GB_GREEN_BAY_PACKERS,80.0,80.0,DST,GB,96.4,0.0,0.0,0.0,0.0,0.0,0.0,0.0,0.0,0.0,0.0,,,,,11.0,,Neutral,Black,0.0,0.0,0.0,—,0.0,0.0,0.0,0.0,,,,,,,,,,,,,—,—,Consensus Alignment,—,—,99.0,,,1.0,0.0,0.0,0.0,0.0,0.0,0.0,0.0,0.0,0.0,0.0,0.0,—,—,,,consensus,,0.0,0.0,,,,,GB,1300.0,0.112,27.8,0.04,0.16,GB,20.0,2.0,False,Matt LaFleur,90.5,16.0,23.0,13.0,36.3,9.0,High 12P,19.0,Balanced,8.0,Very Condensed,17.0,Chew the Clock (High Scoring Offense + Elite Defense -> Run-Heavy Second Halves),GB,27,38.22,61.78,13.0,-1.0,M.LaFleur,,,,,,,,,,,,,,,,,0,,,,,,,,,,,,,,,,,,,,,,,,,,,DST10,10.0,,96.4,5.67,,,,,—,0,0,99,,—,10,95.8,1.006,0.6000000000000085,736.0,736.0,736.0,736.0,999.0,999.0,0.0,999.0,999.0,CONSENSUS,96.4,0.0,-0.006,95.82,0.17,10,DST10,1.0,889.0,0.0,0.0,96.4,0.0,0.0,-0.6,0.0,0.0,0.0,0.0,0.0,0.0,0.0,0.0,Tier 12,263.0,259.9,220.0,-39.9,🎯 High Consensus (Safe Floor),10.0,Tier 3,8.1,11.9,3.8
111,Los Angeles Chargers,DST,LAC,T6,0.1,0.1,89,DST11,279,999.0,720.0,Screaming Steal (Huge Value),ESPN,999.0,999.0,999.0,999.0,0.0,108.65,5.65,,0.0,0.0,60.0,60.0,-0.035,0.38,0.663,16,5.0,,,,0.0,Neutral,False,False,Healthy,7,DST11,994.0,1005.0,2.5,1,FP_LAC_LOS_ANGELES_CHARGERS,80.0,80.0,DST,LAC,96.1,0.0,0.0,0.0,0.0,0.0,0.0,0.0,0.0,0.0,0.0,,,,,7.0,,Neutral,Black,0.0,0.0,0.0,—,0.0,0.0,0.0,0.0,,,,,,,,,,,,,—,—,Consensus Alignment,—,—,99.0,,,1.0,0.0,0.0,0.0,0.0,0.0,0.0,0.0,0.0,0.0,0.0,0.0,—,—,,,consensus,,0.0,0.0,,,,,LAC,2900.0,0.06,29.2,0.05,0.07,LAC,32.0,3.0,False,Mike McDaniel,91.9,15.0,26.7,3.0,35.4,11.0,High 21P,31.0,Zone,1.0,Very Condensed,28.0,Chew the Clock (High Scoring Offense + Elite Defense -> Run-Heavy Second Halves),LAC,9,18.72,81.28,30.0,-1.4,M.McDaniel,,,,,,,,,,,,,,,,,0,,,,,,,,,,,,,,,,,,,,,,,,,,,DST11,11.0,,96.1,5.65,,,,,—,0,0,99,,—,11,95.8,1.003,0.2999999999999971,720.0,720.0,720.0,720.0,999.0,999.0,0.0,999.0,999.0,CONSENSUS,96.1,0.0,-0.006,95.52,0.1,11,DST11,1.0,888.0,0.0,0.0,96.1,0.0,0.0,-0.6,0.0,0.0,0.0,0.0,0.0,0.0,0.0,0.0,Tier 12,279.0,275.9,220.0,-55.9,🎯 High Consensus (Safe Floor),11.0,Tier 3,9.1,12.9,3.8
112,Pittsburgh Steelers,DST,PIT,T6,0.03,0.03,91,DST12,264,999.0,735.0,Screaming Steal (Huge Value),ESPN,999.0,999.0,999.0,999.0,0.0,111.71,5.64,,0.0,0.0,70.0,70.0,-0.05,0.28,0.691,16,5.0,,,,0.0,Neutral,False,False,Healthy,9,DST12,994.0,1005.0,2.5,1,FP_PIT_PITTSBURGH_STEELERS,80.0,80.0,DST,PIT,95.8,0.0,0.0,0.0,0.0,0.0,0.0,0.0,0.0,0.0,0.0,,,,,9.0,,Neutral,Black,0.0,0.0,0.0,—,0.0,0.0,0.0,0.0,,,,,,,,,,,,,—,—,Consensus Alignment,—,—,99.0,,,1.0,0.0,0.0,0.0,0.0,0.0,0.0,0.0,0.0,0.0,0.0,0.0,—,—,,,consensus,,0.0,0.0,,,,,PIT,2150.0,0.03,29.6,0.04,0.02,PIT,12.0,3.5,False,Mike McCarthy,90.1,17.0,18.0,27.0,46.2,1.0,—,1.0,Zone,25.0,Spread,9.0,Slugfests (Low Scoring Offense + Elite Defense -> Low Over/Unders / Grinding Games),PIT,19,41.2,58.8,6.0,4.6,M.McCarthy,,,,,,,,,,,,,,,,,0,,,,,,,,,,,,,,,,,,,,,,,,,,,DST12,12.0,,95.8,5.64,,,,,—,0,0,99,,—,12,95.8,1.0,0.0,735.0,735.0,735.0,735.0,999.0,999.0,0.0,999.0,999.0,CONSENSUS,95.8,0.0,-0.006,95.23,0.03,12,DST12,1.0,887.0,0.0,0.0,95.8,0.0,0.0,-0.6,0.0,0.0,0.0,0.0,0.0,0.0,0.0,0.0,Tier 12,264.0,260.9,220.0,-40.9,🎯 High Consensus (Safe Floor),12.0,Tier 3,10.1,13.9,3.8
113,New Orleans Saints,DST,NO,T6,0.0,0.0,97,DST13,293,999.0,706.0,Screaming Steal (Huge Value),ESPN,999.0,999.0,999.0,999.0,0.0,100.51,5.63,,0.0,0.0,60.0,60.0,0.005,0.15,0.663,16,5.0,,,,0.0,Neutral,False,False,Healthy,8,DST13,994.0,1005.0,2.5,1,FP_NO_NEW_ORLEANS_SAINTS,80.0,80.0,DST,NO,95.7,0.0,0.0,0.0,0.0,0.0,0.0,0.0,0.0,0.0,0.0,,,,,8.0,,Neutral,Black,0.0,0.0,0.0,—,0.0,0.0,0.0,0.0,,,,,,,,,,,,,—,—,Consensus Alignment,—,—,99.0,,,1.0,0.0,0.0,0.0,0.0,0.0,0.0,0.0,0.0,0.0,0.0,0.0,—,—,,,consensus,,0.0,0.0,,,,,NO,1150.0,0.035,28.2,-0.03,0.08,NO,30.0,3.0,True,Kellen Moore,85.7,23.0,22.1,18.0,35.8,10.0,High 11P,1.0,Zone,5.0,Even,27.0,Passing / Garbage Time (Low Scoring Offense + Bad Defense -> Trailing Game Scripts / Air Volume),NO,22,25.49,74.51,25.0,-2.3,K.Moore,,,,,,,,,,,,,,,,,0,,,,,,,,,,,,,,,,,,,,,,,,,,,DST13,13.0,,95.7,5.63,,,,,—,0,0,99,,—,13,95.8,0.999,0.0,706.0,706.0,706.0,706.0,999.0,999.0,0.0,999.0,999.0,CONSENSUS,95.7,0.0,-0.006,95.13,0.0,13,DST13,1.0,886.0,0.0,0.0,95.7,0.0,0.0,-0.6,0.0,0.0,0.0,0.0,0.0,0.0,0.0,0.0,Tier 12,293.0,289.9,220.0,-69.9,🎯 High Consensus (Safe Floor),13.0,Tier 3,11.1,14.9,3.8
119,Baltimore Ravens,DST,BLT,T7,-0.22,-0.22,99,DST14,292,999.0,707.0,Screaming Steal (Huge Value),ESPN,999.0,999.0,999.0,999.0,0.0,101.3,5.58,,0.0,0.0,80.0,80.0,0.0,0.15,0.5,16,5.0,,,,0.0,Neutral,False,False,Healthy,13,DST14,994.0,1005.0,2.5,1,FP_BLT_BALTIMORE_RAVENS,80.0,80.0,DST,BLT,94.8,0.0,0.0,0.0,0.0,0.0,0.0,0.0,0.0,0.0,0.0,,,,,13.0,,Neutral,Black,0.0,0.0,0.0,—,0.0,0.0,0.0,0.0,,,,,,,,,,,,,—,—,Consensus Alignment,—,—,99.0,,,1.0,0.0,0.0,0.0,0.0,0.0,0.0,0.0,0.0,0.0,0.0,0.0,—,—,,,consensus,,0.0,0.0,,,,,,,,,,,,,,,,,,,,,,,,,,,,,,16,35.0,65.0,,0.0,—,,,,,,,,,,,,,,,,,0,,,,,,,,,,,,,,,,,,,,,,,,,,,DST14,14.0,,94.8,5.58,,,,,—,0,0,99,,—,14,95.8,0.99,0.0,707.0,707.0,707.0,707.0,999.0,999.0,0.0,999.0,999.0,CONSENSUS,94.8,0.0,-0.006,94.23,-0.22,14,DST14,1.0,880.0,0.0,0.0,94.8,0.0,0.0,-0.6,0.0,0.0,0.0,0.0,0.0,0.0,0.0,0.0,Tier 12,292.0,288.9,220.0,-68.9,🎯 High Consensus (Safe Floor),14.0,Tier 3,12.1,15.9,3.8
122,Buffalo Bills,DST,BUF,T7,-0.27,-0.27,100,DST15,291,999.0,708.0,Screaming Steal (Huge Value),ESPN,999.0,999.0,999.0,999.0,0.0,106.67,5.56,,0.0,0.0,90.0,90.0,0.03,0.32,0.655,16,5.0,,,,0.0,Neutral,False,False,Healthy,7,DST15,994.0,1005.0,2.5,1,FP_BUF_BUFFALO_BILLS,80.0,80.0,DST,BUF,94.6,0.0,0.0,0.0,0.0,0.0,0.0,0.0,0.0,0.0,0.0,,,,,7.0,,Neutral,Black,0.0,0.0,0.0,—,0.0,0.0,0.0,0.0,,,,,,,,,,,,,—,—,Consensus Alignment,—,—,99.0,,,1.0,0.0,0.0,0.0,0.0,0.0,0.0,0.0,0.0,0.0,0.0,0.0,—,—,,,consensus,,0.0,0.0,,,,,BUF,2450.0,0.155,26.9,0.08,0.2,BUF,2.0,4.5,True,Joe Brady,101.1,5.0,24.4,8.0,30.1,25.0,—,32.0,Gap,11.0,Very Spread,22.0,Shootouts (High Scoring Offense + Vulnerable Defense -> Max Fantasy Ceiling),BUF,7,23.56,76.44,28.0,-1.6,J.Brady,,,,,,,,,,,,,,,,,0,,,,,,,,,,,,,,,,,,,,,,,,,,,DST15,15.0,,94.6,5.56,,,,,—,0,0,99,,—,15,95.8,0.987,0.0,708.0,708.0,708.0,708.0,999.0,999.0,0.0,999.0,999.0,CONSENSUS,94.6,0.0,-0.006,94.03,-0.27,15,DST15,1.0,877.0,0.0,0.0,94.6,0.0,0.0,-0.6,0.0,0.0,0.0,0.0,0.0,0.0,0.0,0.0,Tier 12,291.0,287.9,220.0,-67.9,🎯 High Consensus (Safe Floor),15.0,Tier 4,13.1,16.9,3.8
124,Carolina Panthers,DST,CAR,T7,-0.3,-0.3,103,DST16,290,999.0,709.0,Screaming Steal (Huge Value),ESPN,999.0,999.0,999.0,999.0,0.0,86.32,5.56,,0.0,0.0,60.0,60.0,-0.015,0.25,0.794,16,5.0,,,,0.0,Neutral,False,False,Healthy,5,DST16,994.0,1005.0,2.5,1,FP_CAR_CAROLINA_PANTHERS,80.0,80.0,DST,CAR,94.5,0.0,0.0,0.0,0.0,0.0,0.0,0.0,0.0,0.0,0.0,,,,,5.0,,Neutral,Black,0.0,0.0,0.0,—,0.0,0.0,0.0,0.0,,,,,,,,,,,,,—,—,Consensus Alignment,—,—,99.0,,,1.0,0.0,0.0,0.0,0.0,0.0,0.0,0.0,0.0,0.0,0.0,0.0,—,—,,,consensus,,0.0,0.0,,,,,CAR,1900.0,-0.03,28.6,-0.01,-0.04,CAR,16.0,3.0,False,Dave Canales/Idzik,78.7,27.0,19.8,24.0,33.6,15.0,High 11P,22.0,Balanced,19.0,Spread,23.0,Passing / Garbage Time (Low Scoring Offense + Bad Defense -> Trailing Game Scripts / Air Volume),CAR,8,29.48,70.52,22.0,-2.0,D.Canales,,,,,,,,,,,,,,,,,0,,,,,,,,,,,,,,,,,,,,,,,,,,,DST16,16.0,,94.5,5.56,,,,,—,0,0,99,,—,16,95.8,0.986,0.0,709.0,709.0,709.0,709.0,999.0,999.0,0.0,999.0,999.0,CONSENSUS,94.5,0.0,-0.006,93.93,-0.3,16,DST16,1.0,875.0,0.0,0.0,94.5,0.0,0.0,-0.6,0.0,0.0,0.0,0.0,0.0,0.0,0.0,0.0,Tier 12,290.0,286.9,220.0,-66.9,🎯 High Consensus (Safe Floor),16.0,Tier 4,14.1,17.9,3.8
126,Indianapolis Colts,DST,IND,T7,-0.42,-0.42,105,DST17,289,999.0,710.0,Screaming Steal (Huge Value),ESPN,999.0,999.0,999.0,999.0,0.0,94.34,5.53,,0.0,0.0,90.0,90.0,0.005,0.13,0.691,16,5.0,,,,0.0,Neutral,False,False,Healthy,13,DST17,994.0,1005.0,2.5,1,FP_IND_INDIANAPOLIS_COLTS,80.0,80.0,DST,IND,94.0,0.0,0.0,0.0,0.0,0.0,0.0,0.0,0.0,0.0,0.0,,,,,13.0,,Neutral,Black,0.0,0.0,0.0,—,0.0,0.0,0.0,0.0,,,,,,,,,,,,,—,—,Consensus Alignment,—,—,99.0,,,1.0,0.0,0.0,0.0,0.0,0.0,0.0,0.0,0.0,0.0,0.0,0.0,—,—,,,consensus,,0.0,0.0,,,,,IND,980.0,0.068,27.3,0.06,0.07,IND,5.0,4.5,False,Shane Steichen,97.4,10.0,22.2,17.0,32.7,19.0,—,20.0,Gap,10.0,Even,25.0,Balanced Environment,IND,10,36.05,63.95,14.0,-3.5,S.Steichen,,,,,,,,,,,,,,,,,0,,,,,,,,,,,,,,,,,,,,,,,,,,,DST17,17.0,,94.0,5.53,,,,,—,0,0,99,,—,17,95.8,0.981,0.0,710.0,710.0,710.0,710.0,999.0,999.0,0.0,999.0,999.0,CONSENSUS,94.0,0.0,-0.006,93.44,-0.42,17,DST17,1.0,873.0,0.0,0.0,94.0,0.0,0.0,-0.6,0.0,0.0,0.0,0.0,0.0,0.0,0.0,0.0,Tier 12,289.0,285.9,220.0,-65.9,🎯 High Consensus (Safe Floor),17.0,Tier 4,15.1,18.9,3.8
128,San Francisco 49ers,DST,SF,T7,-0.5,-0.5,109,DST18,288,999.0,711.0,Screaming Steal (Huge Value),ESPN,999.0,999.0,999.0,999.0,0.0,88.11,5.51,,0.0,0.0,80.0,80.0,-0.012,0.11,0.774,16,5.0,,,,0.0,Neutral,False,False,Healthy,8,DST18,994.0,1005.0,2.5,1,FP_SF_SAN_FRANCISCO_49ERS,80.0,80.0,DST,SF,93.7,0.0,0.0,0.0,0.0,0.0,0.0,0.0,0.0,0.0,0.0,,,,,8.0,,Neutral,Black,0.0,0.0,0.0,—,0.0,0.0,0.0,0.0,,,,,,,,,,,,,—,—,Consensus Alignment,—,—,99.0,,,1.0,0.0,0.0,0.0,0.0,0.0,0.0,0.0,0.0,0.0,0.0,0.0,—,—,,,consensus,,0.0,0.0,,,,,SF,890.0,0.175,28.8,0.14,0.2,SF,6.0,4.0,False,Kyle Shanahan,100.9,6.0,26.4,4.0,32.9,17.0,High 21P,8.0,Zone,3.0,Most Condensed,14.0,Shootouts (High Scoring Offense + Vulnerable Defense -> Max Fantasy Ceiling),SF,6,48.24,51.76,3.0,-1.9,K.Shanahan,,,,,,,,,,,,,,,,,0,,,,,,,,,,,,,,,,,,,,,,,,,,,DST18,18.0,,93.7,5.51,,,,,—,0,0,99,,—,18,95.8,0.978,0.0,711.0,711.0,711.0,711.0,999.0,999.0,0.0,999.0,999.0,CONSENSUS,93.7,0.0,-0.006,93.14,-0.5,18,DST18,1.0,871.0,0.0,0.0,93.7,0.0,0.0,-0.6,0.0,0.0,0.0,0.0,0.0,0.0,0.0,0.0,Tier 12,288.0,284.9,220.0,-64.9,🎯 High Consensus (Safe Floor),18.0,Tier 4,16.1,19.9,3.8
130,Atlanta Falcons,DST,ATL,T7,-0.62,-0.62,111,DST19,287,999.0,712.0,Screaming Steal (Huge Value),ESPN,999.0,999.0,999.0,999.0,0.0,105.61,5.48,,0.0,0.0,80.0,80.0,0.032,0.15,0.592,16,5.0,,,,0.0,Neutral,False,False,Healthy,11,DST19,994.0,1005.0,2.5,1,FP_ATL_ATLANTA_FALCONS,80.0,80.0,DST,ATL,93.2,0.0,0.0,0.0,0.0,0.0,0.0,0.0,0.0,0.0,0.0,,,,,11.0,,Neutral,Black,0.0,0.0,0.0,—,0.0,0.0,0.0,0.0,,,,,,,,,,,,,—,—,Consensus Alignment,—,—,99.0,,,1.0,0.0,0.0,0.0,0.0,0.0,0.0,0.0,0.0,0.0,0.0,0.0,—,—,,,consensus,,0.0,0.0,,,,,ATL,1100.0,0.092,26.0,0.05,0.12,ATL,21.0,4.0,False,Kevin Stefanski/Rees,86.4,21.0,22.4,16.0,25.7,28.0,High 12P,10.0,Gap,18.0,Even,3.0,Passing / Garbage Time (Low Scoring Offense + Bad Defense -> Trailing Game Scripts / Air Volume),ATL,11,54.01,45.99,2.0,-4.2,K.Stefanski,,,,,,,,,,,,,,,,,0,,,,,,,,,,,,,,,,,,,,,,,,,,,DST19,19.0,,93.2,5.48,,,,,—,0,0,99,,—,19,95.8,0.973,0.0,712.0,712.0,712.0,712.0,999.0,999.0,0.0,999.0,999.0,CONSENSUS,93.2,0.0,-0.006,92.64,-0.62,19,DST19,1.0,869.0,0.0,0.0,93.2,0.0,0.0,-0.6,0.0,0.0,0.0,0.0,0.0,0.0,0.0,0.0,Tier 12,287.0,283.9,220.0,-63.9,🎯 High Consensus (Safe Floor),19.0,Tier 4,17.1,20.9,3.8
133,Detroit Lions,DST,DET,T7,-1.02,-1.02,117,DST20,286,999.0,713.0,Screaming Steal (Huge Value),ESPN,999.0,999.0,999.0,999.0,0.0,107.41,5.39,,0.0,0.0,70.0,70.0,0.018,0.09,0.62,16,5.0,,,,0.0,Neutral,False,False,Healthy,6,DST20,994.0,1005.0,2.5,1,FP_DET_DETROIT_LIONS,80.0,80.0,DST,DET,91.6,0.0,0.0,0.0,0.0,0.0,0.0,0.0,0.0,0.0,0.0,,,,,6.0,,Neutral,Black,0.0,0.0,0.0,—,0.0,0.0,0.0,0.0,,,,,,,,,,,,,—,—,Consensus Alignment,—,—,99.0,,,1.0,0.0,0.0,0.0,0.0,0.0,0.0,0.0,0.0,0.0,0.0,0.0,—,—,,,consensus,,0.0,0.0,,,,,DET,720.0,0.16,26.4,0.11,0.19,DET,15.0,3.5,False,Drew Petzing,107.7,3.0,21.4,20.0,26.1,27.0,—,3.0,Gap,24.0,Even,11.0,Balanced Environment,DET,16,30.85,69.15,20.0,-1.1,D.Petzing,,,,,,,,,,,,,,,,,0,,,,,,,,,,,,,,,,,,,,,,,,,,,DST20,20.0,,91.6,5.39,,,,,—,0,0,99,,—,20,95.8,0.956,0.0,713.0,713.0,713.0,713.0,999.0,999.0,0.0,999.0,999.0,CONSENSUS,91.6,0.0,-0.006,91.05,-1.02,20,DST20,1.0,866.0,0.0,0.0,91.6,0.0,0.0,-0.6,0.0,0.0,0.0,0.0,0.0,0.0,0.0,0.0,Tier 12,286.0,282.9,220.0,-62.9,🎯 High Consensus (Safe Floor),20.0,Tier 4,18.1,21.9,3.8
137,Tampa Bay Buccaneers,DST,TB,T7,-1.2,-1.2,118,DST21,285,999.0,714.0,Screaming Steal (Huge Value),ESPN,999.0,999.0,999.0,999.0,0.0,97.28,5.35,,0.0,0.0,80.0,80.0,0.028,0.11,0.75,16,5.0,,,,0.0,Neutral,False,False,Healthy,10,DST21,994.0,1005.0,2.5,1,FP_TB_TAMPA_BAY_BUCCANEERS,80.0,80.0,DST,TB,90.9,0.0,0.0,0.0,0.0,0.0,0.0,0.0,0.0,0.0,0.0,,,,,10.0,,Neutral,Black,0.0,0.0,0.0,—,0.0,0.0,0.0,0.0,,,,,,,,,,,,,—,—,Consensus Alignment,—,—,99.0,,,1.0,0.0,0.0,0.0,0.0,0.0,0.0,0.0,0.0,0.0,0.0,0.0,—,—,,,consensus,,0.0,0.0,,,,,TB,820.0,0.078,27.5,-0.03,0.14,TB,26.0,4.0,False,Zac Robinson,89.8,18.0,27.9,2.0,30.4,24.0,High 12P,13.0,Zone,2.0,Condensed,20.0,Slugfests (Low Scoring Offense + Elite Defense -> Low Over/Unders / Grinding Games),TB,5,26.78,73.22,23.0,-6.6,Z.Robinson,,,,,,,,,,,,,,,,,0,,,,,,,,,,,,,,,,,,,,,,,,,,,DST21,21.0,,90.9,5.35,,,,,—,0,0,99,,—,21,95.8,0.949,0.0,714.0,714.0,714.0,714.0,999.0,999.0,0.0,999.0,999.0,CONSENSUS,90.9,0.0,-0.006,90.35,-1.2,21,DST21,1.0,862.0,0.0,0.0,90.9,0.0,0.0,-0.6,0.0,0.0,0.0,0.0,0.0,0.0,0.0,0.0,Tier 12,285.0,281.9,220.0,-61.9,🎯 High Consensus (Safe Floor),21.0,Tier 4,19.1,22.9,3.8
139,New York Giants,DST,NYG,T7,-1.39,-1.39,123,DST22,284,999.0,715.0,Screaming Steal (Huge Value),ESPN,999.0,999.0,999.0,999.0,0.0,91.27,5.3,,0.0,0.0,60.0,60.0,-0.01,0.31,0.558,16,5.0,,,,0.0,Neutral,False,False,Healthy,8,DST22,994.0,1005.0,2.5,1,FP_NYG_NEW_YORK_GIANTS,80.0,80.0,DST,NYG,90.1,0.0,0.0,0.0,0.0,0.0,0.0,0.0,0.0,0.0,0.0,,,,,8.0,,Neutral,Black,0.0,0.0,0.0,—,0.0,0.0,0.0,0.0,,,,,,,,,,,,,—,—,Consensus Alignment,—,—,99.0,,,1.0,0.0,0.0,0.0,0.0,0.0,0.0,0.0,0.0,0.0,0.0,0.0,—,—,,,consensus,,0.0,0.0,,,,,NYG,2350.0,-0.01,27.7,0.0,-0.02,NYG,18.0,3.0,True,Matt Nagy,89.6,19.0,24.1,12.0,32.6,21.0,—,21.0,Zone,17.0,Even,16.0,Shootouts (High Scoring Offense + Vulnerable Defense -> Max Fantasy Ceiling),NYG,18,38.25,61.75,12.0,1.3,M.Nagy,,,,,,,,,,,,,,,,,0,,,,,,,,,,,,,,,,,,,,,,,,,,,DST22,22.0,,90.1,5.3,,,,,—,0,0,99,,—,22,95.8,0.941,0.0,715.0,715.0,715.0,715.0,999.0,999.0,0.0,999.0,999.0,CONSENSUS,90.1,0.0,-0.006,89.56,-1.39,22,DST22,1.0,860.0,0.0,0.0,90.1,0.0,0.0,-0.6,0.0,0.0,0.0,0.0,0.0,0.0,0.0,0.0,Tier 12,284.0,280.9,220.0,-60.9,🎯 High Consensus (Safe Floor),22.0,Tier 4,20.1,23.9,3.8
140,Chicago Bears,DST,CHI,T7,-1.52,-1.52,125,DST23,283,999.0,716.0,Screaming Steal (Huge Value),ESPN,999.0,999.0,999.0,999.0,0.0,100.93,5.27,,0.0,0.0,80.0,80.0,0.01,0.26,0.63,16,5.0,,,,0.0,Neutral,False,False,Healthy,10,DST23,994.0,1005.0,2.5,1,FP_CHI_CHICAGO_BEARS,80.0,80.0,DST,CHI,89.6,0.0,0.0,0.0,0.0,0.0,0.0,0.0,0.0,0.0,0.0,,,,,10.0,,Neutral,Black,0.0,0.0,0.0,—,0.0,0.0,0.0,0.0,,,,,,,,,,,,,—,—,Consensus Alignment,—,—,99.0,,,1.0,0.0,0.0,0.0,0.0,0.0,0.0,0.0,0.0,0.0,0.0,0.0,—,—,,,consensus,,0.0,0.0,,,,,CHI,2020.0,0.048,27.6,0.01,0.07,CHI,3.0,4.0,False,Ben Johnson,98.3,8.0,29.3,1.0,37.2,7.0,High 12P,4.0,Zone,6.0,Even,11.0,Balanced Environment,CHI,4,41.16,58.84,7.0,-2.7,B.Johnson,,,,,,,,,,,,,,,,,0,,,,,,,,,,,,,,,,,,,,,,,,,,,DST23,23.0,,89.6,5.27,,,,,—,0,0,99,,—,23,95.8,0.935,0.0,716.0,716.0,716.0,716.0,999.0,999.0,0.0,999.0,999.0,CONSENSUS,89.6,0.0,-0.006,89.06,-1.52,23,DST23,1.0,859.0,0.0,0.0,89.6,0.0,0.0,-0.6,0.0,0.0,0.0,0.0,0.0,0.0,0.0,0.0,Tier 12,283.0,279.9,220.0,-59.9,🎯 High Consensus (Safe Floor),23.0,Tier 4,21.1,24.0,2.9
142,Washington Commanders,DST,WAS,T7,-1.64,-1.64,126,DST24,282,999.0,717.0,Screaming Steal (Huge Value),ESPN,999.0,999.0,999.0,999.0,0.0,94.31,5.24,,0.0,0.0,40.0,40.0,0.012,0.23,0.65,16,5.0,,,,0.0,Neutral,False,False,Healthy,7,DST24,994.0,1005.0,2.5,1,FP_WAS_WASHINGTON_COMMANDERS,80.0,80.0,DST,WAS,89.1,0.0,0.0,0.0,0.0,0.0,0.0,0.0,0.0,0.0,0.0,,,,,7.0,,Neutral,Black,0.0,0.0,0.0,—,0.0,0.0,0.0,0.0,,,,,,,,,,,,,—,—,Consensus Alignment,—,—,99.0,,,1.0,0.0,0.0,0.0,0.0,0.0,0.0,0.0,0.0,0.0,0.0,0.0,—,—,,,consensus,,0.0,0.0,,,,,WAS,1780.0,0.088,25.1,0.07,0.1,WAS,24.0,2.0,True,David Blough,80.9,26.0,22.0,18.0,36.0,10.0,More 12P,5.0,Gap,12.0,Even,12.0,Shootouts (High Scoring Offense + Vulnerable Defense -> Max Fantasy Ceiling),WAS,25,30.3,69.7,21.0,0.0,Unknown,,,,,,,,,,,,,,,,,0,,,,,,,,,,,,,,,,,,,,,,,,,,,DST24,24.0,,89.1,5.24,,,,,—,0,0,99,,—,24,95.8,0.93,0.0,717.0,717.0,717.0,717.0,999.0,999.0,0.0,999.0,999.0,CONSENSUS,89.1,0.0,-0.006,88.57,-1.64,24,DST24,1.0,857.0,0.0,0.0,89.1,0.0,0.0,-0.6,0.0,0.0,0.0,0.0,0.0,0.0,0.0,0.0,Tier 12,282.0,278.9,220.0,-58.9,🎯 High Consensus (Safe Floor),24.0,Tier 4,22.1,24.0,1.9
144,Las Vegas Raiders,DST,LV,T7,-1.89,-1.89,130,DST25,281,999.0,718.0,Screaming Steal (Huge Value),ESPN,999.0,999.0,999.0,999.0,0.0,89.67,5.18,,0.0,0.0,50.0,50.0,-0.005,0.29,0.696,16,5.0,,,,0.0,Neutral,False,False,Healthy,13,DST25,994.0,1005.0,2.5,1,FP_LV_LAS_VEGAS_RAIDERS,80.0,80.0,DST,LV,88.1,0.0,0.0,0.0,0.0,0.0,0.0,0.0,0.0,0.0,0.0,,,,,13.0,,Neutral,Black,0.0,0.0,0.0,—,0.0,0.0,0.0,0.0,,,,,,,,,,,,,—,—,Consensus Alignment,—,—,99.0,,,1.0,0.0,0.0,0.0,0.0,0.0,0.0,0.0,0.0,0.0,0.0,0.0,—,—,,,consensus,,0.0,0.0,,,,,LV,2250.0,0.015,28.5,-0.04,0.05,LV,28.0,2.5,False,Klint Kubiak,70.9,31.0,22.8,14.0,34.5,14.0,—,27.0,Zone,13.0,Even,19.0,Passing / Garbage Time (Low Scoring Offense + Bad Defense -> Trailing Game Scripts / Air Volume),LV,24,40.2,59.8,8.0,-4.3,K.Kubiak,,,,,,,,,,,,,,,,,0,,,,,,,,,,,,,,,,,,,,,,,,,,,DST25,25.0,,88.1,5.18,,,,,—,0,0,99,,—,25,95.8,0.92,0.0,718.0,718.0,718.0,718.0,999.0,999.0,0.0,999.0,999.0,CONSENSUS,88.1,0.0,-0.006,87.57,-1.89,25,DST25,1.0,855.0,0.0,0.0,88.1,0.0,0.0,-0.6,0.0,0.0,0.0,0.0,0.0,0.0,0.0,0.0,Tier 12,281.0,277.9,220.0,-57.9,🎯 High Consensus (Safe Floor),25.0,Tier 4,23.1,25.0,1.9
145,Miami Dolphins,DST,MIA,T7,-1.96,-1.96,131,DST26,294,999.0,705.0,Screaming Steal (Huge Value),ESPN,999.0,999.0,999.0,999.0,0.0,90.39,5.16,,0.0,0.0,50.0,50.0,0.04,0.12,0.732,16,5.0,,,,0.0,Neutral,False,False,Healthy,6,DST26,994.0,1005.0,2.5,1,FP_MIA_MIAMI_DOLPHINS,80.0,80.0,DST,MIA,87.8,0.0,0.0,0.0,0.0,0.0,0.0,0.0,0.0,0.0,0.0,,,,,6.0,,Neutral,Black,0.0,0.0,0.0,—,0.0,0.0,0.0,0.0,,,,,,,,,,,,,—,—,Consensus Alignment,—,—,99.0,,,1.0,0.0,0.0,0.0,0.0,0.0,0.0,0.0,0.0,0.0,0.0,0.0,—,—,,,consensus,,0.0,0.0,,,,,MIA,950.0,0.118,24.2,0.06,0.16,MIA,31.0,2.5,True,Bobby Slowik,81.6,25.0,20.3,22.0,37.3,6.0,—,24.0,Balanced,15.0,Condensed,7.0,Passing / Garbage Time (Low Scoring Offense + Bad Defense -> Trailing Game Scripts / Air Volume),MIA,30,35.51,64.49,15.0,0.3,B.Slowik,,,,,,,,,,,,,,,,,0,,,,,,,,,,,,,,,,,,,,,,,,,,,DST26,26.0,,87.8,5.16,,,,,—,0,0,99,,—,26,95.8,0.916,0.0,705.0,705.0,705.0,705.0,999.0,999.0,0.0,999.0,999.0,CONSENSUS,87.8,0.0,-0.006,87.27,-1.96,26,DST26,1.0,854.0,0.0,0.0,87.8,0.0,0.0,-0.6,0.0,0.0,0.0,0.0,0.0,0.0,0.0,0.0,Tier 12,294.0,290.9,220.0,-70.9,🎯 High Consensus (Safe Floor),26.0,Tier 4,24.1,24.0,-0.1
150,Cleveland Browns,DST,CLV,T7,-2.16,-2.16,134,DST27,280,999.0,719.0,Screaming Steal (Huge Value),ESPN,999.0,999.0,999.0,999.0,0.0,100.95,5.12,,0.0,0.0,80.0,80.0,0.0,0.15,0.5,16,5.0,,,,0.0,Neutral,False,False,Healthy,11,DST27,994.0,1005.0,2.5,1,FP_CLV_CLEVELAND_BROWNS,80.0,80.0,DST,CLV,87.0,0.0,0.0,0.0,0.0,0.0,0.0,0.0,0.0,0.0,0.0,,,,,11.0,,Neutral,Black,0.0,0.0,0.0,—,0.0,0.0,0.0,0.0,,,,,,,,,,,,,—,—,Consensus Alignment,—,—,99.0,,,1.0,0.0,0.0,0.0,0.0,0.0,0.0,0.0,0.0,0.0,0.0,0.0,—,—,,,consensus,,0.0,0.0,,,,,,,,,,,,,,,,,,,,,,,,,,,,,,16,35.0,65.0,,0.0,—,,,,,,,,,,,,,,,,,0,,,,,,,,,,,,,,,,,,,,,,,,,,,DST27,27.0,,87.0,5.12,,,,,—,0,0,99,,—,27,95.8,0.908,0.0,719.0,719.0,719.0,719.0,999.0,999.0,0.0,999.0,999.0,CONSENSUS,87.0,0.0,-0.006,86.48,-2.16,27,DST27,1.0,849.0,0.0,0.0,87.0,0.0,0.0,-0.6,0.0,0.0,0.0,0.0,0.0,0.0,0.0,0.0,Tier 12,280.0,276.9,220.0,-56.9,🎯 High Consensus (Safe Floor),27.0,Tier 4,25.1,24.0,-1.1
151,Tennessee Titans,DST,TEN,T7,-2.41,-2.41,140,DST28,278,999.0,721.0,Screaming Steal (Huge Value),ESPN,999.0,999.0,999.0,999.0,0.0,95.66,5.06,,0.0,0.0,40.0,40.0,-0.02,0.33,0.588,16,5.0,,,,0.0,Neutral,False,False,Healthy,9,DST28,994.0,1005.0,2.5,1,FP_TEN_TENNESSEE_TITANS,80.0,80.0,DST,TEN,86.0,0.0,0.0,0.0,0.0,0.0,0.0,0.0,0.0,0.0,0.0,,,,,9.0,,Neutral,Black,0.0,0.0,0.0,—,0.0,0.0,0.0,0.0,,,,,,,,,,,,,—,—,Consensus Alignment,—,—,99.0,,,1.0,0.0,0.0,0.0,0.0,0.0,0.0,0.0,0.0,0.0,0.0,0.0,—,—,,,consensus,,0.0,0.0,,,,,TEN,2550.0,0.01,29.0,0.03,-0.01,TEN,25.0,2.0,False,Brian Daboll,74.1,29.0,19.9,23.0,32.6,21.0,High 12P,12.0,Balanced,28.0,Very Spread,13.0,Slugfests (Low Scoring Offense + Elite Defense -> Low Over/Unders / Grinding Games),TEN,31,20.11,79.89,29.0,-1.4,B.Daboll,,,,,,,,,,,,,,,,,0,,,,,,,,,,,,,,,,,,,,,,,,,,,DST28,28.0,,86.0,5.06,,,,,—,0,0,99,,—,28,95.8,0.898,0.0,721.0,721.0,721.0,721.0,999.0,999.0,0.0,999.0,999.0,CONSENSUS,86.0,0.0,-0.006,85.48,-2.41,28,DST28,1.0,848.0,0.0,0.0,86.0,0.0,0.0,-0.6,0.0,0.0,0.0,0.0,0.0,0.0,0.0,0.0,Tier 12,278.0,274.9,220.0,-54.9,🎯 High Consensus (Safe Floor),28.0,Tier 4,26.1,24.0,-2.1
153,Dallas Cowboys,DST,DAL,T7,-2.61,-2.61,144,DST29,277,999.0,722.0,Screaming Steal (Huge Value),ESPN,999.0,999.0,999.0,999.0,0.0,91.56,5.01,,0.0,0.0,80.0,80.0,0.055,0.22,0.666,16,5.0,,,,0.0,Neutral,False,False,Healthy,14,DST29,994.0,1005.0,2.5,1,FP_DAL_DALLAS_COWBOYS,80.0,80.0,DST,DAL,85.2,0.0,0.0,0.0,0.0,0.0,0.0,0.0,0.0,0.0,0.0,,,,,14.0,,Neutral,Black,0.0,0.0,0.0,—,0.0,0.0,0.0,0.0,,,,,,,,,,,,,—,—,Consensus Alignment,—,—,99.0,,,1.0,0.0,0.0,0.0,0.0,0.0,0.0,0.0,0.0,0.0,0.0,0.0,—,—,,,consensus,,0.0,0.0,,,,,DAL,1680.0,0.115,24.8,-0.04,0.2,DAL,8.0,4.0,False,Brian Schottenheimer,109.1,2.0,24.1,10.0,39.9,4.0,High 11P,2.0,Gap,12.0,Very Condensed,24.0,Shootouts (High Scoring Offense + Vulnerable Defense -> Max Fantasy Ceiling),DAL,15,26.43,73.57,24.0,-3.4,B.Schottenheimer,,,,,,,,,,,,,,,,,0,,,,,,,,,,,,,,,,,,,,,,,,,,,DST29,29.0,,85.2,5.01,,,,,—,0,0,99,,—,29,95.8,0.889,0.0,722.0,722.0,722.0,722.0,999.0,999.0,0.0,999.0,999.0,CONSENSUS,85.2,0.0,-0.006,84.69,-2.61,29,DST29,1.0,846.0,0.0,0.0,85.2,0.0,0.0,-0.6,0.0,0.0,0.0,0.0,0.0,0.0,0.0,0.0,Tier 12,277.0,273.9,220.0,-53.9,🎯 High Consensus (Safe Floor),29.0,Tier 4,27.1,24.0,-3.1
156,Cincinnati Bengals,DST,CIN,T7,-2.73,-2.73,145,DST30,276,999.0,723.0,Screaming Steal (Huge Value),ESPN,999.0,999.0,999.0,999.0,0.0,99.58,4.98,,0.0,0.0,60.0,60.0,0.05,0.18,0.751,16,5.0,,,,0.0,Neutral,False,False,Healthy,6,DST30,994.0,1005.0,2.5,1,FP_CIN_CINCINNATI_BENGALS,80.0,80.0,DST,CIN,84.7,0.0,0.0,0.0,0.0,0.0,0.0,0.0,0.0,0.0,0.0,,,,,6.0,,Neutral,Black,0.0,0.0,0.0,—,0.0,0.0,0.0,0.0,,,,,,,,,,,,,—,—,Consensus Alignment,—,—,99.0,,,1.0,0.0,0.0,0.0,0.0,0.0,0.0,0.0,0.0,0.0,0.0,0.0,—,—,,,consensus,,0.0,0.0,,,,,CIN,1420.0,0.125,25.2,0.01,0.21,CIN,19.0,3.0,False,Zac Taylor,98.6,7.0,22.5,15.0,42.5,3.0,—,11.0,Gap,20.0,Very Spread,15.0,Shootouts (High Scoring Offense + Vulnerable Defense -> Max Fantasy Ceiling),CIN,28,31.69,68.31,19.0,3.6,Z.Taylor,,,,,,,,,,,,,,,,,0,,,,,,,,,,,,,,,,,,,,,,,,,,,DST30,30.0,,84.7,4.98,,,,,—,0,0,99,,—,30,95.8,0.884,0.0,723.0,723.0,723.0,723.0,999.0,999.0,0.0,999.0,999.0,CONSENSUS,84.7,0.0,-0.006,84.19,-2.73,30,DST30,1.0,843.0,0.0,0.0,84.7,0.0,0.0,-0.6,0.0,0.0,0.0,0.0,0.0,0.0,0.0,0.0,Tier 12,276.0,272.9,220.0,-52.9,🎯 High Consensus (Safe Floor),30.0,Tier 4,28.1,24.0,-4.1
158,Arizona Cardinals,DST,ARZ,T7,-3.18,-3.18,149,DST31,275,999.0,724.0,Screaming Steal (Huge Value),ESPN,999.0,999.0,999.0,999.0,0.0,90.17,4.88,,0.0,0.0,80.0,80.0,0.0,0.15,0.5,16,5.0,,,,0.0,Neutral,False,False,Healthy,14,DST31,994.0,1005.0,2.5,1,FP_ARZ_ARIZONA_CARDINALS,80.0,80.0,DST,ARZ,82.9,0.0,0.0,0.0,0.0,0.0,0.0,0.0,0.0,0.0,0.0,,,,,14.0,,Neutral,Black,0.0,0.0,0.0,—,0.0,0.0,0.0,0.0,,,,,,,,,,,,,—,—,Consensus Alignment,—,—,99.0,,,1.0,0.0,0.0,0.0,0.0,0.0,0.0,0.0,0.0,0.0,0.0,0.0,—,—,,,consensus,,0.0,0.0,,,,,,,,,,,,,,,,,,,,,,,,,,,,,,16,35.0,65.0,,0.0,—,,,,,,,,,,,,,,,,,0,,,,,,,,,,,,,,,,,,,,,,,,,,,DST31,31.0,,82.9,4.88,,,,,—,0,0,99,,—,31,95.8,0.865,0.0,724.0,724.0,724.0,724.0,999.0,999.0,0.0,999.0,999.0,CONSENSUS,82.9,0.0,-0.006,82.4,-3.18,31,DST31,1.0,841.0,0.0,0.0,82.9,0.0,0.0,-0.6,0.0,0.0,0.0,0.0,0.0,0.0,0.0,0.0,Tier 12,275.0,271.9,220.0,-51.9,🎯 High Consensus (Safe Floor),31.0,Tier 4,29.1,24.0,-5.1
161,New York Jets,DST,NYJ,T7,-3.58,-3.58,154,DST32,274,999.0,725.0,Screaming Steal (Huge Value),ESPN,999.0,999.0,999.0,999.0,0.0,85.03,4.78,,0.0,0.0,60.0,60.0,0.015,0.21,0.613,16,5.0,,,,0.0,Neutral,False,False,Healthy,13,DST32,994.0,1005.0,2.5,1,FP_NYJ_NEW_YORK_JETS,80.0,80.0,DST,NYJ,81.3,0.0,0.0,0.0,0.0,0.0,0.0,0.0,0.0,0.0,0.0,,,,,13.0,,Neutral,Black,0.0,0.0,0.0,—,0.0,0.0,0.0,0.0,,,,,,,,,,,,,—,—,Consensus Alignment,—,—,99.0,,,1.0,0.0,0.0,0.0,0.0,0.0,0.0,0.0,0.0,0.0,0.0,0.0,—,—,,,consensus,,0.0,0.0,,,,,NYJ,1650.0,0.065,26.8,0.03,0.09,NYJ,17.0,3.0,False,Frank Reich,71.1,30.0,24.9,6.0,29.8,26.0,High 11P,10.0,Balanced,27.0,Spread,8.0,Balanced Environment,NYJ,17,23.57,76.43,27.0,-1.3,F.Reich,,,,,,,,,,,,,,,,,0,,,,,,,,,,,,,,,,,,,,,,,,,,,DST32,32.0,,81.3,4.78,,,,,—,0,0,99,,—,32,95.8,0.849,0.0,725.0,725.0,725.0,725.0,999.0,999.0,0.0,999.0,999.0,CONSENSUS,81.3,0.0,-0.006,80.81,-3.58,32,DST32,1.0,838.0,0.0,0.0,81.3,0.0,0.0,-0.6,0.0,0.0,0.0,0.0,0.0,0.0,0.0,0.0,Tier 12,274.0,270.9,220.0,-50.9,🎯 High Consensus (Safe Floor),32.0,Tier 4,30.1,24.0,-6.1
